"filename", "language", "mcfunction", "JSON", "comment", "blank", "total"
"c:\Users\FlowUP\AppData\Roaming\.minecraft\saves\CTF-1.21.10 v1.29 - fleche explo\datapacks\Magic_FR\data\archer\advancement\1_a.json", "JSON", 0, 33, 0, 1, 34
"c:\Users\FlowUP\AppData\Roaming\.minecraft\saves\CTF-1.21.10 v1.29 - fleche explo\datapacks\Magic_FR\data\archer\advancement\2_a.json", "JSON", 0, 26, 0, 1, 27
"c:\Users\FlowUP\AppData\Roaming\.minecraft\saves\CTF-1.21.10 v1.29 - fleche explo\datapacks\Magic_FR\data\archer\advancement\3_a.json", "JSON", 0, 33, 0, 1, 34
"c:\Users\FlowUP\AppData\Roaming\.minecraft\saves\CTF-1.21.10 v1.29 - fleche explo\datapacks\Magic_FR\data\archer\advancement\4_a.json", "JSON", 0, 33, 0, 1, 34
"c:\Users\FlowUP\AppData\Roaming\.minecraft\saves\CTF-1.21.10 v1.29 - fleche explo\datapacks\Magic_FR\data\archer\advancement\5_a.json", "JSON", 0, 26, 0, 1, 27
"c:\Users\FlowUP\AppData\Roaming\.minecraft\saves\CTF-1.21.10 v1.29 - fleche explo\datapacks\Magic_FR\data\archer\advancement\6_a.json", "JSON", 0, 26, 0, 1, 27
"c:\Users\FlowUP\AppData\Roaming\.minecraft\saves\CTF-1.21.10 v1.29 - fleche explo\datapacks\Magic_FR\data\archer\advancement\7_a.json", "JSON", 0, 26, 0, 1, 27
"c:\Users\FlowUP\AppData\Roaming\.minecraft\saves\CTF-1.21.10 v1.29 - fleche explo\datapacks\Magic_FR\data\archer\advancement\bootlvl10_a.json", "JSON", 0, 29, 0, 1, 30
"c:\Users\FlowUP\AppData\Roaming\.minecraft\saves\CTF-1.21.10 v1.29 - fleche explo\datapacks\Magic_FR\data\archer\advancement\bootlvl2_a.json", "JSON", 0, 29, 0, 1, 30
"c:\Users\FlowUP\AppData\Roaming\.minecraft\saves\CTF-1.21.10 v1.29 - fleche explo\datapacks\Magic_FR\data\archer\advancement\bootlvl3_a.json", "JSON", 0, 26, 0, 1, 27
"c:\Users\FlowUP\AppData\Roaming\.minecraft\saves\CTF-1.21.10 v1.29 - fleche explo\datapacks\Magic_FR\data\archer\advancement\bootlvl4_a.json", "JSON", 0, 29, 0, 1, 30
"c:\Users\FlowUP\AppData\Roaming\.minecraft\saves\CTF-1.21.10 v1.29 - fleche explo\datapacks\Magic_FR\data\archer\advancement\bootlvl5_a.json", "JSON", 0, 26, 0, 1, 27
"c:\Users\FlowUP\AppData\Roaming\.minecraft\saves\CTF-1.21.10 v1.29 - fleche explo\datapacks\Magic_FR\data\archer\advancement\bootlvl6_a.json", "JSON", 0, 29, 0, 1, 30
"c:\Users\FlowUP\AppData\Roaming\.minecraft\saves\CTF-1.21.10 v1.29 - fleche explo\datapacks\Magic_FR\data\archer\advancement\bootlvl7_a.json", "JSON", 0, 26, 0, 1, 27
"c:\Users\FlowUP\AppData\Roaming\.minecraft\saves\CTF-1.21.10 v1.29 - fleche explo\datapacks\Magic_FR\data\archer\advancement\bootlvl8_a.json", "JSON", 0, 29, 0, 1, 30
"c:\Users\FlowUP\AppData\Roaming\.minecraft\saves\CTF-1.21.10 v1.29 - fleche explo\datapacks\Magic_FR\data\archer\advancement\bootlvl9_a.json", "JSON", 0, 26, 0, 1, 27
"c:\Users\FlowUP\AppData\Roaming\.minecraft\saves\CTF-1.21.10 v1.29 - fleche explo\datapacks\Magic_FR\data\archer\advancement\chestlvl10_a.json", "JSON", 0, 29, 0, 1, 30
"c:\Users\FlowUP\AppData\Roaming\.minecraft\saves\CTF-1.21.10 v1.29 - fleche explo\datapacks\Magic_FR\data\archer\advancement\chestlvl2_a.json", "JSON", 0, 29, 0, 1, 30
"c:\Users\FlowUP\AppData\Roaming\.minecraft\saves\CTF-1.21.10 v1.29 - fleche explo\datapacks\Magic_FR\data\archer\advancement\chestlvl3_a.json", "JSON", 0, 26, 0, 1, 27
"c:\Users\FlowUP\AppData\Roaming\.minecraft\saves\CTF-1.21.10 v1.29 - fleche explo\datapacks\Magic_FR\data\archer\advancement\chestlvl4_a.json", "JSON", 0, 29, 0, 1, 30
"c:\Users\FlowUP\AppData\Roaming\.minecraft\saves\CTF-1.21.10 v1.29 - fleche explo\datapacks\Magic_FR\data\archer\advancement\chestlvl5_a.json", "JSON", 0, 26, 0, 1, 27
"c:\Users\FlowUP\AppData\Roaming\.minecraft\saves\CTF-1.21.10 v1.29 - fleche explo\datapacks\Magic_FR\data\archer\advancement\chestlvl6_a.json", "JSON", 0, 29, 0, 1, 30
"c:\Users\FlowUP\AppData\Roaming\.minecraft\saves\CTF-1.21.10 v1.29 - fleche explo\datapacks\Magic_FR\data\archer\advancement\chestlvl7_a.json", "JSON", 0, 26, 0, 1, 27
"c:\Users\FlowUP\AppData\Roaming\.minecraft\saves\CTF-1.21.10 v1.29 - fleche explo\datapacks\Magic_FR\data\archer\advancement\chestlvl8_a.json", "JSON", 0, 29, 0, 1, 30
"c:\Users\FlowUP\AppData\Roaming\.minecraft\saves\CTF-1.21.10 v1.29 - fleche explo\datapacks\Magic_FR\data\archer\advancement\chestlvl9_a.json", "JSON", 0, 26, 0, 1, 27
"c:\Users\FlowUP\AppData\Roaming\.minecraft\saves\CTF-1.21.10 v1.29 - fleche explo\datapacks\Magic_FR\data\archer\advancement\legslvl10_a.json", "JSON", 0, 29, 0, 1, 30
"c:\Users\FlowUP\AppData\Roaming\.minecraft\saves\CTF-1.21.10 v1.29 - fleche explo\datapacks\Magic_FR\data\archer\advancement\legslvl2_a.json", "JSON", 0, 29, 0, 1, 30
"c:\Users\FlowUP\AppData\Roaming\.minecraft\saves\CTF-1.21.10 v1.29 - fleche explo\datapacks\Magic_FR\data\archer\advancement\legslvl3_a.json", "JSON", 0, 26, 0, 1, 27
"c:\Users\FlowUP\AppData\Roaming\.minecraft\saves\CTF-1.21.10 v1.29 - fleche explo\datapacks\Magic_FR\data\archer\advancement\legslvl4_a.json", "JSON", 0, 29, 0, 1, 30
"c:\Users\FlowUP\AppData\Roaming\.minecraft\saves\CTF-1.21.10 v1.29 - fleche explo\datapacks\Magic_FR\data\archer\advancement\legslvl5_a.json", "JSON", 0, 26, 0, 1, 27
"c:\Users\FlowUP\AppData\Roaming\.minecraft\saves\CTF-1.21.10 v1.29 - fleche explo\datapacks\Magic_FR\data\archer\advancement\legslvl6_a.json", "JSON", 0, 29, 0, 1, 30
"c:\Users\FlowUP\AppData\Roaming\.minecraft\saves\CTF-1.21.10 v1.29 - fleche explo\datapacks\Magic_FR\data\archer\advancement\legslvl7_a.json", "JSON", 0, 26, 0, 1, 27
"c:\Users\FlowUP\AppData\Roaming\.minecraft\saves\CTF-1.21.10 v1.29 - fleche explo\datapacks\Magic_FR\data\archer\advancement\legslvl8_a.json", "JSON", 0, 29, 0, 1, 30
"c:\Users\FlowUP\AppData\Roaming\.minecraft\saves\CTF-1.21.10 v1.29 - fleche explo\datapacks\Magic_FR\data\archer\advancement\legslvl9_a.json", "JSON", 0, 26, 0, 1, 27
"c:\Users\FlowUP\AppData\Roaming\.minecraft\saves\CTF-1.21.10 v1.29 - fleche explo\datapacks\Magic_FR\data\archer\advancement\passif1_a.json", "JSON", 0, 27, 0, 1, 28
"c:\Users\FlowUP\AppData\Roaming\.minecraft\saves\CTF-1.21.10 v1.29 - fleche explo\datapacks\Magic_FR\data\archer\advancement\passif2_a.json", "JSON", 0, 27, 0, 1, 28
"c:\Users\FlowUP\AppData\Roaming\.minecraft\saves\CTF-1.21.10 v1.29 - fleche explo\datapacks\Magic_FR\data\archer\advancement\root.json", "JSON", 0, 25, 0, 1, 26
"c:\Users\FlowUP\AppData\Roaming\.minecraft\saves\CTF-1.21.10 v1.29 - fleche explo\datapacks\Magic_FR\data\archer\advancement\spell1lvl2_a.json", "JSON", 0, 33, 0, 1, 34
"c:\Users\FlowUP\AppData\Roaming\.minecraft\saves\CTF-1.21.10 v1.29 - fleche explo\datapacks\Magic_FR\data\archer\advancement\spell1lvl3_a.json", "JSON", 0, 33, 0, 1, 34
"c:\Users\FlowUP\AppData\Roaming\.minecraft\saves\CTF-1.21.10 v1.29 - fleche explo\datapacks\Magic_FR\data\archer\advancement\spell2lvl2_a.json", "JSON", 0, 33, 0, 1, 34
"c:\Users\FlowUP\AppData\Roaming\.minecraft\saves\CTF-1.21.10 v1.29 - fleche explo\datapacks\Magic_FR\data\archer\advancement\spell2lvl3_a.json", "JSON", 0, 33, 0, 1, 34
"c:\Users\FlowUP\AppData\Roaming\.minecraft\saves\CTF-1.21.10 v1.29 - fleche explo\datapacks\Magic_FR\data\archer\advancement\spell3lvl2_a.json", "JSON", 0, 33, 0, 1, 34
"c:\Users\FlowUP\AppData\Roaming\.minecraft\saves\CTF-1.21.10 v1.29 - fleche explo\datapacks\Magic_FR\data\archer\advancement\spell3lvl3_a.json", "JSON", 0, 33, 0, 1, 34
"c:\Users\FlowUP\AppData\Roaming\.minecraft\saves\CTF-1.21.10 v1.29 - fleche explo\datapacks\Magic_FR\data\archer\advancement\weapon1lvl10_a.json", "JSON", 0, 29, 0, 1, 30
"c:\Users\FlowUP\AppData\Roaming\.minecraft\saves\CTF-1.21.10 v1.29 - fleche explo\datapacks\Magic_FR\data\archer\advancement\weapon1lvl2_a.json", "JSON", 0, 29, 0, 1, 30
"c:\Users\FlowUP\AppData\Roaming\.minecraft\saves\CTF-1.21.10 v1.29 - fleche explo\datapacks\Magic_FR\data\archer\advancement\weapon1lvl3_a.json", "JSON", 0, 29, 0, 1, 30
"c:\Users\FlowUP\AppData\Roaming\.minecraft\saves\CTF-1.21.10 v1.29 - fleche explo\datapacks\Magic_FR\data\archer\advancement\weapon1lvl4_a.json", "JSON", 0, 30, 0, 1, 31
"c:\Users\FlowUP\AppData\Roaming\.minecraft\saves\CTF-1.21.10 v1.29 - fleche explo\datapacks\Magic_FR\data\archer\advancement\weapon1lvl5_a.json", "JSON", 0, 29, 0, 1, 30
"c:\Users\FlowUP\AppData\Roaming\.minecraft\saves\CTF-1.21.10 v1.29 - fleche explo\datapacks\Magic_FR\data\archer\advancement\weapon1lvl6_a.json", "JSON", 0, 29, 0, 1, 30
"c:\Users\FlowUP\AppData\Roaming\.minecraft\saves\CTF-1.21.10 v1.29 - fleche explo\datapacks\Magic_FR\data\archer\advancement\weapon1lvl7_a.json", "JSON", 0, 29, 0, 1, 30
"c:\Users\FlowUP\AppData\Roaming\.minecraft\saves\CTF-1.21.10 v1.29 - fleche explo\datapacks\Magic_FR\data\archer\advancement\weapon1lvl8_a.json", "JSON", 0, 29, 0, 1, 30
"c:\Users\FlowUP\AppData\Roaming\.minecraft\saves\CTF-1.21.10 v1.29 - fleche explo\datapacks\Magic_FR\data\archer\advancement\weapon1lvl9_a.json", "JSON", 0, 29, 0, 1, 30
"c:\Users\FlowUP\AppData\Roaming\.minecraft\saves\CTF-1.21.10 v1.29 - fleche explo\datapacks\Magic_FR\data\ctf\function\anti_spawnkill\anti_spawnkill_blue.mcfunction", "mcfunction", 6, 0, 3, 2, 11
"c:\Users\FlowUP\AppData\Roaming\.minecraft\saves\CTF-1.21.10 v1.29 - fleche explo\datapacks\Magic_FR\data\ctf\function\anti_spawnkill\anti_spawnkill_red.mcfunction", "mcfunction", 6, 0, 3, 2, 11
"c:\Users\FlowUP\AppData\Roaming\.minecraft\saves\CTF-1.21.10 v1.29 - fleche explo\datapacks\Magic_FR\data\ctf\function\anti_spawnkill\spawn\enter_own_spawn.mcfunction", "mcfunction", 2, 0, 1, 2, 5
"c:\Users\FlowUP\AppData\Roaming\.minecraft\saves\CTF-1.21.10 v1.29 - fleche explo\datapacks\Magic_FR\data\ctf\function\anti_spawnkill\spawn\leave_own_spawn.mcfunction", "mcfunction", 2, 0, 1, 2, 5
"c:\Users\FlowUP\AppData\Roaming\.minecraft\saves\CTF-1.21.10 v1.29 - fleche explo\datapacks\Magic_FR\data\ctf\function\anti_spawnkill\thunderstorm_inspawn.mcfunction", "mcfunction", 6, 0, 1, 3, 10
"c:\Users\FlowUP\AppData\Roaming\.minecraft\saves\CTF-1.21.10 v1.29 - fleche explo\datapacks\Magic_FR\data\ctf\function\anti_spawnkill\thunderstorm_inspawn_delayed.mcfunction", "mcfunction", 2, 0, 2, 2, 6
"c:\Users\FlowUP\AppData\Roaming\.minecraft\saves\CTF-1.21.10 v1.29 - fleche explo\datapacks\Magic_FR\data\ctf\function\bossbar\bossbar_actualise.mcfunction", "mcfunction", 22, 0, 12, 14, 48
"c:\Users\FlowUP\AppData\Roaming\.minecraft\saves\CTF-1.21.10 v1.29 - fleche explo\datapacks\Magic_FR\data\ctf\function\bossbar\objective_decount_timer.mcfunction", "mcfunction", 2, 0, 4, 2, 8
"c:\Users\FlowUP\AppData\Roaming\.minecraft\saves\CTF-1.21.10 v1.29 - fleche explo\datapacks\Magic_FR\data\ctf\function\bossbar\refresh_timer.mcfunction", "mcfunction", 5, 0, 3, 5, 13
"c:\Users\FlowUP\AppData\Roaming\.minecraft\saves\CTF-1.21.10 v1.29 - fleche explo\datapacks\Magic_FR\data\ctf\function\bossbar\remove_one_minute.mcfunction", "mcfunction", 2, 0, 1, 1, 4
"c:\Users\FlowUP\AppData\Roaming\.minecraft\saves\CTF-1.21.10 v1.29 - fleche explo\datapacks\Magic_FR\data\ctf\function\capflag\cap_blueflag.mcfunction", "mcfunction", 19, 0, 9, 8, 36
"c:\Users\FlowUP\AppData\Roaming\.minecraft\saves\CTF-1.21.10 v1.29 - fleche explo\datapacks\Magic_FR\data\ctf\function\capflag\cap_redflag.mcfunction", "mcfunction", 19, 0, 9, 9, 37
"c:\Users\FlowUP\AppData\Roaming\.minecraft\saves\CTF-1.21.10 v1.29 - fleche explo\datapacks\Magic_FR\data\ctf\function\dropflag\dropflag_blueflag.mcfunction", "mcfunction", 54, 0, 12, 12, 78
"c:\Users\FlowUP\AppData\Roaming\.minecraft\saves\CTF-1.21.10 v1.29 - fleche explo\datapacks\Magic_FR\data\ctf\function\dropflag\dropflag_redflag.mcfunction", "mcfunction", 54, 0, 12, 12, 78
"c:\Users\FlowUP\AppData\Roaming\.minecraft\saves\CTF-1.21.10 v1.29 - fleche explo\datapacks\Magic_FR\data\ctf\function\dropflag\flag_in_water_blueflag.mcfunction", "mcfunction", 16, 0, 5, 7, 28
"c:\Users\FlowUP\AppData\Roaming\.minecraft\saves\CTF-1.21.10 v1.29 - fleche explo\datapacks\Magic_FR\data\ctf\function\dropflag\flag_in_water_redflag.mcfunction", "mcfunction", 16, 0, 5, 7, 28
"c:\Users\FlowUP\AppData\Roaming\.minecraft\saves\CTF-1.21.10 v1.29 - fleche explo\datapacks\Magic_FR\data\ctf\function\end_game\blue_win.mcfunction", "mcfunction", 15, 0, 3, 7, 25
"c:\Users\FlowUP\AppData\Roaming\.minecraft\saves\CTF-1.21.10 v1.29 - fleche explo\datapacks\Magic_FR\data\ctf\function\end_game\draw.mcfunction", "mcfunction", 10, 0, 3, 5, 18
"c:\Users\FlowUP\AppData\Roaming\.minecraft\saves\CTF-1.21.10 v1.29 - fleche explo\datapacks\Magic_FR\data\ctf\function\end_game\end_game.mcfunction", "mcfunction", 111, 0, 19, 16, 146
"c:\Users\FlowUP\AppData\Roaming\.minecraft\saves\CTF-1.21.10 v1.29 - fleche explo\datapacks\Magic_FR\data\ctf\function\end_game\red_win.mcfunction", "mcfunction", 15, 0, 3, 6, 24
"c:\Users\FlowUP\AppData\Roaming\.minecraft\saves\CTF-1.21.10 v1.29 - fleche explo\datapacks\Magic_FR\data\ctf\function\healing_out_of_fight\boost_health1.mcfunction", "mcfunction", 2, 0, 2, 1, 5
"c:\Users\FlowUP\AppData\Roaming\.minecraft\saves\CTF-1.21.10 v1.29 - fleche explo\datapacks\Magic_FR\data\ctf\function\healing_out_of_fight\boost_health2.mcfunction", "mcfunction", 2, 0, 2, 1, 5
"c:\Users\FlowUP\AppData\Roaming\.minecraft\saves\CTF-1.21.10 v1.29 - fleche explo\datapacks\Magic_FR\data\ctf\function\healing_out_of_fight\boost_health3.mcfunction", "mcfunction", 3, 0, 3, 2, 8
"c:\Users\FlowUP\AppData\Roaming\.minecraft\saves\CTF-1.21.10 v1.29 - fleche explo\datapacks\Magic_FR\data\ctf\function\healing_out_of_fight\reset_time_out_of_fight.mcfunction", "mcfunction", 2, 0, 2, 2, 6
"c:\Users\FlowUP\AppData\Roaming\.minecraft\saves\CTF-1.21.10 v1.29 - fleche explo\datapacks\Magic_FR\data\ctf\function\killfeed\_entity_killed_player.mcfunction", "mcfunction", 28, 0, 5, 4, 37
"c:\Users\FlowUP\AppData\Roaming\.minecraft\saves\CTF-1.21.10 v1.29 - fleche explo\datapacks\Magic_FR\data\ctf\function\killfeed\clear_death_message.mcfunction", "mcfunction", 18, 0, 6, 4, 28
"c:\Users\FlowUP\AppData\Roaming\.minecraft\saves\CTF-1.21.10 v1.29 - fleche explo\datapacks\Magic_FR\data\ctf\function\killfeed\killed.mcfunction", "mcfunction", 6, 0, 5, 8, 19
"c:\Users\FlowUP\AppData\Roaming\.minecraft\saves\CTF-1.21.10 v1.29 - fleche explo\datapacks\Magic_FR\data\ctf\function\killfeed\killer_boss.mcfunction", "mcfunction", 3, 0, 3, 5, 11
"c:\Users\FlowUP\AppData\Roaming\.minecraft\saves\CTF-1.21.10 v1.29 - fleche explo\datapacks\Magic_FR\data\ctf\function\killfeed\message_delay.mcfunction", "mcfunction", 1, 0, 1, 1, 3
"c:\Users\FlowUP\AppData\Roaming\.minecraft\saves\CTF-1.21.10 v1.29 - fleche explo\datapacks\Magic_FR\data\ctf\function\killfeed\message_display.mcfunction", "mcfunction", 14, 0, 1, 3, 18
"c:\Users\FlowUP\AppData\Roaming\.minecraft\saves\CTF-1.21.10 v1.29 - fleche explo\datapacks\Magic_FR\data\ctf\function\killfeed\not_another_entity\_determine_how_died.mcfunction", "mcfunction", 6, 0, 3, 3, 12
"c:\Users\FlowUP\AppData\Roaming\.minecraft\saves\CTF-1.21.10 v1.29 - fleche explo\datapacks\Magic_FR\data\ctf\function\killfeed\not_another_entity\_environement.mcfunction", "mcfunction", 12, 0, 2, 3, 17
"c:\Users\FlowUP\AppData\Roaming\.minecraft\saves\CTF-1.21.10 v1.29 - fleche explo\datapacks\Magic_FR\data\ctf\function\killfeed\not_another_entity\_get_exploded.mcfunction", "mcfunction", 24, 0, 4, 2, 30
"c:\Users\FlowUP\AppData\Roaming\.minecraft\saves\CTF-1.21.10 v1.29 - fleche explo\datapacks\Magic_FR\data\ctf\function\killfeed\not_another_entity\_killed_by_ally.mcfunction", "mcfunction", 24, 0, 3, 2, 29
"c:\Users\FlowUP\AppData\Roaming\.minecraft\saves\CTF-1.21.10 v1.29 - fleche explo\datapacks\Magic_FR\data\ctf\function\killfeed\not_another_entity\_killed_itself.mcfunction", "mcfunction", 12, 0, 2, 4, 18
"c:\Users\FlowUP\AppData\Roaming\.minecraft\saves\CTF-1.21.10 v1.29 - fleche explo\datapacks\Magic_FR\data\ctf\function\killfeed\not_another_entity\killed_by_ally\player1.mcfunction", "mcfunction", 12, 0, 2, 1, 15
"c:\Users\FlowUP\AppData\Roaming\.minecraft\saves\CTF-1.21.10 v1.29 - fleche explo\datapacks\Magic_FR\data\ctf\function\killfeed\not_another_entity\killed_by_ally\player10.mcfunction", "mcfunction", 12, 0, 2, 1, 15
"c:\Users\FlowUP\AppData\Roaming\.minecraft\saves\CTF-1.21.10 v1.29 - fleche explo\datapacks\Magic_FR\data\ctf\function\killfeed\not_another_entity\killed_by_ally\player11.mcfunction", "mcfunction", 12, 0, 2, 1, 15
"c:\Users\FlowUP\AppData\Roaming\.minecraft\saves\CTF-1.21.10 v1.29 - fleche explo\datapacks\Magic_FR\data\ctf\function\killfeed\not_another_entity\killed_by_ally\player12.mcfunction", "mcfunction", 12, 0, 2, 1, 15
"c:\Users\FlowUP\AppData\Roaming\.minecraft\saves\CTF-1.21.10 v1.29 - fleche explo\datapacks\Magic_FR\data\ctf\function\killfeed\not_another_entity\killed_by_ally\player2.mcfunction", "mcfunction", 12, 0, 2, 1, 15
"c:\Users\FlowUP\AppData\Roaming\.minecraft\saves\CTF-1.21.10 v1.29 - fleche explo\datapacks\Magic_FR\data\ctf\function\killfeed\not_another_entity\killed_by_ally\player3.mcfunction", "mcfunction", 12, 0, 2, 1, 15
"c:\Users\FlowUP\AppData\Roaming\.minecraft\saves\CTF-1.21.10 v1.29 - fleche explo\datapacks\Magic_FR\data\ctf\function\killfeed\not_another_entity\killed_by_ally\player4.mcfunction", "mcfunction", 12, 0, 2, 1, 15
"c:\Users\FlowUP\AppData\Roaming\.minecraft\saves\CTF-1.21.10 v1.29 - fleche explo\datapacks\Magic_FR\data\ctf\function\killfeed\not_another_entity\killed_by_ally\player5.mcfunction", "mcfunction", 12, 0, 2, 1, 15
"c:\Users\FlowUP\AppData\Roaming\.minecraft\saves\CTF-1.21.10 v1.29 - fleche explo\datapacks\Magic_FR\data\ctf\function\killfeed\not_another_entity\killed_by_ally\player6.mcfunction", "mcfunction", 12, 0, 2, 1, 15
"c:\Users\FlowUP\AppData\Roaming\.minecraft\saves\CTF-1.21.10 v1.29 - fleche explo\datapacks\Magic_FR\data\ctf\function\killfeed\not_another_entity\killed_by_ally\player7.mcfunction", "mcfunction", 12, 0, 2, 1, 15
"c:\Users\FlowUP\AppData\Roaming\.minecraft\saves\CTF-1.21.10 v1.29 - fleche explo\datapacks\Magic_FR\data\ctf\function\killfeed\not_another_entity\killed_by_ally\player8.mcfunction", "mcfunction", 12, 0, 2, 1, 15
"c:\Users\FlowUP\AppData\Roaming\.minecraft\saves\CTF-1.21.10 v1.29 - fleche explo\datapacks\Magic_FR\data\ctf\function\killfeed\not_another_entity\killed_by_ally\player9.mcfunction", "mcfunction", 12, 0, 2, 1, 15
"c:\Users\FlowUP\AppData\Roaming\.minecraft\saves\CTF-1.21.10 v1.29 - fleche explo\datapacks\Magic_FR\data\ctf\function\killfeed\save_player_names.mcfunction", "mcfunction", 28, 0, 13, 14, 55
"c:\Users\FlowUP\AppData\Roaming\.minecraft\saves\CTF-1.21.10 v1.29 - fleche explo\datapacks\Magic_FR\data\ctf\function\load.mcfunction", "mcfunction", 0, 0, 4, 1, 5
"c:\Users\FlowUP\AppData\Roaming\.minecraft\saves\CTF-1.21.10 v1.29 - fleche explo\datapacks\Magic_FR\data\ctf\function\loop.mcfunction", "mcfunction", 56, 0, 67, 62, 185
"c:\Users\FlowUP\AppData\Roaming\.minecraft\saves\CTF-1.21.10 v1.29 - fleche explo\datapacks\Magic_FR\data\ctf\function\maps_systems\candyworld\effect_in_water.mcfunction", "mcfunction", 3, 0, 2, 2, 7
"c:\Users\FlowUP\AppData\Roaming\.minecraft\saves\CTF-1.21.10 v1.29 - fleche explo\datapacks\Magic_FR\data\ctf\function\maps_systems\candyworld\gingerbread\blue\feet_kick\feet_kick.mcfunction", "mcfunction", 9, 0, 5, 6, 20
"c:\Users\FlowUP\AppData\Roaming\.minecraft\saves\CTF-1.21.10 v1.29 - fleche explo\datapacks\Magic_FR\data\ctf\function\maps_systems\candyworld\gingerbread\blue\feet_kick\kick_travel_timer.mcfunction", "mcfunction", 3, 0, 2, 1, 6
"c:\Users\FlowUP\AppData\Roaming\.minecraft\saves\CTF-1.21.10 v1.29 - fleche explo\datapacks\Magic_FR\data\ctf\function\maps_systems\candyworld\gingerbread\blue\non_ready\cooldown.mcfunction", "mcfunction", 16, 0, 1, 3, 20
"c:\Users\FlowUP\AppData\Roaming\.minecraft\saves\CTF-1.21.10 v1.29 - fleche explo\datapacks\Magic_FR\data\ctf\function\maps_systems\candyworld\gingerbread\blue\non_ready\gingerbread_non_ready_loop.mcfunction", "mcfunction", 2, 0, 1, 1, 4
"c:\Users\FlowUP\AppData\Roaming\.minecraft\saves\CTF-1.21.10 v1.29 - fleche explo\datapacks\Magic_FR\data\ctf\function\maps_systems\candyworld\gingerbread\blue\non_ready\launch_cooldown.mcfunction", "mcfunction", 7, 0, 4, 3, 14
"c:\Users\FlowUP\AppData\Roaming\.minecraft\saves\CTF-1.21.10 v1.29 - fleche explo\datapacks\Magic_FR\data\ctf\function\maps_systems\candyworld\gingerbread\blue\ready\cooldown_ready.mcfunction", "mcfunction", 6, 0, 2, 2, 10
"c:\Users\FlowUP\AppData\Roaming\.minecraft\saves\CTF-1.21.10 v1.29 - fleche explo\datapacks\Magic_FR\data\ctf\function\maps_systems\candyworld\gingerbread\blue\ready\gingerbread_ready_loop.mcfunction", "mcfunction", 4, 0, 5, 1, 10
"c:\Users\FlowUP\AppData\Roaming\.minecraft\saves\CTF-1.21.10 v1.29 - fleche explo\datapacks\Magic_FR\data\ctf\function\maps_systems\candyworld\gingerbread\blue\ready\particle_area.mcfunction", "mcfunction", 4, 0, 1, 1, 6
"c:\Users\FlowUP\AppData\Roaming\.minecraft\saves\CTF-1.21.10 v1.29 - fleche explo\datapacks\Magic_FR\data\ctf\function\maps_systems\candyworld\gingerbread\blue\ready\timer_before_kick\enter_area.mcfunction", "mcfunction", 14, 0, 1, 2, 17
"c:\Users\FlowUP\AppData\Roaming\.minecraft\saves\CTF-1.21.10 v1.29 - fleche explo\datapacks\Magic_FR\data\ctf\function\maps_systems\candyworld\gingerbread\blue\ready\timer_before_kick\enter_area_players\player1.mcfunction", "mcfunction", 2, 0, 1, 1, 4
"c:\Users\FlowUP\AppData\Roaming\.minecraft\saves\CTF-1.21.10 v1.29 - fleche explo\datapacks\Magic_FR\data\ctf\function\maps_systems\candyworld\gingerbread\blue\ready\timer_before_kick\enter_area_players\player10.mcfunction", "mcfunction", 2, 0, 1, 1, 4
"c:\Users\FlowUP\AppData\Roaming\.minecraft\saves\CTF-1.21.10 v1.29 - fleche explo\datapacks\Magic_FR\data\ctf\function\maps_systems\candyworld\gingerbread\blue\ready\timer_before_kick\enter_area_players\player11.mcfunction", "mcfunction", 2, 0, 1, 1, 4
"c:\Users\FlowUP\AppData\Roaming\.minecraft\saves\CTF-1.21.10 v1.29 - fleche explo\datapacks\Magic_FR\data\ctf\function\maps_systems\candyworld\gingerbread\blue\ready\timer_before_kick\enter_area_players\player12.mcfunction", "mcfunction", 2, 0, 1, 1, 4
"c:\Users\FlowUP\AppData\Roaming\.minecraft\saves\CTF-1.21.10 v1.29 - fleche explo\datapacks\Magic_FR\data\ctf\function\maps_systems\candyworld\gingerbread\blue\ready\timer_before_kick\enter_area_players\player2.mcfunction", "mcfunction", 2, 0, 1, 1, 4
"c:\Users\FlowUP\AppData\Roaming\.minecraft\saves\CTF-1.21.10 v1.29 - fleche explo\datapacks\Magic_FR\data\ctf\function\maps_systems\candyworld\gingerbread\blue\ready\timer_before_kick\enter_area_players\player3.mcfunction", "mcfunction", 2, 0, 1, 1, 4
"c:\Users\FlowUP\AppData\Roaming\.minecraft\saves\CTF-1.21.10 v1.29 - fleche explo\datapacks\Magic_FR\data\ctf\function\maps_systems\candyworld\gingerbread\blue\ready\timer_before_kick\enter_area_players\player4.mcfunction", "mcfunction", 2, 0, 1, 1, 4
"c:\Users\FlowUP\AppData\Roaming\.minecraft\saves\CTF-1.21.10 v1.29 - fleche explo\datapacks\Magic_FR\data\ctf\function\maps_systems\candyworld\gingerbread\blue\ready\timer_before_kick\enter_area_players\player5.mcfunction", "mcfunction", 2, 0, 1, 1, 4
"c:\Users\FlowUP\AppData\Roaming\.minecraft\saves\CTF-1.21.10 v1.29 - fleche explo\datapacks\Magic_FR\data\ctf\function\maps_systems\candyworld\gingerbread\blue\ready\timer_before_kick\enter_area_players\player6.mcfunction", "mcfunction", 2, 0, 1, 1, 4
"c:\Users\FlowUP\AppData\Roaming\.minecraft\saves\CTF-1.21.10 v1.29 - fleche explo\datapacks\Magic_FR\data\ctf\function\maps_systems\candyworld\gingerbread\blue\ready\timer_before_kick\enter_area_players\player7.mcfunction", "mcfunction", 2, 0, 1, 1, 4
"c:\Users\FlowUP\AppData\Roaming\.minecraft\saves\CTF-1.21.10 v1.29 - fleche explo\datapacks\Magic_FR\data\ctf\function\maps_systems\candyworld\gingerbread\blue\ready\timer_before_kick\enter_area_players\player8.mcfunction", "mcfunction", 2, 0, 1, 1, 4
"c:\Users\FlowUP\AppData\Roaming\.minecraft\saves\CTF-1.21.10 v1.29 - fleche explo\datapacks\Magic_FR\data\ctf\function\maps_systems\candyworld\gingerbread\blue\ready\timer_before_kick\enter_area_players\player9.mcfunction", "mcfunction", 2, 0, 1, 1, 4
"c:\Users\FlowUP\AppData\Roaming\.minecraft\saves\CTF-1.21.10 v1.29 - fleche explo\datapacks\Magic_FR\data\ctf\function\maps_systems\candyworld\gingerbread\blue\ready\timer_before_kick\exit_area.mcfunction", "mcfunction", 14, 0, 1, 2, 17
"c:\Users\FlowUP\AppData\Roaming\.minecraft\saves\CTF-1.21.10 v1.29 - fleche explo\datapacks\Magic_FR\data\ctf\function\maps_systems\candyworld\gingerbread\blue\ready\timer_before_kick\in_area_clock.mcfunction", "mcfunction", 14, 0, 1, 3, 18
"c:\Users\FlowUP\AppData\Roaming\.minecraft\saves\CTF-1.21.10 v1.29 - fleche explo\datapacks\Magic_FR\data\ctf\function\maps_systems\candyworld\gingerbread\blue\ready\timer_before_kick\ready_to_launch.mcfunction", "mcfunction", 3, 0, 4, 3, 10
"c:\Users\FlowUP\AppData\Roaming\.minecraft\saves\CTF-1.21.10 v1.29 - fleche explo\datapacks\Magic_FR\data\ctf\function\maps_systems\candyworld\gingerbread\clear_gingerbread_effect.mcfunction", "mcfunction", 2, 0, 3, 4, 9
"c:\Users\FlowUP\AppData\Roaming\.minecraft\saves\CTF-1.21.10 v1.29 - fleche explo\datapacks\Magic_FR\data\ctf\function\maps_systems\candyworld\gingerbread\red\feet_kick\feet_kick.mcfunction", "mcfunction", 9, 0, 4, 3, 16
"c:\Users\FlowUP\AppData\Roaming\.minecraft\saves\CTF-1.21.10 v1.29 - fleche explo\datapacks\Magic_FR\data\ctf\function\maps_systems\candyworld\gingerbread\red\feet_kick\kick_travel_timer.mcfunction", "mcfunction", 3, 0, 2, 1, 6
"c:\Users\FlowUP\AppData\Roaming\.minecraft\saves\CTF-1.21.10 v1.29 - fleche explo\datapacks\Magic_FR\data\ctf\function\maps_systems\candyworld\gingerbread\red\non_ready\cooldown.mcfunction", "mcfunction", 16, 0, 1, 3, 20
"c:\Users\FlowUP\AppData\Roaming\.minecraft\saves\CTF-1.21.10 v1.29 - fleche explo\datapacks\Magic_FR\data\ctf\function\maps_systems\candyworld\gingerbread\red\non_ready\gingerbread_non_ready_loop.mcfunction", "mcfunction", 2, 0, 1, 1, 4
"c:\Users\FlowUP\AppData\Roaming\.minecraft\saves\CTF-1.21.10 v1.29 - fleche explo\datapacks\Magic_FR\data\ctf\function\maps_systems\candyworld\gingerbread\red\non_ready\launch_cooldown.mcfunction", "mcfunction", 7, 0, 4, 3, 14
"c:\Users\FlowUP\AppData\Roaming\.minecraft\saves\CTF-1.21.10 v1.29 - fleche explo\datapacks\Magic_FR\data\ctf\function\maps_systems\candyworld\gingerbread\red\ready\cooldown_ready.mcfunction", "mcfunction", 5, 0, 2, 2, 9
"c:\Users\FlowUP\AppData\Roaming\.minecraft\saves\CTF-1.21.10 v1.29 - fleche explo\datapacks\Magic_FR\data\ctf\function\maps_systems\candyworld\gingerbread\red\ready\gingerbread_ready_loop.mcfunction", "mcfunction", 4, 0, 5, 1, 10
"c:\Users\FlowUP\AppData\Roaming\.minecraft\saves\CTF-1.21.10 v1.29 - fleche explo\datapacks\Magic_FR\data\ctf\function\maps_systems\candyworld\gingerbread\red\ready\particle_area.mcfunction", "mcfunction", 4, 0, 1, 2, 7
"c:\Users\FlowUP\AppData\Roaming\.minecraft\saves\CTF-1.21.10 v1.29 - fleche explo\datapacks\Magic_FR\data\ctf\function\maps_systems\candyworld\gingerbread\red\ready\timer_before_kick\enter_area.mcfunction", "mcfunction", 14, 0, 1, 2, 17
"c:\Users\FlowUP\AppData\Roaming\.minecraft\saves\CTF-1.21.10 v1.29 - fleche explo\datapacks\Magic_FR\data\ctf\function\maps_systems\candyworld\gingerbread\red\ready\timer_before_kick\enter_area_players\player1.mcfunction", "mcfunction", 2, 0, 1, 1, 4
"c:\Users\FlowUP\AppData\Roaming\.minecraft\saves\CTF-1.21.10 v1.29 - fleche explo\datapacks\Magic_FR\data\ctf\function\maps_systems\candyworld\gingerbread\red\ready\timer_before_kick\enter_area_players\player10.mcfunction", "mcfunction", 2, 0, 1, 1, 4
"c:\Users\FlowUP\AppData\Roaming\.minecraft\saves\CTF-1.21.10 v1.29 - fleche explo\datapacks\Magic_FR\data\ctf\function\maps_systems\candyworld\gingerbread\red\ready\timer_before_kick\enter_area_players\player11.mcfunction", "mcfunction", 2, 0, 1, 1, 4
"c:\Users\FlowUP\AppData\Roaming\.minecraft\saves\CTF-1.21.10 v1.29 - fleche explo\datapacks\Magic_FR\data\ctf\function\maps_systems\candyworld\gingerbread\red\ready\timer_before_kick\enter_area_players\player12.mcfunction", "mcfunction", 2, 0, 1, 1, 4
"c:\Users\FlowUP\AppData\Roaming\.minecraft\saves\CTF-1.21.10 v1.29 - fleche explo\datapacks\Magic_FR\data\ctf\function\maps_systems\candyworld\gingerbread\red\ready\timer_before_kick\enter_area_players\player2.mcfunction", "mcfunction", 2, 0, 1, 1, 4
"c:\Users\FlowUP\AppData\Roaming\.minecraft\saves\CTF-1.21.10 v1.29 - fleche explo\datapacks\Magic_FR\data\ctf\function\maps_systems\candyworld\gingerbread\red\ready\timer_before_kick\enter_area_players\player3.mcfunction", "mcfunction", 2, 0, 1, 1, 4
"c:\Users\FlowUP\AppData\Roaming\.minecraft\saves\CTF-1.21.10 v1.29 - fleche explo\datapacks\Magic_FR\data\ctf\function\maps_systems\candyworld\gingerbread\red\ready\timer_before_kick\enter_area_players\player4.mcfunction", "mcfunction", 2, 0, 1, 1, 4
"c:\Users\FlowUP\AppData\Roaming\.minecraft\saves\CTF-1.21.10 v1.29 - fleche explo\datapacks\Magic_FR\data\ctf\function\maps_systems\candyworld\gingerbread\red\ready\timer_before_kick\enter_area_players\player5.mcfunction", "mcfunction", 2, 0, 1, 1, 4
"c:\Users\FlowUP\AppData\Roaming\.minecraft\saves\CTF-1.21.10 v1.29 - fleche explo\datapacks\Magic_FR\data\ctf\function\maps_systems\candyworld\gingerbread\red\ready\timer_before_kick\enter_area_players\player6.mcfunction", "mcfunction", 2, 0, 1, 1, 4
"c:\Users\FlowUP\AppData\Roaming\.minecraft\saves\CTF-1.21.10 v1.29 - fleche explo\datapacks\Magic_FR\data\ctf\function\maps_systems\candyworld\gingerbread\red\ready\timer_before_kick\enter_area_players\player7.mcfunction", "mcfunction", 2, 0, 1, 1, 4
"c:\Users\FlowUP\AppData\Roaming\.minecraft\saves\CTF-1.21.10 v1.29 - fleche explo\datapacks\Magic_FR\data\ctf\function\maps_systems\candyworld\gingerbread\red\ready\timer_before_kick\enter_area_players\player8.mcfunction", "mcfunction", 2, 0, 1, 1, 4
"c:\Users\FlowUP\AppData\Roaming\.minecraft\saves\CTF-1.21.10 v1.29 - fleche explo\datapacks\Magic_FR\data\ctf\function\maps_systems\candyworld\gingerbread\red\ready\timer_before_kick\enter_area_players\player9.mcfunction", "mcfunction", 2, 0, 1, 1, 4
"c:\Users\FlowUP\AppData\Roaming\.minecraft\saves\CTF-1.21.10 v1.29 - fleche explo\datapacks\Magic_FR\data\ctf\function\maps_systems\candyworld\gingerbread\red\ready\timer_before_kick\exit_area.mcfunction", "mcfunction", 14, 0, 1, 2, 17
"c:\Users\FlowUP\AppData\Roaming\.minecraft\saves\CTF-1.21.10 v1.29 - fleche explo\datapacks\Magic_FR\data\ctf\function\maps_systems\candyworld\gingerbread\red\ready\timer_before_kick\in_area_clock.mcfunction", "mcfunction", 14, 0, 1, 3, 18
"c:\Users\FlowUP\AppData\Roaming\.minecraft\saves\CTF-1.21.10 v1.29 - fleche explo\datapacks\Magic_FR\data\ctf\function\maps_systems\candyworld\gingerbread\red\ready\timer_before_kick\ready_to_launch.mcfunction", "mcfunction", 3, 0, 4, 3, 10
"c:\Users\FlowUP\AppData\Roaming\.minecraft\saves\CTF-1.21.10 v1.29 - fleche explo\datapacks\Magic_FR\data\ctf\function\maps_systems\candyworld\loop_candyworld.mcfunction", "mcfunction", 8, 0, 10, 10, 28
"c:\Users\FlowUP\AppData\Roaming\.minecraft\saves\CTF-1.21.10 v1.29 - fleche explo\datapacks\Magic_FR\data\ctf\function\maps_systems\candyworld\sugar_way\enter_sugar_way.mcfunction", "mcfunction", 2, 0, 1, 1, 4
"c:\Users\FlowUP\AppData\Roaming\.minecraft\saves\CTF-1.21.10 v1.29 - fleche explo\datapacks\Magic_FR\data\ctf\function\maps_systems\candyworld\sugar_way\exit_sugar_way.mcfunction", "mcfunction", 2, 0, 1, 1, 4
"c:\Users\FlowUP\AppData\Roaming\.minecraft\saves\CTF-1.21.10 v1.29 - fleche explo\datapacks\Magic_FR\data\ctf\function\maps_systems\candyworld\took_water_dmg.mcfunction", "mcfunction", 13, 0, 3, 2, 18
"c:\Users\FlowUP\AppData\Roaming\.minecraft\saves\CTF-1.21.10 v1.29 - fleche explo\datapacks\Magic_FR\data\ctf\function\maps_systems\factory\conveyor_belt\blue_side\bottom_conveyor_belt\state_0.mcfunction", "mcfunction", 4, 0, 8, 5, 17
"c:\Users\FlowUP\AppData\Roaming\.minecraft\saves\CTF-1.21.10 v1.29 - fleche explo\datapacks\Magic_FR\data\ctf\function\maps_systems\factory\conveyor_belt\blue_side\bottom_conveyor_belt\state_1.mcfunction", "mcfunction", 4, 0, 8, 3, 15
"c:\Users\FlowUP\AppData\Roaming\.minecraft\saves\CTF-1.21.10 v1.29 - fleche explo\datapacks\Magic_FR\data\ctf\function\maps_systems\factory\conveyor_belt\blue_side\levers\use_state_0_bottom_lever.mcfunction", "mcfunction", 1, 0, 3, 2, 6
"c:\Users\FlowUP\AppData\Roaming\.minecraft\saves\CTF-1.21.10 v1.29 - fleche explo\datapacks\Magic_FR\data\ctf\function\maps_systems\factory\conveyor_belt\blue_side\levers\use_state_0_middle_lever.mcfunction", "mcfunction", 1, 0, 3, 2, 6
"c:\Users\FlowUP\AppData\Roaming\.minecraft\saves\CTF-1.21.10 v1.29 - fleche explo\datapacks\Magic_FR\data\ctf\function\maps_systems\factory\conveyor_belt\blue_side\levers\use_state_0_top_lever.mcfunction", "mcfunction", 1, 0, 3, 2, 6
"c:\Users\FlowUP\AppData\Roaming\.minecraft\saves\CTF-1.21.10 v1.29 - fleche explo\datapacks\Magic_FR\data\ctf\function\maps_systems\factory\conveyor_belt\blue_side\levers\use_state_1_bottom_lever.mcfunction", "mcfunction", 1, 0, 3, 2, 6
"c:\Users\FlowUP\AppData\Roaming\.minecraft\saves\CTF-1.21.10 v1.29 - fleche explo\datapacks\Magic_FR\data\ctf\function\maps_systems\factory\conveyor_belt\blue_side\levers\use_state_1_middle_lever.mcfunction", "mcfunction", 1, 0, 3, 2, 6
"c:\Users\FlowUP\AppData\Roaming\.minecraft\saves\CTF-1.21.10 v1.29 - fleche explo\datapacks\Magic_FR\data\ctf\function\maps_systems\factory\conveyor_belt\blue_side\levers\use_state_1_top_lever.mcfunction", "mcfunction", 1, 0, 3, 2, 6
"c:\Users\FlowUP\AppData\Roaming\.minecraft\saves\CTF-1.21.10 v1.29 - fleche explo\datapacks\Magic_FR\data\ctf\function\maps_systems\factory\conveyor_belt\blue_side\middle_conveyor_belt\state_0.mcfunction", "mcfunction", 4, 0, 8, 3, 15
"c:\Users\FlowUP\AppData\Roaming\.minecraft\saves\CTF-1.21.10 v1.29 - fleche explo\datapacks\Magic_FR\data\ctf\function\maps_systems\factory\conveyor_belt\blue_side\middle_conveyor_belt\state_1.mcfunction", "mcfunction", 4, 0, 8, 3, 15
"c:\Users\FlowUP\AppData\Roaming\.minecraft\saves\CTF-1.21.10 v1.29 - fleche explo\datapacks\Magic_FR\data\ctf\function\maps_systems\factory\conveyor_belt\blue_side\top_conveyor_belt\state_0.mcfunction", "mcfunction", 4, 0, 8, 3, 15
"c:\Users\FlowUP\AppData\Roaming\.minecraft\saves\CTF-1.21.10 v1.29 - fleche explo\datapacks\Magic_FR\data\ctf\function\maps_systems\factory\conveyor_belt\blue_side\top_conveyor_belt\state_1.mcfunction", "mcfunction", 4, 0, 8, 3, 15
"c:\Users\FlowUP\AppData\Roaming\.minecraft\saves\CTF-1.21.10 v1.29 - fleche explo\datapacks\Magic_FR\data\ctf\function\maps_systems\factory\conveyor_belt\clock.mcfunction", "mcfunction", 24, 0, 34, 20, 78
"c:\Users\FlowUP\AppData\Roaming\.minecraft\saves\CTF-1.21.10 v1.29 - fleche explo\datapacks\Magic_FR\data\ctf\function\maps_systems\factory\conveyor_belt\red_side\bottom_conveyor_belt\state_0.mcfunction", "mcfunction", 4, 0, 8, 3, 15
"c:\Users\FlowUP\AppData\Roaming\.minecraft\saves\CTF-1.21.10 v1.29 - fleche explo\datapacks\Magic_FR\data\ctf\function\maps_systems\factory\conveyor_belt\red_side\bottom_conveyor_belt\state_1.mcfunction", "mcfunction", 4, 0, 8, 3, 15
"c:\Users\FlowUP\AppData\Roaming\.minecraft\saves\CTF-1.21.10 v1.29 - fleche explo\datapacks\Magic_FR\data\ctf\function\maps_systems\factory\conveyor_belt\red_side\levers\use_state_0_bottom_lever.mcfunction", "mcfunction", 1, 0, 3, 2, 6
"c:\Users\FlowUP\AppData\Roaming\.minecraft\saves\CTF-1.21.10 v1.29 - fleche explo\datapacks\Magic_FR\data\ctf\function\maps_systems\factory\conveyor_belt\red_side\levers\use_state_0_middle_lever.mcfunction", "mcfunction", 1, 0, 3, 2, 6
"c:\Users\FlowUP\AppData\Roaming\.minecraft\saves\CTF-1.21.10 v1.29 - fleche explo\datapacks\Magic_FR\data\ctf\function\maps_systems\factory\conveyor_belt\red_side\levers\use_state_0_top_lever.mcfunction", "mcfunction", 1, 0, 3, 3, 7
"c:\Users\FlowUP\AppData\Roaming\.minecraft\saves\CTF-1.21.10 v1.29 - fleche explo\datapacks\Magic_FR\data\ctf\function\maps_systems\factory\conveyor_belt\red_side\levers\use_state_1_bottom_lever.mcfunction", "mcfunction", 1, 0, 3, 2, 6
"c:\Users\FlowUP\AppData\Roaming\.minecraft\saves\CTF-1.21.10 v1.29 - fleche explo\datapacks\Magic_FR\data\ctf\function\maps_systems\factory\conveyor_belt\red_side\levers\use_state_1_middle_lever.mcfunction", "mcfunction", 1, 0, 3, 2, 6
"c:\Users\FlowUP\AppData\Roaming\.minecraft\saves\CTF-1.21.10 v1.29 - fleche explo\datapacks\Magic_FR\data\ctf\function\maps_systems\factory\conveyor_belt\red_side\levers\use_state_1_top_lever.mcfunction", "mcfunction", 1, 0, 3, 2, 6
"c:\Users\FlowUP\AppData\Roaming\.minecraft\saves\CTF-1.21.10 v1.29 - fleche explo\datapacks\Magic_FR\data\ctf\function\maps_systems\factory\conveyor_belt\red_side\middle_conveyor_belt\state_0.mcfunction", "mcfunction", 4, 0, 8, 3, 15
"c:\Users\FlowUP\AppData\Roaming\.minecraft\saves\CTF-1.21.10 v1.29 - fleche explo\datapacks\Magic_FR\data\ctf\function\maps_systems\factory\conveyor_belt\red_side\middle_conveyor_belt\state_1.mcfunction", "mcfunction", 4, 0, 8, 3, 15
"c:\Users\FlowUP\AppData\Roaming\.minecraft\saves\CTF-1.21.10 v1.29 - fleche explo\datapacks\Magic_FR\data\ctf\function\maps_systems\factory\conveyor_belt\red_side\top_conveyor_belt\state_0.mcfunction", "mcfunction", 4, 0, 8, 3, 15
"c:\Users\FlowUP\AppData\Roaming\.minecraft\saves\CTF-1.21.10 v1.29 - fleche explo\datapacks\Magic_FR\data\ctf\function\maps_systems\factory\conveyor_belt\red_side\top_conveyor_belt\state_1.mcfunction", "mcfunction", 4, 0, 8, 4, 16
"c:\Users\FlowUP\AppData\Roaming\.minecraft\saves\CTF-1.21.10 v1.29 - fleche explo\datapacks\Magic_FR\data\ctf\function\maps_systems\factory\loop_factory.mcfunction", "mcfunction", 2, 0, 5, 4, 11
"c:\Users\FlowUP\AppData\Roaming\.minecraft\saves\CTF-1.21.10 v1.29 - fleche explo\datapacks\Magic_FR\data\ctf\function\maps_systems\graveyard\graveyard_path_abuse\enter_bad_path.mcfunction", "mcfunction", 21, 0, 6, 6, 33
"c:\Users\FlowUP\AppData\Roaming\.minecraft\saves\CTF-1.21.10 v1.29 - fleche explo\datapacks\Magic_FR\data\ctf\function\maps_systems\graveyard\graveyard_path_abuse\in_bad_path.mcfunction", "mcfunction", 11, 0, 1, 1, 13
"c:\Users\FlowUP\AppData\Roaming\.minecraft\saves\CTF-1.21.10 v1.29 - fleche explo\datapacks\Magic_FR\data\ctf\function\maps_systems\graveyard\graveyard_path_abuse\quit_bad_path.mcfunction", "mcfunction", 14, 0, 1, 2, 17
"c:\Users\FlowUP\AppData\Roaming\.minecraft\saves\CTF-1.21.10 v1.29 - fleche explo\datapacks\Magic_FR\data\ctf\function\maps_systems\graveyard\graveyard_path_abuse\took_bad_path_dmg.mcfunction", "mcfunction", 13, 0, 3, 2, 18
"c:\Users\FlowUP\AppData\Roaming\.minecraft\saves\CTF-1.21.10 v1.29 - fleche explo\datapacks\Magic_FR\data\ctf\function\maps_systems\graveyard\leversystem\blue_lever_down.mcfunction", "mcfunction", 13, 0, 4, 2, 19
"c:\Users\FlowUP\AppData\Roaming\.minecraft\saves\CTF-1.21.10 v1.29 - fleche explo\datapacks\Magic_FR\data\ctf\function\maps_systems\graveyard\leversystem\blue_lever_up.mcfunction", "mcfunction", 13, 0, 4, 2, 19
"c:\Users\FlowUP\AppData\Roaming\.minecraft\saves\CTF-1.21.10 v1.29 - fleche explo\datapacks\Magic_FR\data\ctf\function\maps_systems\graveyard\leversystem\red_lever_down.mcfunction", "mcfunction", 13, 0, 4, 3, 20
"c:\Users\FlowUP\AppData\Roaming\.minecraft\saves\CTF-1.21.10 v1.29 - fleche explo\datapacks\Magic_FR\data\ctf\function\maps_systems\graveyard\leversystem\red_lever_up.mcfunction", "mcfunction", 13, 0, 4, 3, 20
"c:\Users\FlowUP\AppData\Roaming\.minecraft\saves\CTF-1.21.10 v1.29 - fleche explo\datapacks\Magic_FR\data\ctf\function\maps_systems\graveyard\loop_graveyard.mcfunction", "mcfunction", 8, 0, 8, 9, 25
"c:\Users\FlowUP\AppData\Roaming\.minecraft\saves\CTF-1.21.10 v1.29 - fleche explo\datapacks\Magic_FR\data\ctf\function\maps_systems\pirate\effect_in_water.mcfunction", "mcfunction", 3, 0, 2, 2, 7
"c:\Users\FlowUP\AppData\Roaming\.minecraft\saves\CTF-1.21.10 v1.29 - fleche explo\datapacks\Magic_FR\data\ctf\function\maps_systems\pirate\loop_pirate.mcfunction", "mcfunction", 5, 0, 5, 6, 16
"c:\Users\FlowUP\AppData\Roaming\.minecraft\saves\CTF-1.21.10 v1.29 - fleche explo\datapacks\Magic_FR\data\ctf\function\maps_systems\pirate\mortars\explode_tnt_blue.mcfunction", "mcfunction", 7, 0, 3, 1, 11
"c:\Users\FlowUP\AppData\Roaming\.minecraft\saves\CTF-1.21.10 v1.29 - fleche explo\datapacks\Magic_FR\data\ctf\function\maps_systems\pirate\mortars\explode_tnt_red.mcfunction", "mcfunction", 7, 0, 3, 1, 11
"c:\Users\FlowUP\AppData\Roaming\.minecraft\saves\CTF-1.21.10 v1.29 - fleche explo\datapacks\Magic_FR\data\ctf\function\maps_systems\pirate\mortars\loop_mortars.mcfunction", "mcfunction", 9, 0, 1, 4, 14
"c:\Users\FlowUP\AppData\Roaming\.minecraft\saves\CTF-1.21.10 v1.29 - fleche explo\datapacks\Magic_FR\data\ctf\function\maps_systems\pirate\mortars\new_lever_blue.mcfunction", "mcfunction", 3, 0, 4, 1, 8
"c:\Users\FlowUP\AppData\Roaming\.minecraft\saves\CTF-1.21.10 v1.29 - fleche explo\datapacks\Magic_FR\data\ctf\function\maps_systems\pirate\mortars\new_lever_red.mcfunction", "mcfunction", 3, 0, 4, 1, 8
"c:\Users\FlowUP\AppData\Roaming\.minecraft\saves\CTF-1.21.10 v1.29 - fleche explo\datapacks\Magic_FR\data\ctf\function\maps_systems\pirate\mortars\put_bridge_back_blue.mcfunction", "mcfunction", 2, 0, 4, 1, 7
"c:\Users\FlowUP\AppData\Roaming\.minecraft\saves\CTF-1.21.10 v1.29 - fleche explo\datapacks\Magic_FR\data\ctf\function\maps_systems\pirate\mortars\put_bridge_back_red.mcfunction", "mcfunction", 2, 0, 4, 1, 7
"c:\Users\FlowUP\AppData\Roaming\.minecraft\saves\CTF-1.21.10 v1.29 - fleche explo\datapacks\Magic_FR\data\ctf\function\maps_systems\pirate\mortars\refresh_lever_timing.mcfunction", "mcfunction", 74, 0, 1, 10, 85
"c:\Users\FlowUP\AppData\Roaming\.minecraft\saves\CTF-1.21.10 v1.29 - fleche explo\datapacks\Magic_FR\data\ctf\function\maps_systems\pirate\mortars\use_mortar_blue.mcfunction", "mcfunction", 6, 0, 5, 1, 12
"c:\Users\FlowUP\AppData\Roaming\.minecraft\saves\CTF-1.21.10 v1.29 - fleche explo\datapacks\Magic_FR\data\ctf\function\maps_systems\pirate\mortars\use_mortar_red.mcfunction", "mcfunction", 6, 0, 5, 1, 12
"c:\Users\FlowUP\AppData\Roaming\.minecraft\saves\CTF-1.21.10 v1.29 - fleche explo\datapacks\Magic_FR\data\ctf\function\maps_systems\pirate\took_water_dmg.mcfunction", "mcfunction", 13, 0, 3, 2, 18
"c:\Users\FlowUP\AppData\Roaming\.minecraft\saves\CTF-1.21.10 v1.29 - fleche explo\datapacks\Magic_FR\data\ctf\function\maps_systems\ruin\effect_in_water.mcfunction", "mcfunction", 3, 0, 2, 2, 7
"c:\Users\FlowUP\AppData\Roaming\.minecraft\saves\CTF-1.21.10 v1.29 - fleche explo\datapacks\Magic_FR\data\ctf\function\maps_systems\ruin\loop_ruin.mcfunction", "mcfunction", 2, 0, 4, 4, 10
"c:\Users\FlowUP\AppData\Roaming\.minecraft\saves\CTF-1.21.10 v1.29 - fleche explo\datapacks\Magic_FR\data\ctf\function\maps_systems\ruin\traps_ruin\stakes\blue_side\stake_in.mcfunction", "mcfunction", 2, 0, 1, 2, 5
"c:\Users\FlowUP\AppData\Roaming\.minecraft\saves\CTF-1.21.10 v1.29 - fleche explo\datapacks\Magic_FR\data\ctf\function\maps_systems\ruin\traps_ruin\stakes\blue_side\stake_out.mcfunction", "mcfunction", 2, 0, 1, 2, 5
"c:\Users\FlowUP\AppData\Roaming\.minecraft\saves\CTF-1.21.10 v1.29 - fleche explo\datapacks\Magic_FR\data\ctf\function\maps_systems\ruin\traps_ruin\stakes\red_side\stake_in.mcfunction", "mcfunction", 2, 0, 1, 2, 5
"c:\Users\FlowUP\AppData\Roaming\.minecraft\saves\CTF-1.21.10 v1.29 - fleche explo\datapacks\Magic_FR\data\ctf\function\maps_systems\ruin\traps_ruin\stakes\red_side\stake_out.mcfunction", "mcfunction", 2, 0, 1, 2, 5
"c:\Users\FlowUP\AppData\Roaming\.minecraft\saves\CTF-1.21.10 v1.29 - fleche explo\datapacks\Magic_FR\data\ctf\function\maps_systems\volcano\effect_in_lava.mcfunction", "mcfunction", 2, 0, 2, 2, 6
"c:\Users\FlowUP\AppData\Roaming\.minecraft\saves\CTF-1.21.10 v1.29 - fleche explo\datapacks\Magic_FR\data\ctf\function\maps_systems\volcano\loop_volcano.mcfunction", "mcfunction", 12, 0, 10, 11, 33
"c:\Users\FlowUP\AppData\Roaming\.minecraft\saves\CTF-1.21.10 v1.29 - fleche explo\datapacks\Magic_FR\data\ctf\function\maps_systems\volcano\steam\button_blue\button_activated.mcfunction", "mcfunction", 7, 0, 6, 6, 19
"c:\Users\FlowUP\AppData\Roaming\.minecraft\saves\CTF-1.21.10 v1.29 - fleche explo\datapacks\Magic_FR\data\ctf\function\maps_systems\volcano\steam\button_blue\refresh_button_timer.mcfunction", "mcfunction", 30, 0, 2, 3, 35
"c:\Users\FlowUP\AppData\Roaming\.minecraft\saves\CTF-1.21.10 v1.29 - fleche explo\datapacks\Magic_FR\data\ctf\function\maps_systems\volcano\steam\button_blue\steam_system.mcfunction", "mcfunction", 6, 0, 4, 3, 13
"c:\Users\FlowUP\AppData\Roaming\.minecraft\saves\CTF-1.21.10 v1.29 - fleche explo\datapacks\Magic_FR\data\ctf\function\maps_systems\volcano\steam\button_blue\timer_over.mcfunction", "mcfunction", 3, 0, 5, 3, 11
"c:\Users\FlowUP\AppData\Roaming\.minecraft\saves\CTF-1.21.10 v1.29 - fleche explo\datapacks\Magic_FR\data\ctf\function\maps_systems\volcano\steam\button_red\button_activated.mcfunction", "mcfunction", 7, 0, 6, 5, 18
"c:\Users\FlowUP\AppData\Roaming\.minecraft\saves\CTF-1.21.10 v1.29 - fleche explo\datapacks\Magic_FR\data\ctf\function\maps_systems\volcano\steam\button_red\refresh_button_timer.mcfunction", "mcfunction", 30, 0, 2, 3, 35
"c:\Users\FlowUP\AppData\Roaming\.minecraft\saves\CTF-1.21.10 v1.29 - fleche explo\datapacks\Magic_FR\data\ctf\function\maps_systems\volcano\steam\button_red\steam_system.mcfunction", "mcfunction", 6, 0, 4, 3, 13
"c:\Users\FlowUP\AppData\Roaming\.minecraft\saves\CTF-1.21.10 v1.29 - fleche explo\datapacks\Magic_FR\data\ctf\function\maps_systems\volcano\steam\button_red\timer_over.mcfunction", "mcfunction", 3, 0, 5, 3, 11
"c:\Users\FlowUP\AppData\Roaming\.minecraft\saves\CTF-1.21.10 v1.29 - fleche explo\datapacks\Magic_FR\data\ctf\function\maps_systems\volcano\took_lava_dmg.mcfunction", "mcfunction", 13, 0, 3, 2, 18
"c:\Users\FlowUP\AppData\Roaming\.minecraft\saves\CTF-1.21.10 v1.29 - fleche explo\datapacks\Magic_FR\data\ctf\function\poseflag\poseflag_blueflag.mcfunction", "mcfunction", 23, 0, 10, 8, 41
"c:\Users\FlowUP\AppData\Roaming\.minecraft\saves\CTF-1.21.10 v1.29 - fleche explo\datapacks\Magic_FR\data\ctf\function\poseflag\poseflag_redflag.mcfunction", "mcfunction", 21, 0, 8, 10, 39
"c:\Users\FlowUP\AppData\Roaming\.minecraft\saves\CTF-1.21.10 v1.29 - fleche explo\datapacks\Magic_FR\data\ctf\function\respawns\bossbar\refreshbossbar.mcfunction", "mcfunction", 12, 0, 13, 2, 27
"c:\Users\FlowUP\AppData\Roaming\.minecraft\saves\CTF-1.21.10 v1.29 - fleche explo\datapacks\Magic_FR\data\ctf\function\respawns\bossbar\refreshbossbar\refreshbossbar_player1.mcfunction", "mcfunction", 3, 0, 1, 4, 8
"c:\Users\FlowUP\AppData\Roaming\.minecraft\saves\CTF-1.21.10 v1.29 - fleche explo\datapacks\Magic_FR\data\ctf\function\respawns\bossbar\refreshbossbar\refreshbossbar_player10.mcfunction", "mcfunction", 3, 0, 1, 4, 8
"c:\Users\FlowUP\AppData\Roaming\.minecraft\saves\CTF-1.21.10 v1.29 - fleche explo\datapacks\Magic_FR\data\ctf\function\respawns\bossbar\refreshbossbar\refreshbossbar_player11.mcfunction", "mcfunction", 3, 0, 1, 5, 9
"c:\Users\FlowUP\AppData\Roaming\.minecraft\saves\CTF-1.21.10 v1.29 - fleche explo\datapacks\Magic_FR\data\ctf\function\respawns\bossbar\refreshbossbar\refreshbossbar_player12.mcfunction", "mcfunction", 3, 0, 1, 4, 8
"c:\Users\FlowUP\AppData\Roaming\.minecraft\saves\CTF-1.21.10 v1.29 - fleche explo\datapacks\Magic_FR\data\ctf\function\respawns\bossbar\refreshbossbar\refreshbossbar_player2.mcfunction", "mcfunction", 3, 0, 1, 3, 7
"c:\Users\FlowUP\AppData\Roaming\.minecraft\saves\CTF-1.21.10 v1.29 - fleche explo\datapacks\Magic_FR\data\ctf\function\respawns\bossbar\refreshbossbar\refreshbossbar_player3.mcfunction", "mcfunction", 3, 0, 1, 3, 7
"c:\Users\FlowUP\AppData\Roaming\.minecraft\saves\CTF-1.21.10 v1.29 - fleche explo\datapacks\Magic_FR\data\ctf\function\respawns\bossbar\refreshbossbar\refreshbossbar_player4.mcfunction", "mcfunction", 3, 0, 1, 3, 7
"c:\Users\FlowUP\AppData\Roaming\.minecraft\saves\CTF-1.21.10 v1.29 - fleche explo\datapacks\Magic_FR\data\ctf\function\respawns\bossbar\refreshbossbar\refreshbossbar_player5.mcfunction", "mcfunction", 3, 0, 1, 3, 7
"c:\Users\FlowUP\AppData\Roaming\.minecraft\saves\CTF-1.21.10 v1.29 - fleche explo\datapacks\Magic_FR\data\ctf\function\respawns\bossbar\refreshbossbar\refreshbossbar_player6.mcfunction", "mcfunction", 3, 0, 1, 3, 7
"c:\Users\FlowUP\AppData\Roaming\.minecraft\saves\CTF-1.21.10 v1.29 - fleche explo\datapacks\Magic_FR\data\ctf\function\respawns\bossbar\refreshbossbar\refreshbossbar_player7.mcfunction", "mcfunction", 3, 0, 1, 4, 8
"c:\Users\FlowUP\AppData\Roaming\.minecraft\saves\CTF-1.21.10 v1.29 - fleche explo\datapacks\Magic_FR\data\ctf\function\respawns\bossbar\refreshbossbar\refreshbossbar_player8.mcfunction", "mcfunction", 3, 0, 1, 4, 8
"c:\Users\FlowUP\AppData\Roaming\.minecraft\saves\CTF-1.21.10 v1.29 - fleche explo\datapacks\Magic_FR\data\ctf\function\respawns\bossbar\refreshbossbar\refreshbossbar_player9.mcfunction", "mcfunction", 3, 0, 1, 3, 7
"c:\Users\FlowUP\AppData\Roaming\.minecraft\saves\CTF-1.21.10 v1.29 - fleche explo\datapacks\Magic_FR\data\ctf\function\respawns\bossbar\teamkill\teamkill_blue.mcfunction", "mcfunction", 11, 0, 1, 1, 13
"c:\Users\FlowUP\AppData\Roaming\.minecraft\saves\CTF-1.21.10 v1.29 - fleche explo\datapacks\Magic_FR\data\ctf\function\respawns\bossbar\teamkill\teamkill_red.mcfunction", "mcfunction", 11, 0, 1, 1, 13
"c:\Users\FlowUP\AppData\Roaming\.minecraft\saves\CTF-1.21.10 v1.29 - fleche explo\datapacks\Magic_FR\data\ctf\function\respawns\calculate_respawn_time_blue.mcfunction", "mcfunction", 14, 0, 3, 2, 19
"c:\Users\FlowUP\AppData\Roaming\.minecraft\saves\CTF-1.21.10 v1.29 - fleche explo\datapacks\Magic_FR\data\ctf\function\respawns\calculate_respawn_time_red.mcfunction", "mcfunction", 14, 0, 3, 2, 19
"c:\Users\FlowUP\AppData\Roaming\.minecraft\saves\CTF-1.21.10 v1.29 - fleche explo\datapacks\Magic_FR\data\ctf\function\respawns\no_more_respawn_time.mcfunction", "mcfunction", 34, 0, 11, 8, 53
"c:\Users\FlowUP\AppData\Roaming\.minecraft\saves\CTF-1.21.10 v1.29 - fleche explo\datapacks\Magic_FR\data\ctf\function\respawns\respawn.mcfunction", "mcfunction", 38, 0, 19, 18, 75
"c:\Users\FlowUP\AppData\Roaming\.minecraft\saves\CTF-1.21.10 v1.29 - fleche explo\datapacks\Magic_FR\data\ctf\function\respawns\respawn_hasflag.mcfunction", "mcfunction", 38, 0, 19, 17, 74
"c:\Users\FlowUP\AppData\Roaming\.minecraft\saves\CTF-1.21.10 v1.29 - fleche explo\datapacks\Magic_FR\data\ctf\function\round_over.mcfunction", "mcfunction", 5, 0, 6, 4, 15
"c:\Users\FlowUP\AppData\Roaming\.minecraft\saves\CTF-1.21.10 v1.29 - fleche explo\datapacks\Magic_FR\data\ctf\function\saveflag\bossbar\detect_player_number.mcfunction", "mcfunction", 12, 0, 1, 2, 15
"c:\Users\FlowUP\AppData\Roaming\.minecraft\saves\CTF-1.21.10 v1.29 - fleche explo\datapacks\Magic_FR\data\ctf\function\saveflag\bossbar\refresh_bossbar\player1.mcfunction", "mcfunction", 7, 0, 1, 0, 8
"c:\Users\FlowUP\AppData\Roaming\.minecraft\saves\CTF-1.21.10 v1.29 - fleche explo\datapacks\Magic_FR\data\ctf\function\saveflag\bossbar\refresh_bossbar\player10.mcfunction", "mcfunction", 7, 0, 1, 1, 9
"c:\Users\FlowUP\AppData\Roaming\.minecraft\saves\CTF-1.21.10 v1.29 - fleche explo\datapacks\Magic_FR\data\ctf\function\saveflag\bossbar\refresh_bossbar\player11.mcfunction", "mcfunction", 7, 0, 1, 1, 9
"c:\Users\FlowUP\AppData\Roaming\.minecraft\saves\CTF-1.21.10 v1.29 - fleche explo\datapacks\Magic_FR\data\ctf\function\saveflag\bossbar\refresh_bossbar\player12.mcfunction", "mcfunction", 7, 0, 1, 1, 9
"c:\Users\FlowUP\AppData\Roaming\.minecraft\saves\CTF-1.21.10 v1.29 - fleche explo\datapacks\Magic_FR\data\ctf\function\saveflag\bossbar\refresh_bossbar\player2.mcfunction", "mcfunction", 7, 0, 1, 1, 9
"c:\Users\FlowUP\AppData\Roaming\.minecraft\saves\CTF-1.21.10 v1.29 - fleche explo\datapacks\Magic_FR\data\ctf\function\saveflag\bossbar\refresh_bossbar\player3.mcfunction", "mcfunction", 7, 0, 1, 1, 9
"c:\Users\FlowUP\AppData\Roaming\.minecraft\saves\CTF-1.21.10 v1.29 - fleche explo\datapacks\Magic_FR\data\ctf\function\saveflag\bossbar\refresh_bossbar\player4.mcfunction", "mcfunction", 7, 0, 1, 1, 9
"c:\Users\FlowUP\AppData\Roaming\.minecraft\saves\CTF-1.21.10 v1.29 - fleche explo\datapacks\Magic_FR\data\ctf\function\saveflag\bossbar\refresh_bossbar\player5.mcfunction", "mcfunction", 7, 0, 1, 1, 9
"c:\Users\FlowUP\AppData\Roaming\.minecraft\saves\CTF-1.21.10 v1.29 - fleche explo\datapacks\Magic_FR\data\ctf\function\saveflag\bossbar\refresh_bossbar\player6.mcfunction", "mcfunction", 7, 0, 1, 1, 9
"c:\Users\FlowUP\AppData\Roaming\.minecraft\saves\CTF-1.21.10 v1.29 - fleche explo\datapacks\Magic_FR\data\ctf\function\saveflag\bossbar\refresh_bossbar\player7.mcfunction", "mcfunction", 7, 0, 1, 1, 9
"c:\Users\FlowUP\AppData\Roaming\.minecraft\saves\CTF-1.21.10 v1.29 - fleche explo\datapacks\Magic_FR\data\ctf\function\saveflag\bossbar\refresh_bossbar\player8.mcfunction", "mcfunction", 7, 0, 1, 1, 9
"c:\Users\FlowUP\AppData\Roaming\.minecraft\saves\CTF-1.21.10 v1.29 - fleche explo\datapacks\Magic_FR\data\ctf\function\saveflag\bossbar\refresh_bossbar\player9.mcfunction", "mcfunction", 7, 0, 1, 1, 9
"c:\Users\FlowUP\AppData\Roaming\.minecraft\saves\CTF-1.21.10 v1.29 - fleche explo\datapacks\Magic_FR\data\ctf\function\saveflag\saveflag_blueflag.mcfunction", "mcfunction", 20, 0, 6, 10, 36
"c:\Users\FlowUP\AppData\Roaming\.minecraft\saves\CTF-1.21.10 v1.29 - fleche explo\datapacks\Magic_FR\data\ctf\function\saveflag\saveflag_redflag.mcfunction", "mcfunction", 20, 0, 6, 10, 36
"c:\Users\FlowUP\AppData\Roaming\.minecraft\saves\CTF-1.21.10 v1.29 - fleche explo\datapacks\Magic_FR\data\ctf\function\saveflag\stop_saving.mcfunction", "mcfunction", 25, 0, 1, 1, 27
"c:\Users\FlowUP\AppData\Roaming\.minecraft\saves\CTF-1.21.10 v1.29 - fleche explo\datapacks\Magic_FR\data\ctf\function\secondary_objectives\blue_won.mcfunction", "mcfunction", 5, 0, 2, 1, 8
"c:\Users\FlowUP\AppData\Roaming\.minecraft\saves\CTF-1.21.10 v1.29 - fleche explo\datapacks\Magic_FR\data\ctf\function\secondary_objectives\bossfight\candyworld_map\ai\cherry_out_of_zone.mcfunction", "mcfunction", 3, 0, 5, 2, 10
"c:\Users\FlowUP\AppData\Roaming\.minecraft\saves\CTF-1.21.10 v1.29 - fleche explo\datapacks\Magic_FR\data\ctf\function\secondary_objectives\bossfight\candyworld_map\ai\chose_spell.mcfunction", "mcfunction", 10, 0, 8, 7, 25
"c:\Users\FlowUP\AppData\Roaming\.minecraft\saves\CTF-1.21.10 v1.29 - fleche explo\datapacks\Magic_FR\data\ctf\function\secondary_objectives\bossfight\candyworld_map\ai\make_invulnerable_and_noai.mcfunction", "mcfunction", 3, 0, 1, 1, 5
"c:\Users\FlowUP\AppData\Roaming\.minecraft\saves\CTF-1.21.10 v1.29 - fleche explo\datapacks\Magic_FR\data\ctf\function\secondary_objectives\bossfight\candyworld_map\ai\make_living_cherry_invulnerable.mcfunction", "mcfunction", 6, 0, 1, 1, 8
"c:\Users\FlowUP\AppData\Roaming\.minecraft\saves\CTF-1.21.10 v1.29 - fleche explo\datapacks\Magic_FR\data\ctf\function\secondary_objectives\bossfight\candyworld_map\ai\no_more_invulnerability.mcfunction", "mcfunction", 4, 0, 2, 1, 7
"c:\Users\FlowUP\AppData\Roaming\.minecraft\saves\CTF-1.21.10 v1.29 - fleche explo\datapacks\Magic_FR\data\ctf\function\secondary_objectives\bossfight\candyworld_map\bossfight_loop.mcfunction", "mcfunction", 10, 0, 12, 11, 33
"c:\Users\FlowUP\AppData\Roaming\.minecraft\saves\CTF-1.21.10 v1.29 - fleche explo\datapacks\Magic_FR\data\ctf\function\secondary_objectives\bossfight\candyworld_map\determine_targetable.mcfunction", "mcfunction", 4, 0, 5, 1, 10
"c:\Users\FlowUP\AppData\Roaming\.minecraft\saves\CTF-1.21.10 v1.29 - fleche explo\datapacks\Magic_FR\data\ctf\function\secondary_objectives\bossfight\candyworld_map\display_bossbar.mcfunction", "mcfunction", 1, 0, 2, 1, 4
"c:\Users\FlowUP\AppData\Roaming\.minecraft\saves\CTF-1.21.10 v1.29 - fleche explo\datapacks\Magic_FR\data\ctf\function\secondary_objectives\bossfight\candyworld_map\living_cherry_death.mcfunction", "mcfunction", 5, 0, 6, 5, 16
"c:\Users\FlowUP\AppData\Roaming\.minecraft\saves\CTF-1.21.10 v1.29 - fleche explo\datapacks\Magic_FR\data\ctf\function\secondary_objectives\bossfight\candyworld_map\objective_complete.mcfunction", "mcfunction", 2, 0, 4, 3, 9
"c:\Users\FlowUP\AppData\Roaming\.minecraft\saves\CTF-1.21.10 v1.29 - fleche explo\datapacks\Magic_FR\data\ctf\function\secondary_objectives\bossfight\candyworld_map\picked_up_item.mcfunction", "mcfunction", 8, 0, 4, 5, 17
"c:\Users\FlowUP\AppData\Roaming\.minecraft\saves\CTF-1.21.10 v1.29 - fleche explo\datapacks\Magic_FR\data\ctf\function\secondary_objectives\bossfight\candyworld_map\summon_cherry\round1\summon_cherry_round_1.mcfunction", "mcfunction", 13, 0, 8, 7, 28
"c:\Users\FlowUP\AppData\Roaming\.minecraft\saves\CTF-1.21.10 v1.29 - fleche explo\datapacks\Magic_FR\data\ctf\function\secondary_objectives\bossfight\candyworld_map\summon_cherry\round2\summon_cherry_round_2.mcfunction", "mcfunction", 13, 0, 8, 7, 28
"c:\Users\FlowUP\AppData\Roaming\.minecraft\saves\CTF-1.21.10 v1.29 - fleche explo\datapacks\Magic_FR\data\ctf\function\secondary_objectives\bossfight\candyworld_map\summon_cherry\round3\summon_cherry_round_3.mcfunction", "mcfunction", 13, 0, 8, 7, 28
"c:\Users\FlowUP\AppData\Roaming\.minecraft\saves\CTF-1.21.10 v1.29 - fleche explo\datapacks\Magic_FR\data\ctf\function\secondary_objectives\bossfight\candyworld_map\summon_cherry\summon_cherry.mcfunction", "mcfunction", 15, 0, 11, 8, 34
"c:\Users\FlowUP\AppData\Roaming\.minecraft\saves\CTF-1.21.10 v1.29 - fleche explo\datapacks\Magic_FR\data\ctf\function\secondary_objectives\bossfight\candyworld_map\tp_residual_slimes.mcfunction", "mcfunction", 4, 0, 2, 1, 7
"c:\Users\FlowUP\AppData\Roaming\.minecraft\saves\CTF-1.21.10 v1.29 - fleche explo\datapacks\Magic_FR\data\ctf\function\secondary_objectives\bossfight\candyworld_map\win\blue_win.mcfunction", "mcfunction", 6, 0, 5, 3, 14
"c:\Users\FlowUP\AppData\Roaming\.minecraft\saves\CTF-1.21.10 v1.29 - fleche explo\datapacks\Magic_FR\data\ctf\function\secondary_objectives\bossfight\candyworld_map\win\red_win.mcfunction", "mcfunction", 6, 0, 5, 3, 14
"c:\Users\FlowUP\AppData\Roaming\.minecraft\saves\CTF-1.21.10 v1.29 - fleche explo\datapacks\Magic_FR\data\ctf\function\secondary_objectives\bossfight\graveyard_map\bossfight_loop.mcfunction", "mcfunction", 18, 0, 21, 13, 52
"c:\Users\FlowUP\AppData\Roaming\.minecraft\saves\CTF-1.21.10 v1.29 - fleche explo\datapacks\Magic_FR\data\ctf\function\secondary_objectives\bossfight\graveyard_map\determine_targetable.mcfunction", "mcfunction", 3, 0, 5, 1, 9
"c:\Users\FlowUP\AppData\Roaming\.minecraft\saves\CTF-1.21.10 v1.29 - fleche explo\datapacks\Magic_FR\data\ctf\function\secondary_objectives\bossfight\graveyard_map\display_bossbar.mcfunction", "mcfunction", 1, 0, 2, 1, 4
"c:\Users\FlowUP\AppData\Roaming\.minecraft\saves\CTF-1.21.10 v1.29 - fleche explo\datapacks\Magic_FR\data\ctf\function\secondary_objectives\bossfight\graveyard_map\invulnerable\become_invulnerable.mcfunction", "mcfunction", 4, 0, 2, 1, 7
"c:\Users\FlowUP\AppData\Roaming\.minecraft\saves\CTF-1.21.10 v1.29 - fleche explo\datapacks\Magic_FR\data\ctf\function\secondary_objectives\bossfight\graveyard_map\invulnerable\no_more_invulnerability.mcfunction", "mcfunction", 4, 0, 2, 1, 7
"c:\Users\FlowUP\AppData\Roaming\.minecraft\saves\CTF-1.21.10 v1.29 - fleche explo\datapacks\Magic_FR\data\ctf\function\secondary_objectives\bossfight\graveyard_map\lich_death.mcfunction", "mcfunction", 8, 0, 7, 6, 21
"c:\Users\FlowUP\AppData\Roaming\.minecraft\saves\CTF-1.21.10 v1.29 - fleche explo\datapacks\Magic_FR\data\ctf\function\secondary_objectives\bossfight\graveyard_map\objective_complete.mcfunction", "mcfunction", 2, 0, 4, 3, 9
"c:\Users\FlowUP\AppData\Roaming\.minecraft\saves\CTF-1.21.10 v1.29 - fleche explo\datapacks\Magic_FR\data\ctf\function\secondary_objectives\bossfight\graveyard_map\picked_up_item.mcfunction", "mcfunction", 7, 0, 3, 4, 14
"c:\Users\FlowUP\AppData\Roaming\.minecraft\saves\CTF-1.21.10 v1.29 - fleche explo\datapacks\Magic_FR\data\ctf\function\secondary_objectives\bossfight\graveyard_map\spells\animation_flame\part1.mcfunction", "mcfunction", 2, 0, 0, 1, 3
"c:\Users\FlowUP\AppData\Roaming\.minecraft\saves\CTF-1.21.10 v1.29 - fleche explo\datapacks\Magic_FR\data\ctf\function\secondary_objectives\bossfight\graveyard_map\spells\animation_flame\part2.mcfunction", "mcfunction", 2, 0, 0, 0, 2
"c:\Users\FlowUP\AppData\Roaming\.minecraft\saves\CTF-1.21.10 v1.29 - fleche explo\datapacks\Magic_FR\data\ctf\function\secondary_objectives\bossfight\graveyard_map\spells\animation_flame\part3.mcfunction", "mcfunction", 2, 0, 0, 0, 2
"c:\Users\FlowUP\AppData\Roaming\.minecraft\saves\CTF-1.21.10 v1.29 - fleche explo\datapacks\Magic_FR\data\ctf\function\secondary_objectives\bossfight\graveyard_map\spells\animation_flame\part4.mcfunction", "mcfunction", 2, 0, 0, 0, 2
"c:\Users\FlowUP\AppData\Roaming\.minecraft\saves\CTF-1.21.10 v1.29 - fleche explo\datapacks\Magic_FR\data\ctf\function\secondary_objectives\bossfight\graveyard_map\spells\animation_flame\part5.mcfunction", "mcfunction", 2, 0, 0, 0, 2
"c:\Users\FlowUP\AppData\Roaming\.minecraft\saves\CTF-1.21.10 v1.29 - fleche explo\datapacks\Magic_FR\data\ctf\function\secondary_objectives\bossfight\graveyard_map\spells\animation_flame\part6.mcfunction", "mcfunction", 2, 0, 0, 0, 2
"c:\Users\FlowUP\AppData\Roaming\.minecraft\saves\CTF-1.21.10 v1.29 - fleche explo\datapacks\Magic_FR\data\ctf\function\secondary_objectives\bossfight\graveyard_map\spells\animation_flame\part7.mcfunction", "mcfunction", 2, 0, 0, 0, 2
"c:\Users\FlowUP\AppData\Roaming\.minecraft\saves\CTF-1.21.10 v1.29 - fleche explo\datapacks\Magic_FR\data\ctf\function\secondary_objectives\bossfight\graveyard_map\spells\animation_flame\part8.mcfunction", "mcfunction", 2, 0, 0, 0, 2
"c:\Users\FlowUP\AppData\Roaming\.minecraft\saves\CTF-1.21.10 v1.29 - fleche explo\datapacks\Magic_FR\data\ctf\function\secondary_objectives\bossfight\graveyard_map\spells\animation_flame\part9.mcfunction", "mcfunction", 1, 0, 0, 0, 1
"c:\Users\FlowUP\AppData\Roaming\.minecraft\saves\CTF-1.21.10 v1.29 - fleche explo\datapacks\Magic_FR\data\ctf\function\secondary_objectives\bossfight\graveyard_map\spells\cast_spell.mcfunction", "mcfunction", 6, 0, 6, 4, 16
"c:\Users\FlowUP\AppData\Roaming\.minecraft\saves\CTF-1.21.10 v1.29 - fleche explo\datapacks\Magic_FR\data\ctf\function\secondary_objectives\bossfight\graveyard_map\spells\cooldown_end.mcfunction", "mcfunction", 3, 0, 2, 1, 6
"c:\Users\FlowUP\AppData\Roaming\.minecraft\saves\CTF-1.21.10 v1.29 - fleche explo\datapacks\Magic_FR\data\ctf\function\secondary_objectives\bossfight\graveyard_map\spells\launch_spell.mcfunction", "mcfunction", 6, 0, 4, 3, 13
"c:\Users\FlowUP\AppData\Roaming\.minecraft\saves\CTF-1.21.10 v1.29 - fleche explo\datapacks\Magic_FR\data\ctf\function\secondary_objectives\bossfight\graveyard_map\spells\set_spell_cast_time\set_cast_time.mcfunction", "mcfunction", 3, 0, 1, 1, 5
"c:\Users\FlowUP\AppData\Roaming\.minecraft\saves\CTF-1.21.10 v1.29 - fleche explo\datapacks\Magic_FR\data\ctf\function\secondary_objectives\bossfight\graveyard_map\spells\set_spell_cast_time\spell1.mcfunction", "mcfunction", 2, 0, 3, 1, 6
"c:\Users\FlowUP\AppData\Roaming\.minecraft\saves\CTF-1.21.10 v1.29 - fleche explo\datapacks\Magic_FR\data\ctf\function\secondary_objectives\bossfight\graveyard_map\spells\set_spell_cast_time\spell2.mcfunction", "mcfunction", 2, 0, 3, 1, 6
"c:\Users\FlowUP\AppData\Roaming\.minecraft\saves\CTF-1.21.10 v1.29 - fleche explo\datapacks\Magic_FR\data\ctf\function\secondary_objectives\bossfight\graveyard_map\spells\set_spell_cast_time\spell3.mcfunction", "mcfunction", 2, 0, 3, 1, 6
"c:\Users\FlowUP\AppData\Roaming\.minecraft\saves\CTF-1.21.10 v1.29 - fleche explo\datapacks\Magic_FR\data\ctf\function\secondary_objectives\bossfight\graveyard_map\spells\spell1\cast_spell1.mcfunction", "mcfunction", 2, 0, 2, 1, 5
"c:\Users\FlowUP\AppData\Roaming\.minecraft\saves\CTF-1.21.10 v1.29 - fleche explo\datapacks\Magic_FR\data\ctf\function\secondary_objectives\bossfight\graveyard_map\spells\spell1\system\death_trail.mcfunction", "mcfunction", 4, 0, 2, 1, 7
"c:\Users\FlowUP\AppData\Roaming\.minecraft\saves\CTF-1.21.10 v1.29 - fleche explo\datapacks\Magic_FR\data\ctf\function\secondary_objectives\bossfight\graveyard_map\spells\spell1\system\death_trail_hit.mcfunction", "mcfunction", 3, 0, 6, 4, 13
"c:\Users\FlowUP\AppData\Roaming\.minecraft\saves\CTF-1.21.10 v1.29 - fleche explo\datapacks\Magic_FR\data\ctf\function\secondary_objectives\bossfight\graveyard_map\spells\spell1\system\took_death_trail.mcfunction", "mcfunction", 13, 0, 4, 2, 19
"c:\Users\FlowUP\AppData\Roaming\.minecraft\saves\CTF-1.21.10 v1.29 - fleche explo\datapacks\Magic_FR\data\ctf\function\secondary_objectives\bossfight\graveyard_map\spells\spell2\cast_spell2.mcfunction", "mcfunction", 2, 0, 2, 1, 5
"c:\Users\FlowUP\AppData\Roaming\.minecraft\saves\CTF-1.21.10 v1.29 - fleche explo\datapacks\Magic_FR\data\ctf\function\secondary_objectives\bossfight\graveyard_map\spells\spell2\system\darkness_trail.mcfunction", "mcfunction", 4, 0, 2, 3, 9
"c:\Users\FlowUP\AppData\Roaming\.minecraft\saves\CTF-1.21.10 v1.29 - fleche explo\datapacks\Magic_FR\data\ctf\function\secondary_objectives\bossfight\graveyard_map\spells\spell2\system\darkness_trail_hit.mcfunction", "mcfunction", 5, 0, 6, 5, 16
"c:\Users\FlowUP\AppData\Roaming\.minecraft\saves\CTF-1.21.10 v1.29 - fleche explo\datapacks\Magic_FR\data\ctf\function\secondary_objectives\bossfight\graveyard_map\spells\spell2\system\took_darkness_trail.mcfunction", "mcfunction", 13, 0, 3, 1, 17
"c:\Users\FlowUP\AppData\Roaming\.minecraft\saves\CTF-1.21.10 v1.29 - fleche explo\datapacks\Magic_FR\data\ctf\function\secondary_objectives\bossfight\graveyard_map\spells\spell3\cast_spell3.mcfunction", "mcfunction", 6, 0, 4, 4, 14
"c:\Users\FlowUP\AppData\Roaming\.minecraft\saves\CTF-1.21.10 v1.29 - fleche explo\datapacks\Magic_FR\data\ctf\function\secondary_objectives\bossfight\graveyard_map\spells\spell3\soul_drainer_hit.mcfunction", "mcfunction", 2, 0, 5, 3, 10
"c:\Users\FlowUP\AppData\Roaming\.minecraft\saves\CTF-1.21.10 v1.29 - fleche explo\datapacks\Magic_FR\data\ctf\function\secondary_objectives\bossfight\graveyard_map\spells\spell3\took_soul_drainer.mcfunction", "mcfunction", 13, 0, 4, 2, 19
"c:\Users\FlowUP\AppData\Roaming\.minecraft\saves\CTF-1.21.10 v1.29 - fleche explo\datapacks\Magic_FR\data\ctf\function\secondary_objectives\bossfight\graveyard_map\spells\spell3\update_aoe.mcfunction", "mcfunction", 17, 0, 3, 7, 27
"c:\Users\FlowUP\AppData\Roaming\.minecraft\saves\CTF-1.21.10 v1.29 - fleche explo\datapacks\Magic_FR\data\ctf\function\secondary_objectives\bossfight\graveyard_map\spells\spell_randomizer\with_blind.mcfunction", "mcfunction", 3, 0, 2, 1, 6
"c:\Users\FlowUP\AppData\Roaming\.minecraft\saves\CTF-1.21.10 v1.29 - fleche explo\datapacks\Magic_FR\data\ctf\function\secondary_objectives\bossfight\graveyard_map\spells\spell_randomizer\without_blind.mcfunction", "mcfunction", 2, 0, 2, 1, 5
"c:\Users\FlowUP\AppData\Roaming\.minecraft\saves\CTF-1.21.10 v1.29 - fleche explo\datapacks\Magic_FR\data\ctf\function\secondary_objectives\bossfight\graveyard_map\summon_lich\round1\summon_lich_round_1.mcfunction", "mcfunction", 12, 0, 8, 6, 26
"c:\Users\FlowUP\AppData\Roaming\.minecraft\saves\CTF-1.21.10 v1.29 - fleche explo\datapacks\Magic_FR\data\ctf\function\secondary_objectives\bossfight\graveyard_map\summon_lich\round2\summon_lich_round_2.mcfunction", "mcfunction", 12, 0, 8, 6, 26
"c:\Users\FlowUP\AppData\Roaming\.minecraft\saves\CTF-1.21.10 v1.29 - fleche explo\datapacks\Magic_FR\data\ctf\function\secondary_objectives\bossfight\graveyard_map\summon_lich\round3\summon_lich_round_3.mcfunction", "mcfunction", 12, 0, 8, 6, 26
"c:\Users\FlowUP\AppData\Roaming\.minecraft\saves\CTF-1.21.10 v1.29 - fleche explo\datapacks\Magic_FR\data\ctf\function\secondary_objectives\bossfight\graveyard_map\summon_lich\summon_lich.mcfunction", "mcfunction", 17, 0, 11, 8, 36
"c:\Users\FlowUP\AppData\Roaming\.minecraft\saves\CTF-1.21.10 v1.29 - fleche explo\datapacks\Magic_FR\data\ctf\function\secondary_objectives\bossfight\graveyard_map\win\blue_win.mcfunction", "mcfunction", 7, 0, 6, 4, 17
"c:\Users\FlowUP\AppData\Roaming\.minecraft\saves\CTF-1.21.10 v1.29 - fleche explo\datapacks\Magic_FR\data\ctf\function\secondary_objectives\bossfight\graveyard_map\win\red_win.mcfunction", "mcfunction", 7, 0, 6, 4, 17
"c:\Users\FlowUP\AppData\Roaming\.minecraft\saves\CTF-1.21.10 v1.29 - fleche explo\datapacks\Magic_FR\data\ctf\function\secondary_objectives\bossfight\ruin_map\ai\chose_spell.mcfunction", "mcfunction", 9, 0, 4, 10, 23
"c:\Users\FlowUP\AppData\Roaming\.minecraft\saves\CTF-1.21.10 v1.29 - fleche explo\datapacks\Magic_FR\data\ctf\function\secondary_objectives\bossfight\ruin_map\ai\freeze_golem.mcfunction", "mcfunction", 5, 0, 0, 1, 6
"c:\Users\FlowUP\AppData\Roaming\.minecraft\saves\CTF-1.21.10 v1.29 - fleche explo\datapacks\Magic_FR\data\ctf\function\secondary_objectives\bossfight\ruin_map\ai\go_to_middle.mcfunction", "mcfunction", 6, 0, 0, 1, 7
"c:\Users\FlowUP\AppData\Roaming\.minecraft\saves\CTF-1.21.10 v1.29 - fleche explo\datapacks\Magic_FR\data\ctf\function\secondary_objectives\bossfight\ruin_map\ai\make_golem_invulnerable.mcfunction", "mcfunction", 4, 0, 1, 1, 6
"c:\Users\FlowUP\AppData\Roaming\.minecraft\saves\CTF-1.21.10 v1.29 - fleche explo\datapacks\Magic_FR\data\ctf\function\secondary_objectives\bossfight\ruin_map\ai\no_more_invulnerability.mcfunction", "mcfunction", 4, 0, 2, 1, 7
"c:\Users\FlowUP\AppData\Roaming\.minecraft\saves\CTF-1.21.10 v1.29 - fleche explo\datapacks\Magic_FR\data\ctf\function\secondary_objectives\bossfight\ruin_map\ai\reset_aggro.mcfunction", "mcfunction", 5, 0, 2, 3, 10
"c:\Users\FlowUP\AppData\Roaming\.minecraft\saves\CTF-1.21.10 v1.29 - fleche explo\datapacks\Magic_FR\data\ctf\function\secondary_objectives\bossfight\ruin_map\bossfight_loop.mcfunction", "mcfunction", 10, 0, 14, 12, 36
"c:\Users\FlowUP\AppData\Roaming\.minecraft\saves\CTF-1.21.10 v1.29 - fleche explo\datapacks\Magic_FR\data\ctf\function\secondary_objectives\bossfight\ruin_map\determine_targetable.mcfunction", "mcfunction", 3, 0, 5, 1, 9
"c:\Users\FlowUP\AppData\Roaming\.minecraft\saves\CTF-1.21.10 v1.29 - fleche explo\datapacks\Magic_FR\data\ctf\function\secondary_objectives\bossfight\ruin_map\display_bossbar.mcfunction", "mcfunction", 1, 0, 1, 1, 3
"c:\Users\FlowUP\AppData\Roaming\.minecraft\saves\CTF-1.21.10 v1.29 - fleche explo\datapacks\Magic_FR\data\ctf\function\secondary_objectives\bossfight\ruin_map\golem_death.mcfunction", "mcfunction", 5, 0, 6, 5, 16
"c:\Users\FlowUP\AppData\Roaming\.minecraft\saves\CTF-1.21.10 v1.29 - fleche explo\datapacks\Magic_FR\data\ctf\function\secondary_objectives\bossfight\ruin_map\objective_complete.mcfunction", "mcfunction", 2, 0, 4, 3, 9
"c:\Users\FlowUP\AppData\Roaming\.minecraft\saves\CTF-1.21.10 v1.29 - fleche explo\datapacks\Magic_FR\data\ctf\function\secondary_objectives\bossfight\ruin_map\picked_up_item.mcfunction", "mcfunction", 7, 0, 3, 4, 14
"c:\Users\FlowUP\AppData\Roaming\.minecraft\saves\CTF-1.21.10 v1.29 - fleche explo\datapacks\Magic_FR\data\ctf\function\secondary_objectives\bossfight\ruin_map\summon_golem\round1\summon_golem_round_1.mcfunction", "mcfunction", 12, 0, 8, 6, 26
"c:\Users\FlowUP\AppData\Roaming\.minecraft\saves\CTF-1.21.10 v1.29 - fleche explo\datapacks\Magic_FR\data\ctf\function\secondary_objectives\bossfight\ruin_map\summon_golem\round2\summon_golem_round_2.mcfunction", "mcfunction", 12, 0, 8, 5, 25
"c:\Users\FlowUP\AppData\Roaming\.minecraft\saves\CTF-1.21.10 v1.29 - fleche explo\datapacks\Magic_FR\data\ctf\function\secondary_objectives\bossfight\ruin_map\summon_golem\round3\summon_golem_round_3.mcfunction", "mcfunction", 12, 0, 8, 6, 26
"c:\Users\FlowUP\AppData\Roaming\.minecraft\saves\CTF-1.21.10 v1.29 - fleche explo\datapacks\Magic_FR\data\ctf\function\secondary_objectives\bossfight\ruin_map\summon_golem\summon_golem.mcfunction", "mcfunction", 22, 0, 11, 10, 43
"c:\Users\FlowUP\AppData\Roaming\.minecraft\saves\CTF-1.21.10 v1.29 - fleche explo\datapacks\Magic_FR\data\ctf\function\secondary_objectives\bossfight\ruin_map\win\blue_win.mcfunction", "mcfunction", 7, 0, 6, 4, 17
"c:\Users\FlowUP\AppData\Roaming\.minecraft\saves\CTF-1.21.10 v1.29 - fleche explo\datapacks\Magic_FR\data\ctf\function\secondary_objectives\bossfight\ruin_map\win\red_win.mcfunction", "mcfunction", 7, 0, 6, 4, 17
"c:\Users\FlowUP\AppData\Roaming\.minecraft\saves\CTF-1.21.10 v1.29 - fleche explo\datapacks\Magic_FR\data\ctf\function\secondary_objectives\capture_point\factory_map\capture_point_loop.mcfunction", "mcfunction", 16, 0, 23, 16, 55
"c:\Users\FlowUP\AppData\Roaming\.minecraft\saves\CTF-1.21.10 v1.29 - fleche explo\datapacks\Magic_FR\data\ctf\function\secondary_objectives\capture_point\objective_complete.mcfunction", "mcfunction", 13, 0, 6, 4, 23
"c:\Users\FlowUP\AppData\Roaming\.minecraft\saves\CTF-1.21.10 v1.29 - fleche explo\datapacks\Magic_FR\data\ctf\function\secondary_objectives\capture_point\pirate_map\capture_point_loop.mcfunction", "mcfunction", 16, 0, 23, 14, 53
"c:\Users\FlowUP\AppData\Roaming\.minecraft\saves\CTF-1.21.10 v1.29 - fleche explo\datapacks\Magic_FR\data\ctf\function\secondary_objectives\capture_point\point_state_0\blue_cap.mcfunction", "mcfunction", 2, 0, 3, 4, 9
"c:\Users\FlowUP\AppData\Roaming\.minecraft\saves\CTF-1.21.10 v1.29 - fleche explo\datapacks\Magic_FR\data\ctf\function\secondary_objectives\capture_point\point_state_0\make_point_blue.mcfunction", "mcfunction", 22, 0, 6, 9, 37
"c:\Users\FlowUP\AppData\Roaming\.minecraft\saves\CTF-1.21.10 v1.29 - fleche explo\datapacks\Magic_FR\data\ctf\function\secondary_objectives\capture_point\point_state_0\make_point_red.mcfunction", "mcfunction", 22, 0, 6, 10, 38
"c:\Users\FlowUP\AppData\Roaming\.minecraft\saves\CTF-1.21.10 v1.29 - fleche explo\datapacks\Magic_FR\data\ctf\function\secondary_objectives\capture_point\point_state_0\no_more_blue_on_point.mcfunction", "mcfunction", 2, 0, 1, 2, 5
"c:\Users\FlowUP\AppData\Roaming\.minecraft\saves\CTF-1.21.10 v1.29 - fleche explo\datapacks\Magic_FR\data\ctf\function\secondary_objectives\capture_point\point_state_0\no_more_red_on_point.mcfunction", "mcfunction", 2, 0, 1, 2, 5
"c:\Users\FlowUP\AppData\Roaming\.minecraft\saves\CTF-1.21.10 v1.29 - fleche explo\datapacks\Magic_FR\data\ctf\function\secondary_objectives\capture_point\point_state_0\red_cap.mcfunction", "mcfunction", 2, 0, 3, 3, 8
"c:\Users\FlowUP\AppData\Roaming\.minecraft\saves\CTF-1.21.10 v1.29 - fleche explo\datapacks\Magic_FR\data\ctf\function\secondary_objectives\capture_point\point_state_1\blue_cap_point.mcfunction", "mcfunction", 2, 0, 3, 2, 7
"c:\Users\FlowUP\AppData\Roaming\.minecraft\saves\CTF-1.21.10 v1.29 - fleche explo\datapacks\Magic_FR\data\ctf\function\secondary_objectives\capture_point\point_state_1\blue_win_objective.mcfunction", "mcfunction", 7, 0, 5, 4, 16
"c:\Users\FlowUP\AppData\Roaming\.minecraft\saves\CTF-1.21.10 v1.29 - fleche explo\datapacks\Magic_FR\data\ctf\function\secondary_objectives\capture_point\point_state_1\calculate_percentage_blue.mcfunction", "mcfunction", 3, 0, 1, 1, 5
"c:\Users\FlowUP\AppData\Roaming\.minecraft\saves\CTF-1.21.10 v1.29 - fleche explo\datapacks\Magic_FR\data\ctf\function\secondary_objectives\capture_point\point_state_1\no_more_blue_on_point.mcfunction", "mcfunction", 2, 0, 3, 2, 7
"c:\Users\FlowUP\AppData\Roaming\.minecraft\saves\CTF-1.21.10 v1.29 - fleche explo\datapacks\Magic_FR\data\ctf\function\secondary_objectives\capture_point\point_state_2\calculate_percentage_red.mcfunction", "mcfunction", 3, 0, 1, 1, 5
"c:\Users\FlowUP\AppData\Roaming\.minecraft\saves\CTF-1.21.10 v1.29 - fleche explo\datapacks\Magic_FR\data\ctf\function\secondary_objectives\capture_point\point_state_2\no_more_red_on_point.mcfunction", "mcfunction", 2, 0, 3, 2, 7
"c:\Users\FlowUP\AppData\Roaming\.minecraft\saves\CTF-1.21.10 v1.29 - fleche explo\datapacks\Magic_FR\data\ctf\function\secondary_objectives\capture_point\point_state_2\red_cap_point.mcfunction", "mcfunction", 2, 0, 3, 2, 7
"c:\Users\FlowUP\AppData\Roaming\.minecraft\saves\CTF-1.21.10 v1.29 - fleche explo\datapacks\Magic_FR\data\ctf\function\secondary_objectives\capture_point\point_state_2\red_win_objective.mcfunction", "mcfunction", 6, 0, 5, 5, 16
"c:\Users\FlowUP\AppData\Roaming\.minecraft\saves\CTF-1.21.10 v1.29 - fleche explo\datapacks\Magic_FR\data\ctf\function\secondary_objectives\capture_point\refresh_bossbar.mcfunction", "mcfunction", 6, 0, 1, 3, 10
"c:\Users\FlowUP\AppData\Roaming\.minecraft\saves\CTF-1.21.10 v1.29 - fleche explo\datapacks\Magic_FR\data\ctf\function\secondary_objectives\capture_point\volcano_map\capture_point_loop.mcfunction", "mcfunction", 16, 0, 23, 17, 56
"c:\Users\FlowUP\AppData\Roaming\.minecraft\saves\CTF-1.21.10 v1.29 - fleche explo\datapacks\Magic_FR\data\ctf\function\secondary_objectives\launch_secondary_objective\candyworld_map\launch_candyworld_objective.mcfunction", "mcfunction", 12, 0, 6, 5, 23
"c:\Users\FlowUP\AppData\Roaming\.minecraft\saves\CTF-1.21.10 v1.29 - fleche explo\datapacks\Magic_FR\data\ctf\function\secondary_objectives\launch_secondary_objective\factory_map\launch_factory_objective.mcfunction", "mcfunction", 75, 0, 16, 13, 104
"c:\Users\FlowUP\AppData\Roaming\.minecraft\saves\CTF-1.21.10 v1.29 - fleche explo\datapacks\Magic_FR\data\ctf\function\secondary_objectives\launch_secondary_objective\graveyard_map\launch_graveyard_objective.mcfunction", "mcfunction", 8, 0, 5, 4, 17
"c:\Users\FlowUP\AppData\Roaming\.minecraft\saves\CTF-1.21.10 v1.29 - fleche explo\datapacks\Magic_FR\data\ctf\function\secondary_objectives\launch_secondary_objective\launch_secondary_objectives.mcfunction", "mcfunction", 7, 0, 2, 2, 11
"c:\Users\FlowUP\AppData\Roaming\.minecraft\saves\CTF-1.21.10 v1.29 - fleche explo\datapacks\Magic_FR\data\ctf\function\secondary_objectives\launch_secondary_objective\pirate_map\launch_pirate_objective.mcfunction", "mcfunction", 71, 0, 16, 15, 102
"c:\Users\FlowUP\AppData\Roaming\.minecraft\saves\CTF-1.21.10 v1.29 - fleche explo\datapacks\Magic_FR\data\ctf\function\secondary_objectives\launch_secondary_objective\ruin_map\launch_ruin_objective.mcfunction", "mcfunction", 7, 0, 5, 4, 16
"c:\Users\FlowUP\AppData\Roaming\.minecraft\saves\CTF-1.21.10 v1.29 - fleche explo\datapacks\Magic_FR\data\ctf\function\secondary_objectives\launch_secondary_objective\volcano_map\launch_volcano_objective.mcfunction", "mcfunction", 54, 0, 14, 10, 78
"c:\Users\FlowUP\AppData\Roaming\.minecraft\saves\CTF-1.21.10 v1.29 - fleche explo\datapacks\Magic_FR\data\ctf\function\secondary_objectives\red_won.mcfunction", "mcfunction", 5, 0, 2, 1, 8
"c:\Users\FlowUP\AppData\Roaming\.minecraft\saves\CTF-1.21.10 v1.29 - fleche explo\datapacks\Magic_FR\data\ctf\function\summon_fireworks.mcfunction", "mcfunction", 3, 0, 1, 2, 6
"c:\Users\FlowUP\AppData\Roaming\.minecraft\saves\CTF-1.21.10 v1.29 - fleche explo\datapacks\Magic_FR\data\ctf\function\used_bed\detect_map.mcfunction", "mcfunction", 4, 0, 1, 1, 6
"c:\Users\FlowUP\AppData\Roaming\.minecraft\saves\CTF-1.21.10 v1.29 - fleche explo\datapacks\Magic_FR\data\ctf\function\used_bed\pirate.mcfunction", "mcfunction", 12, 0, 2, 1, 15
"c:\Users\FlowUP\AppData\Roaming\.minecraft\saves\CTF-1.21.10 v1.29 - fleche explo\datapacks\Magic_FR\data\ctf\function\used_bed\ruin.mcfunction", "mcfunction", 12, 0, 2, 3, 17
"c:\Users\FlowUP\AppData\Roaming\.minecraft\saves\CTF-1.21.10 v1.29 - fleche explo\datapacks\Magic_FR\data\ctf\function\used_bed\volcano.mcfunction", "mcfunction", 12, 0, 2, 3, 17
"c:\Users\FlowUP\AppData\Roaming\.minecraft\saves\CTF-1.21.10 v1.29 - fleche explo\datapacks\Magic_FR\data\ctf\function\usespellwithflag\usespell_blueflag.mcfunction", "mcfunction", 54, 0, 13, 11, 78
"c:\Users\FlowUP\AppData\Roaming\.minecraft\saves\CTF-1.21.10 v1.29 - fleche explo\datapacks\Magic_FR\data\ctf\function\usespellwithflag\usespell_redflag.mcfunction", "mcfunction", 54, 0, 13, 10, 77
"c:\Users\FlowUP\AppData\Roaming\.minecraft\saves\CTF-1.21.10 v1.29 - fleche explo\datapacks\Magic_FR\data\custom_biomes\worldgen\biome\candyworld_chocolate.json", "JSON", 0, 17, 0, 0, 17
"c:\Users\FlowUP\AppData\Roaming\.minecraft\saves\CTF-1.21.10 v1.29 - fleche explo\datapacks\Magic_FR\data\custom_biomes\worldgen\biome\candyworld_milk.json", "JSON", 0, 17, 0, 0, 17
"c:\Users\FlowUP\AppData\Roaming\.minecraft\saves\CTF-1.21.10 v1.29 - fleche explo\datapacks\Magic_FR\data\custom_biomes\worldgen\biome\pirate.json", "JSON", 0, 16, 0, 0, 16
"c:\Users\FlowUP\AppData\Roaming\.minecraft\saves\CTF-1.21.10 v1.29 - fleche explo\datapacks\Magic_FR\data\custom_biomes\worldgen\biome\ruin.json", "JSON", 0, 16, 0, 0, 16
"c:\Users\FlowUP\AppData\Roaming\.minecraft\saves\CTF-1.21.10 v1.29 - fleche explo\datapacks\Magic_FR\data\lobby\function\becomeop.mcfunction", "mcfunction", 4, 0, 1, 1, 6
"c:\Users\FlowUP\AppData\Roaming\.minecraft\saves\CTF-1.21.10 v1.29 - fleche explo\datapacks\Magic_FR\data\lobby\function\cant_start\need_at_least_one_player_by_team.mcfunction", "mcfunction", 3, 0, 3, 2, 8
"c:\Users\FlowUP\AppData\Roaming\.minecraft\saves\CTF-1.21.10 v1.29 - fleche explo\datapacks\Magic_FR\data\lobby\function\cant_start\player_with_noclass.mcfunction", "mcfunction", 5, 0, 4, 3, 12
"c:\Users\FlowUP\AppData\Roaming\.minecraft\saves\CTF-1.21.10 v1.29 - fleche explo\datapacks\Magic_FR\data\lobby\function\cant_start\player_with_noteam.mcfunction", "mcfunction", 6, 0, 5, 6, 17
"c:\Users\FlowUP\AppData\Roaming\.minecraft\saves\CTF-1.21.10 v1.29 - fleche explo\datapacks\Magic_FR\data\lobby\function\cant_start\toomanyplayers.mcfunction", "mcfunction", 3, 0, 3, 2, 8
"c:\Users\FlowUP\AppData\Roaming\.minecraft\saves\CTF-1.21.10 v1.29 - fleche explo\datapacks\Magic_FR\data\lobby\function\check_game_startable\check_startable.mcfunction", "mcfunction", 9, 0, 7, 11, 27
"c:\Users\FlowUP\AppData\Roaming\.minecraft\saves\CTF-1.21.10 v1.29 - fleche explo\datapacks\Magic_FR\data\lobby\function\check_game_startable\matchmaking\attribution\assign_one_player.mcfunction", "mcfunction", 12, 0, 8, 6, 26
"c:\Users\FlowUP\AppData\Roaming\.minecraft\saves\CTF-1.21.10 v1.29 - fleche explo\datapacks\Magic_FR\data\lobby\function\check_game_startable\matchmaking\attribution\attribution_loop.mcfunction", "mcfunction", 3, 0, 5, 6, 14
"c:\Users\FlowUP\AppData\Roaming\.minecraft\saves\CTF-1.21.10 v1.29 - fleche explo\datapacks\Magic_FR\data\lobby\function\check_game_startable\matchmaking\attribution\pick_class.mcfunction", "mcfunction", 40, 0, 7, 12, 59
"c:\Users\FlowUP\AppData\Roaming\.minecraft\saves\CTF-1.21.10 v1.29 - fleche explo\datapacks\Magic_FR\data\lobby\function\check_game_startable\matchmaking\attribution\pick_team.mcfunction", "mcfunction", 10, 0, 6, 3, 19
"c:\Users\FlowUP\AppData\Roaming\.minecraft\saves\CTF-1.21.10 v1.29 - fleche explo\datapacks\Magic_FR\data\lobby\function\check_game_startable\matchmaking\check_enough_players.mcfunction", "mcfunction", 8, 0, 6, 3, 17
"c:\Users\FlowUP\AppData\Roaming\.minecraft\saves\CTF-1.21.10 v1.29 - fleche explo\datapacks\Magic_FR\data\lobby\function\check_game_startable\matchmaking\refresh_counts.mcfunction", "mcfunction", 24, 0, 8, 5, 37
"c:\Users\FlowUP\AppData\Roaming\.minecraft\saves\CTF-1.21.10 v1.29 - fleche explo\datapacks\Magic_FR\data\lobby\function\check_game_startable\matchmaking\save_class_and_team.mcfunction", "mcfunction", 24, 0, 8, 5, 37
"c:\Users\FlowUP\AppData\Roaming\.minecraft\saves\CTF-1.21.10 v1.29 - fleche explo\datapacks\Magic_FR\data\lobby\function\check_game_startable\matchmaking\setup_count.mcfunction", "mcfunction", 20, 0, 5, 6, 31
"c:\Users\FlowUP\AppData\Roaming\.minecraft\saves\CTF-1.21.10 v1.29 - fleche explo\datapacks\Magic_FR\data\lobby\function\check_game_startable\matchmaking\start_matchmaking.mcfunction", "mcfunction", 6, 0, 6, 8, 20
"c:\Users\FlowUP\AppData\Roaming\.minecraft\saves\CTF-1.21.10 v1.29 - fleche explo\datapacks\Magic_FR\data\lobby\function\check_game_startable\no_matchmaking.mcfunction", "mcfunction", 5, 0, 4, 3, 12
"c:\Users\FlowUP\AppData\Roaming\.minecraft\saves\CTF-1.21.10 v1.29 - fleche explo\datapacks\Magic_FR\data\lobby\function\class_selector\become_archer.mcfunction", "mcfunction", 20, 0, 0, 4, 24
"c:\Users\FlowUP\AppData\Roaming\.minecraft\saves\CTF-1.21.10 v1.29 - fleche explo\datapacks\Magic_FR\data\lobby\function\class_selector\become_mage.mcfunction", "mcfunction", 20, 0, 0, 4, 24
"c:\Users\FlowUP\AppData\Roaming\.minecraft\saves\CTF-1.21.10 v1.29 - fleche explo\datapacks\Magic_FR\data\lobby\function\class_selector\become_rogue.mcfunction", "mcfunction", 20, 0, 0, 3, 23
"c:\Users\FlowUP\AppData\Roaming\.minecraft\saves\CTF-1.21.10 v1.29 - fleche explo\datapacks\Magic_FR\data\lobby\function\class_selector\become_warrior.mcfunction", "mcfunction", 20, 0, 0, 3, 23
"c:\Users\FlowUP\AppData\Roaming\.minecraft\saves\CTF-1.21.10 v1.29 - fleche explo\datapacks\Magic_FR\data\lobby\function\finishedjump.mcfunction", "mcfunction", 5, 0, 1, 1, 7
"c:\Users\FlowUP\AppData\Roaming\.minecraft\saves\CTF-1.21.10 v1.29 - fleche explo\datapacks\Magic_FR\data\lobby\function\hotbar_menu\check_rightclick.mcfunction", "mcfunction", 15, 0, 2, 5, 22
"c:\Users\FlowUP\AppData\Roaming\.minecraft\saves\CTF-1.21.10 v1.29 - fleche explo\datapacks\Magic_FR\data\lobby\function\hotbar_menu\class_selector\become_archer.mcfunction", "mcfunction", 20, 0, 0, 6, 26
"c:\Users\FlowUP\AppData\Roaming\.minecraft\saves\CTF-1.21.10 v1.29 - fleche explo\datapacks\Magic_FR\data\lobby\function\hotbar_menu\class_selector\become_mage.mcfunction", "mcfunction", 20, 0, 0, 6, 26
"c:\Users\FlowUP\AppData\Roaming\.minecraft\saves\CTF-1.21.10 v1.29 - fleche explo\datapacks\Magic_FR\data\lobby\function\hotbar_menu\class_selector\become_random.mcfunction", "mcfunction", 20, 0, 0, 5, 25
"c:\Users\FlowUP\AppData\Roaming\.minecraft\saves\CTF-1.21.10 v1.29 - fleche explo\datapacks\Magic_FR\data\lobby\function\hotbar_menu\class_selector\become_rogue.mcfunction", "mcfunction", 20, 0, 0, 4, 24
"c:\Users\FlowUP\AppData\Roaming\.minecraft\saves\CTF-1.21.10 v1.29 - fleche explo\datapacks\Magic_FR\data\lobby\function\hotbar_menu\class_selector\become_warrior.mcfunction", "mcfunction", 20, 0, 0, 4, 24
"c:\Users\FlowUP\AppData\Roaming\.minecraft\saves\CTF-1.21.10 v1.29 - fleche explo\datapacks\Magic_FR\data\lobby\function\hotbar_menu\class_selector\give_items.mcfunction", "mcfunction", 9, 0, 1, 2, 12
"c:\Users\FlowUP\AppData\Roaming\.minecraft\saves\CTF-1.21.10 v1.29 - fleche explo\datapacks\Magic_FR\data\lobby\function\hotbar_menu\drop_item.mcfunction", "mcfunction", 2, 0, 2, 3, 7
"c:\Users\FlowUP\AppData\Roaming\.minecraft\saves\CTF-1.21.10 v1.29 - fleche explo\datapacks\Magic_FR\data\lobby\function\hotbar_menu\main\cant_use_in_spec.mcfunction", "mcfunction", 2, 0, 1, 2, 5
"c:\Users\FlowUP\AppData\Roaming\.minecraft\saves\CTF-1.21.10 v1.29 - fleche explo\datapacks\Magic_FR\data\lobby\function\hotbar_menu\main\give_items.mcfunction", "mcfunction", 25, 0, 10, 8, 43
"c:\Users\FlowUP\AppData\Roaming\.minecraft\saves\CTF-1.21.10 v1.29 - fleche explo\datapacks\Magic_FR\data\lobby\function\hotbar_menu\main\give_spectator_item.mcfunction", "mcfunction", 3, 0, 4, 6, 13
"c:\Users\FlowUP\AppData\Roaming\.minecraft\saves\CTF-1.21.10 v1.29 - fleche explo\datapacks\Magic_FR\data\lobby\function\hotbar_menu\main\join_spectator.mcfunction", "mcfunction", 19, 0, 1, 5, 25
"c:\Users\FlowUP\AppData\Roaming\.minecraft\saves\CTF-1.21.10 v1.29 - fleche explo\datapacks\Magic_FR\data\lobby\function\hotbar_menu\main\leave_spectator.mcfunction", "mcfunction", 33, 0, 5, 14, 52
"c:\Users\FlowUP\AppData\Roaming\.minecraft\saves\CTF-1.21.10 v1.29 - fleche explo\datapacks\Magic_FR\data\lobby\function\hotbar_menu\team_selector\give_items.mcfunction", "mcfunction", 7, 0, 1, 2, 10
"c:\Users\FlowUP\AppData\Roaming\.minecraft\saves\CTF-1.21.10 v1.29 - fleche explo\datapacks\Magic_FR\data\lobby\function\hotbar_menu\team_selector\join_blueteam.mcfunction", "mcfunction", 12, 0, 0, 2, 14
"c:\Users\FlowUP\AppData\Roaming\.minecraft\saves\CTF-1.21.10 v1.29 - fleche explo\datapacks\Magic_FR\data\lobby\function\hotbar_menu\team_selector\join_randomteam.mcfunction", "mcfunction", 15, 0, 0, 2, 17
"c:\Users\FlowUP\AppData\Roaming\.minecraft\saves\CTF-1.21.10 v1.29 - fleche explo\datapacks\Magic_FR\data\lobby\function\hotbar_menu\team_selector\join_redteam.mcfunction", "mcfunction", 12, 0, 0, 2, 14
"c:\Users\FlowUP\AppData\Roaming\.minecraft\saves\CTF-1.21.10 v1.29 - fleche explo\datapacks\Magic_FR\data\lobby\function\is_ready.mcfunction", "mcfunction", 60, 0, 13, 20, 93
"c:\Users\FlowUP\AppData\Roaming\.minecraft\saves\CTF-1.21.10 v1.29 - fleche explo\datapacks\Magic_FR\data\lobby\function\jump_failed.mcfunction", "mcfunction", 2, 0, 1, 1, 4
"c:\Users\FlowUP\AppData\Roaming\.minecraft\saves\CTF-1.21.10 v1.29 - fleche explo\datapacks\Magic_FR\data\lobby\function\leaderboard\display_titles\display_death_title.mcfunction", "mcfunction", 5, 0, 2, 2, 9
"c:\Users\FlowUP\AppData\Roaming\.minecraft\saves\CTF-1.21.10 v1.29 - fleche explo\datapacks\Magic_FR\data\lobby\function\leaderboard\display_titles\display_dmg_taken.mcfunction", "mcfunction", 5, 0, 2, 1, 8
"c:\Users\FlowUP\AppData\Roaming\.minecraft\saves\CTF-1.21.10 v1.29 - fleche explo\datapacks\Magic_FR\data\lobby\function\leaderboard\display_titles\display_flag_earned_title.mcfunction", "mcfunction", 5, 0, 2, 1, 8
"c:\Users\FlowUP\AppData\Roaming\.minecraft\saves\CTF-1.21.10 v1.29 - fleche explo\datapacks\Magic_FR\data\lobby\function\leaderboard\display_titles\display_kill_title.mcfunction", "mcfunction", 5, 0, 2, 1, 8
"c:\Users\FlowUP\AppData\Roaming\.minecraft\saves\CTF-1.21.10 v1.29 - fleche explo\datapacks\Magic_FR\data\lobby\function\leaderboard\display_titles\display_ratio_title.mcfunction", "mcfunction", 5, 0, 2, 1, 8
"c:\Users\FlowUP\AppData\Roaming\.minecraft\saves\CTF-1.21.10 v1.29 - fleche explo\datapacks\Magic_FR\data\lobby\function\leaderboard\display_titles\display_total_dmg_title.mcfunction", "mcfunction", 5, 0, 2, 1, 8
"c:\Users\FlowUP\AppData\Roaming\.minecraft\saves\CTF-1.21.10 v1.29 - fleche explo\datapacks\Magic_FR\data\lobby\function\leaderboard\left_sign.mcfunction", "mcfunction", 11, 0, 5, 4, 20
"c:\Users\FlowUP\AppData\Roaming\.minecraft\saves\CTF-1.21.10 v1.29 - fleche explo\datapacks\Magic_FR\data\lobby\function\leaderboard\right_sign.mcfunction", "mcfunction", 11, 0, 5, 4, 20
"c:\Users\FlowUP\AppData\Roaming\.minecraft\saves\CTF-1.21.10 v1.29 - fleche explo\datapacks\Magic_FR\data\lobby\function\leaderboard\setup_item_frame.mcfunction", "mcfunction", 22, 0, 4, 20, 46
"c:\Users\FlowUP\AppData\Roaming\.minecraft\saves\CTF-1.21.10 v1.29 - fleche explo\datapacks\Magic_FR\data\lobby\function\load.mcfunction", "mcfunction", 0, 0, 4, 1, 5
"c:\Users\FlowUP\AppData\Roaming\.minecraft\saves\CTF-1.21.10 v1.29 - fleche explo\datapacks\Magic_FR\data\lobby\function\loop.mcfunction", "mcfunction", 30, 0, 24, 26, 80
"c:\Users\FlowUP\AppData\Roaming\.minecraft\saves\CTF-1.21.10 v1.29 - fleche explo\datapacks\Magic_FR\data\lobby\function\option_panel\display\display_page_1.mcfunction", "mcfunction", 31, 0, 3, 10, 44
"c:\Users\FlowUP\AppData\Roaming\.minecraft\saves\CTF-1.21.10 v1.29 - fleche explo\datapacks\Magic_FR\data\lobby\function\option_panel\display\display_page_1_recommanded_options.mcfunction", "mcfunction", 29, 0, 2, 8, 39
"c:\Users\FlowUP\AppData\Roaming\.minecraft\saves\CTF-1.21.10 v1.29 - fleche explo\datapacks\Magic_FR\data\lobby\function\option_panel\display\display_page_2_predfined\display_page_2_predefined.mcfunction", "mcfunction", 102, 0, 6, 19, 127
"c:\Users\FlowUP\AppData\Roaming\.minecraft\saves\CTF-1.21.10 v1.29 - fleche explo\datapacks\Magic_FR\data\lobby\function\option_panel\display\display_page_2_predfined\round1\1-1.mcfunction", "mcfunction", 2, 0, 2, 2, 6
"c:\Users\FlowUP\AppData\Roaming\.minecraft\saves\CTF-1.21.10 v1.29 - fleche explo\datapacks\Magic_FR\data\lobby\function\option_panel\display\display_page_2_predfined\round1\1-2.mcfunction", "mcfunction", 2, 0, 2, 2, 6
"c:\Users\FlowUP\AppData\Roaming\.minecraft\saves\CTF-1.21.10 v1.29 - fleche explo\datapacks\Magic_FR\data\lobby\function\option_panel\display\display_page_2_predfined\round1\1-3.mcfunction", "mcfunction", 2, 0, 2, 2, 6
"c:\Users\FlowUP\AppData\Roaming\.minecraft\saves\CTF-1.21.10 v1.29 - fleche explo\datapacks\Magic_FR\data\lobby\function\option_panel\display\display_page_2_predfined\round1\1-4.mcfunction", "mcfunction", 2, 0, 2, 2, 6
"c:\Users\FlowUP\AppData\Roaming\.minecraft\saves\CTF-1.21.10 v1.29 - fleche explo\datapacks\Magic_FR\data\lobby\function\option_panel\display\display_page_2_predfined\round1\1-5.mcfunction", "mcfunction", 2, 0, 2, 2, 6
"c:\Users\FlowUP\AppData\Roaming\.minecraft\saves\CTF-1.21.10 v1.29 - fleche explo\datapacks\Magic_FR\data\lobby\function\option_panel\display\display_page_2_predfined\round1\2-1.mcfunction", "mcfunction", 2, 0, 2, 2, 6
"c:\Users\FlowUP\AppData\Roaming\.minecraft\saves\CTF-1.21.10 v1.29 - fleche explo\datapacks\Magic_FR\data\lobby\function\option_panel\display\display_page_2_predfined\round1\2-2.mcfunction", "mcfunction", 2, 0, 2, 2, 6
"c:\Users\FlowUP\AppData\Roaming\.minecraft\saves\CTF-1.21.10 v1.29 - fleche explo\datapacks\Magic_FR\data\lobby\function\option_panel\display\display_page_2_predfined\round1\2-3.mcfunction", "mcfunction", 2, 0, 2, 2, 6
"c:\Users\FlowUP\AppData\Roaming\.minecraft\saves\CTF-1.21.10 v1.29 - fleche explo\datapacks\Magic_FR\data\lobby\function\option_panel\display\display_page_2_predfined\round1\2-4.mcfunction", "mcfunction", 2, 0, 2, 2, 6
"c:\Users\FlowUP\AppData\Roaming\.minecraft\saves\CTF-1.21.10 v1.29 - fleche explo\datapacks\Magic_FR\data\lobby\function\option_panel\display\display_page_2_predfined\round1\2-5.mcfunction", "mcfunction", 2, 0, 2, 2, 6
"c:\Users\FlowUP\AppData\Roaming\.minecraft\saves\CTF-1.21.10 v1.29 - fleche explo\datapacks\Magic_FR\data\lobby\function\option_panel\display\display_page_2_predfined\round1\3-1.mcfunction", "mcfunction", 2, 0, 2, 2, 6
"c:\Users\FlowUP\AppData\Roaming\.minecraft\saves\CTF-1.21.10 v1.29 - fleche explo\datapacks\Magic_FR\data\lobby\function\option_panel\display\display_page_2_predfined\round1\3-2.mcfunction", "mcfunction", 2, 0, 2, 2, 6
"c:\Users\FlowUP\AppData\Roaming\.minecraft\saves\CTF-1.21.10 v1.29 - fleche explo\datapacks\Magic_FR\data\lobby\function\option_panel\display\display_page_2_predfined\round1\3-3.mcfunction", "mcfunction", 2, 0, 2, 2, 6
"c:\Users\FlowUP\AppData\Roaming\.minecraft\saves\CTF-1.21.10 v1.29 - fleche explo\datapacks\Magic_FR\data\lobby\function\option_panel\display\display_page_2_predfined\round1\3-4.mcfunction", "mcfunction", 2, 0, 2, 2, 6
"c:\Users\FlowUP\AppData\Roaming\.minecraft\saves\CTF-1.21.10 v1.29 - fleche explo\datapacks\Magic_FR\data\lobby\function\option_panel\display\display_page_2_predfined\round1\3-5.mcfunction", "mcfunction", 2, 0, 2, 2, 6
"c:\Users\FlowUP\AppData\Roaming\.minecraft\saves\CTF-1.21.10 v1.29 - fleche explo\datapacks\Magic_FR\data\lobby\function\option_panel\display\display_page_2_predfined\round1\4-1.mcfunction", "mcfunction", 2, 0, 2, 2, 6
"c:\Users\FlowUP\AppData\Roaming\.minecraft\saves\CTF-1.21.10 v1.29 - fleche explo\datapacks\Magic_FR\data\lobby\function\option_panel\display\display_page_2_predfined\round1\4-2.mcfunction", "mcfunction", 2, 0, 2, 2, 6
"c:\Users\FlowUP\AppData\Roaming\.minecraft\saves\CTF-1.21.10 v1.29 - fleche explo\datapacks\Magic_FR\data\lobby\function\option_panel\display\display_page_2_predfined\round1\4-3.mcfunction", "mcfunction", 2, 0, 2, 2, 6
"c:\Users\FlowUP\AppData\Roaming\.minecraft\saves\CTF-1.21.10 v1.29 - fleche explo\datapacks\Magic_FR\data\lobby\function\option_panel\display\display_page_2_predfined\round1\4-4.mcfunction", "mcfunction", 2, 0, 2, 2, 6
"c:\Users\FlowUP\AppData\Roaming\.minecraft\saves\CTF-1.21.10 v1.29 - fleche explo\datapacks\Magic_FR\data\lobby\function\option_panel\display\display_page_2_predfined\round1\4-5.mcfunction", "mcfunction", 2, 0, 2, 2, 6
"c:\Users\FlowUP\AppData\Roaming\.minecraft\saves\CTF-1.21.10 v1.29 - fleche explo\datapacks\Magic_FR\data\lobby\function\option_panel\display\display_page_2_predfined\round1\5-1.mcfunction", "mcfunction", 2, 0, 2, 2, 6
"c:\Users\FlowUP\AppData\Roaming\.minecraft\saves\CTF-1.21.10 v1.29 - fleche explo\datapacks\Magic_FR\data\lobby\function\option_panel\display\display_page_2_predfined\round1\5-2.mcfunction", "mcfunction", 2, 0, 2, 2, 6
"c:\Users\FlowUP\AppData\Roaming\.minecraft\saves\CTF-1.21.10 v1.29 - fleche explo\datapacks\Magic_FR\data\lobby\function\option_panel\display\display_page_2_predfined\round1\5-3.mcfunction", "mcfunction", 2, 0, 2, 2, 6
"c:\Users\FlowUP\AppData\Roaming\.minecraft\saves\CTF-1.21.10 v1.29 - fleche explo\datapacks\Magic_FR\data\lobby\function\option_panel\display\display_page_2_predfined\round1\5-4.mcfunction", "mcfunction", 2, 0, 2, 2, 6
"c:\Users\FlowUP\AppData\Roaming\.minecraft\saves\CTF-1.21.10 v1.29 - fleche explo\datapacks\Magic_FR\data\lobby\function\option_panel\display\display_page_2_predfined\round1\5-5.mcfunction", "mcfunction", 2, 0, 2, 2, 6
"c:\Users\FlowUP\AppData\Roaming\.minecraft\saves\CTF-1.21.10 v1.29 - fleche explo\datapacks\Magic_FR\data\lobby\function\option_panel\display\display_page_2_predfined\round2\1-1.mcfunction", "mcfunction", 2, 0, 2, 2, 6
"c:\Users\FlowUP\AppData\Roaming\.minecraft\saves\CTF-1.21.10 v1.29 - fleche explo\datapacks\Magic_FR\data\lobby\function\option_panel\display\display_page_2_predfined\round2\1-2.mcfunction", "mcfunction", 2, 0, 2, 2, 6
"c:\Users\FlowUP\AppData\Roaming\.minecraft\saves\CTF-1.21.10 v1.29 - fleche explo\datapacks\Magic_FR\data\lobby\function\option_panel\display\display_page_2_predfined\round2\1-3.mcfunction", "mcfunction", 2, 0, 2, 2, 6
"c:\Users\FlowUP\AppData\Roaming\.minecraft\saves\CTF-1.21.10 v1.29 - fleche explo\datapacks\Magic_FR\data\lobby\function\option_panel\display\display_page_2_predfined\round2\1-4.mcfunction", "mcfunction", 2, 0, 2, 2, 6
"c:\Users\FlowUP\AppData\Roaming\.minecraft\saves\CTF-1.21.10 v1.29 - fleche explo\datapacks\Magic_FR\data\lobby\function\option_panel\display\display_page_2_predfined\round2\1-5.mcfunction", "mcfunction", 2, 0, 2, 2, 6
"c:\Users\FlowUP\AppData\Roaming\.minecraft\saves\CTF-1.21.10 v1.29 - fleche explo\datapacks\Magic_FR\data\lobby\function\option_panel\display\display_page_2_predfined\round2\2-1.mcfunction", "mcfunction", 2, 0, 2, 2, 6
"c:\Users\FlowUP\AppData\Roaming\.minecraft\saves\CTF-1.21.10 v1.29 - fleche explo\datapacks\Magic_FR\data\lobby\function\option_panel\display\display_page_2_predfined\round2\2-2.mcfunction", "mcfunction", 2, 0, 2, 2, 6
"c:\Users\FlowUP\AppData\Roaming\.minecraft\saves\CTF-1.21.10 v1.29 - fleche explo\datapacks\Magic_FR\data\lobby\function\option_panel\display\display_page_2_predfined\round2\2-3.mcfunction", "mcfunction", 2, 0, 2, 2, 6
"c:\Users\FlowUP\AppData\Roaming\.minecraft\saves\CTF-1.21.10 v1.29 - fleche explo\datapacks\Magic_FR\data\lobby\function\option_panel\display\display_page_2_predfined\round2\2-4.mcfunction", "mcfunction", 2, 0, 2, 2, 6
"c:\Users\FlowUP\AppData\Roaming\.minecraft\saves\CTF-1.21.10 v1.29 - fleche explo\datapacks\Magic_FR\data\lobby\function\option_panel\display\display_page_2_predfined\round2\2-5.mcfunction", "mcfunction", 2, 0, 2, 2, 6
"c:\Users\FlowUP\AppData\Roaming\.minecraft\saves\CTF-1.21.10 v1.29 - fleche explo\datapacks\Magic_FR\data\lobby\function\option_panel\display\display_page_2_predfined\round2\3-1.mcfunction", "mcfunction", 2, 0, 2, 2, 6
"c:\Users\FlowUP\AppData\Roaming\.minecraft\saves\CTF-1.21.10 v1.29 - fleche explo\datapacks\Magic_FR\data\lobby\function\option_panel\display\display_page_2_predfined\round2\3-2.mcfunction", "mcfunction", 2, 0, 2, 2, 6
"c:\Users\FlowUP\AppData\Roaming\.minecraft\saves\CTF-1.21.10 v1.29 - fleche explo\datapacks\Magic_FR\data\lobby\function\option_panel\display\display_page_2_predfined\round2\3-3.mcfunction", "mcfunction", 2, 0, 2, 2, 6
"c:\Users\FlowUP\AppData\Roaming\.minecraft\saves\CTF-1.21.10 v1.29 - fleche explo\datapacks\Magic_FR\data\lobby\function\option_panel\display\display_page_2_predfined\round2\3-4.mcfunction", "mcfunction", 2, 0, 2, 2, 6
"c:\Users\FlowUP\AppData\Roaming\.minecraft\saves\CTF-1.21.10 v1.29 - fleche explo\datapacks\Magic_FR\data\lobby\function\option_panel\display\display_page_2_predfined\round2\3-5.mcfunction", "mcfunction", 2, 0, 2, 2, 6
"c:\Users\FlowUP\AppData\Roaming\.minecraft\saves\CTF-1.21.10 v1.29 - fleche explo\datapacks\Magic_FR\data\lobby\function\option_panel\display\display_page_2_predfined\round2\4-1.mcfunction", "mcfunction", 2, 0, 2, 2, 6
"c:\Users\FlowUP\AppData\Roaming\.minecraft\saves\CTF-1.21.10 v1.29 - fleche explo\datapacks\Magic_FR\data\lobby\function\option_panel\display\display_page_2_predfined\round2\4-2.mcfunction", "mcfunction", 2, 0, 2, 2, 6
"c:\Users\FlowUP\AppData\Roaming\.minecraft\saves\CTF-1.21.10 v1.29 - fleche explo\datapacks\Magic_FR\data\lobby\function\option_panel\display\display_page_2_predfined\round2\4-3.mcfunction", "mcfunction", 2, 0, 2, 2, 6
"c:\Users\FlowUP\AppData\Roaming\.minecraft\saves\CTF-1.21.10 v1.29 - fleche explo\datapacks\Magic_FR\data\lobby\function\option_panel\display\display_page_2_predfined\round2\4-4.mcfunction", "mcfunction", 2, 0, 2, 2, 6
"c:\Users\FlowUP\AppData\Roaming\.minecraft\saves\CTF-1.21.10 v1.29 - fleche explo\datapacks\Magic_FR\data\lobby\function\option_panel\display\display_page_2_predfined\round2\4-5.mcfunction", "mcfunction", 2, 0, 2, 2, 6
"c:\Users\FlowUP\AppData\Roaming\.minecraft\saves\CTF-1.21.10 v1.29 - fleche explo\datapacks\Magic_FR\data\lobby\function\option_panel\display\display_page_2_predfined\round2\5-1.mcfunction", "mcfunction", 2, 0, 2, 2, 6
"c:\Users\FlowUP\AppData\Roaming\.minecraft\saves\CTF-1.21.10 v1.29 - fleche explo\datapacks\Magic_FR\data\lobby\function\option_panel\display\display_page_2_predfined\round2\5-2.mcfunction", "mcfunction", 2, 0, 2, 2, 6
"c:\Users\FlowUP\AppData\Roaming\.minecraft\saves\CTF-1.21.10 v1.29 - fleche explo\datapacks\Magic_FR\data\lobby\function\option_panel\display\display_page_2_predfined\round2\5-3.mcfunction", "mcfunction", 2, 0, 2, 2, 6
"c:\Users\FlowUP\AppData\Roaming\.minecraft\saves\CTF-1.21.10 v1.29 - fleche explo\datapacks\Magic_FR\data\lobby\function\option_panel\display\display_page_2_predfined\round2\5-4.mcfunction", "mcfunction", 2, 0, 2, 2, 6
"c:\Users\FlowUP\AppData\Roaming\.minecraft\saves\CTF-1.21.10 v1.29 - fleche explo\datapacks\Magic_FR\data\lobby\function\option_panel\display\display_page_2_predfined\round2\5-5.mcfunction", "mcfunction", 2, 0, 2, 2, 6
"c:\Users\FlowUP\AppData\Roaming\.minecraft\saves\CTF-1.21.10 v1.29 - fleche explo\datapacks\Magic_FR\data\lobby\function\option_panel\display\display_page_2_predfined\round3\1-1.mcfunction", "mcfunction", 2, 0, 2, 2, 6
"c:\Users\FlowUP\AppData\Roaming\.minecraft\saves\CTF-1.21.10 v1.29 - fleche explo\datapacks\Magic_FR\data\lobby\function\option_panel\display\display_page_2_predfined\round3\1-2.mcfunction", "mcfunction", 2, 0, 2, 2, 6
"c:\Users\FlowUP\AppData\Roaming\.minecraft\saves\CTF-1.21.10 v1.29 - fleche explo\datapacks\Magic_FR\data\lobby\function\option_panel\display\display_page_2_predfined\round3\1-3.mcfunction", "mcfunction", 2, 0, 2, 2, 6
"c:\Users\FlowUP\AppData\Roaming\.minecraft\saves\CTF-1.21.10 v1.29 - fleche explo\datapacks\Magic_FR\data\lobby\function\option_panel\display\display_page_2_predfined\round3\1-4.mcfunction", "mcfunction", 2, 0, 2, 2, 6
"c:\Users\FlowUP\AppData\Roaming\.minecraft\saves\CTF-1.21.10 v1.29 - fleche explo\datapacks\Magic_FR\data\lobby\function\option_panel\display\display_page_2_predfined\round3\1-5.mcfunction", "mcfunction", 2, 0, 2, 2, 6
"c:\Users\FlowUP\AppData\Roaming\.minecraft\saves\CTF-1.21.10 v1.29 - fleche explo\datapacks\Magic_FR\data\lobby\function\option_panel\display\display_page_2_predfined\round3\2-1.mcfunction", "mcfunction", 2, 0, 2, 2, 6
"c:\Users\FlowUP\AppData\Roaming\.minecraft\saves\CTF-1.21.10 v1.29 - fleche explo\datapacks\Magic_FR\data\lobby\function\option_panel\display\display_page_2_predfined\round3\2-2.mcfunction", "mcfunction", 2, 0, 2, 2, 6
"c:\Users\FlowUP\AppData\Roaming\.minecraft\saves\CTF-1.21.10 v1.29 - fleche explo\datapacks\Magic_FR\data\lobby\function\option_panel\display\display_page_2_predfined\round3\2-3.mcfunction", "mcfunction", 2, 0, 2, 2, 6
"c:\Users\FlowUP\AppData\Roaming\.minecraft\saves\CTF-1.21.10 v1.29 - fleche explo\datapacks\Magic_FR\data\lobby\function\option_panel\display\display_page_2_predfined\round3\2-4.mcfunction", "mcfunction", 2, 0, 2, 2, 6
"c:\Users\FlowUP\AppData\Roaming\.minecraft\saves\CTF-1.21.10 v1.29 - fleche explo\datapacks\Magic_FR\data\lobby\function\option_panel\display\display_page_2_predfined\round3\2-5.mcfunction", "mcfunction", 2, 0, 2, 2, 6
"c:\Users\FlowUP\AppData\Roaming\.minecraft\saves\CTF-1.21.10 v1.29 - fleche explo\datapacks\Magic_FR\data\lobby\function\option_panel\display\display_page_2_predfined\round3\3-1.mcfunction", "mcfunction", 2, 0, 2, 2, 6
"c:\Users\FlowUP\AppData\Roaming\.minecraft\saves\CTF-1.21.10 v1.29 - fleche explo\datapacks\Magic_FR\data\lobby\function\option_panel\display\display_page_2_predfined\round3\3-2.mcfunction", "mcfunction", 2, 0, 2, 2, 6
"c:\Users\FlowUP\AppData\Roaming\.minecraft\saves\CTF-1.21.10 v1.29 - fleche explo\datapacks\Magic_FR\data\lobby\function\option_panel\display\display_page_2_predfined\round3\3-3.mcfunction", "mcfunction", 2, 0, 2, 2, 6
"c:\Users\FlowUP\AppData\Roaming\.minecraft\saves\CTF-1.21.10 v1.29 - fleche explo\datapacks\Magic_FR\data\lobby\function\option_panel\display\display_page_2_predfined\round3\3-4.mcfunction", "mcfunction", 2, 0, 2, 2, 6
"c:\Users\FlowUP\AppData\Roaming\.minecraft\saves\CTF-1.21.10 v1.29 - fleche explo\datapacks\Magic_FR\data\lobby\function\option_panel\display\display_page_2_predfined\round3\3-5.mcfunction", "mcfunction", 2, 0, 2, 2, 6
"c:\Users\FlowUP\AppData\Roaming\.minecraft\saves\CTF-1.21.10 v1.29 - fleche explo\datapacks\Magic_FR\data\lobby\function\option_panel\display\display_page_2_predfined\round3\4-1.mcfunction", "mcfunction", 2, 0, 2, 2, 6
"c:\Users\FlowUP\AppData\Roaming\.minecraft\saves\CTF-1.21.10 v1.29 - fleche explo\datapacks\Magic_FR\data\lobby\function\option_panel\display\display_page_2_predfined\round3\4-2.mcfunction", "mcfunction", 2, 0, 2, 2, 6
"c:\Users\FlowUP\AppData\Roaming\.minecraft\saves\CTF-1.21.10 v1.29 - fleche explo\datapacks\Magic_FR\data\lobby\function\option_panel\display\display_page_2_predfined\round3\4-3.mcfunction", "mcfunction", 2, 0, 2, 2, 6
"c:\Users\FlowUP\AppData\Roaming\.minecraft\saves\CTF-1.21.10 v1.29 - fleche explo\datapacks\Magic_FR\data\lobby\function\option_panel\display\display_page_2_predfined\round3\4-4.mcfunction", "mcfunction", 2, 0, 2, 2, 6
"c:\Users\FlowUP\AppData\Roaming\.minecraft\saves\CTF-1.21.10 v1.29 - fleche explo\datapacks\Magic_FR\data\lobby\function\option_panel\display\display_page_2_predfined\round3\4-5.mcfunction", "mcfunction", 2, 0, 2, 2, 6
"c:\Users\FlowUP\AppData\Roaming\.minecraft\saves\CTF-1.21.10 v1.29 - fleche explo\datapacks\Magic_FR\data\lobby\function\option_panel\display\display_page_2_predfined\round3\5-1.mcfunction", "mcfunction", 2, 0, 2, 2, 6
"c:\Users\FlowUP\AppData\Roaming\.minecraft\saves\CTF-1.21.10 v1.29 - fleche explo\datapacks\Magic_FR\data\lobby\function\option_panel\display\display_page_2_predfined\round3\5-2.mcfunction", "mcfunction", 2, 0, 2, 2, 6
"c:\Users\FlowUP\AppData\Roaming\.minecraft\saves\CTF-1.21.10 v1.29 - fleche explo\datapacks\Magic_FR\data\lobby\function\option_panel\display\display_page_2_predfined\round3\5-3.mcfunction", "mcfunction", 2, 0, 2, 2, 6
"c:\Users\FlowUP\AppData\Roaming\.minecraft\saves\CTF-1.21.10 v1.29 - fleche explo\datapacks\Magic_FR\data\lobby\function\option_panel\display\display_page_2_predfined\round3\5-4.mcfunction", "mcfunction", 2, 0, 2, 2, 6
"c:\Users\FlowUP\AppData\Roaming\.minecraft\saves\CTF-1.21.10 v1.29 - fleche explo\datapacks\Magic_FR\data\lobby\function\option_panel\display\display_page_2_predfined\round3\5-5.mcfunction", "mcfunction", 2, 0, 2, 2, 6
"c:\Users\FlowUP\AppData\Roaming\.minecraft\saves\CTF-1.21.10 v1.29 - fleche explo\datapacks\Magic_FR\data\lobby\function\option_panel\display\display_page_2_random_maps.mcfunction", "mcfunction", 30, 0, 3, 10, 43
"c:\Users\FlowUP\AppData\Roaming\.minecraft\saves\CTF-1.21.10 v1.29 - fleche explo\datapacks\Magic_FR\data\lobby\function\option_panel\exit.mcfunction", "mcfunction", 3, 0, 3, 4, 10
"c:\Users\FlowUP\AppData\Roaming\.minecraft\saves\CTF-1.21.10 v1.29 - fleche explo\datapacks\Magic_FR\data\lobby\function\option_panel\optn_panel_loop.mcfunction", "mcfunction", 5, 0, 4, 3, 12
"c:\Users\FlowUP\AppData\Roaming\.minecraft\saves\CTF-1.21.10 v1.29 - fleche explo\datapacks\Magic_FR\data\lobby\function\option_panel\optn_panel_sign\allowed.mcfunction", "mcfunction", 5, 0, 2, 2, 9
"c:\Users\FlowUP\AppData\Roaming\.minecraft\saves\CTF-1.21.10 v1.29 - fleche explo\datapacks\Magic_FR\data\lobby\function\option_panel\optn_panel_sign\not_allowed.mcfunction", "mcfunction", 4, 0, 3, 2, 9
"c:\Users\FlowUP\AppData\Roaming\.minecraft\saves\CTF-1.21.10 v1.29 - fleche explo\datapacks\Magic_FR\data\lobby\function\option_panel\page1\loop_page1.mcfunction", "mcfunction", 2, 0, 4, 2, 8
"c:\Users\FlowUP\AppData\Roaming\.minecraft\saves\CTF-1.21.10 v1.29 - fleche explo\datapacks\Magic_FR\data\lobby\function\option_panel\page1\page1\launch_game.mcfunction", "mcfunction", 6, 0, 5, 5, 16
"c:\Users\FlowUP\AppData\Roaming\.minecraft\saves\CTF-1.21.10 v1.29 - fleche explo\datapacks\Magic_FR\data\lobby\function\option_panel\page1\page1\loop_page1.mcfunction", "mcfunction", 4, 0, 5, 4, 13
"c:\Users\FlowUP\AppData\Roaming\.minecraft\saves\CTF-1.21.10 v1.29 - fleche explo\datapacks\Magic_FR\data\lobby\function\option_panel\page1\page1\recommanded_options.mcfunction", "mcfunction", 4, 0, 5, 3, 12
"c:\Users\FlowUP\AppData\Roaming\.minecraft\saves\CTF-1.21.10 v1.29 - fleche explo\datapacks\Magic_FR\data\lobby\function\option_panel\page1\page1\right_arrow.mcfunction", "mcfunction", 3, 0, 5, 3, 11
"c:\Users\FlowUP\AppData\Roaming\.minecraft\saves\CTF-1.21.10 v1.29 - fleche explo\datapacks\Magic_FR\data\lobby\function\option_panel\page1\recommanded_optns_menu\no_button.mcfunction", "mcfunction", 3, 0, 5, 3, 11
"c:\Users\FlowUP\AppData\Roaming\.minecraft\saves\CTF-1.21.10 v1.29 - fleche explo\datapacks\Magic_FR\data\lobby\function\option_panel\page1\recommanded_optns_menu\recommanded_optns_menu_loop.mcfunction", "mcfunction", 2, 0, 4, 2, 8
"c:\Users\FlowUP\AppData\Roaming\.minecraft\saves\CTF-1.21.10 v1.29 - fleche explo\datapacks\Magic_FR\data\lobby\function\option_panel\page1\recommanded_optns_menu\yes_button.mcfunction", "mcfunction", 5, 0, 6, 4, 15
"c:\Users\FlowUP\AppData\Roaming\.minecraft\saves\CTF-1.21.10 v1.29 - fleche explo\datapacks\Magic_FR\data\lobby\function\option_panel\page2\left_arrow.mcfunction", "mcfunction", 4, 0, 3, 3, 10
"c:\Users\FlowUP\AppData\Roaming\.minecraft\saves\CTF-1.21.10 v1.29 - fleche explo\datapacks\Magic_FR\data\lobby\function\option_panel\page2\loop_page2.mcfunction", "mcfunction", 4, 0, 6, 5, 15
"c:\Users\FlowUP\AppData\Roaming\.minecraft\saves\CTF-1.21.10 v1.29 - fleche explo\datapacks\Magic_FR\data\lobby\function\option_panel\page2\selection_options\full_random\change_option.mcfunction", "mcfunction", 4, 0, 5, 3, 12
"c:\Users\FlowUP\AppData\Roaming\.minecraft\saves\CTF-1.21.10 v1.29 - fleche explo\datapacks\Magic_FR\data\lobby\function\option_panel\page2\selection_options\full_random\change_selection_option.mcfunction", "mcfunction", 3, 0, 5, 3, 11
"c:\Users\FlowUP\AppData\Roaming\.minecraft\saves\CTF-1.21.10 v1.29 - fleche explo\datapacks\Magic_FR\data\lobby\function\option_panel\page2\selection_options\full_random\full_random_loop.mcfunction", "mcfunction", 2, 0, 4, 2, 8
"c:\Users\FlowUP\AppData\Roaming\.minecraft\saves\CTF-1.21.10 v1.29 - fleche explo\datapacks\Magic_FR\data\lobby\function\option_panel\page2\selection_options\limited_random\change_option.mcfunction", "mcfunction", 4, 0, 5, 3, 12
"c:\Users\FlowUP\AppData\Roaming\.minecraft\saves\CTF-1.21.10 v1.29 - fleche explo\datapacks\Magic_FR\data\lobby\function\option_panel\page2\selection_options\limited_random\change_selection_option.mcfunction", "mcfunction", 3, 0, 5, 3, 11
"c:\Users\FlowUP\AppData\Roaming\.minecraft\saves\CTF-1.21.10 v1.29 - fleche explo\datapacks\Magic_FR\data\lobby\function\option_panel\page2\selection_options\limited_random\limited_random_loop.mcfunction", "mcfunction", 2, 0, 4, 3, 9
"c:\Users\FlowUP\AppData\Roaming\.minecraft\saves\CTF-1.21.10 v1.29 - fleche explo\datapacks\Magic_FR\data\lobby\function\option_panel\page2\selection_options\predefined\change_selection_option.mcfunction", "mcfunction", 4, 0, 5, 4, 13
"c:\Users\FlowUP\AppData\Roaming\.minecraft\saves\CTF-1.21.10 v1.29 - fleche explo\datapacks\Magic_FR\data\lobby\function\option_panel\page2\selection_options\predefined\predefined_loop.mcfunction", "mcfunction", 8, 0, 7, 5, 20
"c:\Users\FlowUP\AppData\Roaming\.minecraft\saves\CTF-1.21.10 v1.29 - fleche explo\datapacks\Magic_FR\data\lobby\function\option_panel\page2\selection_options\predefined\round1.mcfunction", "mcfunction", 5, 0, 4, 3, 12
"c:\Users\FlowUP\AppData\Roaming\.minecraft\saves\CTF-1.21.10 v1.29 - fleche explo\datapacks\Magic_FR\data\lobby\function\option_panel\page2\selection_options\predefined\round2.mcfunction", "mcfunction", 4, 0, 4, 3, 11
"c:\Users\FlowUP\AppData\Roaming\.minecraft\saves\CTF-1.21.10 v1.29 - fleche explo\datapacks\Magic_FR\data\lobby\function\option_panel\page2\selection_options\predefined\round3.mcfunction", "mcfunction", 5, 0, 4, 3, 12
"c:\Users\FlowUP\AppData\Roaming\.minecraft\saves\CTF-1.21.10 v1.29 - fleche explo\datapacks\Magic_FR\data\lobby\function\option_panel\page2\selection_options\predefined\round4.mcfunction", "mcfunction", 5, 0, 4, 3, 12
"c:\Users\FlowUP\AppData\Roaming\.minecraft\saves\CTF-1.21.10 v1.29 - fleche explo\datapacks\Magic_FR\data\lobby\function\option_panel\setup_item_frame.mcfunction", "mcfunction", 31, 0, 4, 11, 46
"c:\Users\FlowUP\AppData\Roaming\.minecraft\saves\CTF-1.21.10 v1.29 - fleche explo\datapacks\Magic_FR\data\lobby\function\option_panel\tp_into_panel.mcfunction", "mcfunction", 2, 0, 2, 1, 5
"c:\Users\FlowUP\AppData\Roaming\.minecraft\saves\CTF-1.21.10 v1.29 - fleche explo\datapacks\Magic_FR\data\lobby\function\pre_load_item_frame.mcfunction", "mcfunction", 476, 0, 14, 13, 503
"c:\Users\FlowUP\AppData\Roaming\.minecraft\saves\CTF-1.21.10 v1.29 - fleche explo\datapacks\Magic_FR\data\lobby\function\team_selector\join_blueteam.mcfunction", "mcfunction", 12, 0, 0, 1, 13
"c:\Users\FlowUP\AppData\Roaming\.minecraft\saves\CTF-1.21.10 v1.29 - fleche explo\datapacks\Magic_FR\data\lobby\function\team_selector\join_redteam.mcfunction", "mcfunction", 12, 0, 0, 1, 13
"c:\Users\FlowUP\AppData\Roaming\.minecraft\saves\CTF-1.21.10 v1.29 - fleche explo\datapacks\Magic_FR\data\lobby\function\team_selector\join_spectator.mcfunction", "mcfunction", 19, 0, 1, 4, 24
"c:\Users\FlowUP\AppData\Roaming\.minecraft\saves\CTF-1.21.10 v1.29 - fleche explo\datapacks\Magic_FR\data\lobby\function\team_selector\leave_spectator.mcfunction", "mcfunction", 25, 0, 1, 7, 33
"c:\Users\FlowUP\AppData\Roaming\.minecraft\saves\CTF-1.21.10 v1.29 - fleche explo\datapacks\Magic_FR\data\lobby\function\test.mcfunction", "mcfunction", 35, 0, 0, 4, 39
"c:\Users\FlowUP\AppData\Roaming\.minecraft\saves\CTF-1.21.10 v1.29 - fleche explo\datapacks\Magic_FR\data\mage\advancement\1_m.json", "JSON", 0, 24, 0, 0, 24
"c:\Users\FlowUP\AppData\Roaming\.minecraft\saves\CTF-1.21.10 v1.29 - fleche explo\datapacks\Magic_FR\data\mage\advancement\2_m.json", "JSON", 0, 31, 0, 0, 31
"c:\Users\FlowUP\AppData\Roaming\.minecraft\saves\CTF-1.21.10 v1.29 - fleche explo\datapacks\Magic_FR\data\mage\advancement\3_m.json", "JSON", 0, 24, 0, 0, 24
"c:\Users\FlowUP\AppData\Roaming\.minecraft\saves\CTF-1.21.10 v1.29 - fleche explo\datapacks\Magic_FR\data\mage\advancement\4_m.json", "JSON", 0, 24, 0, 0, 24
"c:\Users\FlowUP\AppData\Roaming\.minecraft\saves\CTF-1.21.10 v1.29 - fleche explo\datapacks\Magic_FR\data\mage\advancement\5_m.json", "JSON", 0, 31, 0, 0, 31
"c:\Users\FlowUP\AppData\Roaming\.minecraft\saves\CTF-1.21.10 v1.29 - fleche explo\datapacks\Magic_FR\data\mage\advancement\6_m.json", "JSON", 0, 31, 0, 0, 31
"c:\Users\FlowUP\AppData\Roaming\.minecraft\saves\CTF-1.21.10 v1.29 - fleche explo\datapacks\Magic_FR\data\mage\advancement\7_m.json", "JSON", 0, 24, 0, 0, 24
"c:\Users\FlowUP\AppData\Roaming\.minecraft\saves\CTF-1.21.10 v1.29 - fleche explo\datapacks\Magic_FR\data\mage\advancement\bootlvl10_m.json", "JSON", 0, 27, 0, 0, 27
"c:\Users\FlowUP\AppData\Roaming\.minecraft\saves\CTF-1.21.10 v1.29 - fleche explo\datapacks\Magic_FR\data\mage\advancement\bootlvl2_m.json", "JSON", 0, 27, 0, 0, 27
"c:\Users\FlowUP\AppData\Roaming\.minecraft\saves\CTF-1.21.10 v1.29 - fleche explo\datapacks\Magic_FR\data\mage\advancement\bootlvl3_m.json", "JSON", 0, 24, 0, 0, 24
"c:\Users\FlowUP\AppData\Roaming\.minecraft\saves\CTF-1.21.10 v1.29 - fleche explo\datapacks\Magic_FR\data\mage\advancement\bootlvl4_m.json", "JSON", 0, 27, 0, 0, 27
"c:\Users\FlowUP\AppData\Roaming\.minecraft\saves\CTF-1.21.10 v1.29 - fleche explo\datapacks\Magic_FR\data\mage\advancement\bootlvl5_m.json", "JSON", 0, 24, 0, 0, 24
"c:\Users\FlowUP\AppData\Roaming\.minecraft\saves\CTF-1.21.10 v1.29 - fleche explo\datapacks\Magic_FR\data\mage\advancement\bootlvl6_m.json", "JSON", 0, 27, 0, 0, 27
"c:\Users\FlowUP\AppData\Roaming\.minecraft\saves\CTF-1.21.10 v1.29 - fleche explo\datapacks\Magic_FR\data\mage\advancement\bootlvl7_m.json", "JSON", 0, 24, 0, 0, 24
"c:\Users\FlowUP\AppData\Roaming\.minecraft\saves\CTF-1.21.10 v1.29 - fleche explo\datapacks\Magic_FR\data\mage\advancement\bootlvl8_m.json", "JSON", 0, 27, 0, 0, 27
"c:\Users\FlowUP\AppData\Roaming\.minecraft\saves\CTF-1.21.10 v1.29 - fleche explo\datapacks\Magic_FR\data\mage\advancement\bootlvl9_m.json", "JSON", 0, 24, 0, 0, 24
"c:\Users\FlowUP\AppData\Roaming\.minecraft\saves\CTF-1.21.10 v1.29 - fleche explo\datapacks\Magic_FR\data\mage\advancement\chestlvl10_m.json", "JSON", 0, 27, 0, 0, 27
"c:\Users\FlowUP\AppData\Roaming\.minecraft\saves\CTF-1.21.10 v1.29 - fleche explo\datapacks\Magic_FR\data\mage\advancement\chestlvl2_m.json", "JSON", 0, 27, 0, 0, 27
"c:\Users\FlowUP\AppData\Roaming\.minecraft\saves\CTF-1.21.10 v1.29 - fleche explo\datapacks\Magic_FR\data\mage\advancement\chestlvl3_m.json", "JSON", 0, 24, 0, 0, 24
"c:\Users\FlowUP\AppData\Roaming\.minecraft\saves\CTF-1.21.10 v1.29 - fleche explo\datapacks\Magic_FR\data\mage\advancement\chestlvl4_m.json", "JSON", 0, 27, 0, 0, 27
"c:\Users\FlowUP\AppData\Roaming\.minecraft\saves\CTF-1.21.10 v1.29 - fleche explo\datapacks\Magic_FR\data\mage\advancement\chestlvl5_m.json", "JSON", 0, 24, 0, 0, 24
"c:\Users\FlowUP\AppData\Roaming\.minecraft\saves\CTF-1.21.10 v1.29 - fleche explo\datapacks\Magic_FR\data\mage\advancement\chestlvl6_m.json", "JSON", 0, 27, 0, 0, 27
"c:\Users\FlowUP\AppData\Roaming\.minecraft\saves\CTF-1.21.10 v1.29 - fleche explo\datapacks\Magic_FR\data\mage\advancement\chestlvl7_m.json", "JSON", 0, 24, 0, 0, 24
"c:\Users\FlowUP\AppData\Roaming\.minecraft\saves\CTF-1.21.10 v1.29 - fleche explo\datapacks\Magic_FR\data\mage\advancement\chestlvl8_m.json", "JSON", 0, 27, 0, 0, 27
"c:\Users\FlowUP\AppData\Roaming\.minecraft\saves\CTF-1.21.10 v1.29 - fleche explo\datapacks\Magic_FR\data\mage\advancement\chestlvl9_m.json", "JSON", 0, 24, 0, 0, 24
"c:\Users\FlowUP\AppData\Roaming\.minecraft\saves\CTF-1.21.10 v1.29 - fleche explo\datapacks\Magic_FR\data\mage\advancement\legslvl10_m.json", "JSON", 0, 27, 0, 0, 27
"c:\Users\FlowUP\AppData\Roaming\.minecraft\saves\CTF-1.21.10 v1.29 - fleche explo\datapacks\Magic_FR\data\mage\advancement\legslvl2_m.json", "JSON", 0, 27, 0, 0, 27
"c:\Users\FlowUP\AppData\Roaming\.minecraft\saves\CTF-1.21.10 v1.29 - fleche explo\datapacks\Magic_FR\data\mage\advancement\legslvl3_m.json", "JSON", 0, 24, 0, 0, 24
"c:\Users\FlowUP\AppData\Roaming\.minecraft\saves\CTF-1.21.10 v1.29 - fleche explo\datapacks\Magic_FR\data\mage\advancement\legslvl4_m.json", "JSON", 0, 27, 0, 0, 27
"c:\Users\FlowUP\AppData\Roaming\.minecraft\saves\CTF-1.21.10 v1.29 - fleche explo\datapacks\Magic_FR\data\mage\advancement\legslvl5_m.json", "JSON", 0, 24, 0, 0, 24
"c:\Users\FlowUP\AppData\Roaming\.minecraft\saves\CTF-1.21.10 v1.29 - fleche explo\datapacks\Magic_FR\data\mage\advancement\legslvl6_m.json", "JSON", 0, 27, 0, 0, 27
"c:\Users\FlowUP\AppData\Roaming\.minecraft\saves\CTF-1.21.10 v1.29 - fleche explo\datapacks\Magic_FR\data\mage\advancement\legslvl7_m.json", "JSON", 0, 24, 0, 0, 24
"c:\Users\FlowUP\AppData\Roaming\.minecraft\saves\CTF-1.21.10 v1.29 - fleche explo\datapacks\Magic_FR\data\mage\advancement\legslvl8_m.json", "JSON", 0, 27, 0, 0, 27
"c:\Users\FlowUP\AppData\Roaming\.minecraft\saves\CTF-1.21.10 v1.29 - fleche explo\datapacks\Magic_FR\data\mage\advancement\legslvl9_m.json", "JSON", 0, 24, 0, 0, 24
"c:\Users\FlowUP\AppData\Roaming\.minecraft\saves\CTF-1.21.10 v1.29 - fleche explo\datapacks\Magic_FR\data\mage\advancement\passif_m.json", "JSON", 0, 25, 0, 0, 25
"c:\Users\FlowUP\AppData\Roaming\.minecraft\saves\CTF-1.21.10 v1.29 - fleche explo\datapacks\Magic_FR\data\mage\advancement\root.json", "JSON", 0, 28, 0, 0, 28
"c:\Users\FlowUP\AppData\Roaming\.minecraft\saves\CTF-1.21.10 v1.29 - fleche explo\datapacks\Magic_FR\data\mage\advancement\spell1lvl2_m.json", "JSON", 0, 31, 0, 0, 31
"c:\Users\FlowUP\AppData\Roaming\.minecraft\saves\CTF-1.21.10 v1.29 - fleche explo\datapacks\Magic_FR\data\mage\advancement\spell1lvl3_m.json", "JSON", 0, 31, 0, 0, 31
"c:\Users\FlowUP\AppData\Roaming\.minecraft\saves\CTF-1.21.10 v1.29 - fleche explo\datapacks\Magic_FR\data\mage\advancement\spell2lvl2_m.json", "JSON", 0, 31, 0, 0, 31
"c:\Users\FlowUP\AppData\Roaming\.minecraft\saves\CTF-1.21.10 v1.29 - fleche explo\datapacks\Magic_FR\data\mage\advancement\spell2lvl3_m.json", "JSON", 0, 31, 0, 0, 31
"c:\Users\FlowUP\AppData\Roaming\.minecraft\saves\CTF-1.21.10 v1.29 - fleche explo\datapacks\Magic_FR\data\mage\advancement\weapon1lvl10_m.json", "JSON", 0, 24, 0, 0, 24
"c:\Users\FlowUP\AppData\Roaming\.minecraft\saves\CTF-1.21.10 v1.29 - fleche explo\datapacks\Magic_FR\data\mage\advancement\weapon1lvl2_m.json", "JSON", 0, 24, 0, 0, 24
"c:\Users\FlowUP\AppData\Roaming\.minecraft\saves\CTF-1.21.10 v1.29 - fleche explo\datapacks\Magic_FR\data\mage\advancement\weapon1lvl3_m.json", "JSON", 0, 24, 0, 0, 24
"c:\Users\FlowUP\AppData\Roaming\.minecraft\saves\CTF-1.21.10 v1.29 - fleche explo\datapacks\Magic_FR\data\mage\advancement\weapon1lvl4_m.json", "JSON", 0, 25, 0, 0, 25
"c:\Users\FlowUP\AppData\Roaming\.minecraft\saves\CTF-1.21.10 v1.29 - fleche explo\datapacks\Magic_FR\data\mage\advancement\weapon1lvl5_m.json", "JSON", 0, 24, 0, 0, 24
"c:\Users\FlowUP\AppData\Roaming\.minecraft\saves\CTF-1.21.10 v1.29 - fleche explo\datapacks\Magic_FR\data\mage\advancement\weapon1lvl6_m.json", "JSON", 0, 24, 0, 0, 24
"c:\Users\FlowUP\AppData\Roaming\.minecraft\saves\CTF-1.21.10 v1.29 - fleche explo\datapacks\Magic_FR\data\mage\advancement\weapon1lvl7_m.json", "JSON", 0, 24, 0, 0, 24
"c:\Users\FlowUP\AppData\Roaming\.minecraft\saves\CTF-1.21.10 v1.29 - fleche explo\datapacks\Magic_FR\data\mage\advancement\weapon1lvl8_m.json", "JSON", 0, 24, 0, 0, 24
"c:\Users\FlowUP\AppData\Roaming\.minecraft\saves\CTF-1.21.10 v1.29 - fleche explo\datapacks\Magic_FR\data\mage\advancement\weapon1lvl9_m.json", "JSON", 0, 24, 0, 0, 24
"c:\Users\FlowUP\AppData\Roaming\.minecraft\saves\CTF-1.21.10 v1.29 - fleche explo\datapacks\Magic_FR\data\main\advancement\bow\hit.json", "JSON", 0, 16, 0, 0, 16
"c:\Users\FlowUP\AppData\Roaming\.minecraft\saves\CTF-1.21.10 v1.29 - fleche explo\datapacks\Magic_FR\data\main\advancement\bow\kill.json", "JSON", 0, 14, 0, 0, 14
"c:\Users\FlowUP\AppData\Roaming\.minecraft\saves\CTF-1.21.10 v1.29 - fleche explo\datapacks\Magic_FR\data\main\advancement\bow\victim_hit.json", "JSON", 0, 15, 0, 0, 15
"c:\Users\FlowUP\AppData\Roaming\.minecraft\saves\CTF-1.21.10 v1.29 - fleche explo\datapacks\Magic_FR\data\main\advancement\hurt.json", "JSON", 0, 10, 0, 0, 10
"c:\Users\FlowUP\AppData\Roaming\.minecraft\saves\CTF-1.21.10 v1.29 - fleche explo\datapacks\Magic_FR\data\main\advancement\item_save_system.json", "JSON", 0, 22, 0, 0, 22
"c:\Users\FlowUP\AppData\Roaming\.minecraft\saves\CTF-1.21.10 v1.29 - fleche explo\datapacks\Magic_FR\data\main\advancement\killfeed\killed.json", "JSON", 0, 8, 0, 0, 8
"c:\Users\FlowUP\AppData\Roaming\.minecraft\saves\CTF-1.21.10 v1.29 - fleche explo\datapacks\Magic_FR\data\main\advancement\killfeed\killer_boss.json", "JSON", 0, 14, 0, 0, 14
"c:\Users\FlowUP\AppData\Roaming\.minecraft\saves\CTF-1.21.10 v1.29 - fleche explo\datapacks\Magic_FR\data\main\advancement\used_bed.json", "JSON", 0, 20, 0, 0, 20
"c:\Users\FlowUP\AppData\Roaming\.minecraft\saves\CTF-1.21.10 v1.29 - fleche explo\datapacks\Magic_FR\data\main\dialog\initialised\main.json", "JSON", 0, 44, 0, 0, 44
"c:\Users\FlowUP\AppData\Roaming\.minecraft\saves\CTF-1.21.10 v1.29 - fleche explo\datapacks\Magic_FR\data\main\dialog\main_menu\main.json", "JSON", 0, 60, 0, 0, 60
"c:\Users\FlowUP\AppData\Roaming\.minecraft\saves\CTF-1.21.10 v1.29 - fleche explo\datapacks\Magic_FR\data\main\dialog\options\options_main.json", "JSON", 0, 30, 0, 0, 30
"c:\Users\FlowUP\AppData\Roaming\.minecraft\saves\CTF-1.21.10 v1.29 - fleche explo\datapacks\Magic_FR\data\main\dialog\options\options_wip.json", "JSON", 0, 56, 0, 0, 56
"c:\Users\FlowUP\AppData\Roaming\.minecraft\saves\CTF-1.21.10 v1.29 - fleche explo\datapacks\Magic_FR\data\main\dialog\tutorial\main.json", "JSON", 0, 53, 0, 0, 53
"c:\Users\FlowUP\AppData\Roaming\.minecraft\saves\CTF-1.21.10 v1.29 - fleche explo\datapacks\Magic_FR\data\main\dialog\tutorial\page1\page1_main.json", "JSON", 0, 90, 0, 0, 90
"c:\Users\FlowUP\AppData\Roaming\.minecraft\saves\CTF-1.21.10 v1.29 - fleche explo\datapacks\Magic_FR\data\main\dialog\tutorial\page2\classes_details.json", "JSON", 0, 95, 0, 0, 95
"c:\Users\FlowUP\AppData\Roaming\.minecraft\saves\CTF-1.21.10 v1.29 - fleche explo\datapacks\Magic_FR\data\main\dialog\tutorial\page2\page2_main.json", "JSON", 0, 103, 0, 0, 103
"c:\Users\FlowUP\AppData\Roaming\.minecraft\saves\CTF-1.21.10 v1.29 - fleche explo\datapacks\Magic_FR\data\main\dialog\tutorial\page3\page3_main.json", "JSON", 0, 56, 0, 0, 56
"c:\Users\FlowUP\AppData\Roaming\.minecraft\saves\CTF-1.21.10 v1.29 - fleche explo\datapacks\Magic_FR\data\main\dialog\tutorial\page3\stuff_details.json", "JSON", 0, 87, 0, 0, 87
"c:\Users\FlowUP\AppData\Roaming\.minecraft\saves\CTF-1.21.10 v1.29 - fleche explo\datapacks\Magic_FR\data\main\dialog\tutorial\page4\arena_details.json", "JSON", 0, 47, 0, 0, 47
"c:\Users\FlowUP\AppData\Roaming\.minecraft\saves\CTF-1.21.10 v1.29 - fleche explo\datapacks\Magic_FR\data\main\dialog\tutorial\page4\page4_main.json", "JSON", 0, 63, 0, 0, 63
"c:\Users\FlowUP\AppData\Roaming\.minecraft\saves\CTF-1.21.10 v1.29 - fleche explo\datapacks\Magic_FR\data\main\dialog\tutorial\page5\page5_main.json", "JSON", 0, 64, 0, 0, 64
"c:\Users\FlowUP\AppData\Roaming\.minecraft\saves\CTF-1.21.10 v1.29 - fleche explo\datapacks\Magic_FR\data\main\dialog\tutorial\page5\secondary_objectives_details.json", "JSON", 0, 73, 0, 0, 73
"c:\Users\FlowUP\AppData\Roaming\.minecraft\saves\CTF-1.21.10 v1.29 - fleche explo\datapacks\Magic_FR\data\main\dialog\tutorial\page6\page6_main.json", "JSON", 0, 93, 0, 0, 93
"c:\Users\FlowUP\AppData\Roaming\.minecraft\saves\CTF-1.21.10 v1.29 - fleche explo\datapacks\Magic_FR\data\main\function\admin\getplayerstats\getplayerstats.mcfunction", "mcfunction", 1, 0, 1, 1, 3
"c:\Users\FlowUP\AppData\Roaming\.minecraft\saves\CTF-1.21.10 v1.29 - fleche explo\datapacks\Magic_FR\data\main\function\admin\getplayerstats\getplayerstats2.mcfunction", "mcfunction", 28, 0, 9, 15, 52
"c:\Users\FlowUP\AppData\Roaming\.minecraft\saves\CTF-1.21.10 v1.29 - fleche explo\datapacks\Magic_FR\data\main\function\admin\randomize_class\randomize_classes.mcfunction", "mcfunction", 40, 0, 1, 5, 46
"c:\Users\FlowUP\AppData\Roaming\.minecraft\saves\CTF-1.21.10 v1.29 - fleche explo\datapacks\Magic_FR\data\main\function\admin\randomizeteam\become_blue.mcfunction", "mcfunction", 9, 0, 4, 3, 16
"c:\Users\FlowUP\AppData\Roaming\.minecraft\saves\CTF-1.21.10 v1.29 - fleche explo\datapacks\Magic_FR\data\main\function\admin\randomizeteam\become_red.mcfunction", "mcfunction", 9, 0, 4, 3, 16
"c:\Users\FlowUP\AppData\Roaming\.minecraft\saves\CTF-1.21.10 v1.29 - fleche explo\datapacks\Magic_FR\data\main\function\admin\randomizeteam\randomize_team.mcfunction", "mcfunction", 46, 0, 6, 12, 64
"c:\Users\FlowUP\AppData\Roaming\.minecraft\saves\CTF-1.21.10 v1.29 - fleche explo\datapacks\Magic_FR\data\main\function\admin\stopgame.mcfunction", "mcfunction", 202, 0, 36, 32, 270
"c:\Users\FlowUP\AppData\Roaming\.minecraft\saves\CTF-1.21.10 v1.29 - fleche explo\datapacks\Magic_FR\data\main\function\fix_health\clear_and_fix_health.mcfunction", "mcfunction", 12, 0, 1, 1, 14
"c:\Users\FlowUP\AppData\Roaming\.minecraft\saves\CTF-1.21.10 v1.29 - fleche explo\datapacks\Magic_FR\data\main\function\fix_health\stop_health_timer.mcfunction", "mcfunction", 5, 0, 2, 2, 9
"c:\Users\FlowUP\AppData\Roaming\.minecraft\saves\CTF-1.21.10 v1.29 - fleche explo\datapacks\Magic_FR\data\main\function\gui\actionbar_clear.mcfunction", "mcfunction", 13, 0, 4, 2, 19
"c:\Users\FlowUP\AppData\Roaming\.minecraft\saves\CTF-1.21.10 v1.29 - fleche explo\datapacks\Magic_FR\data\main\function\gui\actionbar_timer.mcfunction", "mcfunction", 2, 0, 4, 2, 8
"c:\Users\FlowUP\AppData\Roaming\.minecraft\saves\CTF-1.21.10 v1.29 - fleche explo\datapacks\Magic_FR\data\main\function\gui\display\ingame.mcfunction", "mcfunction", 12, 0, 2, 12, 26
"c:\Users\FlowUP\AppData\Roaming\.minecraft\saves\CTF-1.21.10 v1.29 - fleche explo\datapacks\Magic_FR\data\main\function\gui\display\inlobby.mcfunction", "mcfunction", 1, 0, 2, 1, 4
"c:\Users\FlowUP\AppData\Roaming\.minecraft\saves\CTF-1.21.10 v1.29 - fleche explo\datapacks\Magic_FR\data\main\function\gui\reset_actionbar_bars.mcfunction", "mcfunction", 24, 0, 3, 2, 29
"c:\Users\FlowUP\AppData\Roaming\.minecraft\saves\CTF-1.21.10 v1.29 - fleche explo\datapacks\Magic_FR\data\main\function\gui\test_gui.mcfunction", "mcfunction", 9, 0, 4, 11, 24
"c:\Users\FlowUP\AppData\Roaming\.minecraft\saves\CTF-1.21.10 v1.29 - fleche explo\datapacks\Magic_FR\data\main\function\items_positions\archers\check_items_positions.mcfunction", "mcfunction", 35, 0, 1, 3, 39
"c:\Users\FlowUP\AppData\Roaming\.minecraft\saves\CTF-1.21.10 v1.29 - fleche explo\datapacks\Magic_FR\data\main\function\items_positions\archers\item_conflict\spell1\detect_conflict_spell1.mcfunction", "mcfunction", 6, 0, 2, 2, 10
"c:\Users\FlowUP\AppData\Roaming\.minecraft\saves\CTF-1.21.10 v1.29 - fleche explo\datapacks\Magic_FR\data\main\function\items_positions\archers\item_conflict\spell1\fix_conflict.mcfunction", "mcfunction", 3, 0, 1, 1, 5
"c:\Users\FlowUP\AppData\Roaming\.minecraft\saves\CTF-1.21.10 v1.29 - fleche explo\datapacks\Magic_FR\data\main\function\items_positions\archers\item_conflict\spell2\detect_conflict_spell2.mcfunction", "mcfunction", 6, 0, 2, 2, 10
"c:\Users\FlowUP\AppData\Roaming\.minecraft\saves\CTF-1.21.10 v1.29 - fleche explo\datapacks\Magic_FR\data\main\function\items_positions\archers\item_conflict\spell2\fix_conflict.mcfunction", "mcfunction", 3, 0, 1, 1, 5
"c:\Users\FlowUP\AppData\Roaming\.minecraft\saves\CTF-1.21.10 v1.29 - fleche explo\datapacks\Magic_FR\data\main\function\items_positions\archers\item_conflict\spell3\detect_conflict_spell3.mcfunction", "mcfunction", 6, 0, 2, 2, 10
"c:\Users\FlowUP\AppData\Roaming\.minecraft\saves\CTF-1.21.10 v1.29 - fleche explo\datapacks\Magic_FR\data\main\function\items_positions\archers\item_conflict\spell3\fix_conflict.mcfunction", "mcfunction", 3, 0, 1, 1, 5
"c:\Users\FlowUP\AppData\Roaming\.minecraft\saves\CTF-1.21.10 v1.29 - fleche explo\datapacks\Magic_FR\data\main\function\items_positions\archers\save_item_positions.mcfunction", "mcfunction", 6, 0, 2, 2, 10
"c:\Users\FlowUP\AppData\Roaming\.minecraft\saves\CTF-1.21.10 v1.29 - fleche explo\datapacks\Magic_FR\data\main\function\items_positions\determine_spell_order.mcfunction", "mcfunction", 144, 0, 18, 45, 207
"c:\Users\FlowUP\AppData\Roaming\.minecraft\saves\CTF-1.21.10 v1.29 - fleche explo\datapacks\Magic_FR\data\main\function\items_positions\item_save_system.mcfunction", "mcfunction", 13, 0, 4, 6, 23
"c:\Users\FlowUP\AppData\Roaming\.minecraft\saves\CTF-1.21.10 v1.29 - fleche explo\datapacks\Magic_FR\data\main\function\items_positions\mages\check_items_positions.mcfunction", "mcfunction", 27, 0, 1, 3, 31
"c:\Users\FlowUP\AppData\Roaming\.minecraft\saves\CTF-1.21.10 v1.29 - fleche explo\datapacks\Magic_FR\data\main\function\items_positions\mages\item_conflict\spell1\detect_conflict_spell1.mcfunction", "mcfunction", 5, 0, 2, 2, 9
"c:\Users\FlowUP\AppData\Roaming\.minecraft\saves\CTF-1.21.10 v1.29 - fleche explo\datapacks\Magic_FR\data\main\function\items_positions\mages\item_conflict\spell1\fix_conflict.mcfunction", "mcfunction", 3, 0, 1, 1, 5
"c:\Users\FlowUP\AppData\Roaming\.minecraft\saves\CTF-1.21.10 v1.29 - fleche explo\datapacks\Magic_FR\data\main\function\items_positions\mages\item_conflict\spell2\detect_conflict_spell2.mcfunction", "mcfunction", 5, 0, 2, 2, 9
"c:\Users\FlowUP\AppData\Roaming\.minecraft\saves\CTF-1.21.10 v1.29 - fleche explo\datapacks\Magic_FR\data\main\function\items_positions\mages\item_conflict\spell2\fix_conflict.mcfunction", "mcfunction", 3, 0, 1, 1, 5
"c:\Users\FlowUP\AppData\Roaming\.minecraft\saves\CTF-1.21.10 v1.29 - fleche explo\datapacks\Magic_FR\data\main\function\items_positions\mages\item_conflict\spell3\detect_conflict_spell3.mcfunction", "mcfunction", 5, 0, 2, 2, 9
"c:\Users\FlowUP\AppData\Roaming\.minecraft\saves\CTF-1.21.10 v1.29 - fleche explo\datapacks\Magic_FR\data\main\function\items_positions\mages\item_conflict\spell3\fix_conflict.mcfunction", "mcfunction", 3, 0, 1, 1, 5
"c:\Users\FlowUP\AppData\Roaming\.minecraft\saves\CTF-1.21.10 v1.29 - fleche explo\datapacks\Magic_FR\data\main\function\items_positions\mages\save_item_positions.mcfunction", "mcfunction", 5, 0, 2, 2, 9
"c:\Users\FlowUP\AppData\Roaming\.minecraft\saves\CTF-1.21.10 v1.29 - fleche explo\datapacks\Magic_FR\data\main\function\items_positions\rogues\check_items_positions.mcfunction", "mcfunction", 27, 0, 1, 3, 31
"c:\Users\FlowUP\AppData\Roaming\.minecraft\saves\CTF-1.21.10 v1.29 - fleche explo\datapacks\Magic_FR\data\main\function\items_positions\rogues\item_conflict\spell1\detect_conflict_spell1.mcfunction", "mcfunction", 5, 0, 2, 2, 9
"c:\Users\FlowUP\AppData\Roaming\.minecraft\saves\CTF-1.21.10 v1.29 - fleche explo\datapacks\Magic_FR\data\main\function\items_positions\rogues\item_conflict\spell1\fix_conflict.mcfunction", "mcfunction", 3, 0, 1, 1, 5
"c:\Users\FlowUP\AppData\Roaming\.minecraft\saves\CTF-1.21.10 v1.29 - fleche explo\datapacks\Magic_FR\data\main\function\items_positions\rogues\item_conflict\spell2\detect_conflict_spell2.mcfunction", "mcfunction", 5, 0, 2, 2, 9
"c:\Users\FlowUP\AppData\Roaming\.minecraft\saves\CTF-1.21.10 v1.29 - fleche explo\datapacks\Magic_FR\data\main\function\items_positions\rogues\item_conflict\spell2\fix_conflict.mcfunction", "mcfunction", 3, 0, 1, 1, 5
"c:\Users\FlowUP\AppData\Roaming\.minecraft\saves\CTF-1.21.10 v1.29 - fleche explo\datapacks\Magic_FR\data\main\function\items_positions\rogues\item_conflict\spell3\detect_conflict_spell3.mcfunction", "mcfunction", 5, 0, 2, 2, 9
"c:\Users\FlowUP\AppData\Roaming\.minecraft\saves\CTF-1.21.10 v1.29 - fleche explo\datapacks\Magic_FR\data\main\function\items_positions\rogues\item_conflict\spell3\fix_conflict.mcfunction", "mcfunction", 3, 0, 1, 1, 5
"c:\Users\FlowUP\AppData\Roaming\.minecraft\saves\CTF-1.21.10 v1.29 - fleche explo\datapacks\Magic_FR\data\main\function\items_positions\rogues\save_item_positions.mcfunction", "mcfunction", 5, 0, 2, 2, 9
"c:\Users\FlowUP\AppData\Roaming\.minecraft\saves\CTF-1.21.10 v1.29 - fleche explo\datapacks\Magic_FR\data\main\function\items_positions\used_keybind2.mcfunction", "mcfunction", 5, 0, 2, 3, 10
"c:\Users\FlowUP\AppData\Roaming\.minecraft\saves\CTF-1.21.10 v1.29 - fleche explo\datapacks\Magic_FR\data\main\function\items_positions\warriors\check_items_positions.mcfunction", "mcfunction", 27, 0, 1, 3, 31
"c:\Users\FlowUP\AppData\Roaming\.minecraft\saves\CTF-1.21.10 v1.29 - fleche explo\datapacks\Magic_FR\data\main\function\items_positions\warriors\item_conflict\spell1\detect_conflict_spell1.mcfunction", "mcfunction", 5, 0, 2, 2, 9
"c:\Users\FlowUP\AppData\Roaming\.minecraft\saves\CTF-1.21.10 v1.29 - fleche explo\datapacks\Magic_FR\data\main\function\items_positions\warriors\item_conflict\spell1\fix_conflict.mcfunction", "mcfunction", 3, 0, 1, 1, 5
"c:\Users\FlowUP\AppData\Roaming\.minecraft\saves\CTF-1.21.10 v1.29 - fleche explo\datapacks\Magic_FR\data\main\function\items_positions\warriors\item_conflict\spell2\detect_conflict_spell2.mcfunction", "mcfunction", 5, 0, 2, 2, 9
"c:\Users\FlowUP\AppData\Roaming\.minecraft\saves\CTF-1.21.10 v1.29 - fleche explo\datapacks\Magic_FR\data\main\function\items_positions\warriors\item_conflict\spell2\fix_conflict.mcfunction", "mcfunction", 3, 0, 1, 1, 5
"c:\Users\FlowUP\AppData\Roaming\.minecraft\saves\CTF-1.21.10 v1.29 - fleche explo\datapacks\Magic_FR\data\main\function\items_positions\warriors\item_conflict\spell3\detect_conflict_spell3.mcfunction", "mcfunction", 5, 0, 2, 2, 9
"c:\Users\FlowUP\AppData\Roaming\.minecraft\saves\CTF-1.21.10 v1.29 - fleche explo\datapacks\Magic_FR\data\main\function\items_positions\warriors\item_conflict\spell3\fix_conflict.mcfunction", "mcfunction", 3, 0, 1, 1, 5
"c:\Users\FlowUP\AppData\Roaming\.minecraft\saves\CTF-1.21.10 v1.29 - fleche explo\datapacks\Magic_FR\data\main\function\items_positions\warriors\save_item_positions.mcfunction", "mcfunction", 5, 0, 3, 2, 10
"c:\Users\FlowUP\AppData\Roaming\.minecraft\saves\CTF-1.21.10 v1.29 - fleche explo\datapacks\Magic_FR\data\main\function\launch_arena\all_ready.mcfunction", "mcfunction", 117, 0, 17, 24, 158
"c:\Users\FlowUP\AppData\Roaming\.minecraft\saves\CTF-1.21.10 v1.29 - fleche explo\datapacks\Magic_FR\data\main\function\launch_arena\launch_map_candyworld.mcfunction", "mcfunction", 34, 0, 20, 10, 64
"c:\Users\FlowUP\AppData\Roaming\.minecraft\saves\CTF-1.21.10 v1.29 - fleche explo\datapacks\Magic_FR\data\main\function\launch_arena\launch_map_factory.mcfunction", "mcfunction", 83, 0, 31, 64, 178
"c:\Users\FlowUP\AppData\Roaming\.minecraft\saves\CTF-1.21.10 v1.29 - fleche explo\datapacks\Magic_FR\data\main\function\launch_arena\launch_map_graveyard.mcfunction", "mcfunction", 62, 0, 20, 15, 97
"c:\Users\FlowUP\AppData\Roaming\.minecraft\saves\CTF-1.21.10 v1.29 - fleche explo\datapacks\Magic_FR\data\main\function\launch_arena\launch_map_pirate.mcfunction", "mcfunction", 33, 0, 19, 10, 62
"c:\Users\FlowUP\AppData\Roaming\.minecraft\saves\CTF-1.21.10 v1.29 - fleche explo\datapacks\Magic_FR\data\main\function\launch_arena\launch_map_ruin.mcfunction", "mcfunction", 32, 0, 20, 10, 62
"c:\Users\FlowUP\AppData\Roaming\.minecraft\saves\CTF-1.21.10 v1.29 - fleche explo\datapacks\Magic_FR\data\main\function\launch_arena\launch_map_volcano.mcfunction", "mcfunction", 32, 0, 20, 10, 62
"c:\Users\FlowUP\AppData\Roaming\.minecraft\saves\CTF-1.21.10 v1.29 - fleche explo\datapacks\Magic_FR\data\main\function\launch_arena\setup_bossbar.mcfunction", "mcfunction", 23, 0, 4, 5, 32
"c:\Users\FlowUP\AppData\Roaming\.minecraft\saves\CTF-1.21.10 v1.29 - fleche explo\datapacks\Magic_FR\data\main\function\launch_arena\timer1.mcfunction", "mcfunction", 6, 0, 2, 2, 10
"c:\Users\FlowUP\AppData\Roaming\.minecraft\saves\CTF-1.21.10 v1.29 - fleche explo\datapacks\Magic_FR\data\main\function\launch_arena\timer2.mcfunction", "mcfunction", 2, 0, 1, 0, 3
"c:\Users\FlowUP\AppData\Roaming\.minecraft\saves\CTF-1.21.10 v1.29 - fleche explo\datapacks\Magic_FR\data\main\function\launch_arena\timer3.mcfunction", "mcfunction", 2, 0, 1, 0, 3
"c:\Users\FlowUP\AppData\Roaming\.minecraft\saves\CTF-1.21.10 v1.29 - fleche explo\datapacks\Magic_FR\data\main\function\launch_arena\timer_end.mcfunction", "mcfunction", 20, 0, 4, 4, 28
"c:\Users\FlowUP\AppData\Roaming\.minecraft\saves\CTF-1.21.10 v1.29 - fleche explo\datapacks\Magic_FR\data\main\function\load.mcfunction", "mcfunction", 0, 0, 4, 0, 4
"c:\Users\FlowUP\AppData\Roaming\.minecraft\saves\CTF-1.21.10 v1.29 - fleche explo\datapacks\Magic_FR\data\main\function\loop.mcfunction", "mcfunction", 17, 0, 13, 16, 46
"c:\Users\FlowUP\AppData\Roaming\.minecraft\saves\CTF-1.21.10 v1.29 - fleche explo\datapacks\Magic_FR\data\main\function\map_randomizer\full_randomization\full_randomization.mcfunction", "mcfunction", 2, 0, 3, 1, 6
"c:\Users\FlowUP\AppData\Roaming\.minecraft\saves\CTF-1.21.10 v1.29 - fleche explo\datapacks\Magic_FR\data\main\function\map_randomizer\limited_randomization\limited_randomization.mcfunction", "mcfunction", 4, 0, 6, 3, 13
"c:\Users\FlowUP\AppData\Roaming\.minecraft\saves\CTF-1.21.10 v1.29 - fleche explo\datapacks\Magic_FR\data\main\function\map_randomizer\limited_randomization\round1\round1.mcfunction", "mcfunction", 3, 0, 4, 3, 10
"c:\Users\FlowUP\AppData\Roaming\.minecraft\saves\CTF-1.21.10 v1.29 - fleche explo\datapacks\Magic_FR\data\main\function\map_randomizer\limited_randomization\round2\round2.mcfunction", "mcfunction", 2, 0, 4, 3, 9
"c:\Users\FlowUP\AppData\Roaming\.minecraft\saves\CTF-1.21.10 v1.29 - fleche explo\datapacks\Magic_FR\data\main\function\map_randomizer\limited_randomization\round2\round2_clock.mcfunction", "mcfunction", 3, 0, 4, 2, 9
"c:\Users\FlowUP\AppData\Roaming\.minecraft\saves\CTF-1.21.10 v1.29 - fleche explo\datapacks\Magic_FR\data\main\function\map_randomizer\limited_randomization\round3\round3.mcfunction", "mcfunction", 2, 0, 4, 3, 9
"c:\Users\FlowUP\AppData\Roaming\.minecraft\saves\CTF-1.21.10 v1.29 - fleche explo\datapacks\Magic_FR\data\main\function\map_randomizer\limited_randomization\round3\round3_clock.mcfunction", "mcfunction", 4, 0, 5, 2, 11
"c:\Users\FlowUP\AppData\Roaming\.minecraft\saves\CTF-1.21.10 v1.29 - fleche explo\datapacks\Magic_FR\data\main\function\map_randomizer\limited_randomization\round4\round4.mcfunction", "mcfunction", 1, 0, 3, 2, 6
"c:\Users\FlowUP\AppData\Roaming\.minecraft\saves\CTF-1.21.10 v1.29 - fleche explo\datapacks\Magic_FR\data\main\function\map_randomizer\limited_randomization\round4\round4_clock.mcfunction", "mcfunction", 5, 0, 6, 2, 13
"c:\Users\FlowUP\AppData\Roaming\.minecraft\saves\CTF-1.21.10 v1.29 - fleche explo\datapacks\Magic_FR\data\main\function\map_randomizer\predefined_map\predefined_map.mcfunction", "mcfunction", 4, 0, 2, 1, 7
"c:\Users\FlowUP\AppData\Roaming\.minecraft\saves\CTF-1.21.10 v1.29 - fleche explo\datapacks\Magic_FR\data\main\function\reconnect\display_secondary_objective\display.mcfunction", "mcfunction", 3, 0, 2, 2, 7
"c:\Users\FlowUP\AppData\Roaming\.minecraft\saves\CTF-1.21.10 v1.29 - fleche explo\datapacks\Magic_FR\data\main\function\reconnect\put_back_in_lobby.mcfunction", "mcfunction", 63, 0, 7, 17, 87
"c:\Users\FlowUP\AppData\Roaming\.minecraft\saves\CTF-1.21.10 v1.29 - fleche explo\datapacks\Magic_FR\data\main\function\reconnect\refresh_leaderboard\give_stat_book.mcfunction", "mcfunction", 12, 0, 1, 12, 25
"c:\Users\FlowUP\AppData\Roaming\.minecraft\saves\CTF-1.21.10 v1.29 - fleche explo\datapacks\Magic_FR\data\main\function\reconnect\refresh_leaderboard\refresh_leaderboard.mcfunction", "mcfunction", 8, 0, 5, 6, 19
"c:\Users\FlowUP\AppData\Roaming\.minecraft\saves\CTF-1.21.10 v1.29 - fleche explo\datapacks\Magic_FR\data\main\function\reconnect\someone_joined_during_match.mcfunction", "mcfunction", 40, 0, 7, 9, 56
"c:\Users\FlowUP\AppData\Roaming\.minecraft\saves\CTF-1.21.10 v1.29 - fleche explo\datapacks\Magic_FR\data\main\function\reconnect\someone_reconnected.mcfunction", "mcfunction", 12, 0, 5, 7, 24
"c:\Users\FlowUP\AppData\Roaming\.minecraft\saves\CTF-1.21.10 v1.29 - fleche explo\datapacks\Magic_FR\data\main\function\reset\inisialisation.mcfunction", "mcfunction", 69, 0, 14, 21, 104
"c:\Users\FlowUP\AppData\Roaming\.minecraft\saves\CTF-1.21.10 v1.29 - fleche explo\datapacks\Magic_FR\data\main\function\reset\reset_control_point.mcfunction", "mcfunction", 20, 0, 6, 4, 30
"c:\Users\FlowUP\AppData\Roaming\.minecraft\saves\CTF-1.21.10 v1.29 - fleche explo\datapacks\Magic_FR\data\main\function\reset\reset_golem.mcfunction", "mcfunction", 9, 0, 6, 4, 19
"c:\Users\FlowUP\AppData\Roaming\.minecraft\saves\CTF-1.21.10 v1.29 - fleche explo\datapacks\Magic_FR\data\main\function\reset\reset_lich.mcfunction", "mcfunction", 13, 0, 8, 6, 27
"c:\Users\FlowUP\AppData\Roaming\.minecraft\saves\CTF-1.21.10 v1.29 - fleche explo\datapacks\Magic_FR\data\main\function\reset\reset_living_cherry.mcfunction", "mcfunction", 11, 0, 7, 5, 23
"c:\Users\FlowUP\AppData\Roaming\.minecraft\saves\CTF-1.21.10 v1.29 - fleche explo\datapacks\Magic_FR\data\main\function\reset\reset_map\reset_map_candyworld.mcfunction", "mcfunction", 34, 0, 13, 11, 58
"c:\Users\FlowUP\AppData\Roaming\.minecraft\saves\CTF-1.21.10 v1.29 - fleche explo\datapacks\Magic_FR\data\main\function\reset\reset_map\reset_map_factory.mcfunction", "mcfunction", 35, 0, 13, 7, 55
"c:\Users\FlowUP\AppData\Roaming\.minecraft\saves\CTF-1.21.10 v1.29 - fleche explo\datapacks\Magic_FR\data\main\function\reset\reset_map\reset_map_graveyard.mcfunction", "mcfunction", 47, 0, 12, 8, 67
"c:\Users\FlowUP\AppData\Roaming\.minecraft\saves\CTF-1.21.10 v1.29 - fleche explo\datapacks\Magic_FR\data\main\function\reset\reset_map\reset_map_pirate.mcfunction", "mcfunction", 28, 0, 13, 9, 50
"c:\Users\FlowUP\AppData\Roaming\.minecraft\saves\CTF-1.21.10 v1.29 - fleche explo\datapacks\Magic_FR\data\main\function\reset\reset_map\reset_map_ruin.mcfunction", "mcfunction", 8, 0, 6, 6, 20
"c:\Users\FlowUP\AppData\Roaming\.minecraft\saves\CTF-1.21.10 v1.29 - fleche explo\datapacks\Magic_FR\data\main\function\reset\reset_map\reset_map_volcano.mcfunction", "mcfunction", 12, 0, 8, 5, 25
"c:\Users\FlowUP\AppData\Roaming\.minecraft\saves\CTF-1.21.10 v1.29 - fleche explo\datapacks\Magic_FR\data\main\function\reset\reset_map\reset_movable_blocs\pirate_map.mcfunction", "mcfunction", 12, 0, 3, 6, 21
"c:\Users\FlowUP\AppData\Roaming\.minecraft\saves\CTF-1.21.10 v1.29 - fleche explo\datapacks\Magic_FR\data\main\function\reset\reset_slime.mcfunction", "mcfunction", 2, 0, 1, 1, 4
"c:\Users\FlowUP\AppData\Roaming\.minecraft\saves\CTF-1.21.10 v1.29 - fleche explo\datapacks\Magic_FR\data\main\function\reset\resetachats.mcfunction", "mcfunction", 11, 0, 1, 2, 14
"c:\Users\FlowUP\AppData\Roaming\.minecraft\saves\CTF-1.21.10 v1.29 - fleche explo\datapacks\Magic_FR\data\main\function\reset\resetadv.mcfunction", "mcfunction", 6, 0, 1, 2, 9
"c:\Users\FlowUP\AppData\Roaming\.minecraft\saves\CTF-1.21.10 v1.29 - fleche explo\datapacks\Magic_FR\data\main\function\reset\resetclass.mcfunction", "mcfunction", 4, 0, 1, 1, 6
"c:\Users\FlowUP\AppData\Roaming\.minecraft\saves\CTF-1.21.10 v1.29 - fleche explo\datapacks\Magic_FR\data\main\function\reset\resetctf.mcfunction", "mcfunction", 3, 0, 1, 1, 5
"c:\Users\FlowUP\AppData\Roaming\.minecraft\saves\CTF-1.21.10 v1.29 - fleche explo\datapacks\Magic_FR\data\main\function\reset\resetframeroom.mcfunction", "mcfunction", 130, 0, 151, 169, 450
"c:\Users\FlowUP\AppData\Roaming\.minecraft\saves\CTF-1.21.10 v1.29 - fleche explo\datapacks\Magic_FR\data\main\function\reset\resetspells.mcfunction", "mcfunction", 259, 0, 10, 14, 283
"c:\Users\FlowUP\AppData\Roaming\.minecraft\saves\CTF-1.21.10 v1.29 - fleche explo\datapacks\Magic_FR\data\main\function\reset\setup_stuff.mcfunction", "mcfunction", 5, 0, 2, 2, 9
"c:\Users\FlowUP\AppData\Roaming\.minecraft\saves\CTF-1.21.10 v1.29 - fleche explo\datapacks\Magic_FR\data\main\function\reset\setupbossbar.mcfunction", "mcfunction", 661, 0, 12, 24, 697
"c:\Users\FlowUP\AppData\Roaming\.minecraft\saves\CTF-1.21.10 v1.29 - fleche explo\datapacks\Magic_FR\data\main\function\reset\setupspells.mcfunction", "mcfunction", 33, 0, 1, 2, 36
"c:\Users\FlowUP\AppData\Roaming\.minecraft\saves\CTF-1.21.10 v1.29 - fleche explo\datapacks\Magic_FR\data\main\function\reset\setupstorage.mcfunction", "mcfunction", 74, 0, 8, 26, 108
"c:\Users\FlowUP\AppData\Roaming\.minecraft\saves\CTF-1.21.10 v1.29 - fleche explo\datapacks\Magic_FR\data\main\function\reset\setupteam.mcfunction", "mcfunction", 104, 0, 11, 13, 128
"c:\Users\FlowUP\AppData\Roaming\.minecraft\saves\CTF-1.21.10 v1.29 - fleche explo\datapacks\Magic_FR\data\main\function\ressource_pack_detector\display_something_else\show_another_message.mcfunction", "mcfunction", 2, 0, 1, 1, 4
"c:\Users\FlowUP\AppData\Roaming\.minecraft\saves\CTF-1.21.10 v1.29 - fleche explo\datapacks\Magic_FR\data\main\function\ressource_pack_detector\display_something_else\show_message_again.mcfunction", "mcfunction", 2, 0, 1, 1, 4
"c:\Users\FlowUP\AppData\Roaming\.minecraft\saves\CTF-1.21.10 v1.29 - fleche explo\datapacks\Magic_FR\data\main\function\ressource_pack_detector\ressource_pack_detector.mcfunction", "mcfunction", 3, 0, 4, 4, 11
"c:\Users\FlowUP\AppData\Roaming\.minecraft\saves\CTF-1.21.10 v1.29 - fleche explo\datapacks\Magic_FR\data\main\function\round_end\blue_completed_objective.mcfunction", "mcfunction", 2, 0, 2, 1, 5
"c:\Users\FlowUP\AppData\Roaming\.minecraft\saves\CTF-1.21.10 v1.29 - fleche explo\datapacks\Magic_FR\data\main\function\round_end\go_to_shop.mcfunction", "mcfunction", 112, 0, 27, 31, 170
"c:\Users\FlowUP\AppData\Roaming\.minecraft\saves\CTF-1.21.10 v1.29 - fleche explo\datapacks\Magic_FR\data\main\function\round_end\red_completed_objective.mcfunction", "mcfunction", 2, 0, 2, 1, 5
"c:\Users\FlowUP\AppData\Roaming\.minecraft\saves\CTF-1.21.10 v1.29 - fleche explo\datapacks\Magic_FR\data\main\function\round_end\tp_and_set_spawnpoint.mcfunction", "mcfunction", 2, 0, 1, 1, 4
"c:\Users\FlowUP\AppData\Roaming\.minecraft\saves\CTF-1.21.10 v1.29 - fleche explo\datapacks\Magic_FR\data\main\function\start_game\make_frameroom_blue.mcfunction", "mcfunction", 6, 0, 1, 1, 8
"c:\Users\FlowUP\AppData\Roaming\.minecraft\saves\CTF-1.21.10 v1.29 - fleche explo\datapacks\Magic_FR\data\main\function\start_game\make_frameroom_red.mcfunction", "mcfunction", 6, 0, 1, 1, 8
"c:\Users\FlowUP\AppData\Roaming\.minecraft\saves\CTF-1.21.10 v1.29 - fleche explo\datapacks\Magic_FR\data\main\function\start_game\players\player_1.mcfunction", "mcfunction", 10, 0, 3, 2, 15
"c:\Users\FlowUP\AppData\Roaming\.minecraft\saves\CTF-1.21.10 v1.29 - fleche explo\datapacks\Magic_FR\data\main\function\start_game\players\player_10.mcfunction", "mcfunction", 10, 0, 3, 2, 15
"c:\Users\FlowUP\AppData\Roaming\.minecraft\saves\CTF-1.21.10 v1.29 - fleche explo\datapacks\Magic_FR\data\main\function\start_game\players\player_11.mcfunction", "mcfunction", 10, 0, 3, 2, 15
"c:\Users\FlowUP\AppData\Roaming\.minecraft\saves\CTF-1.21.10 v1.29 - fleche explo\datapacks\Magic_FR\data\main\function\start_game\players\player_12.mcfunction", "mcfunction", 10, 0, 3, 2, 15
"c:\Users\FlowUP\AppData\Roaming\.minecraft\saves\CTF-1.21.10 v1.29 - fleche explo\datapacks\Magic_FR\data\main\function\start_game\players\player_2.mcfunction", "mcfunction", 10, 0, 3, 2, 15
"c:\Users\FlowUP\AppData\Roaming\.minecraft\saves\CTF-1.21.10 v1.29 - fleche explo\datapacks\Magic_FR\data\main\function\start_game\players\player_3.mcfunction", "mcfunction", 10, 0, 3, 2, 15
"c:\Users\FlowUP\AppData\Roaming\.minecraft\saves\CTF-1.21.10 v1.29 - fleche explo\datapacks\Magic_FR\data\main\function\start_game\players\player_4.mcfunction", "mcfunction", 10, 0, 3, 2, 15
"c:\Users\FlowUP\AppData\Roaming\.minecraft\saves\CTF-1.21.10 v1.29 - fleche explo\datapacks\Magic_FR\data\main\function\start_game\players\player_5.mcfunction", "mcfunction", 10, 0, 3, 2, 15
"c:\Users\FlowUP\AppData\Roaming\.minecraft\saves\CTF-1.21.10 v1.29 - fleche explo\datapacks\Magic_FR\data\main\function\start_game\players\player_6.mcfunction", "mcfunction", 10, 0, 3, 2, 15
"c:\Users\FlowUP\AppData\Roaming\.minecraft\saves\CTF-1.21.10 v1.29 - fleche explo\datapacks\Magic_FR\data\main\function\start_game\players\player_7.mcfunction", "mcfunction", 10, 0, 3, 2, 15
"c:\Users\FlowUP\AppData\Roaming\.minecraft\saves\CTF-1.21.10 v1.29 - fleche explo\datapacks\Magic_FR\data\main\function\start_game\players\player_8.mcfunction", "mcfunction", 10, 0, 3, 2, 15
"c:\Users\FlowUP\AppData\Roaming\.minecraft\saves\CTF-1.21.10 v1.29 - fleche explo\datapacks\Magic_FR\data\main\function\start_game\players\player_9.mcfunction", "mcfunction", 10, 0, 3, 2, 15
"c:\Users\FlowUP\AppData\Roaming\.minecraft\saves\CTF-1.21.10 v1.29 - fleche explo\datapacks\Magic_FR\data\main\function\start_game\start_game.mcfunction", "mcfunction", 142, 0, 44, 40, 226
"c:\Users\FlowUP\AppData\Roaming\.minecraft\saves\CTF-1.21.10 v1.29 - fleche explo\datapacks\Magic_FR\data\main\function\stats\bow\bow_damage\hit.mcfunction", "mcfunction", 2, 0, 1, 2, 5
"c:\Users\FlowUP\AppData\Roaming\.minecraft\saves\CTF-1.21.10 v1.29 - fleche explo\datapacks\Magic_FR\data\main\function\stats\bow\bow_damage\store_hp_before.mcfunction", "mcfunction", 5, 0, 2, 1, 8
"c:\Users\FlowUP\AppData\Roaming\.minecraft\saves\CTF-1.21.10 v1.29 - fleche explo\datapacks\Magic_FR\data\main\function\stats\bow\bow_damage\victim_hit.mcfunction", "mcfunction", 32, 0, 11, 13, 56
"c:\Users\FlowUP\AppData\Roaming\.minecraft\saves\CTF-1.21.10 v1.29 - fleche explo\datapacks\Magic_FR\data\main\function\stats\bow\bow_kill\bow_kill.mcfunction", "mcfunction", 2, 0, 1, 2, 5
"c:\Users\FlowUP\AppData\Roaming\.minecraft\saves\CTF-1.21.10 v1.29 - fleche explo\datapacks\Magic_FR\data\main\function\stats\calculate_dmg_dealth\calculate_dmg_taken.mcfunction", "mcfunction", 46, 0, 14, 6, 66
"c:\Users\FlowUP\AppData\Roaming\.minecraft\saves\CTF-1.21.10 v1.29 - fleche explo\datapacks\Magic_FR\data\main\function\stats\calculate_dmg_dealth\calculate_dmg_taken_arrow.mcfunction", "mcfunction", 35, 0, 13, 7, 55
"c:\Users\FlowUP\AppData\Roaming\.minecraft\saves\CTF-1.21.10 v1.29 - fleche explo\datapacks\Magic_FR\data\main\function\stats\calculate_dmg_dealth\calculate_dmg_taken_dead.mcfunction", "mcfunction", 41, 0, 8, 5, 54
"c:\Users\FlowUP\AppData\Roaming\.minecraft\saves\CTF-1.21.10 v1.29 - fleche explo\datapacks\Magic_FR\data\main\function\stats\calculate_dmg_dealth\calculate_dmg_taken_dead_arrow.mcfunction", "mcfunction", 30, 0, 7, 5, 42
"c:\Users\FlowUP\AppData\Roaming\.minecraft\saves\CTF-1.21.10 v1.29 - fleche explo\datapacks\Magic_FR\data\main\function\stats\calculate_dmg_dealth\store_hp_after.mcfunction", "mcfunction", 2, 0, 2, 1, 5
"c:\Users\FlowUP\AppData\Roaming\.minecraft\saves\CTF-1.21.10 v1.29 - fleche explo\datapacks\Magic_FR\data\main\function\stats\calculate_dmg_dealth\store_hp_before.mcfunction", "mcfunction", 5, 0, 7, 2, 14
"c:\Users\FlowUP\AppData\Roaming\.minecraft\saves\CTF-1.21.10 v1.29 - fleche explo\datapacks\Magic_FR\data\main\function\stats\calculate_dmg_taken\died.mcfunction", "mcfunction", 2, 0, 4, 2, 8
"c:\Users\FlowUP\AppData\Roaming\.minecraft\saves\CTF-1.21.10 v1.29 - fleche explo\datapacks\Magic_FR\data\main\function\stats\calculate_dmg_taken\took_dmg.mcfunction", "mcfunction", 4, 0, 3, 3, 10
"c:\Users\FlowUP\AppData\Roaming\.minecraft\saves\CTF-1.21.10 v1.29 - fleche explo\datapacks\Magic_FR\data\main\function\stats\leaderboard\clear_leaderboard.mcfunction", "mcfunction", 5, 0, 4, 3, 12
"c:\Users\FlowUP\AppData\Roaming\.minecraft\saves\CTF-1.21.10 v1.29 - fleche explo\datapacks\Magic_FR\data\main\function\stats\leaderboard\display\deathcount.mcfunction", "mcfunction", 157, 0, 3, 13, 173
"c:\Users\FlowUP\AppData\Roaming\.minecraft\saves\CTF-1.21.10 v1.29 - fleche explo\datapacks\Magic_FR\data\main\function\stats\leaderboard\display\dmg_taken.mcfunction", "mcfunction", 157, 0, 3, 13, 173
"c:\Users\FlowUP\AppData\Roaming\.minecraft\saves\CTF-1.21.10 v1.29 - fleche explo\datapacks\Magic_FR\data\main\function\stats\leaderboard\display\flag_earned.mcfunction", "mcfunction", 157, 0, 3, 13, 173
"c:\Users\FlowUP\AppData\Roaming\.minecraft\saves\CTF-1.21.10 v1.29 - fleche explo\datapacks\Magic_FR\data\main\function\stats\leaderboard\display\give_equipement\archer.mcfunction", "mcfunction", 41, 0, 46, 5, 92
"c:\Users\FlowUP\AppData\Roaming\.minecraft\saves\CTF-1.21.10 v1.29 - fleche explo\datapacks\Magic_FR\data\main\function\stats\leaderboard\display\give_equipement\give_equipement.mcfunction", "mcfunction", 4, 0, 2, 1, 7
"c:\Users\FlowUP\AppData\Roaming\.minecraft\saves\CTF-1.21.10 v1.29 - fleche explo\datapacks\Magic_FR\data\main\function\stats\leaderboard\display\give_equipement\mage.mcfunction", "mcfunction", 41, 0, 35, 4, 80
"c:\Users\FlowUP\AppData\Roaming\.minecraft\saves\CTF-1.21.10 v1.29 - fleche explo\datapacks\Magic_FR\data\main\function\stats\leaderboard\display\give_equipement\rogue.mcfunction", "mcfunction", 41, 0, 36, 11, 88
"c:\Users\FlowUP\AppData\Roaming\.minecraft\saves\CTF-1.21.10 v1.29 - fleche explo\datapacks\Magic_FR\data\main\function\stats\leaderboard\display\give_equipement\warrior.mcfunction", "mcfunction", 41, 0, 47, 11, 99
"c:\Users\FlowUP\AppData\Roaming\.minecraft\saves\CTF-1.21.10 v1.29 - fleche explo\datapacks\Magic_FR\data\main\function\stats\leaderboard\display\kd_ratio.mcfunction", "mcfunction", 181, 0, 5, 15, 201
"c:\Users\FlowUP\AppData\Roaming\.minecraft\saves\CTF-1.21.10 v1.29 - fleche explo\datapacks\Magic_FR\data\main\function\stats\leaderboard\display\killcount.mcfunction", "mcfunction", 157, 0, 3, 13, 173
"c:\Users\FlowUP\AppData\Roaming\.minecraft\saves\CTF-1.21.10 v1.29 - fleche explo\datapacks\Magic_FR\data\main\function\stats\leaderboard\display\total_dmg.mcfunction", "mcfunction", 157, 0, 3, 13, 173
"c:\Users\FlowUP\AppData\Roaming\.minecraft\saves\CTF-1.21.10 v1.29 - fleche explo\datapacks\Magic_FR\data\main\function\stats\leaderboard\setup_leaderboard_endgame.mcfunction", "mcfunction", 4, 0, 4, 4, 12
"c:\Users\FlowUP\AppData\Roaming\.minecraft\saves\CTF-1.21.10 v1.29 - fleche explo\datapacks\Magic_FR\data\main\function\stats\leaderboard\sort_stats\sort_bow_dmg\save_place.mcfunction", "mcfunction", 14, 0, 4, 3, 21
"c:\Users\FlowUP\AppData\Roaming\.minecraft\saves\CTF-1.21.10 v1.29 - fleche explo\datapacks\Magic_FR\data\main\function\stats\leaderboard\sort_stats\sort_bow_dmg\save_player_stats\rank1.mcfunction", "mcfunction", 121, 0, 3, 11, 135
"c:\Users\FlowUP\AppData\Roaming\.minecraft\saves\CTF-1.21.10 v1.29 - fleche explo\datapacks\Magic_FR\data\main\function\stats\leaderboard\sort_stats\sort_bow_dmg\save_player_stats\rank10.mcfunction", "mcfunction", 121, 0, 3, 11, 135
"c:\Users\FlowUP\AppData\Roaming\.minecraft\saves\CTF-1.21.10 v1.29 - fleche explo\datapacks\Magic_FR\data\main\function\stats\leaderboard\sort_stats\sort_bow_dmg\save_player_stats\rank11.mcfunction", "mcfunction", 121, 0, 3, 11, 135
"c:\Users\FlowUP\AppData\Roaming\.minecraft\saves\CTF-1.21.10 v1.29 - fleche explo\datapacks\Magic_FR\data\main\function\stats\leaderboard\sort_stats\sort_bow_dmg\save_player_stats\rank12.mcfunction", "mcfunction", 121, 0, 3, 11, 135
"c:\Users\FlowUP\AppData\Roaming\.minecraft\saves\CTF-1.21.10 v1.29 - fleche explo\datapacks\Magic_FR\data\main\function\stats\leaderboard\sort_stats\sort_bow_dmg\save_player_stats\rank2.mcfunction", "mcfunction", 121, 0, 3, 11, 135
"c:\Users\FlowUP\AppData\Roaming\.minecraft\saves\CTF-1.21.10 v1.29 - fleche explo\datapacks\Magic_FR\data\main\function\stats\leaderboard\sort_stats\sort_bow_dmg\save_player_stats\rank3.mcfunction", "mcfunction", 121, 0, 3, 11, 135
"c:\Users\FlowUP\AppData\Roaming\.minecraft\saves\CTF-1.21.10 v1.29 - fleche explo\datapacks\Magic_FR\data\main\function\stats\leaderboard\sort_stats\sort_bow_dmg\save_player_stats\rank4.mcfunction", "mcfunction", 121, 0, 3, 11, 135
"c:\Users\FlowUP\AppData\Roaming\.minecraft\saves\CTF-1.21.10 v1.29 - fleche explo\datapacks\Magic_FR\data\main\function\stats\leaderboard\sort_stats\sort_bow_dmg\save_player_stats\rank5.mcfunction", "mcfunction", 121, 0, 3, 11, 135
"c:\Users\FlowUP\AppData\Roaming\.minecraft\saves\CTF-1.21.10 v1.29 - fleche explo\datapacks\Magic_FR\data\main\function\stats\leaderboard\sort_stats\sort_bow_dmg\save_player_stats\rank6.mcfunction", "mcfunction", 121, 0, 3, 11, 135
"c:\Users\FlowUP\AppData\Roaming\.minecraft\saves\CTF-1.21.10 v1.29 - fleche explo\datapacks\Magic_FR\data\main\function\stats\leaderboard\sort_stats\sort_bow_dmg\save_player_stats\rank7.mcfunction", "mcfunction", 121, 0, 3, 11, 135
"c:\Users\FlowUP\AppData\Roaming\.minecraft\saves\CTF-1.21.10 v1.29 - fleche explo\datapacks\Magic_FR\data\main\function\stats\leaderboard\sort_stats\sort_bow_dmg\save_player_stats\rank8.mcfunction", "mcfunction", 121, 0, 3, 10, 134
"c:\Users\FlowUP\AppData\Roaming\.minecraft\saves\CTF-1.21.10 v1.29 - fleche explo\datapacks\Magic_FR\data\main\function\stats\leaderboard\sort_stats\sort_bow_dmg\save_player_stats\rank9.mcfunction", "mcfunction", 121, 0, 3, 10, 134
"c:\Users\FlowUP\AppData\Roaming\.minecraft\saves\CTF-1.21.10 v1.29 - fleche explo\datapacks\Magic_FR\data\main\function\stats\leaderboard\sort_stats\sort_bow_dmg\sort_bow_dmg.mcfunction", "mcfunction", 5, 0, 5, 5, 15
"c:\Users\FlowUP\AppData\Roaming\.minecraft\saves\CTF-1.21.10 v1.29 - fleche explo\datapacks\Magic_FR\data\main\function\stats\leaderboard\sort_stats\sort_bow_dmg\sorting_clock.mcfunction", "mcfunction", 7, 0, 8, 8, 23
"c:\Users\FlowUP\AppData\Roaming\.minecraft\saves\CTF-1.21.10 v1.29 - fleche explo\datapacks\Magic_FR\data\main\function\stats\leaderboard\sort_stats\sort_deathcount\save_place.mcfunction", "mcfunction", 14, 0, 4, 3, 21
"c:\Users\FlowUP\AppData\Roaming\.minecraft\saves\CTF-1.21.10 v1.29 - fleche explo\datapacks\Magic_FR\data\main\function\stats\leaderboard\sort_stats\sort_deathcount\save_player_stats\rank1.mcfunction", "mcfunction", 121, 0, 3, 11, 135
"c:\Users\FlowUP\AppData\Roaming\.minecraft\saves\CTF-1.21.10 v1.29 - fleche explo\datapacks\Magic_FR\data\main\function\stats\leaderboard\sort_stats\sort_deathcount\save_player_stats\rank10.mcfunction", "mcfunction", 121, 0, 3, 11, 135
"c:\Users\FlowUP\AppData\Roaming\.minecraft\saves\CTF-1.21.10 v1.29 - fleche explo\datapacks\Magic_FR\data\main\function\stats\leaderboard\sort_stats\sort_deathcount\save_player_stats\rank11.mcfunction", "mcfunction", 121, 0, 3, 11, 135
"c:\Users\FlowUP\AppData\Roaming\.minecraft\saves\CTF-1.21.10 v1.29 - fleche explo\datapacks\Magic_FR\data\main\function\stats\leaderboard\sort_stats\sort_deathcount\save_player_stats\rank12.mcfunction", "mcfunction", 121, 0, 3, 11, 135
"c:\Users\FlowUP\AppData\Roaming\.minecraft\saves\CTF-1.21.10 v1.29 - fleche explo\datapacks\Magic_FR\data\main\function\stats\leaderboard\sort_stats\sort_deathcount\save_player_stats\rank2.mcfunction", "mcfunction", 121, 0, 3, 11, 135
"c:\Users\FlowUP\AppData\Roaming\.minecraft\saves\CTF-1.21.10 v1.29 - fleche explo\datapacks\Magic_FR\data\main\function\stats\leaderboard\sort_stats\sort_deathcount\save_player_stats\rank3.mcfunction", "mcfunction", 121, 0, 3, 11, 135
"c:\Users\FlowUP\AppData\Roaming\.minecraft\saves\CTF-1.21.10 v1.29 - fleche explo\datapacks\Magic_FR\data\main\function\stats\leaderboard\sort_stats\sort_deathcount\save_player_stats\rank4.mcfunction", "mcfunction", 121, 0, 3, 11, 135
"c:\Users\FlowUP\AppData\Roaming\.minecraft\saves\CTF-1.21.10 v1.29 - fleche explo\datapacks\Magic_FR\data\main\function\stats\leaderboard\sort_stats\sort_deathcount\save_player_stats\rank5.mcfunction", "mcfunction", 121, 0, 3, 11, 135
"c:\Users\FlowUP\AppData\Roaming\.minecraft\saves\CTF-1.21.10 v1.29 - fleche explo\datapacks\Magic_FR\data\main\function\stats\leaderboard\sort_stats\sort_deathcount\save_player_stats\rank6.mcfunction", "mcfunction", 121, 0, 3, 11, 135
"c:\Users\FlowUP\AppData\Roaming\.minecraft\saves\CTF-1.21.10 v1.29 - fleche explo\datapacks\Magic_FR\data\main\function\stats\leaderboard\sort_stats\sort_deathcount\save_player_stats\rank7.mcfunction", "mcfunction", 121, 0, 3, 11, 135
"c:\Users\FlowUP\AppData\Roaming\.minecraft\saves\CTF-1.21.10 v1.29 - fleche explo\datapacks\Magic_FR\data\main\function\stats\leaderboard\sort_stats\sort_deathcount\save_player_stats\rank8.mcfunction", "mcfunction", 121, 0, 3, 11, 135
"c:\Users\FlowUP\AppData\Roaming\.minecraft\saves\CTF-1.21.10 v1.29 - fleche explo\datapacks\Magic_FR\data\main\function\stats\leaderboard\sort_stats\sort_deathcount\save_player_stats\rank9.mcfunction", "mcfunction", 121, 0, 3, 11, 135
"c:\Users\FlowUP\AppData\Roaming\.minecraft\saves\CTF-1.21.10 v1.29 - fleche explo\datapacks\Magic_FR\data\main\function\stats\leaderboard\sort_stats\sort_deathcount\sort_deathcount.mcfunction", "mcfunction", 5, 0, 5, 5, 15
"c:\Users\FlowUP\AppData\Roaming\.minecraft\saves\CTF-1.21.10 v1.29 - fleche explo\datapacks\Magic_FR\data\main\function\stats\leaderboard\sort_stats\sort_deathcount\sorting_clock.mcfunction", "mcfunction", 7, 0, 8, 8, 23
"c:\Users\FlowUP\AppData\Roaming\.minecraft\saves\CTF-1.21.10 v1.29 - fleche explo\datapacks\Magic_FR\data\main\function\stats\leaderboard\sort_stats\sort_dmg_taken\save_place.mcfunction", "mcfunction", 14, 0, 4, 3, 21
"c:\Users\FlowUP\AppData\Roaming\.minecraft\saves\CTF-1.21.10 v1.29 - fleche explo\datapacks\Magic_FR\data\main\function\stats\leaderboard\sort_stats\sort_dmg_taken\save_player_stats\rank1.mcfunction", "mcfunction", 121, 0, 3, 11, 135
"c:\Users\FlowUP\AppData\Roaming\.minecraft\saves\CTF-1.21.10 v1.29 - fleche explo\datapacks\Magic_FR\data\main\function\stats\leaderboard\sort_stats\sort_dmg_taken\save_player_stats\rank10.mcfunction", "mcfunction", 121, 0, 3, 11, 135
"c:\Users\FlowUP\AppData\Roaming\.minecraft\saves\CTF-1.21.10 v1.29 - fleche explo\datapacks\Magic_FR\data\main\function\stats\leaderboard\sort_stats\sort_dmg_taken\save_player_stats\rank11.mcfunction", "mcfunction", 121, 0, 3, 11, 135
"c:\Users\FlowUP\AppData\Roaming\.minecraft\saves\CTF-1.21.10 v1.29 - fleche explo\datapacks\Magic_FR\data\main\function\stats\leaderboard\sort_stats\sort_dmg_taken\save_player_stats\rank12.mcfunction", "mcfunction", 121, 0, 3, 11, 135
"c:\Users\FlowUP\AppData\Roaming\.minecraft\saves\CTF-1.21.10 v1.29 - fleche explo\datapacks\Magic_FR\data\main\function\stats\leaderboard\sort_stats\sort_dmg_taken\save_player_stats\rank2.mcfunction", "mcfunction", 121, 0, 3, 11, 135
"c:\Users\FlowUP\AppData\Roaming\.minecraft\saves\CTF-1.21.10 v1.29 - fleche explo\datapacks\Magic_FR\data\main\function\stats\leaderboard\sort_stats\sort_dmg_taken\save_player_stats\rank3.mcfunction", "mcfunction", 121, 0, 3, 11, 135
"c:\Users\FlowUP\AppData\Roaming\.minecraft\saves\CTF-1.21.10 v1.29 - fleche explo\datapacks\Magic_FR\data\main\function\stats\leaderboard\sort_stats\sort_dmg_taken\save_player_stats\rank4.mcfunction", "mcfunction", 121, 0, 3, 11, 135
"c:\Users\FlowUP\AppData\Roaming\.minecraft\saves\CTF-1.21.10 v1.29 - fleche explo\datapacks\Magic_FR\data\main\function\stats\leaderboard\sort_stats\sort_dmg_taken\save_player_stats\rank5.mcfunction", "mcfunction", 121, 0, 3, 11, 135
"c:\Users\FlowUP\AppData\Roaming\.minecraft\saves\CTF-1.21.10 v1.29 - fleche explo\datapacks\Magic_FR\data\main\function\stats\leaderboard\sort_stats\sort_dmg_taken\save_player_stats\rank6.mcfunction", "mcfunction", 121, 0, 3, 11, 135
"c:\Users\FlowUP\AppData\Roaming\.minecraft\saves\CTF-1.21.10 v1.29 - fleche explo\datapacks\Magic_FR\data\main\function\stats\leaderboard\sort_stats\sort_dmg_taken\save_player_stats\rank7.mcfunction", "mcfunction", 121, 0, 3, 11, 135
"c:\Users\FlowUP\AppData\Roaming\.minecraft\saves\CTF-1.21.10 v1.29 - fleche explo\datapacks\Magic_FR\data\main\function\stats\leaderboard\sort_stats\sort_dmg_taken\save_player_stats\rank8.mcfunction", "mcfunction", 121, 0, 3, 10, 134
"c:\Users\FlowUP\AppData\Roaming\.minecraft\saves\CTF-1.21.10 v1.29 - fleche explo\datapacks\Magic_FR\data\main\function\stats\leaderboard\sort_stats\sort_dmg_taken\save_player_stats\rank9.mcfunction", "mcfunction", 121, 0, 3, 10, 134
"c:\Users\FlowUP\AppData\Roaming\.minecraft\saves\CTF-1.21.10 v1.29 - fleche explo\datapacks\Magic_FR\data\main\function\stats\leaderboard\sort_stats\sort_dmg_taken\sort_dmg_taken.mcfunction", "mcfunction", 5, 0, 5, 5, 15
"c:\Users\FlowUP\AppData\Roaming\.minecraft\saves\CTF-1.21.10 v1.29 - fleche explo\datapacks\Magic_FR\data\main\function\stats\leaderboard\sort_stats\sort_dmg_taken\sorting_clock.mcfunction", "mcfunction", 7, 0, 8, 8, 23
"c:\Users\FlowUP\AppData\Roaming\.minecraft\saves\CTF-1.21.10 v1.29 - fleche explo\datapacks\Magic_FR\data\main\function\stats\leaderboard\sort_stats\sort_flag_earned\save_place.mcfunction", "mcfunction", 14, 0, 4, 3, 21
"c:\Users\FlowUP\AppData\Roaming\.minecraft\saves\CTF-1.21.10 v1.29 - fleche explo\datapacks\Magic_FR\data\main\function\stats\leaderboard\sort_stats\sort_flag_earned\save_player_stats\rank1.mcfunction", "mcfunction", 121, 0, 3, 11, 135
"c:\Users\FlowUP\AppData\Roaming\.minecraft\saves\CTF-1.21.10 v1.29 - fleche explo\datapacks\Magic_FR\data\main\function\stats\leaderboard\sort_stats\sort_flag_earned\save_player_stats\rank10.mcfunction", "mcfunction", 121, 0, 3, 11, 135
"c:\Users\FlowUP\AppData\Roaming\.minecraft\saves\CTF-1.21.10 v1.29 - fleche explo\datapacks\Magic_FR\data\main\function\stats\leaderboard\sort_stats\sort_flag_earned\save_player_stats\rank11.mcfunction", "mcfunction", 121, 0, 3, 11, 135
"c:\Users\FlowUP\AppData\Roaming\.minecraft\saves\CTF-1.21.10 v1.29 - fleche explo\datapacks\Magic_FR\data\main\function\stats\leaderboard\sort_stats\sort_flag_earned\save_player_stats\rank12.mcfunction", "mcfunction", 121, 0, 3, 11, 135
"c:\Users\FlowUP\AppData\Roaming\.minecraft\saves\CTF-1.21.10 v1.29 - fleche explo\datapacks\Magic_FR\data\main\function\stats\leaderboard\sort_stats\sort_flag_earned\save_player_stats\rank2.mcfunction", "mcfunction", 121, 0, 3, 11, 135
"c:\Users\FlowUP\AppData\Roaming\.minecraft\saves\CTF-1.21.10 v1.29 - fleche explo\datapacks\Magic_FR\data\main\function\stats\leaderboard\sort_stats\sort_flag_earned\save_player_stats\rank3.mcfunction", "mcfunction", 121, 0, 3, 11, 135
"c:\Users\FlowUP\AppData\Roaming\.minecraft\saves\CTF-1.21.10 v1.29 - fleche explo\datapacks\Magic_FR\data\main\function\stats\leaderboard\sort_stats\sort_flag_earned\save_player_stats\rank4.mcfunction", "mcfunction", 121, 0, 3, 11, 135
"c:\Users\FlowUP\AppData\Roaming\.minecraft\saves\CTF-1.21.10 v1.29 - fleche explo\datapacks\Magic_FR\data\main\function\stats\leaderboard\sort_stats\sort_flag_earned\save_player_stats\rank5.mcfunction", "mcfunction", 121, 0, 3, 11, 135
"c:\Users\FlowUP\AppData\Roaming\.minecraft\saves\CTF-1.21.10 v1.29 - fleche explo\datapacks\Magic_FR\data\main\function\stats\leaderboard\sort_stats\sort_flag_earned\save_player_stats\rank6.mcfunction", "mcfunction", 121, 0, 3, 11, 135
"c:\Users\FlowUP\AppData\Roaming\.minecraft\saves\CTF-1.21.10 v1.29 - fleche explo\datapacks\Magic_FR\data\main\function\stats\leaderboard\sort_stats\sort_flag_earned\save_player_stats\rank7.mcfunction", "mcfunction", 121, 0, 3, 11, 135
"c:\Users\FlowUP\AppData\Roaming\.minecraft\saves\CTF-1.21.10 v1.29 - fleche explo\datapacks\Magic_FR\data\main\function\stats\leaderboard\sort_stats\sort_flag_earned\save_player_stats\rank8.mcfunction", "mcfunction", 121, 0, 3, 11, 135
"c:\Users\FlowUP\AppData\Roaming\.minecraft\saves\CTF-1.21.10 v1.29 - fleche explo\datapacks\Magic_FR\data\main\function\stats\leaderboard\sort_stats\sort_flag_earned\save_player_stats\rank9.mcfunction", "mcfunction", 121, 0, 3, 11, 135
"c:\Users\FlowUP\AppData\Roaming\.minecraft\saves\CTF-1.21.10 v1.29 - fleche explo\datapacks\Magic_FR\data\main\function\stats\leaderboard\sort_stats\sort_flag_earned\sort_flag_earned.mcfunction", "mcfunction", 5, 0, 5, 5, 15
"c:\Users\FlowUP\AppData\Roaming\.minecraft\saves\CTF-1.21.10 v1.29 - fleche explo\datapacks\Magic_FR\data\main\function\stats\leaderboard\sort_stats\sort_flag_earned\sorting_clock.mcfunction", "mcfunction", 7, 0, 8, 8, 23
"c:\Users\FlowUP\AppData\Roaming\.minecraft\saves\CTF-1.21.10 v1.29 - fleche explo\datapacks\Magic_FR\data\main\function\stats\leaderboard\sort_stats\sort_kd_ratio1000\calculate_ratio.mcfunction", "mcfunction", 6, 0, 4, 5, 15
"c:\Users\FlowUP\AppData\Roaming\.minecraft\saves\CTF-1.21.10 v1.29 - fleche explo\datapacks\Magic_FR\data\main\function\stats\leaderboard\sort_stats\sort_kd_ratio1000\save_place.mcfunction", "mcfunction", 14, 0, 4, 3, 21
"c:\Users\FlowUP\AppData\Roaming\.minecraft\saves\CTF-1.21.10 v1.29 - fleche explo\datapacks\Magic_FR\data\main\function\stats\leaderboard\sort_stats\sort_kd_ratio1000\save_player_stats\rank1.mcfunction", "mcfunction", 226, 0, 13, 31, 270
"c:\Users\FlowUP\AppData\Roaming\.minecraft\saves\CTF-1.21.10 v1.29 - fleche explo\datapacks\Magic_FR\data\main\function\stats\leaderboard\sort_stats\sort_kd_ratio1000\save_player_stats\rank10.mcfunction", "mcfunction", 226, 0, 13, 32, 271
"c:\Users\FlowUP\AppData\Roaming\.minecraft\saves\CTF-1.21.10 v1.29 - fleche explo\datapacks\Magic_FR\data\main\function\stats\leaderboard\sort_stats\sort_kd_ratio1000\save_player_stats\rank11.mcfunction", "mcfunction", 226, 0, 13, 31, 270
"c:\Users\FlowUP\AppData\Roaming\.minecraft\saves\CTF-1.21.10 v1.29 - fleche explo\datapacks\Magic_FR\data\main\function\stats\leaderboard\sort_stats\sort_kd_ratio1000\save_player_stats\rank12.mcfunction", "mcfunction", 226, 0, 13, 30, 269
"c:\Users\FlowUP\AppData\Roaming\.minecraft\saves\CTF-1.21.10 v1.29 - fleche explo\datapacks\Magic_FR\data\main\function\stats\leaderboard\sort_stats\sort_kd_ratio1000\save_player_stats\rank2.mcfunction", "mcfunction", 226, 0, 13, 30, 269
"c:\Users\FlowUP\AppData\Roaming\.minecraft\saves\CTF-1.21.10 v1.29 - fleche explo\datapacks\Magic_FR\data\main\function\stats\leaderboard\sort_stats\sort_kd_ratio1000\save_player_stats\rank3.mcfunction", "mcfunction", 226, 0, 13, 30, 269
"c:\Users\FlowUP\AppData\Roaming\.minecraft\saves\CTF-1.21.10 v1.29 - fleche explo\datapacks\Magic_FR\data\main\function\stats\leaderboard\sort_stats\sort_kd_ratio1000\save_player_stats\rank4.mcfunction", "mcfunction", 226, 0, 13, 30, 269
"c:\Users\FlowUP\AppData\Roaming\.minecraft\saves\CTF-1.21.10 v1.29 - fleche explo\datapacks\Magic_FR\data\main\function\stats\leaderboard\sort_stats\sort_kd_ratio1000\save_player_stats\rank5.mcfunction", "mcfunction", 226, 0, 13, 30, 269
"c:\Users\FlowUP\AppData\Roaming\.minecraft\saves\CTF-1.21.10 v1.29 - fleche explo\datapacks\Magic_FR\data\main\function\stats\leaderboard\sort_stats\sort_kd_ratio1000\save_player_stats\rank6.mcfunction", "mcfunction", 226, 0, 13, 30, 269
"c:\Users\FlowUP\AppData\Roaming\.minecraft\saves\CTF-1.21.10 v1.29 - fleche explo\datapacks\Magic_FR\data\main\function\stats\leaderboard\sort_stats\sort_kd_ratio1000\save_player_stats\rank7.mcfunction", "mcfunction", 226, 0, 13, 31, 270
"c:\Users\FlowUP\AppData\Roaming\.minecraft\saves\CTF-1.21.10 v1.29 - fleche explo\datapacks\Magic_FR\data\main\function\stats\leaderboard\sort_stats\sort_kd_ratio1000\save_player_stats\rank8.mcfunction", "mcfunction", 226, 0, 13, 31, 270
"c:\Users\FlowUP\AppData\Roaming\.minecraft\saves\CTF-1.21.10 v1.29 - fleche explo\datapacks\Magic_FR\data\main\function\stats\leaderboard\sort_stats\sort_kd_ratio1000\save_player_stats\rank9.mcfunction", "mcfunction", 226, 0, 13, 32, 271
"c:\Users\FlowUP\AppData\Roaming\.minecraft\saves\CTF-1.21.10 v1.29 - fleche explo\datapacks\Magic_FR\data\main\function\stats\leaderboard\sort_stats\sort_kd_ratio1000\sort_kd_ratio1000.mcfunction", "mcfunction", 6, 0, 5, 6, 17
"c:\Users\FlowUP\AppData\Roaming\.minecraft\saves\CTF-1.21.10 v1.29 - fleche explo\datapacks\Magic_FR\data\main\function\stats\leaderboard\sort_stats\sort_kd_ratio1000\sorting_clock.mcfunction", "mcfunction", 7, 0, 8, 8, 23
"c:\Users\FlowUP\AppData\Roaming\.minecraft\saves\CTF-1.21.10 v1.29 - fleche explo\datapacks\Magic_FR\data\main\function\stats\leaderboard\sort_stats\sort_killcount\save_place.mcfunction", "mcfunction", 14, 0, 4, 3, 21
"c:\Users\FlowUP\AppData\Roaming\.minecraft\saves\CTF-1.21.10 v1.29 - fleche explo\datapacks\Magic_FR\data\main\function\stats\leaderboard\sort_stats\sort_killcount\save_player_stats\rank1.mcfunction", "mcfunction", 121, 0, 3, 11, 135
"c:\Users\FlowUP\AppData\Roaming\.minecraft\saves\CTF-1.21.10 v1.29 - fleche explo\datapacks\Magic_FR\data\main\function\stats\leaderboard\sort_stats\sort_killcount\save_player_stats\rank10.mcfunction", "mcfunction", 121, 0, 3, 11, 135
"c:\Users\FlowUP\AppData\Roaming\.minecraft\saves\CTF-1.21.10 v1.29 - fleche explo\datapacks\Magic_FR\data\main\function\stats\leaderboard\sort_stats\sort_killcount\save_player_stats\rank11.mcfunction", "mcfunction", 121, 0, 3, 11, 135
"c:\Users\FlowUP\AppData\Roaming\.minecraft\saves\CTF-1.21.10 v1.29 - fleche explo\datapacks\Magic_FR\data\main\function\stats\leaderboard\sort_stats\sort_killcount\save_player_stats\rank12.mcfunction", "mcfunction", 121, 0, 3, 11, 135
"c:\Users\FlowUP\AppData\Roaming\.minecraft\saves\CTF-1.21.10 v1.29 - fleche explo\datapacks\Magic_FR\data\main\function\stats\leaderboard\sort_stats\sort_killcount\save_player_stats\rank2.mcfunction", "mcfunction", 121, 0, 3, 11, 135
"c:\Users\FlowUP\AppData\Roaming\.minecraft\saves\CTF-1.21.10 v1.29 - fleche explo\datapacks\Magic_FR\data\main\function\stats\leaderboard\sort_stats\sort_killcount\save_player_stats\rank3.mcfunction", "mcfunction", 121, 0, 3, 11, 135
"c:\Users\FlowUP\AppData\Roaming\.minecraft\saves\CTF-1.21.10 v1.29 - fleche explo\datapacks\Magic_FR\data\main\function\stats\leaderboard\sort_stats\sort_killcount\save_player_stats\rank4.mcfunction", "mcfunction", 121, 0, 3, 11, 135
"c:\Users\FlowUP\AppData\Roaming\.minecraft\saves\CTF-1.21.10 v1.29 - fleche explo\datapacks\Magic_FR\data\main\function\stats\leaderboard\sort_stats\sort_killcount\save_player_stats\rank5.mcfunction", "mcfunction", 121, 0, 3, 11, 135
"c:\Users\FlowUP\AppData\Roaming\.minecraft\saves\CTF-1.21.10 v1.29 - fleche explo\datapacks\Magic_FR\data\main\function\stats\leaderboard\sort_stats\sort_killcount\save_player_stats\rank6.mcfunction", "mcfunction", 121, 0, 3, 11, 135
"c:\Users\FlowUP\AppData\Roaming\.minecraft\saves\CTF-1.21.10 v1.29 - fleche explo\datapacks\Magic_FR\data\main\function\stats\leaderboard\sort_stats\sort_killcount\save_player_stats\rank7.mcfunction", "mcfunction", 121, 0, 3, 11, 135
"c:\Users\FlowUP\AppData\Roaming\.minecraft\saves\CTF-1.21.10 v1.29 - fleche explo\datapacks\Magic_FR\data\main\function\stats\leaderboard\sort_stats\sort_killcount\save_player_stats\rank8.mcfunction", "mcfunction", 121, 0, 3, 11, 135
"c:\Users\FlowUP\AppData\Roaming\.minecraft\saves\CTF-1.21.10 v1.29 - fleche explo\datapacks\Magic_FR\data\main\function\stats\leaderboard\sort_stats\sort_killcount\save_player_stats\rank9.mcfunction", "mcfunction", 121, 0, 3, 11, 135
"c:\Users\FlowUP\AppData\Roaming\.minecraft\saves\CTF-1.21.10 v1.29 - fleche explo\datapacks\Magic_FR\data\main\function\stats\leaderboard\sort_stats\sort_killcount\sort_killcount.mcfunction", "mcfunction", 5, 0, 5, 5, 15
"c:\Users\FlowUP\AppData\Roaming\.minecraft\saves\CTF-1.21.10 v1.29 - fleche explo\datapacks\Magic_FR\data\main\function\stats\leaderboard\sort_stats\sort_killcount\sorting_clock.mcfunction", "mcfunction", 7, 0, 8, 8, 23
"c:\Users\FlowUP\AppData\Roaming\.minecraft\saves\CTF-1.21.10 v1.29 - fleche explo\datapacks\Magic_FR\data\main\function\stats\leaderboard\sort_stats\sort_stats.mcfunction", "mcfunction", 23, 0, 15, 15, 53
"c:\Users\FlowUP\AppData\Roaming\.minecraft\saves\CTF-1.21.10 v1.29 - fleche explo\datapacks\Magic_FR\data\main\function\stats\leaderboard\sort_stats\sort_total_dmg\save_place.mcfunction", "mcfunction", 14, 0, 4, 3, 21
"c:\Users\FlowUP\AppData\Roaming\.minecraft\saves\CTF-1.21.10 v1.29 - fleche explo\datapacks\Magic_FR\data\main\function\stats\leaderboard\sort_stats\sort_total_dmg\save_player_stats\rank1.mcfunction", "mcfunction", 121, 0, 3, 11, 135
"c:\Users\FlowUP\AppData\Roaming\.minecraft\saves\CTF-1.21.10 v1.29 - fleche explo\datapacks\Magic_FR\data\main\function\stats\leaderboard\sort_stats\sort_total_dmg\save_player_stats\rank10.mcfunction", "mcfunction", 121, 0, 3, 11, 135
"c:\Users\FlowUP\AppData\Roaming\.minecraft\saves\CTF-1.21.10 v1.29 - fleche explo\datapacks\Magic_FR\data\main\function\stats\leaderboard\sort_stats\sort_total_dmg\save_player_stats\rank11.mcfunction", "mcfunction", 121, 0, 3, 11, 135
"c:\Users\FlowUP\AppData\Roaming\.minecraft\saves\CTF-1.21.10 v1.29 - fleche explo\datapacks\Magic_FR\data\main\function\stats\leaderboard\sort_stats\sort_total_dmg\save_player_stats\rank12.mcfunction", "mcfunction", 121, 0, 3, 11, 135
"c:\Users\FlowUP\AppData\Roaming\.minecraft\saves\CTF-1.21.10 v1.29 - fleche explo\datapacks\Magic_FR\data\main\function\stats\leaderboard\sort_stats\sort_total_dmg\save_player_stats\rank2.mcfunction", "mcfunction", 121, 0, 3, 11, 135
"c:\Users\FlowUP\AppData\Roaming\.minecraft\saves\CTF-1.21.10 v1.29 - fleche explo\datapacks\Magic_FR\data\main\function\stats\leaderboard\sort_stats\sort_total_dmg\save_player_stats\rank3.mcfunction", "mcfunction", 121, 0, 3, 11, 135
"c:\Users\FlowUP\AppData\Roaming\.minecraft\saves\CTF-1.21.10 v1.29 - fleche explo\datapacks\Magic_FR\data\main\function\stats\leaderboard\sort_stats\sort_total_dmg\save_player_stats\rank4.mcfunction", "mcfunction", 121, 0, 3, 11, 135
"c:\Users\FlowUP\AppData\Roaming\.minecraft\saves\CTF-1.21.10 v1.29 - fleche explo\datapacks\Magic_FR\data\main\function\stats\leaderboard\sort_stats\sort_total_dmg\save_player_stats\rank5.mcfunction", "mcfunction", 121, 0, 3, 11, 135
"c:\Users\FlowUP\AppData\Roaming\.minecraft\saves\CTF-1.21.10 v1.29 - fleche explo\datapacks\Magic_FR\data\main\function\stats\leaderboard\sort_stats\sort_total_dmg\save_player_stats\rank6.mcfunction", "mcfunction", 121, 0, 3, 11, 135
"c:\Users\FlowUP\AppData\Roaming\.minecraft\saves\CTF-1.21.10 v1.29 - fleche explo\datapacks\Magic_FR\data\main\function\stats\leaderboard\sort_stats\sort_total_dmg\save_player_stats\rank7.mcfunction", "mcfunction", 121, 0, 3, 11, 135
"c:\Users\FlowUP\AppData\Roaming\.minecraft\saves\CTF-1.21.10 v1.29 - fleche explo\datapacks\Magic_FR\data\main\function\stats\leaderboard\sort_stats\sort_total_dmg\save_player_stats\rank8.mcfunction", "mcfunction", 121, 0, 3, 11, 135
"c:\Users\FlowUP\AppData\Roaming\.minecraft\saves\CTF-1.21.10 v1.29 - fleche explo\datapacks\Magic_FR\data\main\function\stats\leaderboard\sort_stats\sort_total_dmg\save_player_stats\rank9.mcfunction", "mcfunction", 121, 0, 3, 11, 135
"c:\Users\FlowUP\AppData\Roaming\.minecraft\saves\CTF-1.21.10 v1.29 - fleche explo\datapacks\Magic_FR\data\main\function\stats\leaderboard\sort_stats\sort_total_dmg\sort_total_dmg.mcfunction", "mcfunction", 5, 0, 6, 6, 17
"c:\Users\FlowUP\AppData\Roaming\.minecraft\saves\CTF-1.21.10 v1.29 - fleche explo\datapacks\Magic_FR\data\main\function\stats\leaderboard\sort_stats\sort_total_dmg\sorting_clock.mcfunction", "mcfunction", 7, 0, 8, 8, 23
"c:\Users\FlowUP\AppData\Roaming\.minecraft\saves\CTF-1.21.10 v1.29 - fleche explo\datapacks\Magic_FR\data\main\function\stats\leaderboard\summon_leaderboard\marker_leaderboard\place1.mcfunction", "mcfunction", 1, 0, 2, 1, 4
"c:\Users\FlowUP\AppData\Roaming\.minecraft\saves\CTF-1.21.10 v1.29 - fleche explo\datapacks\Magic_FR\data\main\function\stats\leaderboard\summon_leaderboard\marker_leaderboard\place10.mcfunction", "mcfunction", 1, 0, 2, 1, 4
"c:\Users\FlowUP\AppData\Roaming\.minecraft\saves\CTF-1.21.10 v1.29 - fleche explo\datapacks\Magic_FR\data\main\function\stats\leaderboard\summon_leaderboard\marker_leaderboard\place11.mcfunction", "mcfunction", 1, 0, 2, 1, 4
"c:\Users\FlowUP\AppData\Roaming\.minecraft\saves\CTF-1.21.10 v1.29 - fleche explo\datapacks\Magic_FR\data\main\function\stats\leaderboard\summon_leaderboard\marker_leaderboard\place12.mcfunction", "mcfunction", 1, 0, 2, 1, 4
"c:\Users\FlowUP\AppData\Roaming\.minecraft\saves\CTF-1.21.10 v1.29 - fleche explo\datapacks\Magic_FR\data\main\function\stats\leaderboard\summon_leaderboard\marker_leaderboard\place2.mcfunction", "mcfunction", 1, 0, 2, 1, 4
"c:\Users\FlowUP\AppData\Roaming\.minecraft\saves\CTF-1.21.10 v1.29 - fleche explo\datapacks\Magic_FR\data\main\function\stats\leaderboard\summon_leaderboard\marker_leaderboard\place3.mcfunction", "mcfunction", 1, 0, 2, 1, 4
"c:\Users\FlowUP\AppData\Roaming\.minecraft\saves\CTF-1.21.10 v1.29 - fleche explo\datapacks\Magic_FR\data\main\function\stats\leaderboard\summon_leaderboard\marker_leaderboard\place4.mcfunction", "mcfunction", 1, 0, 2, 1, 4
"c:\Users\FlowUP\AppData\Roaming\.minecraft\saves\CTF-1.21.10 v1.29 - fleche explo\datapacks\Magic_FR\data\main\function\stats\leaderboard\summon_leaderboard\marker_leaderboard\place5.mcfunction", "mcfunction", 1, 0, 2, 1, 4
"c:\Users\FlowUP\AppData\Roaming\.minecraft\saves\CTF-1.21.10 v1.29 - fleche explo\datapacks\Magic_FR\data\main\function\stats\leaderboard\summon_leaderboard\marker_leaderboard\place6.mcfunction", "mcfunction", 1, 0, 2, 1, 4
"c:\Users\FlowUP\AppData\Roaming\.minecraft\saves\CTF-1.21.10 v1.29 - fleche explo\datapacks\Magic_FR\data\main\function\stats\leaderboard\summon_leaderboard\marker_leaderboard\place7.mcfunction", "mcfunction", 1, 0, 2, 1, 4
"c:\Users\FlowUP\AppData\Roaming\.minecraft\saves\CTF-1.21.10 v1.29 - fleche explo\datapacks\Magic_FR\data\main\function\stats\leaderboard\summon_leaderboard\marker_leaderboard\place8.mcfunction", "mcfunction", 1, 0, 2, 1, 4
"c:\Users\FlowUP\AppData\Roaming\.minecraft\saves\CTF-1.21.10 v1.29 - fleche explo\datapacks\Magic_FR\data\main\function\stats\leaderboard\summon_leaderboard\marker_leaderboard\place9.mcfunction", "mcfunction", 1, 0, 2, 1, 4
"c:\Users\FlowUP\AppData\Roaming\.minecraft\saves\CTF-1.21.10 v1.29 - fleche explo\datapacks\Magic_FR\data\main\function\stats\leaderboard\summon_leaderboard\marker_leaderboard\place_view_point.mcfunction", "mcfunction", 1, 0, 2, 1, 4
"c:\Users\FlowUP\AppData\Roaming\.minecraft\saves\CTF-1.21.10 v1.29 - fleche explo\datapacks\Magic_FR\data\main\function\stats\leaderboard\summon_leaderboard\statues\1.mcfunction", "mcfunction", 5, 0, 4, 2, 11
"c:\Users\FlowUP\AppData\Roaming\.minecraft\saves\CTF-1.21.10 v1.29 - fleche explo\datapacks\Magic_FR\data\main\function\stats\leaderboard\summon_leaderboard\statues\10.mcfunction", "mcfunction", 5, 0, 4, 2, 11
"c:\Users\FlowUP\AppData\Roaming\.minecraft\saves\CTF-1.21.10 v1.29 - fleche explo\datapacks\Magic_FR\data\main\function\stats\leaderboard\summon_leaderboard\statues\11.mcfunction", "mcfunction", 5, 0, 4, 2, 11
"c:\Users\FlowUP\AppData\Roaming\.minecraft\saves\CTF-1.21.10 v1.29 - fleche explo\datapacks\Magic_FR\data\main\function\stats\leaderboard\summon_leaderboard\statues\12.mcfunction", "mcfunction", 5, 0, 4, 2, 11
"c:\Users\FlowUP\AppData\Roaming\.minecraft\saves\CTF-1.21.10 v1.29 - fleche explo\datapacks\Magic_FR\data\main\function\stats\leaderboard\summon_leaderboard\statues\2.mcfunction", "mcfunction", 5, 0, 4, 2, 11
"c:\Users\FlowUP\AppData\Roaming\.minecraft\saves\CTF-1.21.10 v1.29 - fleche explo\datapacks\Magic_FR\data\main\function\stats\leaderboard\summon_leaderboard\statues\3.mcfunction", "mcfunction", 5, 0, 4, 2, 11
"c:\Users\FlowUP\AppData\Roaming\.minecraft\saves\CTF-1.21.10 v1.29 - fleche explo\datapacks\Magic_FR\data\main\function\stats\leaderboard\summon_leaderboard\statues\4.mcfunction", "mcfunction", 5, 0, 4, 2, 11
"c:\Users\FlowUP\AppData\Roaming\.minecraft\saves\CTF-1.21.10 v1.29 - fleche explo\datapacks\Magic_FR\data\main\function\stats\leaderboard\summon_leaderboard\statues\5.mcfunction", "mcfunction", 5, 0, 4, 2, 11
"c:\Users\FlowUP\AppData\Roaming\.minecraft\saves\CTF-1.21.10 v1.29 - fleche explo\datapacks\Magic_FR\data\main\function\stats\leaderboard\summon_leaderboard\statues\6.mcfunction", "mcfunction", 5, 0, 4, 2, 11
"c:\Users\FlowUP\AppData\Roaming\.minecraft\saves\CTF-1.21.10 v1.29 - fleche explo\datapacks\Magic_FR\data\main\function\stats\leaderboard\summon_leaderboard\statues\7.mcfunction", "mcfunction", 5, 0, 4, 2, 11
"c:\Users\FlowUP\AppData\Roaming\.minecraft\saves\CTF-1.21.10 v1.29 - fleche explo\datapacks\Magic_FR\data\main\function\stats\leaderboard\summon_leaderboard\statues\8.mcfunction", "mcfunction", 5, 0, 4, 2, 11
"c:\Users\FlowUP\AppData\Roaming\.minecraft\saves\CTF-1.21.10 v1.29 - fleche explo\datapacks\Magic_FR\data\main\function\stats\leaderboard\summon_leaderboard\statues\9.mcfunction", "mcfunction", 5, 0, 4, 2, 11
"c:\Users\FlowUP\AppData\Roaming\.minecraft\saves\CTF-1.21.10 v1.29 - fleche explo\datapacks\Magic_FR\data\main\function\stats\leaderboard\summon_leaderboard\summon_leaderboard.mcfunction", "mcfunction", 13, 0, 5, 5, 23
"c:\Users\FlowUP\AppData\Roaming\.minecraft\saves\CTF-1.21.10 v1.29 - fleche explo\datapacks\Magic_FR\data\main\function\stats\reset_stats.mcfunction", "mcfunction", 27, 0, 2, 1, 30
"c:\Users\FlowUP\AppData\Roaming\.minecraft\saves\CTF-1.21.10 v1.29 - fleche explo\datapacks\Magic_FR\data\main\function\stats\save_player_data.mcfunction", "mcfunction", 149, 0, 50, 31, 230
"c:\Users\FlowUP\AppData\Roaming\.minecraft\saves\CTF-1.21.10 v1.29 - fleche explo\datapacks\Magic_FR\data\main\function\stats\save_player_equipement.mcfunction", "mcfunction", 84, 0, 37, 13, 134
"c:\Users\FlowUP\AppData\Roaming\.minecraft\saves\CTF-1.21.10 v1.29 - fleche explo\datapacks\Magic_FR\data\main\function\stats\stats_book\give_stat_books.mcfunction", "mcfunction", 12, 0, 1, 14, 27
"c:\Users\FlowUP\AppData\Roaming\.minecraft\saves\CTF-1.21.10 v1.29 - fleche explo\datapacks\Magic_FR\data\main\function\stats\stats_book\players\player10\change_to_red.mcfunction", "mcfunction", 11, 0, 8, 6, 25
"c:\Users\FlowUP\AppData\Roaming\.minecraft\saves\CTF-1.21.10 v1.29 - fleche explo\datapacks\Magic_FR\data\main\function\stats\stats_book\players\player10\ratio_big.mcfunction", "mcfunction", 13, 0, 5, 4, 22
"c:\Users\FlowUP\AppData\Roaming\.minecraft\saves\CTF-1.21.10 v1.29 - fleche explo\datapacks\Magic_FR\data\main\function\stats\stats_book\players\player10\ratio_positive.mcfunction", "mcfunction", 13, 0, 5, 4, 22
"c:\Users\FlowUP\AppData\Roaming\.minecraft\saves\CTF-1.21.10 v1.29 - fleche explo\datapacks\Magic_FR\data\main\function\stats\stats_book\players\player10\setup_player10.mcfunction", "mcfunction", 21, 0, 6, 8, 35
"c:\Users\FlowUP\AppData\Roaming\.minecraft\saves\CTF-1.21.10 v1.29 - fleche explo\datapacks\Magic_FR\data\main\function\stats\stats_book\players\player11\change_to_red.mcfunction", "mcfunction", 11, 0, 8, 6, 25
"c:\Users\FlowUP\AppData\Roaming\.minecraft\saves\CTF-1.21.10 v1.29 - fleche explo\datapacks\Magic_FR\data\main\function\stats\stats_book\players\player11\ratio_big.mcfunction", "mcfunction", 13, 0, 5, 4, 22
"c:\Users\FlowUP\AppData\Roaming\.minecraft\saves\CTF-1.21.10 v1.29 - fleche explo\datapacks\Magic_FR\data\main\function\stats\stats_book\players\player11\ratio_positive.mcfunction", "mcfunction", 13, 0, 5, 4, 22
"c:\Users\FlowUP\AppData\Roaming\.minecraft\saves\CTF-1.21.10 v1.29 - fleche explo\datapacks\Magic_FR\data\main\function\stats\stats_book\players\player11\setup_player11.mcfunction", "mcfunction", 21, 0, 6, 8, 35
"c:\Users\FlowUP\AppData\Roaming\.minecraft\saves\CTF-1.21.10 v1.29 - fleche explo\datapacks\Magic_FR\data\main\function\stats\stats_book\players\player12\change_to_red.mcfunction", "mcfunction", 11, 0, 8, 6, 25
"c:\Users\FlowUP\AppData\Roaming\.minecraft\saves\CTF-1.21.10 v1.29 - fleche explo\datapacks\Magic_FR\data\main\function\stats\stats_book\players\player12\ratio_big.mcfunction", "mcfunction", 13, 0, 5, 4, 22
"c:\Users\FlowUP\AppData\Roaming\.minecraft\saves\CTF-1.21.10 v1.29 - fleche explo\datapacks\Magic_FR\data\main\function\stats\stats_book\players\player12\ratio_positive.mcfunction", "mcfunction", 13, 0, 5, 4, 22
"c:\Users\FlowUP\AppData\Roaming\.minecraft\saves\CTF-1.21.10 v1.29 - fleche explo\datapacks\Magic_FR\data\main\function\stats\stats_book\players\player12\setup_player12.mcfunction", "mcfunction", 21, 0, 6, 8, 35
"c:\Users\FlowUP\AppData\Roaming\.minecraft\saves\CTF-1.21.10 v1.29 - fleche explo\datapacks\Magic_FR\data\main\function\stats\stats_book\players\player1\change_to_red.mcfunction", "mcfunction", 11, 0, 8, 6, 25
"c:\Users\FlowUP\AppData\Roaming\.minecraft\saves\CTF-1.21.10 v1.29 - fleche explo\datapacks\Magic_FR\data\main\function\stats\stats_book\players\player1\ratio_big.mcfunction", "mcfunction", 13, 0, 5, 4, 22
"c:\Users\FlowUP\AppData\Roaming\.minecraft\saves\CTF-1.21.10 v1.29 - fleche explo\datapacks\Magic_FR\data\main\function\stats\stats_book\players\player1\ratio_positive.mcfunction", "mcfunction", 13, 0, 5, 4, 22
"c:\Users\FlowUP\AppData\Roaming\.minecraft\saves\CTF-1.21.10 v1.29 - fleche explo\datapacks\Magic_FR\data\main\function\stats\stats_book\players\player1\setup_player1.mcfunction", "mcfunction", 21, 0, 6, 6, 33
"c:\Users\FlowUP\AppData\Roaming\.minecraft\saves\CTF-1.21.10 v1.29 - fleche explo\datapacks\Magic_FR\data\main\function\stats\stats_book\players\player2\change_to_red.mcfunction", "mcfunction", 11, 0, 8, 6, 25
"c:\Users\FlowUP\AppData\Roaming\.minecraft\saves\CTF-1.21.10 v1.29 - fleche explo\datapacks\Magic_FR\data\main\function\stats\stats_book\players\player2\ratio_big.mcfunction", "mcfunction", 13, 0, 5, 4, 22
"c:\Users\FlowUP\AppData\Roaming\.minecraft\saves\CTF-1.21.10 v1.29 - fleche explo\datapacks\Magic_FR\data\main\function\stats\stats_book\players\player2\ratio_positive.mcfunction", "mcfunction", 13, 0, 5, 4, 22
"c:\Users\FlowUP\AppData\Roaming\.minecraft\saves\CTF-1.21.10 v1.29 - fleche explo\datapacks\Magic_FR\data\main\function\stats\stats_book\players\player2\setup_player2.mcfunction", "mcfunction", 21, 0, 6, 8, 35
"c:\Users\FlowUP\AppData\Roaming\.minecraft\saves\CTF-1.21.10 v1.29 - fleche explo\datapacks\Magic_FR\data\main\function\stats\stats_book\players\player3\change_to_red.mcfunction", "mcfunction", 11, 0, 8, 6, 25
"c:\Users\FlowUP\AppData\Roaming\.minecraft\saves\CTF-1.21.10 v1.29 - fleche explo\datapacks\Magic_FR\data\main\function\stats\stats_book\players\player3\ratio_big.mcfunction", "mcfunction", 13, 0, 5, 4, 22
"c:\Users\FlowUP\AppData\Roaming\.minecraft\saves\CTF-1.21.10 v1.29 - fleche explo\datapacks\Magic_FR\data\main\function\stats\stats_book\players\player3\ratio_positive.mcfunction", "mcfunction", 13, 0, 5, 4, 22
"c:\Users\FlowUP\AppData\Roaming\.minecraft\saves\CTF-1.21.10 v1.29 - fleche explo\datapacks\Magic_FR\data\main\function\stats\stats_book\players\player3\setup_player3.mcfunction", "mcfunction", 21, 0, 6, 8, 35
"c:\Users\FlowUP\AppData\Roaming\.minecraft\saves\CTF-1.21.10 v1.29 - fleche explo\datapacks\Magic_FR\data\main\function\stats\stats_book\players\player4\change_to_red.mcfunction", "mcfunction", 11, 0, 8, 6, 25
"c:\Users\FlowUP\AppData\Roaming\.minecraft\saves\CTF-1.21.10 v1.29 - fleche explo\datapacks\Magic_FR\data\main\function\stats\stats_book\players\player4\ratio_big.mcfunction", "mcfunction", 13, 0, 5, 4, 22
"c:\Users\FlowUP\AppData\Roaming\.minecraft\saves\CTF-1.21.10 v1.29 - fleche explo\datapacks\Magic_FR\data\main\function\stats\stats_book\players\player4\ratio_positive.mcfunction", "mcfunction", 13, 0, 5, 4, 22
"c:\Users\FlowUP\AppData\Roaming\.minecraft\saves\CTF-1.21.10 v1.29 - fleche explo\datapacks\Magic_FR\data\main\function\stats\stats_book\players\player4\setup_player4.mcfunction", "mcfunction", 21, 0, 6, 8, 35
"c:\Users\FlowUP\AppData\Roaming\.minecraft\saves\CTF-1.21.10 v1.29 - fleche explo\datapacks\Magic_FR\data\main\function\stats\stats_book\players\player5\change_to_red.mcfunction", "mcfunction", 11, 0, 8, 6, 25
"c:\Users\FlowUP\AppData\Roaming\.minecraft\saves\CTF-1.21.10 v1.29 - fleche explo\datapacks\Magic_FR\data\main\function\stats\stats_book\players\player5\ratio_big.mcfunction", "mcfunction", 13, 0, 5, 4, 22
"c:\Users\FlowUP\AppData\Roaming\.minecraft\saves\CTF-1.21.10 v1.29 - fleche explo\datapacks\Magic_FR\data\main\function\stats\stats_book\players\player5\ratio_positive.mcfunction", "mcfunction", 13, 0, 5, 4, 22
"c:\Users\FlowUP\AppData\Roaming\.minecraft\saves\CTF-1.21.10 v1.29 - fleche explo\datapacks\Magic_FR\data\main\function\stats\stats_book\players\player5\setup_player5.mcfunction", "mcfunction", 21, 0, 6, 8, 35
"c:\Users\FlowUP\AppData\Roaming\.minecraft\saves\CTF-1.21.10 v1.29 - fleche explo\datapacks\Magic_FR\data\main\function\stats\stats_book\players\player6\change_to_red.mcfunction", "mcfunction", 11, 0, 8, 6, 25
"c:\Users\FlowUP\AppData\Roaming\.minecraft\saves\CTF-1.21.10 v1.29 - fleche explo\datapacks\Magic_FR\data\main\function\stats\stats_book\players\player6\ratio_big.mcfunction", "mcfunction", 13, 0, 5, 4, 22
"c:\Users\FlowUP\AppData\Roaming\.minecraft\saves\CTF-1.21.10 v1.29 - fleche explo\datapacks\Magic_FR\data\main\function\stats\stats_book\players\player6\ratio_positive.mcfunction", "mcfunction", 13, 0, 5, 4, 22
"c:\Users\FlowUP\AppData\Roaming\.minecraft\saves\CTF-1.21.10 v1.29 - fleche explo\datapacks\Magic_FR\data\main\function\stats\stats_book\players\player6\setup_player6.mcfunction", "mcfunction", 21, 0, 6, 8, 35
"c:\Users\FlowUP\AppData\Roaming\.minecraft\saves\CTF-1.21.10 v1.29 - fleche explo\datapacks\Magic_FR\data\main\function\stats\stats_book\players\player7\change_to_red.mcfunction", "mcfunction", 11, 0, 8, 6, 25
"c:\Users\FlowUP\AppData\Roaming\.minecraft\saves\CTF-1.21.10 v1.29 - fleche explo\datapacks\Magic_FR\data\main\function\stats\stats_book\players\player7\ratio_big.mcfunction", "mcfunction", 13, 0, 5, 4, 22
"c:\Users\FlowUP\AppData\Roaming\.minecraft\saves\CTF-1.21.10 v1.29 - fleche explo\datapacks\Magic_FR\data\main\function\stats\stats_book\players\player7\ratio_positive.mcfunction", "mcfunction", 13, 0, 5, 4, 22
"c:\Users\FlowUP\AppData\Roaming\.minecraft\saves\CTF-1.21.10 v1.29 - fleche explo\datapacks\Magic_FR\data\main\function\stats\stats_book\players\player7\setup_player7.mcfunction", "mcfunction", 21, 0, 6, 8, 35
"c:\Users\FlowUP\AppData\Roaming\.minecraft\saves\CTF-1.21.10 v1.29 - fleche explo\datapacks\Magic_FR\data\main\function\stats\stats_book\players\player8\change_to_red.mcfunction", "mcfunction", 11, 0, 8, 6, 25
"c:\Users\FlowUP\AppData\Roaming\.minecraft\saves\CTF-1.21.10 v1.29 - fleche explo\datapacks\Magic_FR\data\main\function\stats\stats_book\players\player8\ratio_big.mcfunction", "mcfunction", 13, 0, 5, 4, 22
"c:\Users\FlowUP\AppData\Roaming\.minecraft\saves\CTF-1.21.10 v1.29 - fleche explo\datapacks\Magic_FR\data\main\function\stats\stats_book\players\player8\ratio_positive.mcfunction", "mcfunction", 13, 0, 5, 4, 22
"c:\Users\FlowUP\AppData\Roaming\.minecraft\saves\CTF-1.21.10 v1.29 - fleche explo\datapacks\Magic_FR\data\main\function\stats\stats_book\players\player8\setup_player8.mcfunction", "mcfunction", 21, 0, 6, 8, 35
"c:\Users\FlowUP\AppData\Roaming\.minecraft\saves\CTF-1.21.10 v1.29 - fleche explo\datapacks\Magic_FR\data\main\function\stats\stats_book\players\player9\change_to_red.mcfunction", "mcfunction", 11, 0, 8, 6, 25
"c:\Users\FlowUP\AppData\Roaming\.minecraft\saves\CTF-1.21.10 v1.29 - fleche explo\datapacks\Magic_FR\data\main\function\stats\stats_book\players\player9\ratio_big.mcfunction", "mcfunction", 13, 0, 5, 4, 22
"c:\Users\FlowUP\AppData\Roaming\.minecraft\saves\CTF-1.21.10 v1.29 - fleche explo\datapacks\Magic_FR\data\main\function\stats\stats_book\players\player9\ratio_positive.mcfunction", "mcfunction", 13, 0, 5, 4, 22
"c:\Users\FlowUP\AppData\Roaming\.minecraft\saves\CTF-1.21.10 v1.29 - fleche explo\datapacks\Magic_FR\data\main\function\stats\stats_book\players\player9\setup_player9.mcfunction", "mcfunction", 21, 0, 6, 8, 35
"c:\Users\FlowUP\AppData\Roaming\.minecraft\saves\CTF-1.21.10 v1.29 - fleche explo\datapacks\Magic_FR\data\minecraft\advancement\adventure\root.json", "JSON", 0, 27, 0, 0, 27
"c:\Users\FlowUP\AppData\Roaming\.minecraft\saves\CTF-1.21.10 v1.29 - fleche explo\datapacks\Magic_FR\data\minecraft\advancement\end\root.json", "JSON", 0, 27, 0, 0, 27
"c:\Users\FlowUP\AppData\Roaming\.minecraft\saves\CTF-1.21.10 v1.29 - fleche explo\datapacks\Magic_FR\data\minecraft\advancement\husbandry\root.json", "JSON", 0, 27, 0, 0, 27
"c:\Users\FlowUP\AppData\Roaming\.minecraft\saves\CTF-1.21.10 v1.29 - fleche explo\datapacks\Magic_FR\data\minecraft\advancement\nether\root.json", "JSON", 0, 27, 0, 0, 27
"c:\Users\FlowUP\AppData\Roaming\.minecraft\saves\CTF-1.21.10 v1.29 - fleche explo\datapacks\Magic_FR\data\minecraft\advancement\story\root.json", "JSON", 0, 27, 0, 0, 27
"c:\Users\FlowUP\AppData\Roaming\.minecraft\saves\CTF-1.21.10 v1.29 - fleche explo\datapacks\Magic_FR\data\minecraft\item_modifier\count_modifier.json", "JSON", 0, 11, 0, 1, 12
"c:\Users\FlowUP\AppData\Roaming\.minecraft\saves\CTF-1.21.10 v1.29 - fleche explo\datapacks\Magic_FR\data\minecraft\loot_table\blocks\lich_spell_randomizer.json", "JSON", 0, 22, 0, 1, 23
"c:\Users\FlowUP\AppData\Roaming\.minecraft\saves\CTF-1.21.10 v1.29 - fleche explo\datapacks\Magic_FR\data\minecraft\loot_table\blocks\rng.json", "JSON", 0, 22, 0, 1, 23
"c:\Users\FlowUP\AppData\Roaming\.minecraft\saves\CTF-1.21.10 v1.29 - fleche explo\datapacks\Magic_FR\data\minecraft\predicate\has_flag_offhand.json", "JSON", 0, 13, 0, 0, 13
"c:\Users\FlowUP\AppData\Roaming\.minecraft\saves\CTF-1.21.10 v1.29 - fleche explo\datapacks\Magic_FR\data\minecraft\predicate\has_item_offhand.json", "JSON", 0, 9, 0, 0, 9
"c:\Users\FlowUP\AppData\Roaming\.minecraft\saves\CTF-1.21.10 v1.29 - fleche explo\datapacks\Magic_FR\data\minecraft\predicate\is_bottom_slab.json", "JSON", 0, 9, 0, 0, 9
"c:\Users\FlowUP\AppData\Roaming\.minecraft\saves\CTF-1.21.10 v1.29 - fleche explo\datapacks\Magic_FR\data\minecraft\predicate\is_sneaking.json", "JSON", 0, 5, 0, 1, 6
"c:\Users\FlowUP\AppData\Roaming\.minecraft\saves\CTF-1.21.10 v1.29 - fleche explo\datapacks\Magic_FR\data\minecraft\tags\block\blue_spawn.json", "JSON", 0, 9, 0, 2, 11
"c:\Users\FlowUP\AppData\Roaming\.minecraft\saves\CTF-1.21.10 v1.29 - fleche explo\datapacks\Magic_FR\data\minecraft\tags\block\carpets.json", "JSON", 0, 21, 0, 0, 21
"c:\Users\FlowUP\AppData\Roaming\.minecraft\saves\CTF-1.21.10 v1.29 - fleche explo\datapacks\Magic_FR\data\minecraft\tags\block\half_blocs.json", "JSON", 0, 12, 0, 2, 14
"c:\Users\FlowUP\AppData\Roaming\.minecraft\saves\CTF-1.21.10 v1.29 - fleche explo\datapacks\Magic_FR\data\minecraft\tags\block\not_solid_blocks.json", "JSON", 0, 7, 0, 2, 9
"c:\Users\FlowUP\AppData\Roaming\.minecraft\saves\CTF-1.21.10 v1.29 - fleche explo\datapacks\Magic_FR\data\minecraft\tags\block\plants.json", "JSON", 0, 18, 0, 2, 20
"c:\Users\FlowUP\AppData\Roaming\.minecraft\saves\CTF-1.21.10 v1.29 - fleche explo\datapacks\Magic_FR\data\minecraft\tags\block\red_spawn.json", "JSON", 0, 9, 0, 2, 11
"c:\Users\FlowUP\AppData\Roaming\.minecraft\saves\CTF-1.21.10 v1.29 - fleche explo\datapacks\Magic_FR\data\minecraft\tags\block\spawn_protectors.json", "JSON", 0, 14, 0, 2, 16
"c:\Users\FlowUP\AppData\Roaming\.minecraft\saves\CTF-1.21.10 v1.29 - fleche explo\datapacks\Magic_FR\data\minecraft\tags\block\spell_beam.json", "JSON", 0, 31, 0, 0, 31
"c:\Users\FlowUP\AppData\Roaming\.minecraft\saves\CTF-1.21.10 v1.29 - fleche explo\datapacks\Magic_FR\data\minecraft\tags\block\traversable_blocs.json", "JSON", 0, 30, 0, 0, 30
"c:\Users\FlowUP\AppData\Roaming\.minecraft\saves\CTF-1.21.10 v1.29 - fleche explo\datapacks\Magic_FR\data\minecraft\tags\block\water_block.json", "JSON", 0, 11, 0, 2, 13
"c:\Users\FlowUP\AppData\Roaming\.minecraft\saves\CTF-1.21.10 v1.29 - fleche explo\datapacks\Magic_FR\data\minecraft\tags\dialog\quick_actions.json", "JSON", 0, 5, 0, 0, 5
"c:\Users\FlowUP\AppData\Roaming\.minecraft\saves\CTF-1.21.10 v1.29 - fleche explo\datapacks\Magic_FR\data\minecraft\tags\entity_type\boss.json", "JSON", 0, 7, 0, 1, 8
"c:\Users\FlowUP\AppData\Roaming\.minecraft\saves\CTF-1.21.10 v1.29 - fleche explo\datapacks\Magic_FR\data\minecraft\tags\entity_type\cherry_and_players.json", "JSON", 0, 6, 0, 1, 7
"c:\Users\FlowUP\AppData\Roaming\.minecraft\saves\CTF-1.21.10 v1.29 - fleche explo\datapacks\Magic_FR\data\minecraft\tags\entity_type\explo_arrow_holder.json", "JSON", 0, 7, 0, 0, 7
"c:\Users\FlowUP\AppData\Roaming\.minecraft\saves\CTF-1.21.10 v1.29 - fleche explo\datapacks\Magic_FR\data\minecraft\tags\entity_type\living_spellable.json", "JSON", 0, 7, 0, 1, 8
"c:\Users\FlowUP\AppData\Roaming\.minecraft\saves\CTF-1.21.10 v1.29 - fleche explo\datapacks\Magic_FR\data\minecraft\tags\entity_type\spellable.json", "JSON", 0, 8, 0, 1, 9
"c:\Users\FlowUP\AppData\Roaming\.minecraft\saves\CTF-1.21.10 v1.29 - fleche explo\datapacks\Magic_FR\data\minecraft\tags\function\load.json", "JSON", 0, 5, 0, 0, 5
"c:\Users\FlowUP\AppData\Roaming\.minecraft\saves\CTF-1.21.10 v1.29 - fleche explo\datapacks\Magic_FR\data\minecraft\tags\function\tick.json", "JSON", 0, 5, 0, 0, 5
"c:\Users\FlowUP\AppData\Roaming\.minecraft\saves\CTF-1.21.10 v1.29 - fleche explo\datapacks\Magic_FR\data\minecraft\tags\item\stained_glass_pane.json", "JSON", 0, 20, 0, 2, 22
"c:\Users\FlowUP\AppData\Roaming\.minecraft\saves\CTF-1.21.10 v1.29 - fleche explo\datapacks\Magic_FR\data\rogue\advancement\1_r.json", "JSON", 0, 31, 0, 0, 31
"c:\Users\FlowUP\AppData\Roaming\.minecraft\saves\CTF-1.21.10 v1.29 - fleche explo\datapacks\Magic_FR\data\rogue\advancement\2_r.json", "JSON", 0, 24, 0, 0, 24
"c:\Users\FlowUP\AppData\Roaming\.minecraft\saves\CTF-1.21.10 v1.29 - fleche explo\datapacks\Magic_FR\data\rogue\advancement\3_r.json", "JSON", 0, 27, 0, 0, 27
"c:\Users\FlowUP\AppData\Roaming\.minecraft\saves\CTF-1.21.10 v1.29 - fleche explo\datapacks\Magic_FR\data\rogue\advancement\4_r.json", "JSON", 0, 31, 0, 0, 31
"c:\Users\FlowUP\AppData\Roaming\.minecraft\saves\CTF-1.21.10 v1.29 - fleche explo\datapacks\Magic_FR\data\rogue\advancement\5_r.json", "JSON", 0, 31, 0, 0, 31
"c:\Users\FlowUP\AppData\Roaming\.minecraft\saves\CTF-1.21.10 v1.29 - fleche explo\datapacks\Magic_FR\data\rogue\advancement\6_r.json", "JSON", 0, 24, 0, 0, 24
"c:\Users\FlowUP\AppData\Roaming\.minecraft\saves\CTF-1.21.10 v1.29 - fleche explo\datapacks\Magic_FR\data\rogue\advancement\7_r.json", "JSON", 0, 24, 0, 0, 24
"c:\Users\FlowUP\AppData\Roaming\.minecraft\saves\CTF-1.21.10 v1.29 - fleche explo\datapacks\Magic_FR\data\rogue\advancement\bootlvl10_r.json", "JSON", 0, 27, 0, 0, 27
"c:\Users\FlowUP\AppData\Roaming\.minecraft\saves\CTF-1.21.10 v1.29 - fleche explo\datapacks\Magic_FR\data\rogue\advancement\bootlvl2_r.json", "JSON", 0, 27, 0, 0, 27
"c:\Users\FlowUP\AppData\Roaming\.minecraft\saves\CTF-1.21.10 v1.29 - fleche explo\datapacks\Magic_FR\data\rogue\advancement\bootlvl3_r.json", "JSON", 0, 24, 0, 0, 24
"c:\Users\FlowUP\AppData\Roaming\.minecraft\saves\CTF-1.21.10 v1.29 - fleche explo\datapacks\Magic_FR\data\rogue\advancement\bootlvl4_r.json", "JSON", 0, 27, 0, 0, 27
"c:\Users\FlowUP\AppData\Roaming\.minecraft\saves\CTF-1.21.10 v1.29 - fleche explo\datapacks\Magic_FR\data\rogue\advancement\bootlvl5_r.json", "JSON", 0, 24, 0, 0, 24
"c:\Users\FlowUP\AppData\Roaming\.minecraft\saves\CTF-1.21.10 v1.29 - fleche explo\datapacks\Magic_FR\data\rogue\advancement\bootlvl6_r.json", "JSON", 0, 27, 0, 0, 27
"c:\Users\FlowUP\AppData\Roaming\.minecraft\saves\CTF-1.21.10 v1.29 - fleche explo\datapacks\Magic_FR\data\rogue\advancement\bootlvl7_r.json", "JSON", 0, 24, 0, 0, 24
"c:\Users\FlowUP\AppData\Roaming\.minecraft\saves\CTF-1.21.10 v1.29 - fleche explo\datapacks\Magic_FR\data\rogue\advancement\bootlvl8_r.json", "JSON", 0, 27, 0, 0, 27
"c:\Users\FlowUP\AppData\Roaming\.minecraft\saves\CTF-1.21.10 v1.29 - fleche explo\datapacks\Magic_FR\data\rogue\advancement\bootlvl9_r.json", "JSON", 0, 24, 0, 0, 24
"c:\Users\FlowUP\AppData\Roaming\.minecraft\saves\CTF-1.21.10 v1.29 - fleche explo\datapacks\Magic_FR\data\rogue\advancement\chestlvl10_r.json", "JSON", 0, 27, 0, 0, 27
"c:\Users\FlowUP\AppData\Roaming\.minecraft\saves\CTF-1.21.10 v1.29 - fleche explo\datapacks\Magic_FR\data\rogue\advancement\chestlvl2_r.json", "JSON", 0, 27, 0, 0, 27
"c:\Users\FlowUP\AppData\Roaming\.minecraft\saves\CTF-1.21.10 v1.29 - fleche explo\datapacks\Magic_FR\data\rogue\advancement\chestlvl3_r.json", "JSON", 0, 24, 0, 0, 24
"c:\Users\FlowUP\AppData\Roaming\.minecraft\saves\CTF-1.21.10 v1.29 - fleche explo\datapacks\Magic_FR\data\rogue\advancement\chestlvl4_r.json", "JSON", 0, 27, 0, 0, 27
"c:\Users\FlowUP\AppData\Roaming\.minecraft\saves\CTF-1.21.10 v1.29 - fleche explo\datapacks\Magic_FR\data\rogue\advancement\chestlvl5_r.json", "JSON", 0, 24, 0, 0, 24
"c:\Users\FlowUP\AppData\Roaming\.minecraft\saves\CTF-1.21.10 v1.29 - fleche explo\datapacks\Magic_FR\data\rogue\advancement\chestlvl6_r.json", "JSON", 0, 27, 0, 0, 27
"c:\Users\FlowUP\AppData\Roaming\.minecraft\saves\CTF-1.21.10 v1.29 - fleche explo\datapacks\Magic_FR\data\rogue\advancement\chestlvl7_r.json", "JSON", 0, 24, 0, 0, 24
"c:\Users\FlowUP\AppData\Roaming\.minecraft\saves\CTF-1.21.10 v1.29 - fleche explo\datapacks\Magic_FR\data\rogue\advancement\chestlvl8_r.json", "JSON", 0, 27, 0, 0, 27
"c:\Users\FlowUP\AppData\Roaming\.minecraft\saves\CTF-1.21.10 v1.29 - fleche explo\datapacks\Magic_FR\data\rogue\advancement\chestlvl9_r.json", "JSON", 0, 24, 0, 0, 24
"c:\Users\FlowUP\AppData\Roaming\.minecraft\saves\CTF-1.21.10 v1.29 - fleche explo\datapacks\Magic_FR\data\rogue\advancement\legslvl10_r.json", "JSON", 0, 27, 0, 0, 27
"c:\Users\FlowUP\AppData\Roaming\.minecraft\saves\CTF-1.21.10 v1.29 - fleche explo\datapacks\Magic_FR\data\rogue\advancement\legslvl2_r.json", "JSON", 0, 27, 0, 0, 27
"c:\Users\FlowUP\AppData\Roaming\.minecraft\saves\CTF-1.21.10 v1.29 - fleche explo\datapacks\Magic_FR\data\rogue\advancement\legslvl3_r.json", "JSON", 0, 24, 0, 0, 24
"c:\Users\FlowUP\AppData\Roaming\.minecraft\saves\CTF-1.21.10 v1.29 - fleche explo\datapacks\Magic_FR\data\rogue\advancement\legslvl4_r.json", "JSON", 0, 27, 0, 0, 27
"c:\Users\FlowUP\AppData\Roaming\.minecraft\saves\CTF-1.21.10 v1.29 - fleche explo\datapacks\Magic_FR\data\rogue\advancement\legslvl5_r.json", "JSON", 0, 24, 0, 0, 24
"c:\Users\FlowUP\AppData\Roaming\.minecraft\saves\CTF-1.21.10 v1.29 - fleche explo\datapacks\Magic_FR\data\rogue\advancement\legslvl6_r.json", "JSON", 0, 27, 0, 0, 27
"c:\Users\FlowUP\AppData\Roaming\.minecraft\saves\CTF-1.21.10 v1.29 - fleche explo\datapacks\Magic_FR\data\rogue\advancement\legslvl7_r.json", "JSON", 0, 24, 0, 0, 24
"c:\Users\FlowUP\AppData\Roaming\.minecraft\saves\CTF-1.21.10 v1.29 - fleche explo\datapacks\Magic_FR\data\rogue\advancement\legslvl8_r.json", "JSON", 0, 27, 0, 0, 27
"c:\Users\FlowUP\AppData\Roaming\.minecraft\saves\CTF-1.21.10 v1.29 - fleche explo\datapacks\Magic_FR\data\rogue\advancement\legslvl9_r.json", "JSON", 0, 24, 0, 0, 24
"c:\Users\FlowUP\AppData\Roaming\.minecraft\saves\CTF-1.21.10 v1.29 - fleche explo\datapacks\Magic_FR\data\rogue\advancement\passif2_r.json", "JSON", 0, 56, 0, 0, 56
"c:\Users\FlowUP\AppData\Roaming\.minecraft\saves\CTF-1.21.10 v1.29 - fleche explo\datapacks\Magic_FR\data\rogue\advancement\passif_r.json", "JSON", 0, 25, 0, 0, 25
"c:\Users\FlowUP\AppData\Roaming\.minecraft\saves\CTF-1.21.10 v1.29 - fleche explo\datapacks\Magic_FR\data\rogue\advancement\root.json", "JSON", 0, 31, 0, 0, 31
"c:\Users\FlowUP\AppData\Roaming\.minecraft\saves\CTF-1.21.10 v1.29 - fleche explo\datapacks\Magic_FR\data\rogue\advancement\spell1lvl2_r.json", "JSON", 0, 31, 0, 0, 31
"c:\Users\FlowUP\AppData\Roaming\.minecraft\saves\CTF-1.21.10 v1.29 - fleche explo\datapacks\Magic_FR\data\rogue\advancement\spell1lvl3_r.json", "JSON", 0, 31, 0, 0, 31
"c:\Users\FlowUP\AppData\Roaming\.minecraft\saves\CTF-1.21.10 v1.29 - fleche explo\datapacks\Magic_FR\data\rogue\advancement\weapon1lvl10_r.json", "JSON", 0, 27, 0, 0, 27
"c:\Users\FlowUP\AppData\Roaming\.minecraft\saves\CTF-1.21.10 v1.29 - fleche explo\datapacks\Magic_FR\data\rogue\advancement\weapon1lvl2_r.json", "JSON", 0, 27, 0, 0, 27
"c:\Users\FlowUP\AppData\Roaming\.minecraft\saves\CTF-1.21.10 v1.29 - fleche explo\datapacks\Magic_FR\data\rogue\advancement\weapon1lvl3_r.json", "JSON", 0, 27, 0, 0, 27
"c:\Users\FlowUP\AppData\Roaming\.minecraft\saves\CTF-1.21.10 v1.29 - fleche explo\datapacks\Magic_FR\data\rogue\advancement\weapon1lvl4_r.json", "JSON", 0, 28, 0, 0, 28
"c:\Users\FlowUP\AppData\Roaming\.minecraft\saves\CTF-1.21.10 v1.29 - fleche explo\datapacks\Magic_FR\data\rogue\advancement\weapon1lvl5_r.json", "JSON", 0, 27, 0, 0, 27
"c:\Users\FlowUP\AppData\Roaming\.minecraft\saves\CTF-1.21.10 v1.29 - fleche explo\datapacks\Magic_FR\data\rogue\advancement\weapon1lvl6_r.json", "JSON", 0, 27, 0, 0, 27
"c:\Users\FlowUP\AppData\Roaming\.minecraft\saves\CTF-1.21.10 v1.29 - fleche explo\datapacks\Magic_FR\data\rogue\advancement\weapon1lvl7_r.json", "JSON", 0, 27, 0, 0, 27
"c:\Users\FlowUP\AppData\Roaming\.minecraft\saves\CTF-1.21.10 v1.29 - fleche explo\datapacks\Magic_FR\data\rogue\advancement\weapon1lvl8_r.json", "JSON", 0, 27, 0, 0, 27
"c:\Users\FlowUP\AppData\Roaming\.minecraft\saves\CTF-1.21.10 v1.29 - fleche explo\datapacks\Magic_FR\data\rogue\advancement\weapon1lvl9_r.json", "JSON", 0, 27, 0, 0, 27
"c:\Users\FlowUP\AppData\Roaming\.minecraft\saves\CTF-1.21.10 v1.29 - fleche explo\datapacks\Magic_FR\data\shop\function\actualise_advancement\archer.mcfunction", "mcfunction", 53, 0, 2, 9, 64
"c:\Users\FlowUP\AppData\Roaming\.minecraft\saves\CTF-1.21.10 v1.29 - fleche explo\datapacks\Magic_FR\data\shop\function\actualise_advancement\mage.mcfunction", "mcfunction", 49, 0, 2, 8, 59
"c:\Users\FlowUP\AppData\Roaming\.minecraft\saves\CTF-1.21.10 v1.29 - fleche explo\datapacks\Magic_FR\data\shop\function\actualise_advancement\rogue.mcfunction", "mcfunction", 49, 0, 2, 9, 60
"c:\Users\FlowUP\AppData\Roaming\.minecraft\saves\CTF-1.21.10 v1.29 - fleche explo\datapacks\Magic_FR\data\shop\function\actualise_advancement\warrior.mcfunction", "mcfunction", 49, 0, 2, 9, 60
"c:\Users\FlowUP\AppData\Roaming\.minecraft\saves\CTF-1.21.10 v1.29 - fleche explo\datapacks\Magic_FR\data\shop\function\boot\buyboot\buybootlvl1.mcfunction", "mcfunction", 14, 0, 9, 9, 32
"c:\Users\FlowUP\AppData\Roaming\.minecraft\saves\CTF-1.21.10 v1.29 - fleche explo\datapacks\Magic_FR\data\shop\function\boot\buyboot\buybootlvl10.mcfunction", "mcfunction", 14, 0, 9, 9, 32
"c:\Users\FlowUP\AppData\Roaming\.minecraft\saves\CTF-1.21.10 v1.29 - fleche explo\datapacks\Magic_FR\data\shop\function\boot\buyboot\buybootlvl10_a.mcfunction", "mcfunction", 10, 0, 7, 8, 25
"c:\Users\FlowUP\AppData\Roaming\.minecraft\saves\CTF-1.21.10 v1.29 - fleche explo\datapacks\Magic_FR\data\shop\function\boot\buyboot\buybootlvl1_a.mcfunction", "mcfunction", 10, 0, 7, 9, 26
"c:\Users\FlowUP\AppData\Roaming\.minecraft\saves\CTF-1.21.10 v1.29 - fleche explo\datapacks\Magic_FR\data\shop\function\boot\buyboot\buybootlvl2.mcfunction", "mcfunction", 14, 0, 9, 8, 31
"c:\Users\FlowUP\AppData\Roaming\.minecraft\saves\CTF-1.21.10 v1.29 - fleche explo\datapacks\Magic_FR\data\shop\function\boot\buyboot\buybootlvl2_a.mcfunction", "mcfunction", 10, 0, 7, 9, 26
"c:\Users\FlowUP\AppData\Roaming\.minecraft\saves\CTF-1.21.10 v1.29 - fleche explo\datapacks\Magic_FR\data\shop\function\boot\buyboot\buybootlvl3.mcfunction", "mcfunction", 14, 0, 9, 7, 30
"c:\Users\FlowUP\AppData\Roaming\.minecraft\saves\CTF-1.21.10 v1.29 - fleche explo\datapacks\Magic_FR\data\shop\function\boot\buyboot\buybootlvl3_a.mcfunction", "mcfunction", 10, 0, 7, 8, 25
"c:\Users\FlowUP\AppData\Roaming\.minecraft\saves\CTF-1.21.10 v1.29 - fleche explo\datapacks\Magic_FR\data\shop\function\boot\buyboot\buybootlvl4.mcfunction", "mcfunction", 14, 0, 9, 8, 31
"c:\Users\FlowUP\AppData\Roaming\.minecraft\saves\CTF-1.21.10 v1.29 - fleche explo\datapacks\Magic_FR\data\shop\function\boot\buyboot\buybootlvl4_a.mcfunction", "mcfunction", 10, 0, 7, 7, 24
"c:\Users\FlowUP\AppData\Roaming\.minecraft\saves\CTF-1.21.10 v1.29 - fleche explo\datapacks\Magic_FR\data\shop\function\boot\buyboot\buybootlvl5.mcfunction", "mcfunction", 14, 0, 9, 7, 30
"c:\Users\FlowUP\AppData\Roaming\.minecraft\saves\CTF-1.21.10 v1.29 - fleche explo\datapacks\Magic_FR\data\shop\function\boot\buyboot\buybootlvl5_a.mcfunction", "mcfunction", 10, 0, 7, 7, 24
"c:\Users\FlowUP\AppData\Roaming\.minecraft\saves\CTF-1.21.10 v1.29 - fleche explo\datapacks\Magic_FR\data\shop\function\boot\buyboot\buybootlvl6.mcfunction", "mcfunction", 14, 0, 9, 8, 31
"c:\Users\FlowUP\AppData\Roaming\.minecraft\saves\CTF-1.21.10 v1.29 - fleche explo\datapacks\Magic_FR\data\shop\function\boot\buyboot\buybootlvl6_a.mcfunction", "mcfunction", 10, 0, 7, 7, 24
"c:\Users\FlowUP\AppData\Roaming\.minecraft\saves\CTF-1.21.10 v1.29 - fleche explo\datapacks\Magic_FR\data\shop\function\boot\buyboot\buybootlvl7.mcfunction", "mcfunction", 14, 0, 9, 7, 30
"c:\Users\FlowUP\AppData\Roaming\.minecraft\saves\CTF-1.21.10 v1.29 - fleche explo\datapacks\Magic_FR\data\shop\function\boot\buyboot\buybootlvl7_a.mcfunction", "mcfunction", 10, 0, 7, 7, 24
"c:\Users\FlowUP\AppData\Roaming\.minecraft\saves\CTF-1.21.10 v1.29 - fleche explo\datapacks\Magic_FR\data\shop\function\boot\buyboot\buybootlvl8.mcfunction", "mcfunction", 14, 0, 9, 7, 30
"c:\Users\FlowUP\AppData\Roaming\.minecraft\saves\CTF-1.21.10 v1.29 - fleche explo\datapacks\Magic_FR\data\shop\function\boot\buyboot\buybootlvl8_a.mcfunction", "mcfunction", 10, 0, 7, 7, 24
"c:\Users\FlowUP\AppData\Roaming\.minecraft\saves\CTF-1.21.10 v1.29 - fleche explo\datapacks\Magic_FR\data\shop\function\boot\buyboot\buybootlvl9.mcfunction", "mcfunction", 14, 0, 9, 8, 31
"c:\Users\FlowUP\AppData\Roaming\.minecraft\saves\CTF-1.21.10 v1.29 - fleche explo\datapacks\Magic_FR\data\shop\function\boot\buyboot\buybootlvl9_a.mcfunction", "mcfunction", 10, 0, 7, 7, 24
"c:\Users\FlowUP\AppData\Roaming\.minecraft\saves\CTF-1.21.10 v1.29 - fleche explo\datapacks\Magic_FR\data\shop\function\boot\maxbuyboot\maxbuyboot.mcfunction", "mcfunction", 15, 0, 2, 4, 21
"c:\Users\FlowUP\AppData\Roaming\.minecraft\saves\CTF-1.21.10 v1.29 - fleche explo\datapacks\Magic_FR\data\shop\function\boot\nobuyboot\nobuyboot.mcfunction", "mcfunction", 15, 0, 2, 4, 21
"c:\Users\FlowUP\AppData\Roaming\.minecraft\saves\CTF-1.21.10 v1.29 - fleche explo\datapacks\Magic_FR\data\shop\function\boot\testplayerscore\testboots.mcfunction", "mcfunction", 42, 0, 66, 67, 175
"c:\Users\FlowUP\AppData\Roaming\.minecraft\saves\CTF-1.21.10 v1.29 - fleche explo\datapacks\Magic_FR\data\shop\function\cant_usespell.mcfunction", "mcfunction", 22, 0, 2, 3, 27
"c:\Users\FlowUP\AppData\Roaming\.minecraft\saves\CTF-1.21.10 v1.29 - fleche explo\datapacks\Magic_FR\data\shop\function\chest\buychest\buychestlvl1.mcfunction", "mcfunction", 16, 0, 10, 8, 34
"c:\Users\FlowUP\AppData\Roaming\.minecraft\saves\CTF-1.21.10 v1.29 - fleche explo\datapacks\Magic_FR\data\shop\function\chest\buychest\buychestlvl10.mcfunction", "mcfunction", 16, 0, 10, 8, 34
"c:\Users\FlowUP\AppData\Roaming\.minecraft\saves\CTF-1.21.10 v1.29 - fleche explo\datapacks\Magic_FR\data\shop\function\chest\buychest\buychestlvl2.mcfunction", "mcfunction", 16, 0, 10, 8, 34
"c:\Users\FlowUP\AppData\Roaming\.minecraft\saves\CTF-1.21.10 v1.29 - fleche explo\datapacks\Magic_FR\data\shop\function\chest\buychest\buychestlvl3.mcfunction", "mcfunction", 16, 0, 10, 8, 34
"c:\Users\FlowUP\AppData\Roaming\.minecraft\saves\CTF-1.21.10 v1.29 - fleche explo\datapacks\Magic_FR\data\shop\function\chest\buychest\buychestlvl4.mcfunction", "mcfunction", 16, 0, 10, 8, 34
"c:\Users\FlowUP\AppData\Roaming\.minecraft\saves\CTF-1.21.10 v1.29 - fleche explo\datapacks\Magic_FR\data\shop\function\chest\buychest\buychestlvl5.mcfunction", "mcfunction", 16, 0, 10, 8, 34
"c:\Users\FlowUP\AppData\Roaming\.minecraft\saves\CTF-1.21.10 v1.29 - fleche explo\datapacks\Magic_FR\data\shop\function\chest\buychest\buychestlvl6.mcfunction", "mcfunction", 16, 0, 10, 8, 34
"c:\Users\FlowUP\AppData\Roaming\.minecraft\saves\CTF-1.21.10 v1.29 - fleche explo\datapacks\Magic_FR\data\shop\function\chest\buychest\buychestlvl7.mcfunction", "mcfunction", 16, 0, 10, 8, 34
"c:\Users\FlowUP\AppData\Roaming\.minecraft\saves\CTF-1.21.10 v1.29 - fleche explo\datapacks\Magic_FR\data\shop\function\chest\buychest\buychestlvl8.mcfunction", "mcfunction", 16, 0, 10, 8, 34
"c:\Users\FlowUP\AppData\Roaming\.minecraft\saves\CTF-1.21.10 v1.29 - fleche explo\datapacks\Magic_FR\data\shop\function\chest\buychest\buychestlvl9.mcfunction", "mcfunction", 16, 0, 10, 8, 34
"c:\Users\FlowUP\AppData\Roaming\.minecraft\saves\CTF-1.21.10 v1.29 - fleche explo\datapacks\Magic_FR\data\shop\function\chest\maxbuychest\maxbuychest.mcfunction", "mcfunction", 15, 0, 2, 4, 21
"c:\Users\FlowUP\AppData\Roaming\.minecraft\saves\CTF-1.21.10 v1.29 - fleche explo\datapacks\Magic_FR\data\shop\function\chest\nobuychest\nobuychest.mcfunction", "mcfunction", 15, 0, 2, 4, 21
"c:\Users\FlowUP\AppData\Roaming\.minecraft\saves\CTF-1.21.10 v1.29 - fleche explo\datapacks\Magic_FR\data\shop\function\chest\testplayerscore\testchest.mcfunction", "mcfunction", 21, 0, 33, 34, 88
"c:\Users\FlowUP\AppData\Roaming\.minecraft\saves\CTF-1.21.10 v1.29 - fleche explo\datapacks\Magic_FR\data\shop\function\legs\buylegs\buylegslvl1.mcfunction", "mcfunction", 16, 0, 10, 7, 33
"c:\Users\FlowUP\AppData\Roaming\.minecraft\saves\CTF-1.21.10 v1.29 - fleche explo\datapacks\Magic_FR\data\shop\function\legs\buylegs\buylegslvl10.mcfunction", "mcfunction", 16, 0, 10, 8, 34
"c:\Users\FlowUP\AppData\Roaming\.minecraft\saves\CTF-1.21.10 v1.29 - fleche explo\datapacks\Magic_FR\data\shop\function\legs\buylegs\buylegslvl2.mcfunction", "mcfunction", 16, 0, 10, 7, 33
"c:\Users\FlowUP\AppData\Roaming\.minecraft\saves\CTF-1.21.10 v1.29 - fleche explo\datapacks\Magic_FR\data\shop\function\legs\buylegs\buylegslvl3.mcfunction", "mcfunction", 16, 0, 10, 7, 33
"c:\Users\FlowUP\AppData\Roaming\.minecraft\saves\CTF-1.21.10 v1.29 - fleche explo\datapacks\Magic_FR\data\shop\function\legs\buylegs\buylegslvl4.mcfunction", "mcfunction", 16, 0, 10, 7, 33
"c:\Users\FlowUP\AppData\Roaming\.minecraft\saves\CTF-1.21.10 v1.29 - fleche explo\datapacks\Magic_FR\data\shop\function\legs\buylegs\buylegslvl5.mcfunction", "mcfunction", 16, 0, 10, 7, 33
"c:\Users\FlowUP\AppData\Roaming\.minecraft\saves\CTF-1.21.10 v1.29 - fleche explo\datapacks\Magic_FR\data\shop\function\legs\buylegs\buylegslvl6.mcfunction", "mcfunction", 16, 0, 10, 7, 33
"c:\Users\FlowUP\AppData\Roaming\.minecraft\saves\CTF-1.21.10 v1.29 - fleche explo\datapacks\Magic_FR\data\shop\function\legs\buylegs\buylegslvl7.mcfunction", "mcfunction", 16, 0, 10, 7, 33
"c:\Users\FlowUP\AppData\Roaming\.minecraft\saves\CTF-1.21.10 v1.29 - fleche explo\datapacks\Magic_FR\data\shop\function\legs\buylegs\buylegslvl8.mcfunction", "mcfunction", 16, 0, 10, 7, 33
"c:\Users\FlowUP\AppData\Roaming\.minecraft\saves\CTF-1.21.10 v1.29 - fleche explo\datapacks\Magic_FR\data\shop\function\legs\buylegs\buylegslvl9.mcfunction", "mcfunction", 16, 0, 10, 7, 33
"c:\Users\FlowUP\AppData\Roaming\.minecraft\saves\CTF-1.21.10 v1.29 - fleche explo\datapacks\Magic_FR\data\shop\function\legs\maxbuylegs\maxbuylegs.mcfunction", "mcfunction", 15, 0, 2, 4, 21
"c:\Users\FlowUP\AppData\Roaming\.minecraft\saves\CTF-1.21.10 v1.29 - fleche explo\datapacks\Magic_FR\data\shop\function\legs\nobuylegs\nobuylegs.mcfunction", "mcfunction", 15, 0, 2, 4, 21
"c:\Users\FlowUP\AppData\Roaming\.minecraft\saves\CTF-1.21.10 v1.29 - fleche explo\datapacks\Magic_FR\data\shop\function\legs\testplayerscore\testlegs.mcfunction", "mcfunction", 21, 0, 32, 33, 86
"c:\Users\FlowUP\AppData\Roaming\.minecraft\saves\CTF-1.21.10 v1.29 - fleche explo\datapacks\Magic_FR\data\shop\function\load.mcfunction", "mcfunction", 0, 0, 4, 1, 5
"c:\Users\FlowUP\AppData\Roaming\.minecraft\saves\CTF-1.21.10 v1.29 - fleche explo\datapacks\Magic_FR\data\shop\function\loop.mcfunction", "mcfunction", 42, 0, 37, 36, 115
"c:\Users\FlowUP\AppData\Roaming\.minecraft\saves\CTF-1.21.10 v1.29 - fleche explo\datapacks\Magic_FR\data\shop\function\ready_sign\be_not_ready.mcfunction", "mcfunction", 7, 0, 1, 3, 11
"c:\Users\FlowUP\AppData\Roaming\.minecraft\saves\CTF-1.21.10 v1.29 - fleche explo\datapacks\Magic_FR\data\shop\function\ready_sign\be_ready.mcfunction", "mcfunction", 7, 0, 1, 3, 11
"c:\Users\FlowUP\AppData\Roaming\.minecraft\saves\CTF-1.21.10 v1.29 - fleche explo\datapacks\Magic_FR\data\shop\function\reset_frameroom_sign.mcfunction", "mcfunction", 13, 0, 4, 5, 22
"c:\Users\FlowUP\AppData\Roaming\.minecraft\saves\CTF-1.21.10 v1.29 - fleche explo\datapacks\Magic_FR\data\shop\function\reset_round_achats.mcfunction", "mcfunction", 53, 0, 2, 17, 72
"c:\Users\FlowUP\AppData\Roaming\.minecraft\saves\CTF-1.21.10 v1.29 - fleche explo\datapacks\Magic_FR\data\shop\function\save_achats.mcfunction", "mcfunction", 12, 0, 2, 3, 17
"c:\Users\FlowUP\AppData\Roaming\.minecraft\saves\CTF-1.21.10 v1.29 - fleche explo\datapacks\Magic_FR\data\shop\function\shop_is_ready.mcfunction", "mcfunction", 29, 0, 10, 15, 54
"c:\Users\FlowUP\AppData\Roaming\.minecraft\saves\CTF-1.21.10 v1.29 - fleche explo\datapacks\Magic_FR\data\shop\function\spectate_ppl\player1.mcfunction", "mcfunction", 8, 0, 4, 3, 15
"c:\Users\FlowUP\AppData\Roaming\.minecraft\saves\CTF-1.21.10 v1.29 - fleche explo\datapacks\Magic_FR\data\shop\function\spectate_ppl\player10.mcfunction", "mcfunction", 8, 0, 4, 3, 15
"c:\Users\FlowUP\AppData\Roaming\.minecraft\saves\CTF-1.21.10 v1.29 - fleche explo\datapacks\Magic_FR\data\shop\function\spectate_ppl\player11.mcfunction", "mcfunction", 8, 0, 4, 3, 15
"c:\Users\FlowUP\AppData\Roaming\.minecraft\saves\CTF-1.21.10 v1.29 - fleche explo\datapacks\Magic_FR\data\shop\function\spectate_ppl\player12.mcfunction", "mcfunction", 8, 0, 4, 3, 15
"c:\Users\FlowUP\AppData\Roaming\.minecraft\saves\CTF-1.21.10 v1.29 - fleche explo\datapacks\Magic_FR\data\shop\function\spectate_ppl\player2.mcfunction", "mcfunction", 8, 0, 4, 3, 15
"c:\Users\FlowUP\AppData\Roaming\.minecraft\saves\CTF-1.21.10 v1.29 - fleche explo\datapacks\Magic_FR\data\shop\function\spectate_ppl\player3.mcfunction", "mcfunction", 8, 0, 4, 3, 15
"c:\Users\FlowUP\AppData\Roaming\.minecraft\saves\CTF-1.21.10 v1.29 - fleche explo\datapacks\Magic_FR\data\shop\function\spectate_ppl\player4.mcfunction", "mcfunction", 8, 0, 4, 3, 15
"c:\Users\FlowUP\AppData\Roaming\.minecraft\saves\CTF-1.21.10 v1.29 - fleche explo\datapacks\Magic_FR\data\shop\function\spectate_ppl\player5.mcfunction", "mcfunction", 8, 0, 4, 3, 15
"c:\Users\FlowUP\AppData\Roaming\.minecraft\saves\CTF-1.21.10 v1.29 - fleche explo\datapacks\Magic_FR\data\shop\function\spectate_ppl\player6.mcfunction", "mcfunction", 8, 0, 4, 3, 15
"c:\Users\FlowUP\AppData\Roaming\.minecraft\saves\CTF-1.21.10 v1.29 - fleche explo\datapacks\Magic_FR\data\shop\function\spectate_ppl\player7.mcfunction", "mcfunction", 8, 0, 4, 3, 15
"c:\Users\FlowUP\AppData\Roaming\.minecraft\saves\CTF-1.21.10 v1.29 - fleche explo\datapacks\Magic_FR\data\shop\function\spectate_ppl\player8.mcfunction", "mcfunction", 8, 0, 4, 3, 15
"c:\Users\FlowUP\AppData\Roaming\.minecraft\saves\CTF-1.21.10 v1.29 - fleche explo\datapacks\Magic_FR\data\shop\function\spectate_ppl\player9.mcfunction", "mcfunction", 8, 0, 4, 3, 15
"c:\Users\FlowUP\AppData\Roaming\.minecraft\saves\CTF-1.21.10 v1.29 - fleche explo\datapacks\Magic_FR\data\shop\function\spectate_ppl\stop.mcfunction", "mcfunction", 17, 0, 3, 4, 24
"c:\Users\FlowUP\AppData\Roaming\.minecraft\saves\CTF-1.21.10 v1.29 - fleche explo\datapacks\Magic_FR\data\shop\function\spectator_room_sign_wall\10players.mcfunction", "mcfunction", 34, 0, 13, 11, 58
"c:\Users\FlowUP\AppData\Roaming\.minecraft\saves\CTF-1.21.10 v1.29 - fleche explo\datapacks\Magic_FR\data\shop\function\spectator_room_sign_wall\11players.mcfunction", "mcfunction", 37, 0, 14, 12, 63
"c:\Users\FlowUP\AppData\Roaming\.minecraft\saves\CTF-1.21.10 v1.29 - fleche explo\datapacks\Magic_FR\data\shop\function\spectator_room_sign_wall\12players.mcfunction", "mcfunction", 40, 0, 15, 13, 68
"c:\Users\FlowUP\AppData\Roaming\.minecraft\saves\CTF-1.21.10 v1.29 - fleche explo\datapacks\Magic_FR\data\shop\function\spectator_room_sign_wall\2players.mcfunction", "mcfunction", 10, 0, 5, 4, 19
"c:\Users\FlowUP\AppData\Roaming\.minecraft\saves\CTF-1.21.10 v1.29 - fleche explo\datapacks\Magic_FR\data\shop\function\spectator_room_sign_wall\3players.mcfunction", "mcfunction", 13, 0, 6, 5, 24
"c:\Users\FlowUP\AppData\Roaming\.minecraft\saves\CTF-1.21.10 v1.29 - fleche explo\datapacks\Magic_FR\data\shop\function\spectator_room_sign_wall\4players.mcfunction", "mcfunction", 16, 0, 7, 6, 29
"c:\Users\FlowUP\AppData\Roaming\.minecraft\saves\CTF-1.21.10 v1.29 - fleche explo\datapacks\Magic_FR\data\shop\function\spectator_room_sign_wall\5players.mcfunction", "mcfunction", 19, 0, 8, 7, 34
"c:\Users\FlowUP\AppData\Roaming\.minecraft\saves\CTF-1.21.10 v1.29 - fleche explo\datapacks\Magic_FR\data\shop\function\spectator_room_sign_wall\6players.mcfunction", "mcfunction", 22, 0, 9, 8, 39
"c:\Users\FlowUP\AppData\Roaming\.minecraft\saves\CTF-1.21.10 v1.29 - fleche explo\datapacks\Magic_FR\data\shop\function\spectator_room_sign_wall\7players.mcfunction", "mcfunction", 25, 0, 10, 9, 44
"c:\Users\FlowUP\AppData\Roaming\.minecraft\saves\CTF-1.21.10 v1.29 - fleche explo\datapacks\Magic_FR\data\shop\function\spectator_room_sign_wall\8players.mcfunction", "mcfunction", 28, 0, 11, 9, 48
"c:\Users\FlowUP\AppData\Roaming\.minecraft\saves\CTF-1.21.10 v1.29 - fleche explo\datapacks\Magic_FR\data\shop\function\spectator_room_sign_wall\9players.mcfunction", "mcfunction", 31, 0, 12, 10, 53
"c:\Users\FlowUP\AppData\Roaming\.minecraft\saves\CTF-1.21.10 v1.29 - fleche explo\datapacks\Magic_FR\data\shop\function\spell1\buyspell1\buyspell1lvl1_a.mcfunction", "mcfunction", 13, 0, 9, 11, 33
"c:\Users\FlowUP\AppData\Roaming\.minecraft\saves\CTF-1.21.10 v1.29 - fleche explo\datapacks\Magic_FR\data\shop\function\spell1\buyspell1\buyspell1lvl1_m.mcfunction", "mcfunction", 12, 0, 8, 8, 28
"c:\Users\FlowUP\AppData\Roaming\.minecraft\saves\CTF-1.21.10 v1.29 - fleche explo\datapacks\Magic_FR\data\shop\function\spell1\buyspell1\buyspell1lvl1_r.mcfunction", "mcfunction", 12, 0, 8, 8, 28
"c:\Users\FlowUP\AppData\Roaming\.minecraft\saves\CTF-1.21.10 v1.29 - fleche explo\datapacks\Magic_FR\data\shop\function\spell1\buyspell1\buyspell1lvl1_w.mcfunction", "mcfunction", 12, 0, 8, 9, 29
"c:\Users\FlowUP\AppData\Roaming\.minecraft\saves\CTF-1.21.10 v1.29 - fleche explo\datapacks\Magic_FR\data\shop\function\spell1\buyspell1\buyspell1lvl2_a.mcfunction", "mcfunction", 12, 0, 8, 8, 28
"c:\Users\FlowUP\AppData\Roaming\.minecraft\saves\CTF-1.21.10 v1.29 - fleche explo\datapacks\Magic_FR\data\shop\function\spell1\buyspell1\buyspell1lvl2_m.mcfunction", "mcfunction", 11, 0, 7, 7, 25
"c:\Users\FlowUP\AppData\Roaming\.minecraft\saves\CTF-1.21.10 v1.29 - fleche explo\datapacks\Magic_FR\data\shop\function\spell1\buyspell1\buyspell1lvl2_r.mcfunction", "mcfunction", 11, 0, 7, 7, 25
"c:\Users\FlowUP\AppData\Roaming\.minecraft\saves\CTF-1.21.10 v1.29 - fleche explo\datapacks\Magic_FR\data\shop\function\spell1\buyspell1\buyspell1lvl2_w.mcfunction", "mcfunction", 11, 0, 7, 7, 25
"c:\Users\FlowUP\AppData\Roaming\.minecraft\saves\CTF-1.21.10 v1.29 - fleche explo\datapacks\Magic_FR\data\shop\function\spell1\buyspell1\buyspell1lvl3_a.mcfunction", "mcfunction", 12, 0, 8, 8, 28
"c:\Users\FlowUP\AppData\Roaming\.minecraft\saves\CTF-1.21.10 v1.29 - fleche explo\datapacks\Magic_FR\data\shop\function\spell1\buyspell1\buyspell1lvl3_m.mcfunction", "mcfunction", 11, 0, 7, 7, 25
"c:\Users\FlowUP\AppData\Roaming\.minecraft\saves\CTF-1.21.10 v1.29 - fleche explo\datapacks\Magic_FR\data\shop\function\spell1\buyspell1\buyspell1lvl3_r.mcfunction", "mcfunction", 11, 0, 7, 7, 25
"c:\Users\FlowUP\AppData\Roaming\.minecraft\saves\CTF-1.21.10 v1.29 - fleche explo\datapacks\Magic_FR\data\shop\function\spell1\buyspell1\buyspell1lvl3_w.mcfunction", "mcfunction", 11, 0, 7, 7, 25
"c:\Users\FlowUP\AppData\Roaming\.minecraft\saves\CTF-1.21.10 v1.29 - fleche explo\datapacks\Magic_FR\data\shop\function\spell1\maxbuyspell1\maxbuyspell1_a.mcfunction", "mcfunction", 15, 0, 2, 4, 21
"c:\Users\FlowUP\AppData\Roaming\.minecraft\saves\CTF-1.21.10 v1.29 - fleche explo\datapacks\Magic_FR\data\shop\function\spell1\maxbuyspell1\maxbuyspell1_m.mcfunction", "mcfunction", 15, 0, 2, 4, 21
"c:\Users\FlowUP\AppData\Roaming\.minecraft\saves\CTF-1.21.10 v1.29 - fleche explo\datapacks\Magic_FR\data\shop\function\spell1\maxbuyspell1\maxbuyspell1_r.mcfunction", "mcfunction", 15, 0, 2, 4, 21
"c:\Users\FlowUP\AppData\Roaming\.minecraft\saves\CTF-1.21.10 v1.29 - fleche explo\datapacks\Magic_FR\data\shop\function\spell1\maxbuyspell1\maxbuyspell1_w.mcfunction", "mcfunction", 15, 0, 2, 4, 21
"c:\Users\FlowUP\AppData\Roaming\.minecraft\saves\CTF-1.21.10 v1.29 - fleche explo\datapacks\Magic_FR\data\shop\function\spell1\nobuyspell1\nobuyspell1_a.mcfunction", "mcfunction", 15, 0, 2, 3, 20
"c:\Users\FlowUP\AppData\Roaming\.minecraft\saves\CTF-1.21.10 v1.29 - fleche explo\datapacks\Magic_FR\data\shop\function\spell1\nobuyspell1\nobuyspell1_m.mcfunction", "mcfunction", 15, 0, 2, 3, 20
"c:\Users\FlowUP\AppData\Roaming\.minecraft\saves\CTF-1.21.10 v1.29 - fleche explo\datapacks\Magic_FR\data\shop\function\spell1\nobuyspell1\nobuyspell1_r.mcfunction", "mcfunction", 15, 0, 2, 3, 20
"c:\Users\FlowUP\AppData\Roaming\.minecraft\saves\CTF-1.21.10 v1.29 - fleche explo\datapacks\Magic_FR\data\shop\function\spell1\nobuyspell1\nobuyspell1_w.mcfunction", "mcfunction", 15, 0, 2, 3, 20
"c:\Users\FlowUP\AppData\Roaming\.minecraft\saves\CTF-1.21.10 v1.29 - fleche explo\datapacks\Magic_FR\data\shop\function\spell1\testplayerscore\testspell1.mcfunction", "mcfunction", 28, 0, 52, 57, 137
"c:\Users\FlowUP\AppData\Roaming\.minecraft\saves\CTF-1.21.10 v1.29 - fleche explo\datapacks\Magic_FR\data\shop\function\spell2\buyspell2\buyspell2lvl1_a.mcfunction", "mcfunction", 12, 0, 8, 9, 29
"c:\Users\FlowUP\AppData\Roaming\.minecraft\saves\CTF-1.21.10 v1.29 - fleche explo\datapacks\Magic_FR\data\shop\function\spell2\buyspell2\buyspell2lvl1_m.mcfunction", "mcfunction", 12, 0, 8, 8, 28
"c:\Users\FlowUP\AppData\Roaming\.minecraft\saves\CTF-1.21.10 v1.29 - fleche explo\datapacks\Magic_FR\data\shop\function\spell2\buyspell2\buyspell2lvl1_r.mcfunction", "mcfunction", 12, 0, 8, 8, 28
"c:\Users\FlowUP\AppData\Roaming\.minecraft\saves\CTF-1.21.10 v1.29 - fleche explo\datapacks\Magic_FR\data\shop\function\spell2\buyspell2\buyspell2lvl1_w.mcfunction", "mcfunction", 12, 0, 8, 8, 28
"c:\Users\FlowUP\AppData\Roaming\.minecraft\saves\CTF-1.21.10 v1.29 - fleche explo\datapacks\Magic_FR\data\shop\function\spell2\buyspell2\buyspell2lvl2_a.mcfunction", "mcfunction", 11, 0, 7, 7, 25
"c:\Users\FlowUP\AppData\Roaming\.minecraft\saves\CTF-1.21.10 v1.29 - fleche explo\datapacks\Magic_FR\data\shop\function\spell2\buyspell2\buyspell2lvl2_m.mcfunction", "mcfunction", 11, 0, 7, 7, 25
"c:\Users\FlowUP\AppData\Roaming\.minecraft\saves\CTF-1.21.10 v1.29 - fleche explo\datapacks\Magic_FR\data\shop\function\spell2\buyspell2\buyspell2lvl2_w.mcfunction", "mcfunction", 11, 0, 7, 7, 25
"c:\Users\FlowUP\AppData\Roaming\.minecraft\saves\CTF-1.21.10 v1.29 - fleche explo\datapacks\Magic_FR\data\shop\function\spell2\buyspell2\buyspell2lvl3_a.mcfunction", "mcfunction", 11, 0, 7, 7, 25
"c:\Users\FlowUP\AppData\Roaming\.minecraft\saves\CTF-1.21.10 v1.29 - fleche explo\datapacks\Magic_FR\data\shop\function\spell2\buyspell2\buyspell2lvl3_m.mcfunction", "mcfunction", 11, 0, 7, 7, 25
"c:\Users\FlowUP\AppData\Roaming\.minecraft\saves\CTF-1.21.10 v1.29 - fleche explo\datapacks\Magic_FR\data\shop\function\spell2\buyspell2\buyspell2lvl3_w.mcfunction", "mcfunction", 11, 0, 7, 7, 25
"c:\Users\FlowUP\AppData\Roaming\.minecraft\saves\CTF-1.21.10 v1.29 - fleche explo\datapacks\Magic_FR\data\shop\function\spell2\maxbuyspell2\maxbuyspell2_a.mcfunction", "mcfunction", 15, 0, 2, 4, 21
"c:\Users\FlowUP\AppData\Roaming\.minecraft\saves\CTF-1.21.10 v1.29 - fleche explo\datapacks\Magic_FR\data\shop\function\spell2\maxbuyspell2\maxbuyspell2_m.mcfunction", "mcfunction", 15, 0, 2, 4, 21
"c:\Users\FlowUP\AppData\Roaming\.minecraft\saves\CTF-1.21.10 v1.29 - fleche explo\datapacks\Magic_FR\data\shop\function\spell2\maxbuyspell2\maxbuyspell2_r.mcfunction", "mcfunction", 15, 0, 2, 4, 21
"c:\Users\FlowUP\AppData\Roaming\.minecraft\saves\CTF-1.21.10 v1.29 - fleche explo\datapacks\Magic_FR\data\shop\function\spell2\maxbuyspell2\maxbuyspell2_w.mcfunction", "mcfunction", 15, 0, 2, 4, 21
"c:\Users\FlowUP\AppData\Roaming\.minecraft\saves\CTF-1.21.10 v1.29 - fleche explo\datapacks\Magic_FR\data\shop\function\spell2\nobuyspell2\nobuyspell2_a.mcfunction", "mcfunction", 15, 0, 2, 3, 20
"c:\Users\FlowUP\AppData\Roaming\.minecraft\saves\CTF-1.21.10 v1.29 - fleche explo\datapacks\Magic_FR\data\shop\function\spell2\nobuyspell2\nobuyspell2_m.mcfunction", "mcfunction", 15, 0, 2, 3, 20
"c:\Users\FlowUP\AppData\Roaming\.minecraft\saves\CTF-1.21.10 v1.29 - fleche explo\datapacks\Magic_FR\data\shop\function\spell2\nobuyspell2\nobuyspell2_r.mcfunction", "mcfunction", 15, 0, 2, 3, 20
"c:\Users\FlowUP\AppData\Roaming\.minecraft\saves\CTF-1.21.10 v1.29 - fleche explo\datapacks\Magic_FR\data\shop\function\spell2\nobuyspell2\nobuyspell2_w.mcfunction", "mcfunction", 15, 0, 2, 3, 20
"c:\Users\FlowUP\AppData\Roaming\.minecraft\saves\CTF-1.21.10 v1.29 - fleche explo\datapacks\Magic_FR\data\shop\function\spell2\testplayerscore\testspell2.mcfunction", "mcfunction", 24, 0, 46, 52, 122
"c:\Users\FlowUP\AppData\Roaming\.minecraft\saves\CTF-1.21.10 v1.29 - fleche explo\datapacks\Magic_FR\data\shop\function\spell3\buyspell3\buyspell3lvl1_a.mcfunction", "mcfunction", 12, 0, 8, 8, 28
"c:\Users\FlowUP\AppData\Roaming\.minecraft\saves\CTF-1.21.10 v1.29 - fleche explo\datapacks\Magic_FR\data\shop\function\spell3\buyspell3\buyspell3lvl1_m.mcfunction", "mcfunction", 12, 0, 8, 8, 28
"c:\Users\FlowUP\AppData\Roaming\.minecraft\saves\CTF-1.21.10 v1.29 - fleche explo\datapacks\Magic_FR\data\shop\function\spell3\buyspell3\buyspell3lvl1_r.mcfunction", "mcfunction", 12, 0, 8, 8, 28
"c:\Users\FlowUP\AppData\Roaming\.minecraft\saves\CTF-1.21.10 v1.29 - fleche explo\datapacks\Magic_FR\data\shop\function\spell3\buyspell3\buyspell3lvl1_w.mcfunction", "mcfunction", 12, 0, 8, 8, 28
"c:\Users\FlowUP\AppData\Roaming\.minecraft\saves\CTF-1.21.10 v1.29 - fleche explo\datapacks\Magic_FR\data\shop\function\spell3\buyspell3\buyspell3lvl2_a.mcfunction", "mcfunction", 11, 0, 7, 7, 25
"c:\Users\FlowUP\AppData\Roaming\.minecraft\saves\CTF-1.21.10 v1.29 - fleche explo\datapacks\Magic_FR\data\shop\function\spell3\buyspell3\buyspell3lvl3_a.mcfunction", "mcfunction", 11, 0, 7, 7, 25
"c:\Users\FlowUP\AppData\Roaming\.minecraft\saves\CTF-1.21.10 v1.29 - fleche explo\datapacks\Magic_FR\data\shop\function\spell3\maxbuyspell3\maxbuyspell3_a.mcfunction", "mcfunction", 2, 0, 1, 4, 7
"c:\Users\FlowUP\AppData\Roaming\.minecraft\saves\CTF-1.21.10 v1.29 - fleche explo\datapacks\Magic_FR\data\shop\function\spell3\maxbuyspell3\maxbuyspell3_m.mcfunction", "mcfunction", 15, 0, 2, 4, 21
"c:\Users\FlowUP\AppData\Roaming\.minecraft\saves\CTF-1.21.10 v1.29 - fleche explo\datapacks\Magic_FR\data\shop\function\spell3\maxbuyspell3\maxbuyspell3_r.mcfunction", "mcfunction", 15, 0, 2, 4, 21
"c:\Users\FlowUP\AppData\Roaming\.minecraft\saves\CTF-1.21.10 v1.29 - fleche explo\datapacks\Magic_FR\data\shop\function\spell3\maxbuyspell3\maxbuyspell3_w.mcfunction", "mcfunction", 15, 0, 2, 4, 21
"c:\Users\FlowUP\AppData\Roaming\.minecraft\saves\CTF-1.21.10 v1.29 - fleche explo\datapacks\Magic_FR\data\shop\function\spell3\nobuyspell3\nobuyspell3_a.mcfunction", "mcfunction", 15, 0, 2, 3, 20
"c:\Users\FlowUP\AppData\Roaming\.minecraft\saves\CTF-1.21.10 v1.29 - fleche explo\datapacks\Magic_FR\data\shop\function\spell3\nobuyspell3\nobuyspell3_m.mcfunction", "mcfunction", 15, 0, 2, 3, 20
"c:\Users\FlowUP\AppData\Roaming\.minecraft\saves\CTF-1.21.10 v1.29 - fleche explo\datapacks\Magic_FR\data\shop\function\spell3\nobuyspell3\nobuyspell3_r.mcfunction", "mcfunction", 15, 0, 2, 3, 20
"c:\Users\FlowUP\AppData\Roaming\.minecraft\saves\CTF-1.21.10 v1.29 - fleche explo\datapacks\Magic_FR\data\shop\function\spell3\nobuyspell3\nobuyspell3_w.mcfunction", "mcfunction", 15, 0, 2, 3, 20
"c:\Users\FlowUP\AppData\Roaming\.minecraft\saves\CTF-1.21.10 v1.29 - fleche explo\datapacks\Magic_FR\data\shop\function\spell3\testplayerscore\testspell3.mcfunction", "mcfunction", 16, 0, 34, 39, 89
"c:\Users\FlowUP\AppData\Roaming\.minecraft\saves\CTF-1.21.10 v1.29 - fleche explo\datapacks\Magic_FR\data\shop\function\weapon1\buyweapon1\buyweapon1lvl10_a.mcfunction", "mcfunction", 12, 0, 9, 8, 29
"c:\Users\FlowUP\AppData\Roaming\.minecraft\saves\CTF-1.21.10 v1.29 - fleche explo\datapacks\Magic_FR\data\shop\function\weapon1\buyweapon1\buyweapon1lvl10_m.mcfunction", "mcfunction", 11, 0, 8, 8, 27
"c:\Users\FlowUP\AppData\Roaming\.minecraft\saves\CTF-1.21.10 v1.29 - fleche explo\datapacks\Magic_FR\data\shop\function\weapon1\buyweapon1\buyweapon1lvl10_r.mcfunction", "mcfunction", 10, 0, 7, 7, 24
"c:\Users\FlowUP\AppData\Roaming\.minecraft\saves\CTF-1.21.10 v1.29 - fleche explo\datapacks\Magic_FR\data\shop\function\weapon1\buyweapon1\buyweapon1lvl10_w.mcfunction", "mcfunction", 10, 0, 7, 7, 24
"c:\Users\FlowUP\AppData\Roaming\.minecraft\saves\CTF-1.21.10 v1.29 - fleche explo\datapacks\Magic_FR\data\shop\function\weapon1\buyweapon1\buyweapon1lvl1_a.mcfunction", "mcfunction", 10, 0, 7, 7, 24
"c:\Users\FlowUP\AppData\Roaming\.minecraft\saves\CTF-1.21.10 v1.29 - fleche explo\datapacks\Magic_FR\data\shop\function\weapon1\buyweapon1\buyweapon1lvl1_m.mcfunction", "mcfunction", 11, 0, 8, 8, 27
"c:\Users\FlowUP\AppData\Roaming\.minecraft\saves\CTF-1.21.10 v1.29 - fleche explo\datapacks\Magic_FR\data\shop\function\weapon1\buyweapon1\buyweapon1lvl1_r.mcfunction", "mcfunction", 10, 0, 7, 7, 24
"c:\Users\FlowUP\AppData\Roaming\.minecraft\saves\CTF-1.21.10 v1.29 - fleche explo\datapacks\Magic_FR\data\shop\function\weapon1\buyweapon1\buyweapon1lvl1_w.mcfunction", "mcfunction", 10, 0, 7, 7, 24
"c:\Users\FlowUP\AppData\Roaming\.minecraft\saves\CTF-1.21.10 v1.29 - fleche explo\datapacks\Magic_FR\data\shop\function\weapon1\buyweapon1\buyweapon1lvl2_a.mcfunction", "mcfunction", 12, 0, 9, 8, 29
"c:\Users\FlowUP\AppData\Roaming\.minecraft\saves\CTF-1.21.10 v1.29 - fleche explo\datapacks\Magic_FR\data\shop\function\weapon1\buyweapon1\buyweapon1lvl2_m.mcfunction", "mcfunction", 11, 0, 8, 8, 27
"c:\Users\FlowUP\AppData\Roaming\.minecraft\saves\CTF-1.21.10 v1.29 - fleche explo\datapacks\Magic_FR\data\shop\function\weapon1\buyweapon1\buyweapon1lvl2_r.mcfunction", "mcfunction", 10, 0, 7, 7, 24
"c:\Users\FlowUP\AppData\Roaming\.minecraft\saves\CTF-1.21.10 v1.29 - fleche explo\datapacks\Magic_FR\data\shop\function\weapon1\buyweapon1\buyweapon1lvl2_w.mcfunction", "mcfunction", 10, 0, 7, 7, 24
"c:\Users\FlowUP\AppData\Roaming\.minecraft\saves\CTF-1.21.10 v1.29 - fleche explo\datapacks\Magic_FR\data\shop\function\weapon1\buyweapon1\buyweapon1lvl3_a.mcfunction", "mcfunction", 10, 0, 7, 7, 24
"c:\Users\FlowUP\AppData\Roaming\.minecraft\saves\CTF-1.21.10 v1.29 - fleche explo\datapacks\Magic_FR\data\shop\function\weapon1\buyweapon1\buyweapon1lvl3_m.mcfunction", "mcfunction", 11, 0, 8, 8, 27
"c:\Users\FlowUP\AppData\Roaming\.minecraft\saves\CTF-1.21.10 v1.29 - fleche explo\datapacks\Magic_FR\data\shop\function\weapon1\buyweapon1\buyweapon1lvl3_r.mcfunction", "mcfunction", 10, 0, 7, 7, 24
"c:\Users\FlowUP\AppData\Roaming\.minecraft\saves\CTF-1.21.10 v1.29 - fleche explo\datapacks\Magic_FR\data\shop\function\weapon1\buyweapon1\buyweapon1lvl3_w.mcfunction", "mcfunction", 10, 0, 7, 7, 24
"c:\Users\FlowUP\AppData\Roaming\.minecraft\saves\CTF-1.21.10 v1.29 - fleche explo\datapacks\Magic_FR\data\shop\function\weapon1\buyweapon1\buyweapon1lvl4_a.mcfunction", "mcfunction", 12, 0, 9, 8, 29
"c:\Users\FlowUP\AppData\Roaming\.minecraft\saves\CTF-1.21.10 v1.29 - fleche explo\datapacks\Magic_FR\data\shop\function\weapon1\buyweapon1\buyweapon1lvl4_m.mcfunction", "mcfunction", 11, 0, 8, 8, 27
"c:\Users\FlowUP\AppData\Roaming\.minecraft\saves\CTF-1.21.10 v1.29 - fleche explo\datapacks\Magic_FR\data\shop\function\weapon1\buyweapon1\buyweapon1lvl4_r.mcfunction", "mcfunction", 10, 0, 7, 8, 25
"c:\Users\FlowUP\AppData\Roaming\.minecraft\saves\CTF-1.21.10 v1.29 - fleche explo\datapacks\Magic_FR\data\shop\function\weapon1\buyweapon1\buyweapon1lvl4_w.mcfunction", "mcfunction", 10, 0, 7, 7, 24
"c:\Users\FlowUP\AppData\Roaming\.minecraft\saves\CTF-1.21.10 v1.29 - fleche explo\datapacks\Magic_FR\data\shop\function\weapon1\buyweapon1\buyweapon1lvl5_a.mcfunction", "mcfunction", 10, 0, 7, 7, 24
"c:\Users\FlowUP\AppData\Roaming\.minecraft\saves\CTF-1.21.10 v1.29 - fleche explo\datapacks\Magic_FR\data\shop\function\weapon1\buyweapon1\buyweapon1lvl5_m.mcfunction", "mcfunction", 11, 0, 8, 8, 27
"c:\Users\FlowUP\AppData\Roaming\.minecraft\saves\CTF-1.21.10 v1.29 - fleche explo\datapacks\Magic_FR\data\shop\function\weapon1\buyweapon1\buyweapon1lvl5_r.mcfunction", "mcfunction", 10, 0, 7, 7, 24
"c:\Users\FlowUP\AppData\Roaming\.minecraft\saves\CTF-1.21.10 v1.29 - fleche explo\datapacks\Magic_FR\data\shop\function\weapon1\buyweapon1\buyweapon1lvl5_w.mcfunction", "mcfunction", 10, 0, 7, 7, 24
"c:\Users\FlowUP\AppData\Roaming\.minecraft\saves\CTF-1.21.10 v1.29 - fleche explo\datapacks\Magic_FR\data\shop\function\weapon1\buyweapon1\buyweapon1lvl6_a.mcfunction", "mcfunction", 12, 0, 9, 8, 29
"c:\Users\FlowUP\AppData\Roaming\.minecraft\saves\CTF-1.21.10 v1.29 - fleche explo\datapacks\Magic_FR\data\shop\function\weapon1\buyweapon1\buyweapon1lvl6_m.mcfunction", "mcfunction", 11, 0, 8, 8, 27
"c:\Users\FlowUP\AppData\Roaming\.minecraft\saves\CTF-1.21.10 v1.29 - fleche explo\datapacks\Magic_FR\data\shop\function\weapon1\buyweapon1\buyweapon1lvl6_r.mcfunction", "mcfunction", 10, 0, 7, 7, 24
"c:\Users\FlowUP\AppData\Roaming\.minecraft\saves\CTF-1.21.10 v1.29 - fleche explo\datapacks\Magic_FR\data\shop\function\weapon1\buyweapon1\buyweapon1lvl6_w.mcfunction", "mcfunction", 10, 0, 7, 7, 24
"c:\Users\FlowUP\AppData\Roaming\.minecraft\saves\CTF-1.21.10 v1.29 - fleche explo\datapacks\Magic_FR\data\shop\function\weapon1\buyweapon1\buyweapon1lvl7_a.mcfunction", "mcfunction", 10, 0, 7, 7, 24
"c:\Users\FlowUP\AppData\Roaming\.minecraft\saves\CTF-1.21.10 v1.29 - fleche explo\datapacks\Magic_FR\data\shop\function\weapon1\buyweapon1\buyweapon1lvl7_m.mcfunction", "mcfunction", 11, 0, 8, 8, 27
"c:\Users\FlowUP\AppData\Roaming\.minecraft\saves\CTF-1.21.10 v1.29 - fleche explo\datapacks\Magic_FR\data\shop\function\weapon1\buyweapon1\buyweapon1lvl7_r.mcfunction", "mcfunction", 10, 0, 7, 7, 24
"c:\Users\FlowUP\AppData\Roaming\.minecraft\saves\CTF-1.21.10 v1.29 - fleche explo\datapacks\Magic_FR\data\shop\function\weapon1\buyweapon1\buyweapon1lvl7_w.mcfunction", "mcfunction", 10, 0, 7, 7, 24
"c:\Users\FlowUP\AppData\Roaming\.minecraft\saves\CTF-1.21.10 v1.29 - fleche explo\datapacks\Magic_FR\data\shop\function\weapon1\buyweapon1\buyweapon1lvl8_a.mcfunction", "mcfunction", 12, 0, 9, 8, 29
"c:\Users\FlowUP\AppData\Roaming\.minecraft\saves\CTF-1.21.10 v1.29 - fleche explo\datapacks\Magic_FR\data\shop\function\weapon1\buyweapon1\buyweapon1lvl8_m.mcfunction", "mcfunction", 11, 0, 8, 8, 27
"c:\Users\FlowUP\AppData\Roaming\.minecraft\saves\CTF-1.21.10 v1.29 - fleche explo\datapacks\Magic_FR\data\shop\function\weapon1\buyweapon1\buyweapon1lvl8_r.mcfunction", "mcfunction", 10, 0, 7, 7, 24
"c:\Users\FlowUP\AppData\Roaming\.minecraft\saves\CTF-1.21.10 v1.29 - fleche explo\datapacks\Magic_FR\data\shop\function\weapon1\buyweapon1\buyweapon1lvl8_w.mcfunction", "mcfunction", 10, 0, 7, 7, 24
"c:\Users\FlowUP\AppData\Roaming\.minecraft\saves\CTF-1.21.10 v1.29 - fleche explo\datapacks\Magic_FR\data\shop\function\weapon1\buyweapon1\buyweapon1lvl9_a.mcfunction", "mcfunction", 11, 0, 8, 8, 27
"c:\Users\FlowUP\AppData\Roaming\.minecraft\saves\CTF-1.21.10 v1.29 - fleche explo\datapacks\Magic_FR\data\shop\function\weapon1\buyweapon1\buyweapon1lvl9_m.mcfunction", "mcfunction", 11, 0, 8, 8, 27
"c:\Users\FlowUP\AppData\Roaming\.minecraft\saves\CTF-1.21.10 v1.29 - fleche explo\datapacks\Magic_FR\data\shop\function\weapon1\buyweapon1\buyweapon1lvl9_r.mcfunction", "mcfunction", 10, 0, 7, 7, 24
"c:\Users\FlowUP\AppData\Roaming\.minecraft\saves\CTF-1.21.10 v1.29 - fleche explo\datapacks\Magic_FR\data\shop\function\weapon1\buyweapon1\buyweapon1lvl9_w.mcfunction", "mcfunction", 10, 0, 7, 7, 24
"c:\Users\FlowUP\AppData\Roaming\.minecraft\saves\CTF-1.21.10 v1.29 - fleche explo\datapacks\Magic_FR\data\shop\function\weapon1\maxbuyweapon1\maxbuyweapon1_a.mcfunction", "mcfunction", 15, 0, 2, 4, 21
"c:\Users\FlowUP\AppData\Roaming\.minecraft\saves\CTF-1.21.10 v1.29 - fleche explo\datapacks\Magic_FR\data\shop\function\weapon1\maxbuyweapon1\maxbuyweapon1_m.mcfunction", "mcfunction", 15, 0, 2, 4, 21
"c:\Users\FlowUP\AppData\Roaming\.minecraft\saves\CTF-1.21.10 v1.29 - fleche explo\datapacks\Magic_FR\data\shop\function\weapon1\maxbuyweapon1\maxbuyweapon1_r.mcfunction", "mcfunction", 15, 0, 2, 4, 21
"c:\Users\FlowUP\AppData\Roaming\.minecraft\saves\CTF-1.21.10 v1.29 - fleche explo\datapacks\Magic_FR\data\shop\function\weapon1\maxbuyweapon1\maxbuyweapon1_w.mcfunction", "mcfunction", 15, 0, 2, 4, 21
"c:\Users\FlowUP\AppData\Roaming\.minecraft\saves\CTF-1.21.10 v1.29 - fleche explo\datapacks\Magic_FR\data\shop\function\weapon1\nobuyweapon1\nobuyweapon1_a.mcfunction", "mcfunction", 15, 0, 2, 4, 21
"c:\Users\FlowUP\AppData\Roaming\.minecraft\saves\CTF-1.21.10 v1.29 - fleche explo\datapacks\Magic_FR\data\shop\function\weapon1\nobuyweapon1\nobuyweapon1_m.mcfunction", "mcfunction", 15, 0, 2, 4, 21
"c:\Users\FlowUP\AppData\Roaming\.minecraft\saves\CTF-1.21.10 v1.29 - fleche explo\datapacks\Magic_FR\data\shop\function\weapon1\nobuyweapon1\nobuyweapon1_r.mcfunction", "mcfunction", 15, 0, 2, 4, 21
"c:\Users\FlowUP\AppData\Roaming\.minecraft\saves\CTF-1.21.10 v1.29 - fleche explo\datapacks\Magic_FR\data\shop\function\weapon1\nobuyweapon1\nobuyweapon1_w.mcfunction", "mcfunction", 15, 0, 2, 4, 21
"c:\Users\FlowUP\AppData\Roaming\.minecraft\saves\CTF-1.21.10 v1.29 - fleche explo\datapacks\Magic_FR\data\shop\function\weapon1\testplayerscore\testweapon1.mcfunction", "mcfunction", 84, 0, 136, 141, 361
"c:\Users\FlowUP\AppData\Roaming\.minecraft\saves\CTF-1.21.10 v1.29 - fleche explo\datapacks\Magic_FR\data\spells\function\arrow_detection\apply_dmg\hit_by_player1.mcfunction", "mcfunction", 46, 0, 3, 6, 55
"c:\Users\FlowUP\AppData\Roaming\.minecraft\saves\CTF-1.21.10 v1.29 - fleche explo\datapacks\Magic_FR\data\spells\function\arrow_detection\apply_dmg\hit_by_player10.mcfunction", "mcfunction", 46, 0, 3, 6, 55
"c:\Users\FlowUP\AppData\Roaming\.minecraft\saves\CTF-1.21.10 v1.29 - fleche explo\datapacks\Magic_FR\data\spells\function\arrow_detection\apply_dmg\hit_by_player11.mcfunction", "mcfunction", 46, 0, 3, 6, 55
"c:\Users\FlowUP\AppData\Roaming\.minecraft\saves\CTF-1.21.10 v1.29 - fleche explo\datapacks\Magic_FR\data\spells\function\arrow_detection\apply_dmg\hit_by_player12.mcfunction", "mcfunction", 46, 0, 3, 6, 55
"c:\Users\FlowUP\AppData\Roaming\.minecraft\saves\CTF-1.21.10 v1.29 - fleche explo\datapacks\Magic_FR\data\spells\function\arrow_detection\apply_dmg\hit_by_player2.mcfunction", "mcfunction", 46, 0, 3, 6, 55
"c:\Users\FlowUP\AppData\Roaming\.minecraft\saves\CTF-1.21.10 v1.29 - fleche explo\datapacks\Magic_FR\data\spells\function\arrow_detection\apply_dmg\hit_by_player3.mcfunction", "mcfunction", 46, 0, 3, 6, 55
"c:\Users\FlowUP\AppData\Roaming\.minecraft\saves\CTF-1.21.10 v1.29 - fleche explo\datapacks\Magic_FR\data\spells\function\arrow_detection\apply_dmg\hit_by_player4.mcfunction", "mcfunction", 46, 0, 3, 6, 55
"c:\Users\FlowUP\AppData\Roaming\.minecraft\saves\CTF-1.21.10 v1.29 - fleche explo\datapacks\Magic_FR\data\spells\function\arrow_detection\apply_dmg\hit_by_player5.mcfunction", "mcfunction", 46, 0, 3, 6, 55
"c:\Users\FlowUP\AppData\Roaming\.minecraft\saves\CTF-1.21.10 v1.29 - fleche explo\datapacks\Magic_FR\data\spells\function\arrow_detection\apply_dmg\hit_by_player6.mcfunction", "mcfunction", 46, 0, 3, 6, 55
"c:\Users\FlowUP\AppData\Roaming\.minecraft\saves\CTF-1.21.10 v1.29 - fleche explo\datapacks\Magic_FR\data\spells\function\arrow_detection\apply_dmg\hit_by_player7.mcfunction", "mcfunction", 46, 0, 3, 6, 55
"c:\Users\FlowUP\AppData\Roaming\.minecraft\saves\CTF-1.21.10 v1.29 - fleche explo\datapacks\Magic_FR\data\spells\function\arrow_detection\apply_dmg\hit_by_player8.mcfunction", "mcfunction", 46, 0, 3, 6, 55
"c:\Users\FlowUP\AppData\Roaming\.minecraft\saves\CTF-1.21.10 v1.29 - fleche explo\datapacks\Magic_FR\data\spells\function\arrow_detection\apply_dmg\hit_by_player9.mcfunction", "mcfunction", 46, 0, 3, 6, 55
"c:\Users\FlowUP\AppData\Roaming\.minecraft\saves\CTF-1.21.10 v1.29 - fleche explo\datapacks\Magic_FR\data\spells\function\arrow_detection\calculate_norm.mcfunction", "mcfunction", 15, 0, 5, 4, 24
"c:\Users\FlowUP\AppData\Roaming\.minecraft\saves\CTF-1.21.10 v1.29 - fleche explo\datapacks\Magic_FR\data\spells\function\arrow_detection\clear_ground_arrow.mcfunction", "mcfunction", 2, 0, 2, 1, 5
"c:\Users\FlowUP\AppData\Roaming\.minecraft\saves\CTF-1.21.10 v1.29 - fleche explo\datapacks\Magic_FR\data\spells\function\arrow_detection\hit_by_arrow.mcfunction", "mcfunction", 15, 0, 2, 3, 20
"c:\Users\FlowUP\AppData\Roaming\.minecraft\saves\CTF-1.21.10 v1.29 - fleche explo\datapacks\Magic_FR\data\spells\function\arrow_detection\mark_arrow.mcfunction", "mcfunction", 13, 0, 5, 12, 30
"c:\Users\FlowUP\AppData\Roaming\.minecraft\saves\CTF-1.21.10 v1.29 - fleche explo\datapacks\Magic_FR\data\spells\function\arrow_detection\touch_player_blue.mcfunction", "mcfunction", 28, 0, 2, 5, 35
"c:\Users\FlowUP\AppData\Roaming\.minecraft\saves\CTF-1.21.10 v1.29 - fleche explo\datapacks\Magic_FR\data\spells\function\arrow_detection\touch_player_red.mcfunction", "mcfunction", 28, 0, 2, 5, 35
"c:\Users\FlowUP\AppData\Roaming\.minecraft\saves\CTF-1.21.10 v1.29 - fleche explo\datapacks\Magic_FR\data\spells\function\arrow_give_system\addarrows.mcfunction", "mcfunction", 14, 0, 3, 3, 20
"c:\Users\FlowUP\AppData\Roaming\.minecraft\saves\CTF-1.21.10 v1.29 - fleche explo\datapacks\Magic_FR\data\spells\function\arrow_give_system\arrow_clock.mcfunction", "mcfunction", 2, 0, 1, 1, 4
"c:\Users\FlowUP\AppData\Roaming\.minecraft\saves\CTF-1.21.10 v1.29 - fleche explo\datapacks\Magic_FR\data\spells\function\arrow_give_system\arrowcounter.mcfunction", "mcfunction", 3, 0, 1, 1, 5
"c:\Users\FlowUP\AppData\Roaming\.minecraft\saves\CTF-1.21.10 v1.29 - fleche explo\datapacks\Magic_FR\data\spells\function\arrow_give_system\give_arrows\slot0.mcfunction", "mcfunction", 14, 0, 2, 1, 17
"c:\Users\FlowUP\AppData\Roaming\.minecraft\saves\CTF-1.21.10 v1.29 - fleche explo\datapacks\Magic_FR\data\spells\function\arrow_give_system\give_arrows\slot1.mcfunction", "mcfunction", 14, 0, 2, 1, 17
"c:\Users\FlowUP\AppData\Roaming\.minecraft\saves\CTF-1.21.10 v1.29 - fleche explo\datapacks\Magic_FR\data\spells\function\arrow_give_system\give_arrows\slot2.mcfunction", "mcfunction", 14, 0, 2, 1, 17
"c:\Users\FlowUP\AppData\Roaming\.minecraft\saves\CTF-1.21.10 v1.29 - fleche explo\datapacks\Magic_FR\data\spells\function\arrow_give_system\give_arrows\slot3.mcfunction", "mcfunction", 14, 0, 2, 1, 17
"c:\Users\FlowUP\AppData\Roaming\.minecraft\saves\CTF-1.21.10 v1.29 - fleche explo\datapacks\Magic_FR\data\spells\function\arrow_give_system\give_arrows\slot4.mcfunction", "mcfunction", 14, 0, 2, 1, 17
"c:\Users\FlowUP\AppData\Roaming\.minecraft\saves\CTF-1.21.10 v1.29 - fleche explo\datapacks\Magic_FR\data\spells\function\arrow_give_system\give_arrows\slot5.mcfunction", "mcfunction", 14, 0, 2, 1, 17
"c:\Users\FlowUP\AppData\Roaming\.minecraft\saves\CTF-1.21.10 v1.29 - fleche explo\datapacks\Magic_FR\data\spells\function\arrow_give_system\give_arrows\slot6.mcfunction", "mcfunction", 14, 0, 2, 1, 17
"c:\Users\FlowUP\AppData\Roaming\.minecraft\saves\CTF-1.21.10 v1.29 - fleche explo\datapacks\Magic_FR\data\spells\function\arrow_give_system\give_arrows\slot7.mcfunction", "mcfunction", 14, 0, 2, 1, 17
"c:\Users\FlowUP\AppData\Roaming\.minecraft\saves\CTF-1.21.10 v1.29 - fleche explo\datapacks\Magic_FR\data\spells\function\arrow_give_system\give_arrows\slot8.mcfunction", "mcfunction", 14, 0, 2, 1, 17
"c:\Users\FlowUP\AppData\Roaming\.minecraft\saves\CTF-1.21.10 v1.29 - fleche explo\datapacks\Magic_FR\data\spells\function\cant_usespell\hooked.mcfunction", "mcfunction", 20, 0, 2, 3, 25
"c:\Users\FlowUP\AppData\Roaming\.minecraft\saves\CTF-1.21.10 v1.29 - fleche explo\datapacks\Magic_FR\data\spells\function\cant_usespell\hooker.mcfunction", "mcfunction", 20, 0, 2, 3, 25
"c:\Users\FlowUP\AppData\Roaming\.minecraft\saves\CTF-1.21.10 v1.29 - fleche explo\datapacks\Magic_FR\data\spells\function\cant_usespell\respawn.mcfunction", "mcfunction", 20, 0, 2, 3, 25
"c:\Users\FlowUP\AppData\Roaming\.minecraft\saves\CTF-1.21.10 v1.29 - fleche explo\datapacks\Magic_FR\data\spells\function\cant_usespell\trapped.mcfunction", "mcfunction", 20, 0, 2, 3, 25
"c:\Users\FlowUP\AppData\Roaming\.minecraft\saves\CTF-1.21.10 v1.29 - fleche explo\datapacks\Magic_FR\data\spells\function\cdready\cdreadyspell1\cdreadyspell1lvl1\cdreadyspell1lvl1_a.mcfunction", "mcfunction", 25, 0, 4, 5, 34
"c:\Users\FlowUP\AppData\Roaming\.minecraft\saves\CTF-1.21.10 v1.29 - fleche explo\datapacks\Magic_FR\data\spells\function\cdready\cdreadyspell1\cdreadyspell1lvl1\cdreadyspell1lvl1_m.mcfunction", "mcfunction", 25, 0, 4, 6, 35
"c:\Users\FlowUP\AppData\Roaming\.minecraft\saves\CTF-1.21.10 v1.29 - fleche explo\datapacks\Magic_FR\data\spells\function\cdready\cdreadyspell1\cdreadyspell1lvl1\cdreadyspell1lvl1_r.mcfunction", "mcfunction", 25, 0, 4, 3, 32
"c:\Users\FlowUP\AppData\Roaming\.minecraft\saves\CTF-1.21.10 v1.29 - fleche explo\datapacks\Magic_FR\data\spells\function\cdready\cdreadyspell1\cdreadyspell1lvl1\cdreadyspell1lvl1_w.mcfunction", "mcfunction", 25, 0, 4, 6, 35
"c:\Users\FlowUP\AppData\Roaming\.minecraft\saves\CTF-1.21.10 v1.29 - fleche explo\datapacks\Magic_FR\data\spells\function\cdready\cdreadyspell1\cdreadyspell1lvl2\cdreadyspell1lvl2_a.mcfunction", "mcfunction", 25, 0, 4, 3, 32
"c:\Users\FlowUP\AppData\Roaming\.minecraft\saves\CTF-1.21.10 v1.29 - fleche explo\datapacks\Magic_FR\data\spells\function\cdready\cdreadyspell1\cdreadyspell1lvl2\cdreadyspell1lvl2_m.mcfunction", "mcfunction", 25, 0, 4, 6, 35
"c:\Users\FlowUP\AppData\Roaming\.minecraft\saves\CTF-1.21.10 v1.29 - fleche explo\datapacks\Magic_FR\data\spells\function\cdready\cdreadyspell1\cdreadyspell1lvl2\cdreadyspell1lvl2_r.mcfunction", "mcfunction", 25, 0, 4, 3, 32
"c:\Users\FlowUP\AppData\Roaming\.minecraft\saves\CTF-1.21.10 v1.29 - fleche explo\datapacks\Magic_FR\data\spells\function\cdready\cdreadyspell1\cdreadyspell1lvl2\cdreadyspell1lvl2_w.mcfunction", "mcfunction", 25, 0, 4, 6, 35
"c:\Users\FlowUP\AppData\Roaming\.minecraft\saves\CTF-1.21.10 v1.29 - fleche explo\datapacks\Magic_FR\data\spells\function\cdready\cdreadyspell1\cdreadyspell1lvl3\cdreadyspell1lvl3_a.mcfunction", "mcfunction", 25, 0, 4, 3, 32
"c:\Users\FlowUP\AppData\Roaming\.minecraft\saves\CTF-1.21.10 v1.29 - fleche explo\datapacks\Magic_FR\data\spells\function\cdready\cdreadyspell1\cdreadyspell1lvl3\cdreadyspell1lvl3_m.mcfunction", "mcfunction", 25, 0, 4, 2, 31
"c:\Users\FlowUP\AppData\Roaming\.minecraft\saves\CTF-1.21.10 v1.29 - fleche explo\datapacks\Magic_FR\data\spells\function\cdready\cdreadyspell1\cdreadyspell1lvl3\cdreadyspell1lvl3_r.mcfunction", "mcfunction", 25, 0, 4, 3, 32
"c:\Users\FlowUP\AppData\Roaming\.minecraft\saves\CTF-1.21.10 v1.29 - fleche explo\datapacks\Magic_FR\data\spells\function\cdready\cdreadyspell1\cdreadyspell1lvl3\cdreadyspell1lvl3_w.mcfunction", "mcfunction", 25, 0, 4, 6, 35
"c:\Users\FlowUP\AppData\Roaming\.minecraft\saves\CTF-1.21.10 v1.29 - fleche explo\datapacks\Magic_FR\data\spells\function\cdready\cdreadyspell2\cdreadyspell2lvl1\cdreadyspell2lvl1_a.mcfunction", "mcfunction", 25, 0, 5, 4, 34
"c:\Users\FlowUP\AppData\Roaming\.minecraft\saves\CTF-1.21.10 v1.29 - fleche explo\datapacks\Magic_FR\data\spells\function\cdready\cdreadyspell2\cdreadyspell2lvl1\cdreadyspell2lvl1_m.mcfunction", "mcfunction", 25, 0, 4, 5, 34
"c:\Users\FlowUP\AppData\Roaming\.minecraft\saves\CTF-1.21.10 v1.29 - fleche explo\datapacks\Magic_FR\data\spells\function\cdready\cdreadyspell2\cdreadyspell2lvl1\cdreadyspell2lvl1_r.mcfunction", "mcfunction", 34, 0, 4, 4, 42
"c:\Users\FlowUP\AppData\Roaming\.minecraft\saves\CTF-1.21.10 v1.29 - fleche explo\datapacks\Magic_FR\data\spells\function\cdready\cdreadyspell2\cdreadyspell2lvl1\cdreadyspell2lvl1_w.mcfunction", "mcfunction", 25, 0, 4, 4, 33
"c:\Users\FlowUP\AppData\Roaming\.minecraft\saves\CTF-1.21.10 v1.29 - fleche explo\datapacks\Magic_FR\data\spells\function\cdready\cdreadyspell2\cdreadyspell2lvl2\cdreadyspell2lvl2_a.mcfunction", "mcfunction", 25, 0, 5, 4, 34
"c:\Users\FlowUP\AppData\Roaming\.minecraft\saves\CTF-1.21.10 v1.29 - fleche explo\datapacks\Magic_FR\data\spells\function\cdready\cdreadyspell2\cdreadyspell2lvl2\cdreadyspell2lvl2_m.mcfunction", "mcfunction", 25, 0, 4, 5, 34
"c:\Users\FlowUP\AppData\Roaming\.minecraft\saves\CTF-1.21.10 v1.29 - fleche explo\datapacks\Magic_FR\data\spells\function\cdready\cdreadyspell2\cdreadyspell2lvl2\cdreadyspell2lvl2_w.mcfunction", "mcfunction", 25, 0, 4, 4, 33
"c:\Users\FlowUP\AppData\Roaming\.minecraft\saves\CTF-1.21.10 v1.29 - fleche explo\datapacks\Magic_FR\data\spells\function\cdready\cdreadyspell2\cdreadyspell2lvl3\cdreadyspell2lvl3_a.mcfunction", "mcfunction", 25, 0, 5, 4, 34
"c:\Users\FlowUP\AppData\Roaming\.minecraft\saves\CTF-1.21.10 v1.29 - fleche explo\datapacks\Magic_FR\data\spells\function\cdready\cdreadyspell2\cdreadyspell2lvl3\cdreadyspell2lvl3_m.mcfunction", "mcfunction", 25, 0, 4, 5, 34
"c:\Users\FlowUP\AppData\Roaming\.minecraft\saves\CTF-1.21.10 v1.29 - fleche explo\datapacks\Magic_FR\data\spells\function\cdready\cdreadyspell2\cdreadyspell2lvl3\cdreadyspell2lvl3_w.mcfunction", "mcfunction", 25, 0, 4, 4, 33
"c:\Users\FlowUP\AppData\Roaming\.minecraft\saves\CTF-1.21.10 v1.29 - fleche explo\datapacks\Magic_FR\data\spells\function\cdready\cdreadyspell3\cdreadyspell3lvl1\cdreadyspell3lvl1_a.mcfunction", "mcfunction", 25, 0, 5, 5, 35
"c:\Users\FlowUP\AppData\Roaming\.minecraft\saves\CTF-1.21.10 v1.29 - fleche explo\datapacks\Magic_FR\data\spells\function\cdready\cdreadyspell3\cdreadyspell3lvl1\cdreadyspell3lvl1_m.mcfunction", "mcfunction", 25, 0, 4, 5, 34
"c:\Users\FlowUP\AppData\Roaming\.minecraft\saves\CTF-1.21.10 v1.29 - fleche explo\datapacks\Magic_FR\data\spells\function\cdready\cdreadyspell3\cdreadyspell3lvl1\cdreadyspell3lvl1_r.mcfunction", "mcfunction", 34, 0, 4, 4, 42
"c:\Users\FlowUP\AppData\Roaming\.minecraft\saves\CTF-1.21.10 v1.29 - fleche explo\datapacks\Magic_FR\data\spells\function\cdready\cdreadyspell3\cdreadyspell3lvl1\cdreadyspell3lvl1_w.mcfunction", "mcfunction", 25, 0, 4, 3, 32
"c:\Users\FlowUP\AppData\Roaming\.minecraft\saves\CTF-1.21.10 v1.29 - fleche explo\datapacks\Magic_FR\data\spells\function\cdready\cdreadyspell3\cdreadyspell3lvl2\cdreadyspell3lvl2_a.mcfunction", "mcfunction", 25, 0, 5, 5, 35
"c:\Users\FlowUP\AppData\Roaming\.minecraft\saves\CTF-1.21.10 v1.29 - fleche explo\datapacks\Magic_FR\data\spells\function\cdready\cdreadyspell3\cdreadyspell3lvl3\cdreadyspell3lvl3_a.mcfunction", "mcfunction", 25, 0, 5, 5, 35
"c:\Users\FlowUP\AppData\Roaming\.minecraft\saves\CTF-1.21.10 v1.29 - fleche explo\datapacks\Magic_FR\data\spells\function\cooldowns\archer\cooldown_ready_spell1.mcfunction", "mcfunction", 3, 0, 7, 3, 13
"c:\Users\FlowUP\AppData\Roaming\.minecraft\saves\CTF-1.21.10 v1.29 - fleche explo\datapacks\Magic_FR\data\spells\function\cooldowns\archer\cooldown_ready_spell2.mcfunction", "mcfunction", 3, 0, 4, 3, 10
"c:\Users\FlowUP\AppData\Roaming\.minecraft\saves\CTF-1.21.10 v1.29 - fleche explo\datapacks\Magic_FR\data\spells\function\cooldowns\archer\cooldown_ready_spell3.mcfunction", "mcfunction", 3, 0, 4, 3, 10
"c:\Users\FlowUP\AppData\Roaming\.minecraft\saves\CTF-1.21.10 v1.29 - fleche explo\datapacks\Magic_FR\data\spells\function\cooldowns\cooldownspell1\cooldown_readyspell1.mcfunction", "mcfunction", 6, 0, 1, 1, 8
"c:\Users\FlowUP\AppData\Roaming\.minecraft\saves\CTF-1.21.10 v1.29 - fleche explo\datapacks\Magic_FR\data\spells\function\cooldowns\cooldownspell1\cooldownspell1_clock.mcfunction", "mcfunction", 6, 0, 2, 1, 9
"c:\Users\FlowUP\AppData\Roaming\.minecraft\saves\CTF-1.21.10 v1.29 - fleche explo\datapacks\Magic_FR\data\spells\function\cooldowns\cooldownspell2\cooldown_readyspell2.mcfunction", "mcfunction", 6, 0, 1, 1, 8
"c:\Users\FlowUP\AppData\Roaming\.minecraft\saves\CTF-1.21.10 v1.29 - fleche explo\datapacks\Magic_FR\data\spells\function\cooldowns\cooldownspell2\cooldownspell2_clock.mcfunction", "mcfunction", 6, 0, 2, 1, 9
"c:\Users\FlowUP\AppData\Roaming\.minecraft\saves\CTF-1.21.10 v1.29 - fleche explo\datapacks\Magic_FR\data\spells\function\cooldowns\cooldownspell3\cooldown_readyspell3.mcfunction", "mcfunction", 8, 0, 1, 1, 10
"c:\Users\FlowUP\AppData\Roaming\.minecraft\saves\CTF-1.21.10 v1.29 - fleche explo\datapacks\Magic_FR\data\spells\function\cooldowns\cooldownspell3\cooldownspell3_clock.mcfunction", "mcfunction", 6, 0, 2, 1, 9
"c:\Users\FlowUP\AppData\Roaming\.minecraft\saves\CTF-1.21.10 v1.29 - fleche explo\datapacks\Magic_FR\data\spells\function\cooldowns\mage\cooldown_ready_spell1.mcfunction", "mcfunction", 3, 0, 4, 3, 10
"c:\Users\FlowUP\AppData\Roaming\.minecraft\saves\CTF-1.21.10 v1.29 - fleche explo\datapacks\Magic_FR\data\spells\function\cooldowns\mage\cooldown_ready_spell2.mcfunction", "mcfunction", 3, 0, 4, 3, 10
"c:\Users\FlowUP\AppData\Roaming\.minecraft\saves\CTF-1.21.10 v1.29 - fleche explo\datapacks\Magic_FR\data\spells\function\cooldowns\mage\cooldown_ready_spell3.mcfunction", "mcfunction", 1, 0, 2, 1, 4
"c:\Users\FlowUP\AppData\Roaming\.minecraft\saves\CTF-1.21.10 v1.29 - fleche explo\datapacks\Magic_FR\data\spells\function\cooldowns\rogue\cooldown_ready_spell1.mcfunction", "mcfunction", 3, 0, 4, 3, 10
"c:\Users\FlowUP\AppData\Roaming\.minecraft\saves\CTF-1.21.10 v1.29 - fleche explo\datapacks\Magic_FR\data\spells\function\cooldowns\rogue\cooldown_ready_spell2.mcfunction", "mcfunction", 3, 0, 4, 3, 10
"c:\Users\FlowUP\AppData\Roaming\.minecraft\saves\CTF-1.21.10 v1.29 - fleche explo\datapacks\Magic_FR\data\spells\function\cooldowns\rogue\cooldown_ready_spell3.mcfunction", "mcfunction", 1, 0, 2, 1, 4
"c:\Users\FlowUP\AppData\Roaming\.minecraft\saves\CTF-1.21.10 v1.29 - fleche explo\datapacks\Magic_FR\data\spells\function\cooldowns\warrior\cooldown_ready_spell1.mcfunction", "mcfunction", 3, 0, 4, 3, 10
"c:\Users\FlowUP\AppData\Roaming\.minecraft\saves\CTF-1.21.10 v1.29 - fleche explo\datapacks\Magic_FR\data\spells\function\cooldowns\warrior\cooldown_ready_spell2.mcfunction", "mcfunction", 3, 0, 4, 3, 10
"c:\Users\FlowUP\AppData\Roaming\.minecraft\saves\CTF-1.21.10 v1.29 - fleche explo\datapacks\Magic_FR\data\spells\function\cooldowns\warrior\cooldown_ready_spell3.mcfunction", "mcfunction", 3, 0, 4, 3, 10
"c:\Users\FlowUP\AppData\Roaming\.minecraft\saves\CTF-1.21.10 v1.29 - fleche explo\datapacks\Magic_FR\data\spells\function\load.mcfunction", "mcfunction", 0, 0, 4, 1, 5
"c:\Users\FlowUP\AppData\Roaming\.minecraft\saves\CTF-1.21.10 v1.29 - fleche explo\datapacks\Magic_FR\data\spells\function\loop.mcfunction", "mcfunction", 101, 0, 70, 89, 260
"c:\Users\FlowUP\AppData\Roaming\.minecraft\saves\CTF-1.21.10 v1.29 - fleche explo\datapacks\Magic_FR\data\spells\function\spellsystem\spell1\spell1_a\animation\first\player1.mcfunction", "mcfunction", 12, 0, 2, 5, 19
"c:\Users\FlowUP\AppData\Roaming\.minecraft\saves\CTF-1.21.10 v1.29 - fleche explo\datapacks\Magic_FR\data\spells\function\spellsystem\spell1\spell1_a\animation\first\player10.mcfunction", "mcfunction", 12, 0, 2, 4, 18
"c:\Users\FlowUP\AppData\Roaming\.minecraft\saves\CTF-1.21.10 v1.29 - fleche explo\datapacks\Magic_FR\data\spells\function\spellsystem\spell1\spell1_a\animation\first\player11.mcfunction", "mcfunction", 12, 0, 2, 4, 18
"c:\Users\FlowUP\AppData\Roaming\.minecraft\saves\CTF-1.21.10 v1.29 - fleche explo\datapacks\Magic_FR\data\spells\function\spellsystem\spell1\spell1_a\animation\first\player12.mcfunction", "mcfunction", 12, 0, 2, 4, 18
"c:\Users\FlowUP\AppData\Roaming\.minecraft\saves\CTF-1.21.10 v1.29 - fleche explo\datapacks\Magic_FR\data\spells\function\spellsystem\spell1\spell1_a\animation\first\player2.mcfunction", "mcfunction", 12, 0, 2, 4, 18
"c:\Users\FlowUP\AppData\Roaming\.minecraft\saves\CTF-1.21.10 v1.29 - fleche explo\datapacks\Magic_FR\data\spells\function\spellsystem\spell1\spell1_a\animation\first\player3.mcfunction", "mcfunction", 12, 0, 2, 4, 18
"c:\Users\FlowUP\AppData\Roaming\.minecraft\saves\CTF-1.21.10 v1.29 - fleche explo\datapacks\Magic_FR\data\spells\function\spellsystem\spell1\spell1_a\animation\first\player4.mcfunction", "mcfunction", 12, 0, 2, 4, 18
"c:\Users\FlowUP\AppData\Roaming\.minecraft\saves\CTF-1.21.10 v1.29 - fleche explo\datapacks\Magic_FR\data\spells\function\spellsystem\spell1\spell1_a\animation\first\player5.mcfunction", "mcfunction", 12, 0, 2, 4, 18
"c:\Users\FlowUP\AppData\Roaming\.minecraft\saves\CTF-1.21.10 v1.29 - fleche explo\datapacks\Magic_FR\data\spells\function\spellsystem\spell1\spell1_a\animation\first\player6.mcfunction", "mcfunction", 12, 0, 2, 4, 18
"c:\Users\FlowUP\AppData\Roaming\.minecraft\saves\CTF-1.21.10 v1.29 - fleche explo\datapacks\Magic_FR\data\spells\function\spellsystem\spell1\spell1_a\animation\first\player7.mcfunction", "mcfunction", 12, 0, 2, 4, 18
"c:\Users\FlowUP\AppData\Roaming\.minecraft\saves\CTF-1.21.10 v1.29 - fleche explo\datapacks\Magic_FR\data\spells\function\spellsystem\spell1\spell1_a\animation\first\player8.mcfunction", "mcfunction", 12, 0, 2, 4, 18
"c:\Users\FlowUP\AppData\Roaming\.minecraft\saves\CTF-1.21.10 v1.29 - fleche explo\datapacks\Magic_FR\data\spells\function\spellsystem\spell1\spell1_a\animation\first\player9.mcfunction", "mcfunction", 12, 0, 2, 4, 18
"c:\Users\FlowUP\AppData\Roaming\.minecraft\saves\CTF-1.21.10 v1.29 - fleche explo\datapacks\Magic_FR\data\spells\function\spellsystem\spell1\spell1_a\animation\second\player1.mcfunction", "mcfunction", 12, 0, 2, 5, 19
"c:\Users\FlowUP\AppData\Roaming\.minecraft\saves\CTF-1.21.10 v1.29 - fleche explo\datapacks\Magic_FR\data\spells\function\spellsystem\spell1\spell1_a\animation\second\player10.mcfunction", "mcfunction", 12, 0, 2, 4, 18
"c:\Users\FlowUP\AppData\Roaming\.minecraft\saves\CTF-1.21.10 v1.29 - fleche explo\datapacks\Magic_FR\data\spells\function\spellsystem\spell1\spell1_a\animation\second\player11.mcfunction", "mcfunction", 12, 0, 2, 4, 18
"c:\Users\FlowUP\AppData\Roaming\.minecraft\saves\CTF-1.21.10 v1.29 - fleche explo\datapacks\Magic_FR\data\spells\function\spellsystem\spell1\spell1_a\animation\second\player12.mcfunction", "mcfunction", 12, 0, 2, 4, 18
"c:\Users\FlowUP\AppData\Roaming\.minecraft\saves\CTF-1.21.10 v1.29 - fleche explo\datapacks\Magic_FR\data\spells\function\spellsystem\spell1\spell1_a\animation\second\player2.mcfunction", "mcfunction", 12, 0, 2, 4, 18
"c:\Users\FlowUP\AppData\Roaming\.minecraft\saves\CTF-1.21.10 v1.29 - fleche explo\datapacks\Magic_FR\data\spells\function\spellsystem\spell1\spell1_a\animation\second\player3.mcfunction", "mcfunction", 12, 0, 2, 4, 18
"c:\Users\FlowUP\AppData\Roaming\.minecraft\saves\CTF-1.21.10 v1.29 - fleche explo\datapacks\Magic_FR\data\spells\function\spellsystem\spell1\spell1_a\animation\second\player4.mcfunction", "mcfunction", 12, 0, 2, 4, 18
"c:\Users\FlowUP\AppData\Roaming\.minecraft\saves\CTF-1.21.10 v1.29 - fleche explo\datapacks\Magic_FR\data\spells\function\spellsystem\spell1\spell1_a\animation\second\player5.mcfunction", "mcfunction", 12, 0, 2, 4, 18
"c:\Users\FlowUP\AppData\Roaming\.minecraft\saves\CTF-1.21.10 v1.29 - fleche explo\datapacks\Magic_FR\data\spells\function\spellsystem\spell1\spell1_a\animation\second\player6.mcfunction", "mcfunction", 12, 0, 2, 4, 18
"c:\Users\FlowUP\AppData\Roaming\.minecraft\saves\CTF-1.21.10 v1.29 - fleche explo\datapacks\Magic_FR\data\spells\function\spellsystem\spell1\spell1_a\animation\second\player7.mcfunction", "mcfunction", 12, 0, 2, 4, 18
"c:\Users\FlowUP\AppData\Roaming\.minecraft\saves\CTF-1.21.10 v1.29 - fleche explo\datapacks\Magic_FR\data\spells\function\spellsystem\spell1\spell1_a\animation\second\player8.mcfunction", "mcfunction", 12, 0, 2, 4, 18
"c:\Users\FlowUP\AppData\Roaming\.minecraft\saves\CTF-1.21.10 v1.29 - fleche explo\datapacks\Magic_FR\data\spells\function\spellsystem\spell1\spell1_a\animation\second\player9.mcfunction", "mcfunction", 12, 0, 2, 4, 18
"c:\Users\FlowUP\AppData\Roaming\.minecraft\saves\CTF-1.21.10 v1.29 - fleche explo\datapacks\Magic_FR\data\spells\function\spellsystem\spell1\spell1_a\apply_dmg\apply_dmg_by_ally_lvl1.mcfunction", "mcfunction", 52, 0, 4, 8, 64
"c:\Users\FlowUP\AppData\Roaming\.minecraft\saves\CTF-1.21.10 v1.29 - fleche explo\datapacks\Magic_FR\data\spells\function\spellsystem\spell1\spell1_a\apply_dmg\apply_dmg_by_ally_lvl2.mcfunction", "mcfunction", 52, 0, 4, 8, 64
"c:\Users\FlowUP\AppData\Roaming\.minecraft\saves\CTF-1.21.10 v1.29 - fleche explo\datapacks\Magic_FR\data\spells\function\spellsystem\spell1\spell1_a\apply_dmg\apply_dmg_by_ally_lvl3.mcfunction", "mcfunction", 52, 0, 4, 8, 64
"c:\Users\FlowUP\AppData\Roaming\.minecraft\saves\CTF-1.21.10 v1.29 - fleche explo\datapacks\Magic_FR\data\spells\function\spellsystem\spell1\spell1_a\apply_dmg\apply_dmg_lvl1.mcfunction", "mcfunction", 51, 0, 3, 7, 61
"c:\Users\FlowUP\AppData\Roaming\.minecraft\saves\CTF-1.21.10 v1.29 - fleche explo\datapacks\Magic_FR\data\spells\function\spellsystem\spell1\spell1_a\apply_dmg\apply_dmg_lvl2.mcfunction", "mcfunction", 51, 0, 3, 7, 61
"c:\Users\FlowUP\AppData\Roaming\.minecraft\saves\CTF-1.21.10 v1.29 - fleche explo\datapacks\Magic_FR\data\spells\function\spellsystem\spell1\spell1_a\apply_dmg\apply_dmg_lvl3.mcfunction", "mcfunction", 51, 0, 3, 7, 61
"c:\Users\FlowUP\AppData\Roaming\.minecraft\saves\CTF-1.21.10 v1.29 - fleche explo\datapacks\Magic_FR\data\spells\function\spellsystem\spell1\spell1_a\apply_dmg_lvl1.mcfunction", "mcfunction", 28, 0, 5, 5, 38
"c:\Users\FlowUP\AppData\Roaming\.minecraft\saves\CTF-1.21.10 v1.29 - fleche explo\datapacks\Magic_FR\data\spells\function\spellsystem\spell1\spell1_a\apply_dmg_lvl2.mcfunction", "mcfunction", 28, 0, 5, 5, 38
"c:\Users\FlowUP\AppData\Roaming\.minecraft\saves\CTF-1.21.10 v1.29 - fleche explo\datapacks\Magic_FR\data\spells\function\spellsystem\spell1\spell1_a\apply_dmg_lvl3.mcfunction", "mcfunction", 28, 0, 5, 5, 38
"c:\Users\FlowUP\AppData\Roaming\.minecraft\saves\CTF-1.21.10 v1.29 - fleche explo\datapacks\Magic_FR\data\spells\function\spellsystem\spell1\spell1_a\arrow_hitted\player1.mcfunction", "mcfunction", 22, 0, 7, 12, 41
"c:\Users\FlowUP\AppData\Roaming\.minecraft\saves\CTF-1.21.10 v1.29 - fleche explo\datapacks\Magic_FR\data\spells\function\spellsystem\spell1\spell1_a\arrow_hitted\player10.mcfunction", "mcfunction", 22, 0, 7, 12, 41
"c:\Users\FlowUP\AppData\Roaming\.minecraft\saves\CTF-1.21.10 v1.29 - fleche explo\datapacks\Magic_FR\data\spells\function\spellsystem\spell1\spell1_a\arrow_hitted\player11.mcfunction", "mcfunction", 22, 0, 7, 12, 41
"c:\Users\FlowUP\AppData\Roaming\.minecraft\saves\CTF-1.21.10 v1.29 - fleche explo\datapacks\Magic_FR\data\spells\function\spellsystem\spell1\spell1_a\arrow_hitted\player12.mcfunction", "mcfunction", 22, 0, 7, 12, 41
"c:\Users\FlowUP\AppData\Roaming\.minecraft\saves\CTF-1.21.10 v1.29 - fleche explo\datapacks\Magic_FR\data\spells\function\spellsystem\spell1\spell1_a\arrow_hitted\player2.mcfunction", "mcfunction", 22, 0, 7, 12, 41
"c:\Users\FlowUP\AppData\Roaming\.minecraft\saves\CTF-1.21.10 v1.29 - fleche explo\datapacks\Magic_FR\data\spells\function\spellsystem\spell1\spell1_a\arrow_hitted\player3.mcfunction", "mcfunction", 22, 0, 7, 12, 41
"c:\Users\FlowUP\AppData\Roaming\.minecraft\saves\CTF-1.21.10 v1.29 - fleche explo\datapacks\Magic_FR\data\spells\function\spellsystem\spell1\spell1_a\arrow_hitted\player4.mcfunction", "mcfunction", 22, 0, 7, 12, 41
"c:\Users\FlowUP\AppData\Roaming\.minecraft\saves\CTF-1.21.10 v1.29 - fleche explo\datapacks\Magic_FR\data\spells\function\spellsystem\spell1\spell1_a\arrow_hitted\player5.mcfunction", "mcfunction", 22, 0, 7, 12, 41
"c:\Users\FlowUP\AppData\Roaming\.minecraft\saves\CTF-1.21.10 v1.29 - fleche explo\datapacks\Magic_FR\data\spells\function\spellsystem\spell1\spell1_a\arrow_hitted\player6.mcfunction", "mcfunction", 22, 0, 7, 12, 41
"c:\Users\FlowUP\AppData\Roaming\.minecraft\saves\CTF-1.21.10 v1.29 - fleche explo\datapacks\Magic_FR\data\spells\function\spellsystem\spell1\spell1_a\arrow_hitted\player7.mcfunction", "mcfunction", 22, 0, 7, 12, 41
"c:\Users\FlowUP\AppData\Roaming\.minecraft\saves\CTF-1.21.10 v1.29 - fleche explo\datapacks\Magic_FR\data\spells\function\spellsystem\spell1\spell1_a\arrow_hitted\player8.mcfunction", "mcfunction", 22, 0, 7, 12, 41
"c:\Users\FlowUP\AppData\Roaming\.minecraft\saves\CTF-1.21.10 v1.29 - fleche explo\datapacks\Magic_FR\data\spells\function\spellsystem\spell1\spell1_a\arrow_hitted\player9.mcfunction", "mcfunction", 22, 0, 7, 12, 41
"c:\Users\FlowUP\AppData\Roaming\.minecraft\saves\CTF-1.21.10 v1.29 - fleche explo\datapacks\Magic_FR\data\spells\function\spellsystem\spell1\spell1_a\delete_raycast_marker.mcfunction", "mcfunction", 2, 0, 2, 1, 5
"c:\Users\FlowUP\AppData\Roaming\.minecraft\saves\CTF-1.21.10 v1.29 - fleche explo\datapacks\Magic_FR\data\spells\function\spellsystem\spell1\spell1_a\detonate\player1.mcfunction", "mcfunction", 113, 0, 3, 31, 147
"c:\Users\FlowUP\AppData\Roaming\.minecraft\saves\CTF-1.21.10 v1.29 - fleche explo\datapacks\Magic_FR\data\spells\function\spellsystem\spell1\spell1_a\detonate\player10.mcfunction", "mcfunction", 113, 0, 3, 31, 147
"c:\Users\FlowUP\AppData\Roaming\.minecraft\saves\CTF-1.21.10 v1.29 - fleche explo\datapacks\Magic_FR\data\spells\function\spellsystem\spell1\spell1_a\detonate\player11.mcfunction", "mcfunction", 113, 0, 3, 31, 147
"c:\Users\FlowUP\AppData\Roaming\.minecraft\saves\CTF-1.21.10 v1.29 - fleche explo\datapacks\Magic_FR\data\spells\function\spellsystem\spell1\spell1_a\detonate\player12.mcfunction", "mcfunction", 113, 0, 3, 31, 147
"c:\Users\FlowUP\AppData\Roaming\.minecraft\saves\CTF-1.21.10 v1.29 - fleche explo\datapacks\Magic_FR\data\spells\function\spellsystem\spell1\spell1_a\detonate\player2.mcfunction", "mcfunction", 113, 0, 3, 31, 147
"c:\Users\FlowUP\AppData\Roaming\.minecraft\saves\CTF-1.21.10 v1.29 - fleche explo\datapacks\Magic_FR\data\spells\function\spellsystem\spell1\spell1_a\detonate\player3.mcfunction", "mcfunction", 113, 0, 3, 31, 147
"c:\Users\FlowUP\AppData\Roaming\.minecraft\saves\CTF-1.21.10 v1.29 - fleche explo\datapacks\Magic_FR\data\spells\function\spellsystem\spell1\spell1_a\detonate\player4.mcfunction", "mcfunction", 113, 0, 3, 31, 147
"c:\Users\FlowUP\AppData\Roaming\.minecraft\saves\CTF-1.21.10 v1.29 - fleche explo\datapacks\Magic_FR\data\spells\function\spellsystem\spell1\spell1_a\detonate\player5.mcfunction", "mcfunction", 113, 0, 3, 31, 147
"c:\Users\FlowUP\AppData\Roaming\.minecraft\saves\CTF-1.21.10 v1.29 - fleche explo\datapacks\Magic_FR\data\spells\function\spellsystem\spell1\spell1_a\detonate\player6.mcfunction", "mcfunction", 113, 0, 3, 31, 147
"c:\Users\FlowUP\AppData\Roaming\.minecraft\saves\CTF-1.21.10 v1.29 - fleche explo\datapacks\Magic_FR\data\spells\function\spellsystem\spell1\spell1_a\detonate\player7.mcfunction", "mcfunction", 113, 0, 3, 31, 147
"c:\Users\FlowUP\AppData\Roaming\.minecraft\saves\CTF-1.21.10 v1.29 - fleche explo\datapacks\Magic_FR\data\spells\function\spellsystem\spell1\spell1_a\detonate\player8.mcfunction", "mcfunction", 113, 0, 3, 31, 147
"c:\Users\FlowUP\AppData\Roaming\.minecraft\saves\CTF-1.21.10 v1.29 - fleche explo\datapacks\Magic_FR\data\spells\function\spellsystem\spell1\spell1_a\detonate\player9.mcfunction", "mcfunction", 113, 0, 3, 31, 147
"c:\Users\FlowUP\AppData\Roaming\.minecraft\saves\CTF-1.21.10 v1.29 - fleche explo\datapacks\Magic_FR\data\spells\function\spellsystem\spell1\spell1_a\mark_explosive_arrow\player1.mcfunction", "mcfunction", 8, 0, 2, 9, 19
"c:\Users\FlowUP\AppData\Roaming\.minecraft\saves\CTF-1.21.10 v1.29 - fleche explo\datapacks\Magic_FR\data\spells\function\spellsystem\spell1\spell1_a\mark_explosive_arrow\player10.mcfunction", "mcfunction", 8, 0, 2, 9, 19
"c:\Users\FlowUP\AppData\Roaming\.minecraft\saves\CTF-1.21.10 v1.29 - fleche explo\datapacks\Magic_FR\data\spells\function\spellsystem\spell1\spell1_a\mark_explosive_arrow\player11.mcfunction", "mcfunction", 8, 0, 2, 9, 19
"c:\Users\FlowUP\AppData\Roaming\.minecraft\saves\CTF-1.21.10 v1.29 - fleche explo\datapacks\Magic_FR\data\spells\function\spellsystem\spell1\spell1_a\mark_explosive_arrow\player12.mcfunction", "mcfunction", 8, 0, 2, 9, 19
"c:\Users\FlowUP\AppData\Roaming\.minecraft\saves\CTF-1.21.10 v1.29 - fleche explo\datapacks\Magic_FR\data\spells\function\spellsystem\spell1\spell1_a\mark_explosive_arrow\player2.mcfunction", "mcfunction", 8, 0, 2, 9, 19
"c:\Users\FlowUP\AppData\Roaming\.minecraft\saves\CTF-1.21.10 v1.29 - fleche explo\datapacks\Magic_FR\data\spells\function\spellsystem\spell1\spell1_a\mark_explosive_arrow\player3.mcfunction", "mcfunction", 8, 0, 2, 9, 19
"c:\Users\FlowUP\AppData\Roaming\.minecraft\saves\CTF-1.21.10 v1.29 - fleche explo\datapacks\Magic_FR\data\spells\function\spellsystem\spell1\spell1_a\mark_explosive_arrow\player4.mcfunction", "mcfunction", 8, 0, 2, 9, 19
"c:\Users\FlowUP\AppData\Roaming\.minecraft\saves\CTF-1.21.10 v1.29 - fleche explo\datapacks\Magic_FR\data\spells\function\spellsystem\spell1\spell1_a\mark_explosive_arrow\player5.mcfunction", "mcfunction", 8, 0, 2, 9, 19
"c:\Users\FlowUP\AppData\Roaming\.minecraft\saves\CTF-1.21.10 v1.29 - fleche explo\datapacks\Magic_FR\data\spells\function\spellsystem\spell1\spell1_a\mark_explosive_arrow\player6.mcfunction", "mcfunction", 8, 0, 2, 9, 19
"c:\Users\FlowUP\AppData\Roaming\.minecraft\saves\CTF-1.21.10 v1.29 - fleche explo\datapacks\Magic_FR\data\spells\function\spellsystem\spell1\spell1_a\mark_explosive_arrow\player7.mcfunction", "mcfunction", 8, 0, 2, 9, 19
"c:\Users\FlowUP\AppData\Roaming\.minecraft\saves\CTF-1.21.10 v1.29 - fleche explo\datapacks\Magic_FR\data\spells\function\spellsystem\spell1\spell1_a\mark_explosive_arrow\player8.mcfunction", "mcfunction", 8, 0, 2, 9, 19
"c:\Users\FlowUP\AppData\Roaming\.minecraft\saves\CTF-1.21.10 v1.29 - fleche explo\datapacks\Magic_FR\data\spells\function\spellsystem\spell1\spell1_a\mark_explosive_arrow\player9.mcfunction", "mcfunction", 8, 0, 2, 9, 19
"c:\Users\FlowUP\AppData\Roaming\.minecraft\saves\CTF-1.21.10 v1.29 - fleche explo\datapacks\Magic_FR\data\spells\function\spellsystem\spell1\spell1_a\mark_explosive_arrow\testplayer.mcfunction", "mcfunction", 12, 0, 2, 2, 16
"c:\Users\FlowUP\AppData\Roaming\.minecraft\saves\CTF-1.21.10 v1.29 - fleche explo\datapacks\Magic_FR\data\spells\function\spellsystem\spell1\spell1_a\onground\player1.mcfunction", "mcfunction", 9, 0, 3, 4, 16
"c:\Users\FlowUP\AppData\Roaming\.minecraft\saves\CTF-1.21.10 v1.29 - fleche explo\datapacks\Magic_FR\data\spells\function\spellsystem\spell1\spell1_a\onground\player10.mcfunction", "mcfunction", 9, 0, 3, 4, 16
"c:\Users\FlowUP\AppData\Roaming\.minecraft\saves\CTF-1.21.10 v1.29 - fleche explo\datapacks\Magic_FR\data\spells\function\spellsystem\spell1\spell1_a\onground\player11.mcfunction", "mcfunction", 9, 0, 3, 4, 16
"c:\Users\FlowUP\AppData\Roaming\.minecraft\saves\CTF-1.21.10 v1.29 - fleche explo\datapacks\Magic_FR\data\spells\function\spellsystem\spell1\spell1_a\onground\player12.mcfunction", "mcfunction", 9, 0, 3, 4, 16
"c:\Users\FlowUP\AppData\Roaming\.minecraft\saves\CTF-1.21.10 v1.29 - fleche explo\datapacks\Magic_FR\data\spells\function\spellsystem\spell1\spell1_a\onground\player2.mcfunction", "mcfunction", 9, 0, 3, 4, 16
"c:\Users\FlowUP\AppData\Roaming\.minecraft\saves\CTF-1.21.10 v1.29 - fleche explo\datapacks\Magic_FR\data\spells\function\spellsystem\spell1\spell1_a\onground\player3.mcfunction", "mcfunction", 9, 0, 3, 4, 16
"c:\Users\FlowUP\AppData\Roaming\.minecraft\saves\CTF-1.21.10 v1.29 - fleche explo\datapacks\Magic_FR\data\spells\function\spellsystem\spell1\spell1_a\onground\player4.mcfunction", "mcfunction", 9, 0, 3, 4, 16
"c:\Users\FlowUP\AppData\Roaming\.minecraft\saves\CTF-1.21.10 v1.29 - fleche explo\datapacks\Magic_FR\data\spells\function\spellsystem\spell1\spell1_a\onground\player5.mcfunction", "mcfunction", 9, 0, 3, 4, 16
"c:\Users\FlowUP\AppData\Roaming\.minecraft\saves\CTF-1.21.10 v1.29 - fleche explo\datapacks\Magic_FR\data\spells\function\spellsystem\spell1\spell1_a\onground\player6.mcfunction", "mcfunction", 9, 0, 3, 4, 16
"c:\Users\FlowUP\AppData\Roaming\.minecraft\saves\CTF-1.21.10 v1.29 - fleche explo\datapacks\Magic_FR\data\spells\function\spellsystem\spell1\spell1_a\onground\player7.mcfunction", "mcfunction", 9, 0, 3, 4, 16
"c:\Users\FlowUP\AppData\Roaming\.minecraft\saves\CTF-1.21.10 v1.29 - fleche explo\datapacks\Magic_FR\data\spells\function\spellsystem\spell1\spell1_a\onground\player8.mcfunction", "mcfunction", 9, 0, 3, 4, 16
"c:\Users\FlowUP\AppData\Roaming\.minecraft\saves\CTF-1.21.10 v1.29 - fleche explo\datapacks\Magic_FR\data\spells\function\spellsystem\spell1\spell1_a\onground\player9.mcfunction", "mcfunction", 9, 0, 3, 4, 16
"c:\Users\FlowUP\AppData\Roaming\.minecraft\saves\CTF-1.21.10 v1.29 - fleche explo\datapacks\Magic_FR\data\spells\function\spellsystem\spell1\spell1_a\onground\start_countdown.mcfunction", "mcfunction", 12, 0, 2, 1, 15
"c:\Users\FlowUP\AppData\Roaming\.minecraft\saves\CTF-1.21.10 v1.29 - fleche explo\datapacks\Magic_FR\data\spells\function\spellsystem\spell1\spell1_a\onplayer\player1.mcfunction", "mcfunction", 35, 0, 4, 7, 46
"c:\Users\FlowUP\AppData\Roaming\.minecraft\saves\CTF-1.21.10 v1.29 - fleche explo\datapacks\Magic_FR\data\spells\function\spellsystem\spell1\spell1_a\onplayer\player10.mcfunction", "mcfunction", 35, 0, 4, 7, 46
"c:\Users\FlowUP\AppData\Roaming\.minecraft\saves\CTF-1.21.10 v1.29 - fleche explo\datapacks\Magic_FR\data\spells\function\spellsystem\spell1\spell1_a\onplayer\player11.mcfunction", "mcfunction", 35, 0, 4, 7, 46
"c:\Users\FlowUP\AppData\Roaming\.minecraft\saves\CTF-1.21.10 v1.29 - fleche explo\datapacks\Magic_FR\data\spells\function\spellsystem\spell1\spell1_a\onplayer\player12.mcfunction", "mcfunction", 35, 0, 4, 7, 46
"c:\Users\FlowUP\AppData\Roaming\.minecraft\saves\CTF-1.21.10 v1.29 - fleche explo\datapacks\Magic_FR\data\spells\function\spellsystem\spell1\spell1_a\onplayer\player2.mcfunction", "mcfunction", 35, 0, 4, 7, 46
"c:\Users\FlowUP\AppData\Roaming\.minecraft\saves\CTF-1.21.10 v1.29 - fleche explo\datapacks\Magic_FR\data\spells\function\spellsystem\spell1\spell1_a\onplayer\player3.mcfunction", "mcfunction", 35, 0, 4, 7, 46
"c:\Users\FlowUP\AppData\Roaming\.minecraft\saves\CTF-1.21.10 v1.29 - fleche explo\datapacks\Magic_FR\data\spells\function\spellsystem\spell1\spell1_a\onplayer\player4.mcfunction", "mcfunction", 35, 0, 4, 7, 46
"c:\Users\FlowUP\AppData\Roaming\.minecraft\saves\CTF-1.21.10 v1.29 - fleche explo\datapacks\Magic_FR\data\spells\function\spellsystem\spell1\spell1_a\onplayer\player5.mcfunction", "mcfunction", 35, 0, 4, 7, 46
"c:\Users\FlowUP\AppData\Roaming\.minecraft\saves\CTF-1.21.10 v1.29 - fleche explo\datapacks\Magic_FR\data\spells\function\spellsystem\spell1\spell1_a\onplayer\player6.mcfunction", "mcfunction", 35, 0, 4, 7, 46
"c:\Users\FlowUP\AppData\Roaming\.minecraft\saves\CTF-1.21.10 v1.29 - fleche explo\datapacks\Magic_FR\data\spells\function\spellsystem\spell1\spell1_a\onplayer\player7.mcfunction", "mcfunction", 35, 0, 4, 7, 46
"c:\Users\FlowUP\AppData\Roaming\.minecraft\saves\CTF-1.21.10 v1.29 - fleche explo\datapacks\Magic_FR\data\spells\function\spellsystem\spell1\spell1_a\onplayer\player8.mcfunction", "mcfunction", 35, 0, 4, 7, 46
"c:\Users\FlowUP\AppData\Roaming\.minecraft\saves\CTF-1.21.10 v1.29 - fleche explo\datapacks\Magic_FR\data\spells\function\spellsystem\spell1\spell1_a\onplayer\player9.mcfunction", "mcfunction", 35, 0, 4, 7, 46
"c:\Users\FlowUP\AppData\Roaming\.minecraft\saves\CTF-1.21.10 v1.29 - fleche explo\datapacks\Magic_FR\data\spells\function\spellsystem\spell1\spell1_a\onplayer\test_player.mcfunction", "mcfunction", 12, 0, 2, 1, 15
"c:\Users\FlowUP\AppData\Roaming\.minecraft\saves\CTF-1.21.10 v1.29 - fleche explo\datapacks\Magic_FR\data\spells\function\spellsystem\spell1\spell1_a\raycast\player10\dark_red.mcfunction", "mcfunction", 4, 0, 2, 1, 7
"c:\Users\FlowUP\AppData\Roaming\.minecraft\saves\CTF-1.21.10 v1.29 - fleche explo\datapacks\Magic_FR\data\spells\function\spellsystem\spell1\spell1_a\raycast\player10\green.mcfunction", "mcfunction", 3, 0, 2, 1, 6
"c:\Users\FlowUP\AppData\Roaming\.minecraft\saves\CTF-1.21.10 v1.29 - fleche explo\datapacks\Magic_FR\data\spells\function\spellsystem\spell1\spell1_a\raycast\player10\red.mcfunction", "mcfunction", 3, 0, 2, 1, 6
"c:\Users\FlowUP\AppData\Roaming\.minecraft\saves\CTF-1.21.10 v1.29 - fleche explo\datapacks\Magic_FR\data\spells\function\spellsystem\spell1\spell1_a\raycast\player10\yellow.mcfunction", "mcfunction", 3, 0, 2, 1, 6
"c:\Users\FlowUP\AppData\Roaming\.minecraft\saves\CTF-1.21.10 v1.29 - fleche explo\datapacks\Magic_FR\data\spells\function\spellsystem\spell1\spell1_a\raycast\player11\dark_red.mcfunction", "mcfunction", 4, 0, 2, 1, 7
"c:\Users\FlowUP\AppData\Roaming\.minecraft\saves\CTF-1.21.10 v1.29 - fleche explo\datapacks\Magic_FR\data\spells\function\spellsystem\spell1\spell1_a\raycast\player11\green.mcfunction", "mcfunction", 3, 0, 2, 1, 6
"c:\Users\FlowUP\AppData\Roaming\.minecraft\saves\CTF-1.21.10 v1.29 - fleche explo\datapacks\Magic_FR\data\spells\function\spellsystem\spell1\spell1_a\raycast\player11\red.mcfunction", "mcfunction", 3, 0, 2, 1, 6
"c:\Users\FlowUP\AppData\Roaming\.minecraft\saves\CTF-1.21.10 v1.29 - fleche explo\datapacks\Magic_FR\data\spells\function\spellsystem\spell1\spell1_a\raycast\player11\yellow.mcfunction", "mcfunction", 3, 0, 2, 1, 6
"c:\Users\FlowUP\AppData\Roaming\.minecraft\saves\CTF-1.21.10 v1.29 - fleche explo\datapacks\Magic_FR\data\spells\function\spellsystem\spell1\spell1_a\raycast\player12\dark_red.mcfunction", "mcfunction", 4, 0, 2, 1, 7
"c:\Users\FlowUP\AppData\Roaming\.minecraft\saves\CTF-1.21.10 v1.29 - fleche explo\datapacks\Magic_FR\data\spells\function\spellsystem\spell1\spell1_a\raycast\player12\green.mcfunction", "mcfunction", 3, 0, 2, 1, 6
"c:\Users\FlowUP\AppData\Roaming\.minecraft\saves\CTF-1.21.10 v1.29 - fleche explo\datapacks\Magic_FR\data\spells\function\spellsystem\spell1\spell1_a\raycast\player12\red.mcfunction", "mcfunction", 3, 0, 2, 1, 6
"c:\Users\FlowUP\AppData\Roaming\.minecraft\saves\CTF-1.21.10 v1.29 - fleche explo\datapacks\Magic_FR\data\spells\function\spellsystem\spell1\spell1_a\raycast\player12\yellow.mcfunction", "mcfunction", 3, 0, 2, 1, 6
"c:\Users\FlowUP\AppData\Roaming\.minecraft\saves\CTF-1.21.10 v1.29 - fleche explo\datapacks\Magic_FR\data\spells\function\spellsystem\spell1\spell1_a\raycast\player1\dark_red.mcfunction", "mcfunction", 4, 0, 2, 1, 7
"c:\Users\FlowUP\AppData\Roaming\.minecraft\saves\CTF-1.21.10 v1.29 - fleche explo\datapacks\Magic_FR\data\spells\function\spellsystem\spell1\spell1_a\raycast\player1\green.mcfunction", "mcfunction", 3, 0, 2, 1, 6
"c:\Users\FlowUP\AppData\Roaming\.minecraft\saves\CTF-1.21.10 v1.29 - fleche explo\datapacks\Magic_FR\data\spells\function\spellsystem\spell1\spell1_a\raycast\player1\red.mcfunction", "mcfunction", 3, 0, 2, 1, 6
"c:\Users\FlowUP\AppData\Roaming\.minecraft\saves\CTF-1.21.10 v1.29 - fleche explo\datapacks\Magic_FR\data\spells\function\spellsystem\spell1\spell1_a\raycast\player1\yellow.mcfunction", "mcfunction", 3, 0, 2, 1, 6
"c:\Users\FlowUP\AppData\Roaming\.minecraft\saves\CTF-1.21.10 v1.29 - fleche explo\datapacks\Magic_FR\data\spells\function\spellsystem\spell1\spell1_a\raycast\player2\dark_red.mcfunction", "mcfunction", 4, 0, 2, 1, 7
"c:\Users\FlowUP\AppData\Roaming\.minecraft\saves\CTF-1.21.10 v1.29 - fleche explo\datapacks\Magic_FR\data\spells\function\spellsystem\spell1\spell1_a\raycast\player2\green.mcfunction", "mcfunction", 3, 0, 2, 1, 6
"c:\Users\FlowUP\AppData\Roaming\.minecraft\saves\CTF-1.21.10 v1.29 - fleche explo\datapacks\Magic_FR\data\spells\function\spellsystem\spell1\spell1_a\raycast\player2\red.mcfunction", "mcfunction", 3, 0, 2, 1, 6
"c:\Users\FlowUP\AppData\Roaming\.minecraft\saves\CTF-1.21.10 v1.29 - fleche explo\datapacks\Magic_FR\data\spells\function\spellsystem\spell1\spell1_a\raycast\player2\yellow.mcfunction", "mcfunction", 3, 0, 2, 1, 6
"c:\Users\FlowUP\AppData\Roaming\.minecraft\saves\CTF-1.21.10 v1.29 - fleche explo\datapacks\Magic_FR\data\spells\function\spellsystem\spell1\spell1_a\raycast\player3\dark_red.mcfunction", "mcfunction", 4, 0, 2, 1, 7
"c:\Users\FlowUP\AppData\Roaming\.minecraft\saves\CTF-1.21.10 v1.29 - fleche explo\datapacks\Magic_FR\data\spells\function\spellsystem\spell1\spell1_a\raycast\player3\green.mcfunction", "mcfunction", 3, 0, 2, 1, 6
"c:\Users\FlowUP\AppData\Roaming\.minecraft\saves\CTF-1.21.10 v1.29 - fleche explo\datapacks\Magic_FR\data\spells\function\spellsystem\spell1\spell1_a\raycast\player3\red.mcfunction", "mcfunction", 3, 0, 2, 1, 6
"c:\Users\FlowUP\AppData\Roaming\.minecraft\saves\CTF-1.21.10 v1.29 - fleche explo\datapacks\Magic_FR\data\spells\function\spellsystem\spell1\spell1_a\raycast\player3\yellow.mcfunction", "mcfunction", 3, 0, 2, 1, 6
"c:\Users\FlowUP\AppData\Roaming\.minecraft\saves\CTF-1.21.10 v1.29 - fleche explo\datapacks\Magic_FR\data\spells\function\spellsystem\spell1\spell1_a\raycast\player4\dark_red.mcfunction", "mcfunction", 4, 0, 2, 1, 7
"c:\Users\FlowUP\AppData\Roaming\.minecraft\saves\CTF-1.21.10 v1.29 - fleche explo\datapacks\Magic_FR\data\spells\function\spellsystem\spell1\spell1_a\raycast\player4\green.mcfunction", "mcfunction", 3, 0, 2, 1, 6
"c:\Users\FlowUP\AppData\Roaming\.minecraft\saves\CTF-1.21.10 v1.29 - fleche explo\datapacks\Magic_FR\data\spells\function\spellsystem\spell1\spell1_a\raycast\player4\red.mcfunction", "mcfunction", 3, 0, 2, 1, 6
"c:\Users\FlowUP\AppData\Roaming\.minecraft\saves\CTF-1.21.10 v1.29 - fleche explo\datapacks\Magic_FR\data\spells\function\spellsystem\spell1\spell1_a\raycast\player4\yellow.mcfunction", "mcfunction", 3, 0, 2, 1, 6
"c:\Users\FlowUP\AppData\Roaming\.minecraft\saves\CTF-1.21.10 v1.29 - fleche explo\datapacks\Magic_FR\data\spells\function\spellsystem\spell1\spell1_a\raycast\player5\dark_red.mcfunction", "mcfunction", 4, 0, 2, 1, 7
"c:\Users\FlowUP\AppData\Roaming\.minecraft\saves\CTF-1.21.10 v1.29 - fleche explo\datapacks\Magic_FR\data\spells\function\spellsystem\spell1\spell1_a\raycast\player5\green.mcfunction", "mcfunction", 3, 0, 2, 1, 6
"c:\Users\FlowUP\AppData\Roaming\.minecraft\saves\CTF-1.21.10 v1.29 - fleche explo\datapacks\Magic_FR\data\spells\function\spellsystem\spell1\spell1_a\raycast\player5\red.mcfunction", "mcfunction", 3, 0, 2, 1, 6
"c:\Users\FlowUP\AppData\Roaming\.minecraft\saves\CTF-1.21.10 v1.29 - fleche explo\datapacks\Magic_FR\data\spells\function\spellsystem\spell1\spell1_a\raycast\player5\yellow.mcfunction", "mcfunction", 3, 0, 2, 1, 6
"c:\Users\FlowUP\AppData\Roaming\.minecraft\saves\CTF-1.21.10 v1.29 - fleche explo\datapacks\Magic_FR\data\spells\function\spellsystem\spell1\spell1_a\raycast\player6\dark_red.mcfunction", "mcfunction", 4, 0, 2, 1, 7
"c:\Users\FlowUP\AppData\Roaming\.minecraft\saves\CTF-1.21.10 v1.29 - fleche explo\datapacks\Magic_FR\data\spells\function\spellsystem\spell1\spell1_a\raycast\player6\green.mcfunction", "mcfunction", 3, 0, 2, 1, 6
"c:\Users\FlowUP\AppData\Roaming\.minecraft\saves\CTF-1.21.10 v1.29 - fleche explo\datapacks\Magic_FR\data\spells\function\spellsystem\spell1\spell1_a\raycast\player6\red.mcfunction", "mcfunction", 3, 0, 2, 1, 6
"c:\Users\FlowUP\AppData\Roaming\.minecraft\saves\CTF-1.21.10 v1.29 - fleche explo\datapacks\Magic_FR\data\spells\function\spellsystem\spell1\spell1_a\raycast\player6\yellow.mcfunction", "mcfunction", 3, 0, 2, 1, 6
"c:\Users\FlowUP\AppData\Roaming\.minecraft\saves\CTF-1.21.10 v1.29 - fleche explo\datapacks\Magic_FR\data\spells\function\spellsystem\spell1\spell1_a\raycast\player7\dark_red.mcfunction", "mcfunction", 4, 0, 2, 1, 7
"c:\Users\FlowUP\AppData\Roaming\.minecraft\saves\CTF-1.21.10 v1.29 - fleche explo\datapacks\Magic_FR\data\spells\function\spellsystem\spell1\spell1_a\raycast\player7\green.mcfunction", "mcfunction", 3, 0, 2, 1, 6
"c:\Users\FlowUP\AppData\Roaming\.minecraft\saves\CTF-1.21.10 v1.29 - fleche explo\datapacks\Magic_FR\data\spells\function\spellsystem\spell1\spell1_a\raycast\player7\red.mcfunction", "mcfunction", 3, 0, 2, 1, 6
"c:\Users\FlowUP\AppData\Roaming\.minecraft\saves\CTF-1.21.10 v1.29 - fleche explo\datapacks\Magic_FR\data\spells\function\spellsystem\spell1\spell1_a\raycast\player7\yellow.mcfunction", "mcfunction", 3, 0, 2, 1, 6
"c:\Users\FlowUP\AppData\Roaming\.minecraft\saves\CTF-1.21.10 v1.29 - fleche explo\datapacks\Magic_FR\data\spells\function\spellsystem\spell1\spell1_a\raycast\player8\dark_red.mcfunction", "mcfunction", 4, 0, 2, 1, 7
"c:\Users\FlowUP\AppData\Roaming\.minecraft\saves\CTF-1.21.10 v1.29 - fleche explo\datapacks\Magic_FR\data\spells\function\spellsystem\spell1\spell1_a\raycast\player8\green.mcfunction", "mcfunction", 3, 0, 2, 1, 6
"c:\Users\FlowUP\AppData\Roaming\.minecraft\saves\CTF-1.21.10 v1.29 - fleche explo\datapacks\Magic_FR\data\spells\function\spellsystem\spell1\spell1_a\raycast\player8\red.mcfunction", "mcfunction", 3, 0, 2, 1, 6
"c:\Users\FlowUP\AppData\Roaming\.minecraft\saves\CTF-1.21.10 v1.29 - fleche explo\datapacks\Magic_FR\data\spells\function\spellsystem\spell1\spell1_a\raycast\player8\yellow.mcfunction", "mcfunction", 3, 0, 2, 1, 6
"c:\Users\FlowUP\AppData\Roaming\.minecraft\saves\CTF-1.21.10 v1.29 - fleche explo\datapacks\Magic_FR\data\spells\function\spellsystem\spell1\spell1_a\raycast\player9\dark_red.mcfunction", "mcfunction", 4, 0, 2, 1, 7
"c:\Users\FlowUP\AppData\Roaming\.minecraft\saves\CTF-1.21.10 v1.29 - fleche explo\datapacks\Magic_FR\data\spells\function\spellsystem\spell1\spell1_a\raycast\player9\green.mcfunction", "mcfunction", 3, 0, 2, 1, 6
"c:\Users\FlowUP\AppData\Roaming\.minecraft\saves\CTF-1.21.10 v1.29 - fleche explo\datapacks\Magic_FR\data\spells\function\spellsystem\spell1\spell1_a\raycast\player9\red.mcfunction", "mcfunction", 3, 0, 2, 1, 6
"c:\Users\FlowUP\AppData\Roaming\.minecraft\saves\CTF-1.21.10 v1.29 - fleche explo\datapacks\Magic_FR\data\spells\function\spellsystem\spell1\spell1_a\raycast\player9\yellow.mcfunction", "mcfunction", 3, 0, 2, 1, 6
"c:\Users\FlowUP\AppData\Roaming\.minecraft\saves\CTF-1.21.10 v1.29 - fleche explo\datapacks\Magic_FR\data\spells\function\spellsystem\spell1\spell1_a\refresh_bossbar.mcfunction", "mcfunction", 49, 0, 2, 15, 66
"c:\Users\FlowUP\AppData\Roaming\.minecraft\saves\CTF-1.21.10 v1.29 - fleche explo\datapacks\Magic_FR\data\spells\function\spellsystem\spell1\spell1_a\refresh_bossbar_victim.mcfunction", "mcfunction", 13, 0, 2, 3, 18
"c:\Users\FlowUP\AppData\Roaming\.minecraft\saves\CTF-1.21.10 v1.29 - fleche explo\datapacks\Magic_FR\data\spells\function\spellsystem\spell1\spell1_a\rotate_arrow.mcfunction", "mcfunction", 8, 0, 3, 3, 14
"c:\Users\FlowUP\AppData\Roaming\.minecraft\saves\CTF-1.21.10 v1.29 - fleche explo\datapacks\Magic_FR\data\spells\function\spellsystem\spell1\spell1_a\sneak_change\start_sneak.mcfunction", "mcfunction", 2, 0, 2, 2, 6
"c:\Users\FlowUP\AppData\Roaming\.minecraft\saves\CTF-1.21.10 v1.29 - fleche explo\datapacks\Magic_FR\data\spells\function\spellsystem\spell1\spell1_a\sneak_change\stop_sneak.mcfunction", "mcfunction", 1, 0, 2, 1, 4
"c:\Users\FlowUP\AppData\Roaming\.minecraft\saves\CTF-1.21.10 v1.29 - fleche explo\datapacks\Magic_FR\data\spells\function\spellsystem\spell1\spell1_a\start_animation\player1.mcfunction", "mcfunction", 11, 0, 2, 4, 17
"c:\Users\FlowUP\AppData\Roaming\.minecraft\saves\CTF-1.21.10 v1.29 - fleche explo\datapacks\Magic_FR\data\spells\function\spellsystem\spell1\spell1_a\start_animation\player10.mcfunction", "mcfunction", 11, 0, 2, 4, 17
"c:\Users\FlowUP\AppData\Roaming\.minecraft\saves\CTF-1.21.10 v1.29 - fleche explo\datapacks\Magic_FR\data\spells\function\spellsystem\spell1\spell1_a\start_animation\player11.mcfunction", "mcfunction", 11, 0, 2, 4, 17
"c:\Users\FlowUP\AppData\Roaming\.minecraft\saves\CTF-1.21.10 v1.29 - fleche explo\datapacks\Magic_FR\data\spells\function\spellsystem\spell1\spell1_a\start_animation\player12.mcfunction", "mcfunction", 11, 0, 2, 4, 17
"c:\Users\FlowUP\AppData\Roaming\.minecraft\saves\CTF-1.21.10 v1.29 - fleche explo\datapacks\Magic_FR\data\spells\function\spellsystem\spell1\spell1_a\start_animation\player2.mcfunction", "mcfunction", 11, 0, 2, 4, 17
"c:\Users\FlowUP\AppData\Roaming\.minecraft\saves\CTF-1.21.10 v1.29 - fleche explo\datapacks\Magic_FR\data\spells\function\spellsystem\spell1\spell1_a\start_animation\player3.mcfunction", "mcfunction", 11, 0, 2, 4, 17
"c:\Users\FlowUP\AppData\Roaming\.minecraft\saves\CTF-1.21.10 v1.29 - fleche explo\datapacks\Magic_FR\data\spells\function\spellsystem\spell1\spell1_a\start_animation\player4.mcfunction", "mcfunction", 11, 0, 2, 4, 17
"c:\Users\FlowUP\AppData\Roaming\.minecraft\saves\CTF-1.21.10 v1.29 - fleche explo\datapacks\Magic_FR\data\spells\function\spellsystem\spell1\spell1_a\start_animation\player5.mcfunction", "mcfunction", 11, 0, 2, 4, 17
"c:\Users\FlowUP\AppData\Roaming\.minecraft\saves\CTF-1.21.10 v1.29 - fleche explo\datapacks\Magic_FR\data\spells\function\spellsystem\spell1\spell1_a\start_animation\player6.mcfunction", "mcfunction", 11, 0, 2, 4, 17
"c:\Users\FlowUP\AppData\Roaming\.minecraft\saves\CTF-1.21.10 v1.29 - fleche explo\datapacks\Magic_FR\data\spells\function\spellsystem\spell1\spell1_a\start_animation\player7.mcfunction", "mcfunction", 11, 0, 2, 4, 17
"c:\Users\FlowUP\AppData\Roaming\.minecraft\saves\CTF-1.21.10 v1.29 - fleche explo\datapacks\Magic_FR\data\spells\function\spellsystem\spell1\spell1_a\start_animation\player8.mcfunction", "mcfunction", 11, 0, 2, 4, 17
"c:\Users\FlowUP\AppData\Roaming\.minecraft\saves\CTF-1.21.10 v1.29 - fleche explo\datapacks\Magic_FR\data\spells\function\spellsystem\spell1\spell1_a\start_animation\player9.mcfunction", "mcfunction", 11, 0, 2, 4, 17
"c:\Users\FlowUP\AppData\Roaming\.minecraft\saves\CTF-1.21.10 v1.29 - fleche explo\datapacks\Magic_FR\data\spells\function\spellsystem\spell1\spell1_a\took_spell1_a.mcfunction", "mcfunction", 15, 0, 4, 3, 22
"c:\Users\FlowUP\AppData\Roaming\.minecraft\saves\CTF-1.21.10 v1.29 - fleche explo\datapacks\Magic_FR\data\spells\function\spellsystem\spell1\spell1_a\usedexplosivearrow_a.mcfunction", "mcfunction", 19, 0, 2, 3, 24
"c:\Users\FlowUP\AppData\Roaming\.minecraft\saves\CTF-1.21.10 v1.29 - fleche explo\datapacks\Magic_FR\data\spells\function\spellsystem\spell1\spell1_a\usespell\usespell_lvl1.mcfunction", "mcfunction", 38, 0, 6, 10, 54
"c:\Users\FlowUP\AppData\Roaming\.minecraft\saves\CTF-1.21.10 v1.29 - fleche explo\datapacks\Magic_FR\data\spells\function\spellsystem\spell1\spell1_a\usespell\usespell_lvl2.mcfunction", "mcfunction", 38, 0, 6, 11, 55
"c:\Users\FlowUP\AppData\Roaming\.minecraft\saves\CTF-1.21.10 v1.29 - fleche explo\datapacks\Magic_FR\data\spells\function\spellsystem\spell1\spell1_a\usespell\usespell_lvl3.mcfunction", "mcfunction", 38, 0, 6, 11, 55
"c:\Users\FlowUP\AppData\Roaming\.minecraft\saves\CTF-1.21.10 v1.29 - fleche explo\datapacks\Magic_FR\data\spells\function\spellsystem\spell1\spell1_m\apply_dmg_lvl1.mcfunction", "mcfunction", 42, 0, 6, 10, 58
"c:\Users\FlowUP\AppData\Roaming\.minecraft\saves\CTF-1.21.10 v1.29 - fleche explo\datapacks\Magic_FR\data\spells\function\spellsystem\spell1\spell1_m\apply_dmg_lvl2.mcfunction", "mcfunction", 42, 0, 6, 9, 57
"c:\Users\FlowUP\AppData\Roaming\.minecraft\saves\CTF-1.21.10 v1.29 - fleche explo\datapacks\Magic_FR\data\spells\function\spellsystem\spell1\spell1_m\apply_dmg_lvl3.mcfunction", "mcfunction", 42, 0, 6, 9, 57
"c:\Users\FlowUP\AppData\Roaming\.minecraft\saves\CTF-1.21.10 v1.29 - fleche explo\datapacks\Magic_FR\data\spells\function\spellsystem\spell1\spell1_m\fire_dmg_lvl1.mcfunction", "mcfunction", 28, 0, 6, 5, 39
"c:\Users\FlowUP\AppData\Roaming\.minecraft\saves\CTF-1.21.10 v1.29 - fleche explo\datapacks\Magic_FR\data\spells\function\spellsystem\spell1\spell1_m\fire_dmg_lvl2.mcfunction", "mcfunction", 28, 0, 6, 6, 40
"c:\Users\FlowUP\AppData\Roaming\.minecraft\saves\CTF-1.21.10 v1.29 - fleche explo\datapacks\Magic_FR\data\spells\function\spellsystem\spell1\spell1_m\fire_dmg_lvl3.mcfunction", "mcfunction", 28, 0, 6, 6, 40
"c:\Users\FlowUP\AppData\Roaming\.minecraft\saves\CTF-1.21.10 v1.29 - fleche explo\datapacks\Magic_FR\data\spells\function\spellsystem\spell1\spell1_m\firetrail_blue_hit.mcfunction", "mcfunction", 13, 0, 12, 8, 33
"c:\Users\FlowUP\AppData\Roaming\.minecraft\saves\CTF-1.21.10 v1.29 - fleche explo\datapacks\Magic_FR\data\spells\function\spellsystem\spell1\spell1_m\firetrail_blue_m.mcfunction", "mcfunction", 4, 0, 1, 1, 6
"c:\Users\FlowUP\AppData\Roaming\.minecraft\saves\CTF-1.21.10 v1.29 - fleche explo\datapacks\Magic_FR\data\spells\function\spellsystem\spell1\spell1_m\firetrail_red_hit.mcfunction", "mcfunction", 13, 0, 12, 8, 33
"c:\Users\FlowUP\AppData\Roaming\.minecraft\saves\CTF-1.21.10 v1.29 - fleche explo\datapacks\Magic_FR\data\spells\function\spellsystem\spell1\spell1_m\firetrail_red_m.mcfunction", "mcfunction", 4, 0, 1, 1, 6
"c:\Users\FlowUP\AppData\Roaming\.minecraft\saves\CTF-1.21.10 v1.29 - fleche explo\datapacks\Magic_FR\data\spells\function\spellsystem\spell1\spell1_m\refresh_bossbar.mcfunction", "mcfunction", 23, 0, 2, 8, 33
"c:\Users\FlowUP\AppData\Roaming\.minecraft\saves\CTF-1.21.10 v1.29 - fleche explo\datapacks\Magic_FR\data\spells\function\spellsystem\spell1\spell1_m\refresh_cooldown\refresh_cd_spell1.mcfunction", "mcfunction", 1, 0, 2, 1, 4
"c:\Users\FlowUP\AppData\Roaming\.minecraft\saves\CTF-1.21.10 v1.29 - fleche explo\datapacks\Magic_FR\data\spells\function\spellsystem\spell1\spell1_m\refresh_cooldown\refresh_cd_spell2.mcfunction", "mcfunction", 1, 0, 2, 1, 4
"c:\Users\FlowUP\AppData\Roaming\.minecraft\saves\CTF-1.21.10 v1.29 - fleche explo\datapacks\Magic_FR\data\spells\function\spellsystem\spell1\spell1_m\refresh_cooldown\refresh_cd_spell3.mcfunction", "mcfunction", 1, 0, 2, 1, 4
"c:\Users\FlowUP\AppData\Roaming\.minecraft\saves\CTF-1.21.10 v1.29 - fleche explo\datapacks\Magic_FR\data\spells\function\spellsystem\spell1\spell1_m\remove_fire.mcfunction", "mcfunction", 14, 0, 3, 3, 20
"c:\Users\FlowUP\AppData\Roaming\.minecraft\saves\CTF-1.21.10 v1.29 - fleche explo\datapacks\Magic_FR\data\spells\function\spellsystem\spell1\spell1_m\took_spell1_m.mcfunction", "mcfunction", 14, 0, 3, 2, 19
"c:\Users\FlowUP\AppData\Roaming\.minecraft\saves\CTF-1.21.10 v1.29 - fleche explo\datapacks\Magic_FR\data\spells\function\spellsystem\spell1\spell1_r\0.mcfunction", "mcfunction", 13, 0, 1, 3, 17
"c:\Users\FlowUP\AppData\Roaming\.minecraft\saves\CTF-1.21.10 v1.29 - fleche explo\datapacks\Magic_FR\data\spells\function\spellsystem\spell1\spell1_r\100.mcfunction", "mcfunction", 13, 0, 1, 2, 16
"c:\Users\FlowUP\AppData\Roaming\.minecraft\saves\CTF-1.21.10 v1.29 - fleche explo\datapacks\Magic_FR\data\spells\function\spellsystem\spell1\spell1_r\50.mcfunction", "mcfunction", 13, 0, 1, 2, 16
"c:\Users\FlowUP\AppData\Roaming\.minecraft\saves\CTF-1.21.10 v1.29 - fleche explo\datapacks\Magic_FR\data\spells\function\spellsystem\spell1\spell1_r\bossbar\refresh_bossbar.mcfunction", "mcfunction", 13, 0, 2, 2, 17
"c:\Users\FlowUP\AppData\Roaming\.minecraft\saves\CTF-1.21.10 v1.29 - fleche explo\datapacks\Magic_FR\data\spells\function\spellsystem\spell1\spell1_r\bossbar\setup_bossbar\player1.mcfunction", "mcfunction", 3, 0, 2, 1, 6
"c:\Users\FlowUP\AppData\Roaming\.minecraft\saves\CTF-1.21.10 v1.29 - fleche explo\datapacks\Magic_FR\data\spells\function\spellsystem\spell1\spell1_r\bossbar\setup_bossbar\player10.mcfunction", "mcfunction", 3, 0, 2, 1, 6
"c:\Users\FlowUP\AppData\Roaming\.minecraft\saves\CTF-1.21.10 v1.29 - fleche explo\datapacks\Magic_FR\data\spells\function\spellsystem\spell1\spell1_r\bossbar\setup_bossbar\player11.mcfunction", "mcfunction", 3, 0, 2, 1, 6
"c:\Users\FlowUP\AppData\Roaming\.minecraft\saves\CTF-1.21.10 v1.29 - fleche explo\datapacks\Magic_FR\data\spells\function\spellsystem\spell1\spell1_r\bossbar\setup_bossbar\player12.mcfunction", "mcfunction", 3, 0, 2, 1, 6
"c:\Users\FlowUP\AppData\Roaming\.minecraft\saves\CTF-1.21.10 v1.29 - fleche explo\datapacks\Magic_FR\data\spells\function\spellsystem\spell1\spell1_r\bossbar\setup_bossbar\player2.mcfunction", "mcfunction", 3, 0, 2, 1, 6
"c:\Users\FlowUP\AppData\Roaming\.minecraft\saves\CTF-1.21.10 v1.29 - fleche explo\datapacks\Magic_FR\data\spells\function\spellsystem\spell1\spell1_r\bossbar\setup_bossbar\player3.mcfunction", "mcfunction", 3, 0, 2, 1, 6
"c:\Users\FlowUP\AppData\Roaming\.minecraft\saves\CTF-1.21.10 v1.29 - fleche explo\datapacks\Magic_FR\data\spells\function\spellsystem\spell1\spell1_r\bossbar\setup_bossbar\player4.mcfunction", "mcfunction", 3, 0, 2, 1, 6
"c:\Users\FlowUP\AppData\Roaming\.minecraft\saves\CTF-1.21.10 v1.29 - fleche explo\datapacks\Magic_FR\data\spells\function\spellsystem\spell1\spell1_r\bossbar\setup_bossbar\player5.mcfunction", "mcfunction", 3, 0, 2, 1, 6
"c:\Users\FlowUP\AppData\Roaming\.minecraft\saves\CTF-1.21.10 v1.29 - fleche explo\datapacks\Magic_FR\data\spells\function\spellsystem\spell1\spell1_r\bossbar\setup_bossbar\player6.mcfunction", "mcfunction", 3, 0, 2, 1, 6
"c:\Users\FlowUP\AppData\Roaming\.minecraft\saves\CTF-1.21.10 v1.29 - fleche explo\datapacks\Magic_FR\data\spells\function\spellsystem\spell1\spell1_r\bossbar\setup_bossbar\player7.mcfunction", "mcfunction", 3, 0, 2, 1, 6
"c:\Users\FlowUP\AppData\Roaming\.minecraft\saves\CTF-1.21.10 v1.29 - fleche explo\datapacks\Magic_FR\data\spells\function\spellsystem\spell1\spell1_r\bossbar\setup_bossbar\player8.mcfunction", "mcfunction", 3, 0, 2, 1, 6
"c:\Users\FlowUP\AppData\Roaming\.minecraft\saves\CTF-1.21.10 v1.29 - fleche explo\datapacks\Magic_FR\data\spells\function\spellsystem\spell1\spell1_r\bossbar\setup_bossbar\player9.mcfunction", "mcfunction", 3, 0, 2, 1, 6
"c:\Users\FlowUP\AppData\Roaming\.minecraft\saves\CTF-1.21.10 v1.29 - fleche explo\datapacks\Magic_FR\data\spells\function\spellsystem\spell1\spell1_r\nomoreinvisibility_r.mcfunction", "mcfunction", 36, 0, 5, 6, 47
"c:\Users\FlowUP\AppData\Roaming\.minecraft\saves\CTF-1.21.10 v1.29 - fleche explo\datapacks\Magic_FR\data\spells\function\spellsystem\spell1\spell1_w\bossbar\refresh_bossbar.mcfunction", "mcfunction", 12, 0, 2, 1, 15
"c:\Users\FlowUP\AppData\Roaming\.minecraft\saves\CTF-1.21.10 v1.29 - fleche explo\datapacks\Magic_FR\data\spells\function\spellsystem\spell1\spell1_w\bossbar\setup_bossbar\player1.mcfunction", "mcfunction", 2, 0, 2, 1, 5
"c:\Users\FlowUP\AppData\Roaming\.minecraft\saves\CTF-1.21.10 v1.29 - fleche explo\datapacks\Magic_FR\data\spells\function\spellsystem\spell1\spell1_w\bossbar\setup_bossbar\player10.mcfunction", "mcfunction", 2, 0, 2, 1, 5
"c:\Users\FlowUP\AppData\Roaming\.minecraft\saves\CTF-1.21.10 v1.29 - fleche explo\datapacks\Magic_FR\data\spells\function\spellsystem\spell1\spell1_w\bossbar\setup_bossbar\player11.mcfunction", "mcfunction", 2, 0, 2, 1, 5
"c:\Users\FlowUP\AppData\Roaming\.minecraft\saves\CTF-1.21.10 v1.29 - fleche explo\datapacks\Magic_FR\data\spells\function\spellsystem\spell1\spell1_w\bossbar\setup_bossbar\player12.mcfunction", "mcfunction", 2, 0, 2, 1, 5
"c:\Users\FlowUP\AppData\Roaming\.minecraft\saves\CTF-1.21.10 v1.29 - fleche explo\datapacks\Magic_FR\data\spells\function\spellsystem\spell1\spell1_w\bossbar\setup_bossbar\player2.mcfunction", "mcfunction", 2, 0, 2, 1, 5
"c:\Users\FlowUP\AppData\Roaming\.minecraft\saves\CTF-1.21.10 v1.29 - fleche explo\datapacks\Magic_FR\data\spells\function\spellsystem\spell1\spell1_w\bossbar\setup_bossbar\player3.mcfunction", "mcfunction", 2, 0, 2, 1, 5
"c:\Users\FlowUP\AppData\Roaming\.minecraft\saves\CTF-1.21.10 v1.29 - fleche explo\datapacks\Magic_FR\data\spells\function\spellsystem\spell1\spell1_w\bossbar\setup_bossbar\player4.mcfunction", "mcfunction", 2, 0, 2, 1, 5
"c:\Users\FlowUP\AppData\Roaming\.minecraft\saves\CTF-1.21.10 v1.29 - fleche explo\datapacks\Magic_FR\data\spells\function\spellsystem\spell1\spell1_w\bossbar\setup_bossbar\player5.mcfunction", "mcfunction", 2, 0, 2, 1, 5
"c:\Users\FlowUP\AppData\Roaming\.minecraft\saves\CTF-1.21.10 v1.29 - fleche explo\datapacks\Magic_FR\data\spells\function\spellsystem\spell1\spell1_w\bossbar\setup_bossbar\player6.mcfunction", "mcfunction", 2, 0, 2, 1, 5
"c:\Users\FlowUP\AppData\Roaming\.minecraft\saves\CTF-1.21.10 v1.29 - fleche explo\datapacks\Magic_FR\data\spells\function\spellsystem\spell1\spell1_w\bossbar\setup_bossbar\player7.mcfunction", "mcfunction", 2, 0, 2, 1, 5
"c:\Users\FlowUP\AppData\Roaming\.minecraft\saves\CTF-1.21.10 v1.29 - fleche explo\datapacks\Magic_FR\data\spells\function\spellsystem\spell1\spell1_w\bossbar\setup_bossbar\player8.mcfunction", "mcfunction", 2, 0, 2, 1, 5
"c:\Users\FlowUP\AppData\Roaming\.minecraft\saves\CTF-1.21.10 v1.29 - fleche explo\datapacks\Magic_FR\data\spells\function\spellsystem\spell1\spell1_w\bossbar\setup_bossbar\player9.mcfunction", "mcfunction", 2, 0, 2, 1, 5
"c:\Users\FlowUP\AppData\Roaming\.minecraft\saves\CTF-1.21.10 v1.29 - fleche explo\datapacks\Magic_FR\data\spells\function\spellsystem\spell1\spell1_w\no_more_berzerk.mcfunction", "mcfunction", 39, 0, 17, 12, 68
"c:\Users\FlowUP\AppData\Roaming\.minecraft\saves\CTF-1.21.10 v1.29 - fleche explo\datapacks\Magic_FR\data\spells\function\spellsystem\spell1_spell3_a\test_player.mcfunction", "mcfunction", 25, 0, 3, 2, 30
"c:\Users\FlowUP\AppData\Roaming\.minecraft\saves\CTF-1.21.10 v1.29 - fleche explo\datapacks\Magic_FR\data\spells\function\spellsystem\spell2\spell2_a\apply_dmg.mcfunction", "mcfunction", 13, 0, 2, 2, 17
"c:\Users\FlowUP\AppData\Roaming\.minecraft\saves\CTF-1.21.10 v1.29 - fleche explo\datapacks\Magic_FR\data\spells\function\spellsystem\spell2\spell2_a\check_half.mcfunction", "mcfunction", 2, 0, 2, 1, 5
"c:\Users\FlowUP\AppData\Roaming\.minecraft\saves\CTF-1.21.10 v1.29 - fleche explo\datapacks\Magic_FR\data\spells\function\spellsystem\spell2\spell2_a\destroy_own_trap.mcfunction", "mcfunction", 61, 0, 2, 3, 66
"c:\Users\FlowUP\AppData\Roaming\.minecraft\saves\CTF-1.21.10 v1.29 - fleche explo\datapacks\Magic_FR\data\spells\function\spellsystem\spell2\spell2_a\end_trap.mcfunction", "mcfunction", 42, 0, 5, 7, 54
"c:\Users\FlowUP\AppData\Roaming\.minecraft\saves\CTF-1.21.10 v1.29 - fleche explo\datapacks\Magic_FR\data\spells\function\spellsystem\spell2\spell2_a\end_trap\player1.mcfunction", "mcfunction", 2, 0, 2, 1, 5
"c:\Users\FlowUP\AppData\Roaming\.minecraft\saves\CTF-1.21.10 v1.29 - fleche explo\datapacks\Magic_FR\data\spells\function\spellsystem\spell2\spell2_a\end_trap\player10.mcfunction", "mcfunction", 2, 0, 2, 1, 5
"c:\Users\FlowUP\AppData\Roaming\.minecraft\saves\CTF-1.21.10 v1.29 - fleche explo\datapacks\Magic_FR\data\spells\function\spellsystem\spell2\spell2_a\end_trap\player11.mcfunction", "mcfunction", 2, 0, 2, 1, 5
"c:\Users\FlowUP\AppData\Roaming\.minecraft\saves\CTF-1.21.10 v1.29 - fleche explo\datapacks\Magic_FR\data\spells\function\spellsystem\spell2\spell2_a\end_trap\player12.mcfunction", "mcfunction", 2, 0, 2, 1, 5
"c:\Users\FlowUP\AppData\Roaming\.minecraft\saves\CTF-1.21.10 v1.29 - fleche explo\datapacks\Magic_FR\data\spells\function\spellsystem\spell2\spell2_a\end_trap\player2.mcfunction", "mcfunction", 2, 0, 2, 1, 5
"c:\Users\FlowUP\AppData\Roaming\.minecraft\saves\CTF-1.21.10 v1.29 - fleche explo\datapacks\Magic_FR\data\spells\function\spellsystem\spell2\spell2_a\end_trap\player3.mcfunction", "mcfunction", 2, 0, 2, 1, 5
"c:\Users\FlowUP\AppData\Roaming\.minecraft\saves\CTF-1.21.10 v1.29 - fleche explo\datapacks\Magic_FR\data\spells\function\spellsystem\spell2\spell2_a\end_trap\player4.mcfunction", "mcfunction", 2, 0, 2, 1, 5
"c:\Users\FlowUP\AppData\Roaming\.minecraft\saves\CTF-1.21.10 v1.29 - fleche explo\datapacks\Magic_FR\data\spells\function\spellsystem\spell2\spell2_a\end_trap\player5.mcfunction", "mcfunction", 2, 0, 2, 1, 5
"c:\Users\FlowUP\AppData\Roaming\.minecraft\saves\CTF-1.21.10 v1.29 - fleche explo\datapacks\Magic_FR\data\spells\function\spellsystem\spell2\spell2_a\end_trap\player6.mcfunction", "mcfunction", 2, 0, 2, 1, 5
"c:\Users\FlowUP\AppData\Roaming\.minecraft\saves\CTF-1.21.10 v1.29 - fleche explo\datapacks\Magic_FR\data\spells\function\spellsystem\spell2\spell2_a\end_trap\player7.mcfunction", "mcfunction", 2, 0, 2, 1, 5
"c:\Users\FlowUP\AppData\Roaming\.minecraft\saves\CTF-1.21.10 v1.29 - fleche explo\datapacks\Magic_FR\data\spells\function\spellsystem\spell2\spell2_a\end_trap\player8.mcfunction", "mcfunction", 2, 0, 2, 1, 5
"c:\Users\FlowUP\AppData\Roaming\.minecraft\saves\CTF-1.21.10 v1.29 - fleche explo\datapacks\Magic_FR\data\spells\function\spellsystem\spell2\spell2_a\end_trap\player9.mcfunction", "mcfunction", 2, 0, 2, 1, 5
"c:\Users\FlowUP\AppData\Roaming\.minecraft\saves\CTF-1.21.10 v1.29 - fleche explo\datapacks\Magic_FR\data\spells\function\spellsystem\spell2\spell2_a\gettrapped1.mcfunction", "mcfunction", 32, 0, 6, 10, 48
"c:\Users\FlowUP\AppData\Roaming\.minecraft\saves\CTF-1.21.10 v1.29 - fleche explo\datapacks\Magic_FR\data\spells\function\spellsystem\spell2\spell2_a\gettrapped2.mcfunction", "mcfunction", 32, 0, 6, 8, 46
"c:\Users\FlowUP\AppData\Roaming\.minecraft\saves\CTF-1.21.10 v1.29 - fleche explo\datapacks\Magic_FR\data\spells\function\spellsystem\spell2\spell2_a\gettrapped3.mcfunction", "mcfunction", 32, 0, 6, 7, 45
"c:\Users\FlowUP\AppData\Roaming\.minecraft\saves\CTF-1.21.10 v1.29 - fleche explo\datapacks\Magic_FR\data\spells\function\spellsystem\spell2\spell2_a\launchttrap\launch.mcfunction", "mcfunction", 12, 0, 5, 7, 24
"c:\Users\FlowUP\AppData\Roaming\.minecraft\saves\CTF-1.21.10 v1.29 - fleche explo\datapacks\Magic_FR\data\spells\function\spellsystem\spell2\spell2_a\launchttrap\loop.mcfunction", "mcfunction", 2, 0, 2, 2, 6
"c:\Users\FlowUP\AppData\Roaming\.minecraft\saves\CTF-1.21.10 v1.29 - fleche explo\datapacks\Magic_FR\data\spells\function\spellsystem\spell2\spell2_a\launchttrap\tick_entity.mcfunction", "mcfunction", 4, 0, 3, 1, 8
"c:\Users\FlowUP\AppData\Roaming\.minecraft\saves\CTF-1.21.10 v1.29 - fleche explo\datapacks\Magic_FR\data\spells\function\spellsystem\spell2\spell2_a\launchttrap\traped_landed.mcfunction", "mcfunction", 26, 0, 5, 5, 36
"c:\Users\FlowUP\AppData\Roaming\.minecraft\saves\CTF-1.21.10 v1.29 - fleche explo\datapacks\Magic_FR\data\spells\function\spellsystem\spell2\spell2_a\launchttrap\traped_launch_failed.mcfunction", "mcfunction", 13, 0, 2, 2, 17
"c:\Users\FlowUP\AppData\Roaming\.minecraft\saves\CTF-1.21.10 v1.29 - fleche explo\datapacks\Magic_FR\data\spells\function\spellsystem\spell2\spell2_a\refresh_bossbar\from_player\player1.mcfunction", "mcfunction", 1, 0, 1, 1, 3
"c:\Users\FlowUP\AppData\Roaming\.minecraft\saves\CTF-1.21.10 v1.29 - fleche explo\datapacks\Magic_FR\data\spells\function\spellsystem\spell2\spell2_a\refresh_bossbar\from_player\player10.mcfunction", "mcfunction", 1, 0, 1, 1, 3
"c:\Users\FlowUP\AppData\Roaming\.minecraft\saves\CTF-1.21.10 v1.29 - fleche explo\datapacks\Magic_FR\data\spells\function\spellsystem\spell2\spell2_a\refresh_bossbar\from_player\player11.mcfunction", "mcfunction", 1, 0, 1, 1, 3
"c:\Users\FlowUP\AppData\Roaming\.minecraft\saves\CTF-1.21.10 v1.29 - fleche explo\datapacks\Magic_FR\data\spells\function\spellsystem\spell2\spell2_a\refresh_bossbar\from_player\player12.mcfunction", "mcfunction", 1, 0, 1, 1, 3
"c:\Users\FlowUP\AppData\Roaming\.minecraft\saves\CTF-1.21.10 v1.29 - fleche explo\datapacks\Magic_FR\data\spells\function\spellsystem\spell2\spell2_a\refresh_bossbar\from_player\player2.mcfunction", "mcfunction", 1, 0, 1, 1, 3
"c:\Users\FlowUP\AppData\Roaming\.minecraft\saves\CTF-1.21.10 v1.29 - fleche explo\datapacks\Magic_FR\data\spells\function\spellsystem\spell2\spell2_a\refresh_bossbar\from_player\player3.mcfunction", "mcfunction", 1, 0, 1, 1, 3
"c:\Users\FlowUP\AppData\Roaming\.minecraft\saves\CTF-1.21.10 v1.29 - fleche explo\datapacks\Magic_FR\data\spells\function\spellsystem\spell2\spell2_a\refresh_bossbar\from_player\player4.mcfunction", "mcfunction", 1, 0, 1, 1, 3
"c:\Users\FlowUP\AppData\Roaming\.minecraft\saves\CTF-1.21.10 v1.29 - fleche explo\datapacks\Magic_FR\data\spells\function\spellsystem\spell2\spell2_a\refresh_bossbar\from_player\player5.mcfunction", "mcfunction", 1, 0, 1, 1, 3
"c:\Users\FlowUP\AppData\Roaming\.minecraft\saves\CTF-1.21.10 v1.29 - fleche explo\datapacks\Magic_FR\data\spells\function\spellsystem\spell2\spell2_a\refresh_bossbar\from_player\player6.mcfunction", "mcfunction", 1, 0, 1, 1, 3
"c:\Users\FlowUP\AppData\Roaming\.minecraft\saves\CTF-1.21.10 v1.29 - fleche explo\datapacks\Magic_FR\data\spells\function\spellsystem\spell2\spell2_a\refresh_bossbar\from_player\player7.mcfunction", "mcfunction", 1, 0, 1, 1, 3
"c:\Users\FlowUP\AppData\Roaming\.minecraft\saves\CTF-1.21.10 v1.29 - fleche explo\datapacks\Magic_FR\data\spells\function\spellsystem\spell2\spell2_a\refresh_bossbar\from_player\player8.mcfunction", "mcfunction", 1, 0, 1, 1, 3
"c:\Users\FlowUP\AppData\Roaming\.minecraft\saves\CTF-1.21.10 v1.29 - fleche explo\datapacks\Magic_FR\data\spells\function\spellsystem\spell2\spell2_a\refresh_bossbar\from_player\player9.mcfunction", "mcfunction", 1, 0, 1, 1, 3
"c:\Users\FlowUP\AppData\Roaming\.minecraft\saves\CTF-1.21.10 v1.29 - fleche explo\datapacks\Magic_FR\data\spells\function\spellsystem\spell2\spell2_a\refresh_bossbar\player\player1.mcfunction", "mcfunction", 12, 0, 1, 2, 15
"c:\Users\FlowUP\AppData\Roaming\.minecraft\saves\CTF-1.21.10 v1.29 - fleche explo\datapacks\Magic_FR\data\spells\function\spellsystem\spell2\spell2_a\refresh_bossbar\player\player10.mcfunction", "mcfunction", 12, 0, 1, 2, 15
"c:\Users\FlowUP\AppData\Roaming\.minecraft\saves\CTF-1.21.10 v1.29 - fleche explo\datapacks\Magic_FR\data\spells\function\spellsystem\spell2\spell2_a\refresh_bossbar\player\player11.mcfunction", "mcfunction", 12, 0, 1, 2, 15
"c:\Users\FlowUP\AppData\Roaming\.minecraft\saves\CTF-1.21.10 v1.29 - fleche explo\datapacks\Magic_FR\data\spells\function\spellsystem\spell2\spell2_a\refresh_bossbar\player\player12.mcfunction", "mcfunction", 12, 0, 1, 2, 15
"c:\Users\FlowUP\AppData\Roaming\.minecraft\saves\CTF-1.21.10 v1.29 - fleche explo\datapacks\Magic_FR\data\spells\function\spellsystem\spell2\spell2_a\refresh_bossbar\player\player2.mcfunction", "mcfunction", 12, 0, 1, 2, 15
"c:\Users\FlowUP\AppData\Roaming\.minecraft\saves\CTF-1.21.10 v1.29 - fleche explo\datapacks\Magic_FR\data\spells\function\spellsystem\spell2\spell2_a\refresh_bossbar\player\player3.mcfunction", "mcfunction", 12, 0, 1, 2, 15
"c:\Users\FlowUP\AppData\Roaming\.minecraft\saves\CTF-1.21.10 v1.29 - fleche explo\datapacks\Magic_FR\data\spells\function\spellsystem\spell2\spell2_a\refresh_bossbar\player\player4.mcfunction", "mcfunction", 12, 0, 1, 2, 15
"c:\Users\FlowUP\AppData\Roaming\.minecraft\saves\CTF-1.21.10 v1.29 - fleche explo\datapacks\Magic_FR\data\spells\function\spellsystem\spell2\spell2_a\refresh_bossbar\player\player5.mcfunction", "mcfunction", 12, 0, 1, 2, 15
"c:\Users\FlowUP\AppData\Roaming\.minecraft\saves\CTF-1.21.10 v1.29 - fleche explo\datapacks\Magic_FR\data\spells\function\spellsystem\spell2\spell2_a\refresh_bossbar\player\player6.mcfunction", "mcfunction", 12, 0, 1, 2, 15
"c:\Users\FlowUP\AppData\Roaming\.minecraft\saves\CTF-1.21.10 v1.29 - fleche explo\datapacks\Magic_FR\data\spells\function\spellsystem\spell2\spell2_a\refresh_bossbar\player\player7.mcfunction", "mcfunction", 12, 0, 1, 2, 15
"c:\Users\FlowUP\AppData\Roaming\.minecraft\saves\CTF-1.21.10 v1.29 - fleche explo\datapacks\Magic_FR\data\spells\function\spellsystem\spell2\spell2_a\refresh_bossbar\player\player8.mcfunction", "mcfunction", 12, 0, 1, 2, 15
"c:\Users\FlowUP\AppData\Roaming\.minecraft\saves\CTF-1.21.10 v1.29 - fleche explo\datapacks\Magic_FR\data\spells\function\spellsystem\spell2\spell2_a\refresh_bossbar\player\player9.mcfunction", "mcfunction", 12, 0, 1, 2, 15
"c:\Users\FlowUP\AppData\Roaming\.minecraft\saves\CTF-1.21.10 v1.29 - fleche explo\datapacks\Magic_FR\data\spells\function\spellsystem\spell2\spell2_a\refresh_bossbar\refresh_bossbar.mcfunction", "mcfunction", 25, 0, 3, 3, 31
"c:\Users\FlowUP\AppData\Roaming\.minecraft\saves\CTF-1.21.10 v1.29 - fleche explo\datapacks\Magic_FR\data\spells\function\spellsystem\spell2\spell2_a\reset_trap.mcfunction", "mcfunction", 22, 0, 1, 3, 26
"c:\Users\FlowUP\AppData\Roaming\.minecraft\saves\CTF-1.21.10 v1.29 - fleche explo\datapacks\Magic_FR\data\spells\function\spellsystem\spell2\spell2_a\respawn_dead_in_trap.mcfunction", "mcfunction", 41, 0, 5, 4, 50
"c:\Users\FlowUP\AppData\Roaming\.minecraft\saves\CTF-1.21.10 v1.29 - fleche explo\datapacks\Magic_FR\data\spells\function\spellsystem\spell2\spell2_a\setup_bossbar\lvl1\check_number.mcfunction", "mcfunction", 12, 0, 1, 1, 14
"c:\Users\FlowUP\AppData\Roaming\.minecraft\saves\CTF-1.21.10 v1.29 - fleche explo\datapacks\Magic_FR\data\spells\function\spellsystem\spell2\spell2_a\setup_bossbar\lvl1\player1.mcfunction", "mcfunction", 15, 0, 1, 2, 18
"c:\Users\FlowUP\AppData\Roaming\.minecraft\saves\CTF-1.21.10 v1.29 - fleche explo\datapacks\Magic_FR\data\spells\function\spellsystem\spell2\spell2_a\setup_bossbar\lvl1\player10.mcfunction", "mcfunction", 15, 0, 1, 1, 17
"c:\Users\FlowUP\AppData\Roaming\.minecraft\saves\CTF-1.21.10 v1.29 - fleche explo\datapacks\Magic_FR\data\spells\function\spellsystem\spell2\spell2_a\setup_bossbar\lvl1\player11.mcfunction", "mcfunction", 15, 0, 1, 1, 17
"c:\Users\FlowUP\AppData\Roaming\.minecraft\saves\CTF-1.21.10 v1.29 - fleche explo\datapacks\Magic_FR\data\spells\function\spellsystem\spell2\spell2_a\setup_bossbar\lvl1\player12.mcfunction", "mcfunction", 15, 0, 1, 1, 17
"c:\Users\FlowUP\AppData\Roaming\.minecraft\saves\CTF-1.21.10 v1.29 - fleche explo\datapacks\Magic_FR\data\spells\function\spellsystem\spell2\spell2_a\setup_bossbar\lvl1\player2.mcfunction", "mcfunction", 15, 0, 1, 2, 18
"c:\Users\FlowUP\AppData\Roaming\.minecraft\saves\CTF-1.21.10 v1.29 - fleche explo\datapacks\Magic_FR\data\spells\function\spellsystem\spell2\spell2_a\setup_bossbar\lvl1\player3.mcfunction", "mcfunction", 15, 0, 1, 1, 17
"c:\Users\FlowUP\AppData\Roaming\.minecraft\saves\CTF-1.21.10 v1.29 - fleche explo\datapacks\Magic_FR\data\spells\function\spellsystem\spell2\spell2_a\setup_bossbar\lvl1\player4.mcfunction", "mcfunction", 15, 0, 1, 2, 18
"c:\Users\FlowUP\AppData\Roaming\.minecraft\saves\CTF-1.21.10 v1.29 - fleche explo\datapacks\Magic_FR\data\spells\function\spellsystem\spell2\spell2_a\setup_bossbar\lvl1\player5.mcfunction", "mcfunction", 15, 0, 1, 1, 17
"c:\Users\FlowUP\AppData\Roaming\.minecraft\saves\CTF-1.21.10 v1.29 - fleche explo\datapacks\Magic_FR\data\spells\function\spellsystem\spell2\spell2_a\setup_bossbar\lvl1\player6.mcfunction", "mcfunction", 15, 0, 1, 1, 17
"c:\Users\FlowUP\AppData\Roaming\.minecraft\saves\CTF-1.21.10 v1.29 - fleche explo\datapacks\Magic_FR\data\spells\function\spellsystem\spell2\spell2_a\setup_bossbar\lvl1\player7.mcfunction", "mcfunction", 15, 0, 1, 1, 17
"c:\Users\FlowUP\AppData\Roaming\.minecraft\saves\CTF-1.21.10 v1.29 - fleche explo\datapacks\Magic_FR\data\spells\function\spellsystem\spell2\spell2_a\setup_bossbar\lvl1\player8.mcfunction", "mcfunction", 15, 0, 1, 1, 17
"c:\Users\FlowUP\AppData\Roaming\.minecraft\saves\CTF-1.21.10 v1.29 - fleche explo\datapacks\Magic_FR\data\spells\function\spellsystem\spell2\spell2_a\setup_bossbar\lvl1\player9.mcfunction", "mcfunction", 15, 0, 1, 1, 17
"c:\Users\FlowUP\AppData\Roaming\.minecraft\saves\CTF-1.21.10 v1.29 - fleche explo\datapacks\Magic_FR\data\spells\function\spellsystem\spell2\spell2_a\setup_bossbar\lvl2\check_number.mcfunction", "mcfunction", 12, 0, 1, 1, 14
"c:\Users\FlowUP\AppData\Roaming\.minecraft\saves\CTF-1.21.10 v1.29 - fleche explo\datapacks\Magic_FR\data\spells\function\spellsystem\spell2\spell2_a\setup_bossbar\lvl2\player1.mcfunction", "mcfunction", 15, 0, 1, 1, 17
"c:\Users\FlowUP\AppData\Roaming\.minecraft\saves\CTF-1.21.10 v1.29 - fleche explo\datapacks\Magic_FR\data\spells\function\spellsystem\spell2\spell2_a\setup_bossbar\lvl2\player10.mcfunction", "mcfunction", 15, 0, 1, 1, 17
"c:\Users\FlowUP\AppData\Roaming\.minecraft\saves\CTF-1.21.10 v1.29 - fleche explo\datapacks\Magic_FR\data\spells\function\spellsystem\spell2\spell2_a\setup_bossbar\lvl2\player11.mcfunction", "mcfunction", 15, 0, 1, 1, 17
"c:\Users\FlowUP\AppData\Roaming\.minecraft\saves\CTF-1.21.10 v1.29 - fleche explo\datapacks\Magic_FR\data\spells\function\spellsystem\spell2\spell2_a\setup_bossbar\lvl2\player12.mcfunction", "mcfunction", 15, 0, 1, 1, 17
"c:\Users\FlowUP\AppData\Roaming\.minecraft\saves\CTF-1.21.10 v1.29 - fleche explo\datapacks\Magic_FR\data\spells\function\spellsystem\spell2\spell2_a\setup_bossbar\lvl2\player2.mcfunction", "mcfunction", 15, 0, 1, 1, 17
"c:\Users\FlowUP\AppData\Roaming\.minecraft\saves\CTF-1.21.10 v1.29 - fleche explo\datapacks\Magic_FR\data\spells\function\spellsystem\spell2\spell2_a\setup_bossbar\lvl2\player3.mcfunction", "mcfunction", 15, 0, 1, 1, 17
"c:\Users\FlowUP\AppData\Roaming\.minecraft\saves\CTF-1.21.10 v1.29 - fleche explo\datapacks\Magic_FR\data\spells\function\spellsystem\spell2\spell2_a\setup_bossbar\lvl2\player4.mcfunction", "mcfunction", 15, 0, 1, 1, 17
"c:\Users\FlowUP\AppData\Roaming\.minecraft\saves\CTF-1.21.10 v1.29 - fleche explo\datapacks\Magic_FR\data\spells\function\spellsystem\spell2\spell2_a\setup_bossbar\lvl2\player5.mcfunction", "mcfunction", 15, 0, 1, 1, 17
"c:\Users\FlowUP\AppData\Roaming\.minecraft\saves\CTF-1.21.10 v1.29 - fleche explo\datapacks\Magic_FR\data\spells\function\spellsystem\spell2\spell2_a\setup_bossbar\lvl2\player6.mcfunction", "mcfunction", 15, 0, 1, 1, 17
"c:\Users\FlowUP\AppData\Roaming\.minecraft\saves\CTF-1.21.10 v1.29 - fleche explo\datapacks\Magic_FR\data\spells\function\spellsystem\spell2\spell2_a\setup_bossbar\lvl2\player7.mcfunction", "mcfunction", 15, 0, 1, 1, 17
"c:\Users\FlowUP\AppData\Roaming\.minecraft\saves\CTF-1.21.10 v1.29 - fleche explo\datapacks\Magic_FR\data\spells\function\spellsystem\spell2\spell2_a\setup_bossbar\lvl2\player8.mcfunction", "mcfunction", 15, 0, 1, 1, 17
"c:\Users\FlowUP\AppData\Roaming\.minecraft\saves\CTF-1.21.10 v1.29 - fleche explo\datapacks\Magic_FR\data\spells\function\spellsystem\spell2\spell2_a\setup_bossbar\lvl2\player9.mcfunction", "mcfunction", 15, 0, 1, 1, 17
"c:\Users\FlowUP\AppData\Roaming\.minecraft\saves\CTF-1.21.10 v1.29 - fleche explo\datapacks\Magic_FR\data\spells\function\spellsystem\spell2\spell2_a\setup_bossbar\lvl3\check_number.mcfunction", "mcfunction", 12, 0, 1, 1, 14
"c:\Users\FlowUP\AppData\Roaming\.minecraft\saves\CTF-1.21.10 v1.29 - fleche explo\datapacks\Magic_FR\data\spells\function\spellsystem\spell2\spell2_a\setup_bossbar\lvl3\player1.mcfunction", "mcfunction", 15, 0, 1, 1, 17
"c:\Users\FlowUP\AppData\Roaming\.minecraft\saves\CTF-1.21.10 v1.29 - fleche explo\datapacks\Magic_FR\data\spells\function\spellsystem\spell2\spell2_a\setup_bossbar\lvl3\player10.mcfunction", "mcfunction", 15, 0, 1, 1, 17
"c:\Users\FlowUP\AppData\Roaming\.minecraft\saves\CTF-1.21.10 v1.29 - fleche explo\datapacks\Magic_FR\data\spells\function\spellsystem\spell2\spell2_a\setup_bossbar\lvl3\player11.mcfunction", "mcfunction", 15, 0, 1, 1, 17
"c:\Users\FlowUP\AppData\Roaming\.minecraft\saves\CTF-1.21.10 v1.29 - fleche explo\datapacks\Magic_FR\data\spells\function\spellsystem\spell2\spell2_a\setup_bossbar\lvl3\player12.mcfunction", "mcfunction", 15, 0, 1, 1, 17
"c:\Users\FlowUP\AppData\Roaming\.minecraft\saves\CTF-1.21.10 v1.29 - fleche explo\datapacks\Magic_FR\data\spells\function\spellsystem\spell2\spell2_a\setup_bossbar\lvl3\player2.mcfunction", "mcfunction", 15, 0, 1, 1, 17
"c:\Users\FlowUP\AppData\Roaming\.minecraft\saves\CTF-1.21.10 v1.29 - fleche explo\datapacks\Magic_FR\data\spells\function\spellsystem\spell2\spell2_a\setup_bossbar\lvl3\player3.mcfunction", "mcfunction", 15, 0, 1, 1, 17
"c:\Users\FlowUP\AppData\Roaming\.minecraft\saves\CTF-1.21.10 v1.29 - fleche explo\datapacks\Magic_FR\data\spells\function\spellsystem\spell2\spell2_a\setup_bossbar\lvl3\player4.mcfunction", "mcfunction", 15, 0, 1, 1, 17
"c:\Users\FlowUP\AppData\Roaming\.minecraft\saves\CTF-1.21.10 v1.29 - fleche explo\datapacks\Magic_FR\data\spells\function\spellsystem\spell2\spell2_a\setup_bossbar\lvl3\player5.mcfunction", "mcfunction", 15, 0, 1, 1, 17
"c:\Users\FlowUP\AppData\Roaming\.minecraft\saves\CTF-1.21.10 v1.29 - fleche explo\datapacks\Magic_FR\data\spells\function\spellsystem\spell2\spell2_a\setup_bossbar\lvl3\player6.mcfunction", "mcfunction", 15, 0, 1, 1, 17
"c:\Users\FlowUP\AppData\Roaming\.minecraft\saves\CTF-1.21.10 v1.29 - fleche explo\datapacks\Magic_FR\data\spells\function\spellsystem\spell2\spell2_a\setup_bossbar\lvl3\player7.mcfunction", "mcfunction", 15, 0, 1, 1, 17
"c:\Users\FlowUP\AppData\Roaming\.minecraft\saves\CTF-1.21.10 v1.29 - fleche explo\datapacks\Magic_FR\data\spells\function\spellsystem\spell2\spell2_a\setup_bossbar\lvl3\player8.mcfunction", "mcfunction", 15, 0, 1, 1, 17
"c:\Users\FlowUP\AppData\Roaming\.minecraft\saves\CTF-1.21.10 v1.29 - fleche explo\datapacks\Magic_FR\data\spells\function\spellsystem\spell2\spell2_a\setup_bossbar\lvl3\player9.mcfunction", "mcfunction", 15, 0, 1, 1, 17
"c:\Users\FlowUP\AppData\Roaming\.minecraft\saves\CTF-1.21.10 v1.29 - fleche explo\datapacks\Magic_FR\data\spells\function\spellsystem\spell2\spell2_a\someoneclose1_blue.mcfunction", "mcfunction", 3, 0, 1, 1, 5
"c:\Users\FlowUP\AppData\Roaming\.minecraft\saves\CTF-1.21.10 v1.29 - fleche explo\datapacks\Magic_FR\data\spells\function\spellsystem\spell2\spell2_a\someoneclose1_red.mcfunction", "mcfunction", 3, 0, 1, 1, 5
"c:\Users\FlowUP\AppData\Roaming\.minecraft\saves\CTF-1.21.10 v1.29 - fleche explo\datapacks\Magic_FR\data\spells\function\spellsystem\spell2\spell2_a\someoneclose2_blue.mcfunction", "mcfunction", 3, 0, 1, 1, 5
"c:\Users\FlowUP\AppData\Roaming\.minecraft\saves\CTF-1.21.10 v1.29 - fleche explo\datapacks\Magic_FR\data\spells\function\spellsystem\spell2\spell2_a\someoneclose2_red.mcfunction", "mcfunction", 3, 0, 1, 1, 5
"c:\Users\FlowUP\AppData\Roaming\.minecraft\saves\CTF-1.21.10 v1.29 - fleche explo\datapacks\Magic_FR\data\spells\function\spellsystem\spell2\spell2_a\someoneclose3_blue.mcfunction", "mcfunction", 3, 0, 1, 1, 5
"c:\Users\FlowUP\AppData\Roaming\.minecraft\saves\CTF-1.21.10 v1.29 - fleche explo\datapacks\Magic_FR\data\spells\function\spellsystem\spell2\spell2_a\someoneclose3_red.mcfunction", "mcfunction", 3, 0, 1, 1, 5
"c:\Users\FlowUP\AppData\Roaming\.minecraft\saves\CTF-1.21.10 v1.29 - fleche explo\datapacks\Magic_FR\data\spells\function\spellsystem\spell2\spell2_a\summontrap.mcfunction", "mcfunction", 22, 0, 9, 9, 40
"c:\Users\FlowUP\AppData\Roaming\.minecraft\saves\CTF-1.21.10 v1.29 - fleche explo\datapacks\Magic_FR\data\spells\function\spellsystem\spell2\spell2_a\tell_trap_activated\lvl1\player1.mcfunction", "mcfunction", 9, 0, 4, 4, 17
"c:\Users\FlowUP\AppData\Roaming\.minecraft\saves\CTF-1.21.10 v1.29 - fleche explo\datapacks\Magic_FR\data\spells\function\spellsystem\spell2\spell2_a\tell_trap_activated\lvl1\player10.mcfunction", "mcfunction", 9, 0, 4, 4, 17
"c:\Users\FlowUP\AppData\Roaming\.minecraft\saves\CTF-1.21.10 v1.29 - fleche explo\datapacks\Magic_FR\data\spells\function\spellsystem\spell2\spell2_a\tell_trap_activated\lvl1\player11.mcfunction", "mcfunction", 9, 0, 4, 4, 17
"c:\Users\FlowUP\AppData\Roaming\.minecraft\saves\CTF-1.21.10 v1.29 - fleche explo\datapacks\Magic_FR\data\spells\function\spellsystem\spell2\spell2_a\tell_trap_activated\lvl1\player12.mcfunction", "mcfunction", 9, 0, 4, 4, 17
"c:\Users\FlowUP\AppData\Roaming\.minecraft\saves\CTF-1.21.10 v1.29 - fleche explo\datapacks\Magic_FR\data\spells\function\spellsystem\spell2\spell2_a\tell_trap_activated\lvl1\player2.mcfunction", "mcfunction", 9, 0, 4, 4, 17
"c:\Users\FlowUP\AppData\Roaming\.minecraft\saves\CTF-1.21.10 v1.29 - fleche explo\datapacks\Magic_FR\data\spells\function\spellsystem\spell2\spell2_a\tell_trap_activated\lvl1\player3.mcfunction", "mcfunction", 9, 0, 4, 4, 17
"c:\Users\FlowUP\AppData\Roaming\.minecraft\saves\CTF-1.21.10 v1.29 - fleche explo\datapacks\Magic_FR\data\spells\function\spellsystem\spell2\spell2_a\tell_trap_activated\lvl1\player4.mcfunction", "mcfunction", 9, 0, 4, 4, 17
"c:\Users\FlowUP\AppData\Roaming\.minecraft\saves\CTF-1.21.10 v1.29 - fleche explo\datapacks\Magic_FR\data\spells\function\spellsystem\spell2\spell2_a\tell_trap_activated\lvl1\player5.mcfunction", "mcfunction", 9, 0, 4, 4, 17
"c:\Users\FlowUP\AppData\Roaming\.minecraft\saves\CTF-1.21.10 v1.29 - fleche explo\datapacks\Magic_FR\data\spells\function\spellsystem\spell2\spell2_a\tell_trap_activated\lvl1\player6.mcfunction", "mcfunction", 9, 0, 4, 4, 17
"c:\Users\FlowUP\AppData\Roaming\.minecraft\saves\CTF-1.21.10 v1.29 - fleche explo\datapacks\Magic_FR\data\spells\function\spellsystem\spell2\spell2_a\tell_trap_activated\lvl1\player7.mcfunction", "mcfunction", 9, 0, 4, 4, 17
"c:\Users\FlowUP\AppData\Roaming\.minecraft\saves\CTF-1.21.10 v1.29 - fleche explo\datapacks\Magic_FR\data\spells\function\spellsystem\spell2\spell2_a\tell_trap_activated\lvl1\player8.mcfunction", "mcfunction", 9, 0, 4, 4, 17
"c:\Users\FlowUP\AppData\Roaming\.minecraft\saves\CTF-1.21.10 v1.29 - fleche explo\datapacks\Magic_FR\data\spells\function\spellsystem\spell2\spell2_a\tell_trap_activated\lvl1\player9.mcfunction", "mcfunction", 9, 0, 4, 4, 17
"c:\Users\FlowUP\AppData\Roaming\.minecraft\saves\CTF-1.21.10 v1.29 - fleche explo\datapacks\Magic_FR\data\spells\function\spellsystem\spell2\spell2_a\tell_trap_activated\lvl2\player1.mcfunction", "mcfunction", 9, 0, 4, 4, 17
"c:\Users\FlowUP\AppData\Roaming\.minecraft\saves\CTF-1.21.10 v1.29 - fleche explo\datapacks\Magic_FR\data\spells\function\spellsystem\spell2\spell2_a\tell_trap_activated\lvl2\player10.mcfunction", "mcfunction", 9, 0, 4, 4, 17
"c:\Users\FlowUP\AppData\Roaming\.minecraft\saves\CTF-1.21.10 v1.29 - fleche explo\datapacks\Magic_FR\data\spells\function\spellsystem\spell2\spell2_a\tell_trap_activated\lvl2\player11.mcfunction", "mcfunction", 9, 0, 4, 4, 17
"c:\Users\FlowUP\AppData\Roaming\.minecraft\saves\CTF-1.21.10 v1.29 - fleche explo\datapacks\Magic_FR\data\spells\function\spellsystem\spell2\spell2_a\tell_trap_activated\lvl2\player12.mcfunction", "mcfunction", 9, 0, 4, 4, 17
"c:\Users\FlowUP\AppData\Roaming\.minecraft\saves\CTF-1.21.10 v1.29 - fleche explo\datapacks\Magic_FR\data\spells\function\spellsystem\spell2\spell2_a\tell_trap_activated\lvl2\player2.mcfunction", "mcfunction", 9, 0, 4, 4, 17
"c:\Users\FlowUP\AppData\Roaming\.minecraft\saves\CTF-1.21.10 v1.29 - fleche explo\datapacks\Magic_FR\data\spells\function\spellsystem\spell2\spell2_a\tell_trap_activated\lvl2\player3.mcfunction", "mcfunction", 9, 0, 4, 4, 17
"c:\Users\FlowUP\AppData\Roaming\.minecraft\saves\CTF-1.21.10 v1.29 - fleche explo\datapacks\Magic_FR\data\spells\function\spellsystem\spell2\spell2_a\tell_trap_activated\lvl2\player4.mcfunction", "mcfunction", 9, 0, 4, 4, 17
"c:\Users\FlowUP\AppData\Roaming\.minecraft\saves\CTF-1.21.10 v1.29 - fleche explo\datapacks\Magic_FR\data\spells\function\spellsystem\spell2\spell2_a\tell_trap_activated\lvl2\player5.mcfunction", "mcfunction", 9, 0, 4, 4, 17
"c:\Users\FlowUP\AppData\Roaming\.minecraft\saves\CTF-1.21.10 v1.29 - fleche explo\datapacks\Magic_FR\data\spells\function\spellsystem\spell2\spell2_a\tell_trap_activated\lvl2\player6.mcfunction", "mcfunction", 9, 0, 4, 4, 17
"c:\Users\FlowUP\AppData\Roaming\.minecraft\saves\CTF-1.21.10 v1.29 - fleche explo\datapacks\Magic_FR\data\spells\function\spellsystem\spell2\spell2_a\tell_trap_activated\lvl2\player7.mcfunction", "mcfunction", 9, 0, 4, 4, 17
"c:\Users\FlowUP\AppData\Roaming\.minecraft\saves\CTF-1.21.10 v1.29 - fleche explo\datapacks\Magic_FR\data\spells\function\spellsystem\spell2\spell2_a\tell_trap_activated\lvl2\player8.mcfunction", "mcfunction", 9, 0, 4, 4, 17
"c:\Users\FlowUP\AppData\Roaming\.minecraft\saves\CTF-1.21.10 v1.29 - fleche explo\datapacks\Magic_FR\data\spells\function\spellsystem\spell2\spell2_a\tell_trap_activated\lvl2\player9.mcfunction", "mcfunction", 9, 0, 4, 4, 17
"c:\Users\FlowUP\AppData\Roaming\.minecraft\saves\CTF-1.21.10 v1.29 - fleche explo\datapacks\Magic_FR\data\spells\function\spellsystem\spell2\spell2_a\tell_trap_activated\lvl3\player1.mcfunction", "mcfunction", 9, 0, 4, 4, 17
"c:\Users\FlowUP\AppData\Roaming\.minecraft\saves\CTF-1.21.10 v1.29 - fleche explo\datapacks\Magic_FR\data\spells\function\spellsystem\spell2\spell2_a\tell_trap_activated\lvl3\player10.mcfunction", "mcfunction", 9, 0, 4, 4, 17
"c:\Users\FlowUP\AppData\Roaming\.minecraft\saves\CTF-1.21.10 v1.29 - fleche explo\datapacks\Magic_FR\data\spells\function\spellsystem\spell2\spell2_a\tell_trap_activated\lvl3\player11.mcfunction", "mcfunction", 9, 0, 4, 4, 17
"c:\Users\FlowUP\AppData\Roaming\.minecraft\saves\CTF-1.21.10 v1.29 - fleche explo\datapacks\Magic_FR\data\spells\function\spellsystem\spell2\spell2_a\tell_trap_activated\lvl3\player12.mcfunction", "mcfunction", 9, 0, 4, 4, 17
"c:\Users\FlowUP\AppData\Roaming\.minecraft\saves\CTF-1.21.10 v1.29 - fleche explo\datapacks\Magic_FR\data\spells\function\spellsystem\spell2\spell2_a\tell_trap_activated\lvl3\player2.mcfunction", "mcfunction", 9, 0, 4, 4, 17
"c:\Users\FlowUP\AppData\Roaming\.minecraft\saves\CTF-1.21.10 v1.29 - fleche explo\datapacks\Magic_FR\data\spells\function\spellsystem\spell2\spell2_a\tell_trap_activated\lvl3\player3.mcfunction", "mcfunction", 9, 0, 4, 4, 17
"c:\Users\FlowUP\AppData\Roaming\.minecraft\saves\CTF-1.21.10 v1.29 - fleche explo\datapacks\Magic_FR\data\spells\function\spellsystem\spell2\spell2_a\tell_trap_activated\lvl3\player4.mcfunction", "mcfunction", 9, 0, 4, 4, 17
"c:\Users\FlowUP\AppData\Roaming\.minecraft\saves\CTF-1.21.10 v1.29 - fleche explo\datapacks\Magic_FR\data\spells\function\spellsystem\spell2\spell2_a\tell_trap_activated\lvl3\player5.mcfunction", "mcfunction", 9, 0, 4, 4, 17
"c:\Users\FlowUP\AppData\Roaming\.minecraft\saves\CTF-1.21.10 v1.29 - fleche explo\datapacks\Magic_FR\data\spells\function\spellsystem\spell2\spell2_a\tell_trap_activated\lvl3\player6.mcfunction", "mcfunction", 9, 0, 4, 4, 17
"c:\Users\FlowUP\AppData\Roaming\.minecraft\saves\CTF-1.21.10 v1.29 - fleche explo\datapacks\Magic_FR\data\spells\function\spellsystem\spell2\spell2_a\tell_trap_activated\lvl3\player7.mcfunction", "mcfunction", 9, 0, 4, 4, 17
"c:\Users\FlowUP\AppData\Roaming\.minecraft\saves\CTF-1.21.10 v1.29 - fleche explo\datapacks\Magic_FR\data\spells\function\spellsystem\spell2\spell2_a\tell_trap_activated\lvl3\player8.mcfunction", "mcfunction", 9, 0, 4, 4, 17
"c:\Users\FlowUP\AppData\Roaming\.minecraft\saves\CTF-1.21.10 v1.29 - fleche explo\datapacks\Magic_FR\data\spells\function\spellsystem\spell2\spell2_a\tell_trap_activated\lvl3\player9.mcfunction", "mcfunction", 9, 0, 4, 4, 17
"c:\Users\FlowUP\AppData\Roaming\.minecraft\saves\CTF-1.21.10 v1.29 - fleche explo\datapacks\Magic_FR\data\spells\function\spellsystem\spell2\spell2_a\took_spell2_a.mcfunction", "mcfunction", 14, 0, 3, 2, 19
"c:\Users\FlowUP\AppData\Roaming\.minecraft\saves\CTF-1.21.10 v1.29 - fleche explo\datapacks\Magic_FR\data\spells\function\spellsystem\spell2\spell2_a\trap_get_destroyed.mcfunction", "mcfunction", 50, 0, 2, 4, 56
"c:\Users\FlowUP\AppData\Roaming\.minecraft\saves\CTF-1.21.10 v1.29 - fleche explo\datapacks\Magic_FR\data\spells\function\spellsystem\spell2\spell2_a\villagertakesdmg.mcfunction", "mcfunction", 13, 0, 1, 1, 15
"c:\Users\FlowUP\AppData\Roaming\.minecraft\saves\CTF-1.21.10 v1.29 - fleche explo\datapacks\Magic_FR\data\spells\function\spellsystem\spell2\spell2_m\apply_dmg_by_ally_lvl1.mcfunction", "mcfunction", 15, 0, 4, 4, 23
"c:\Users\FlowUP\AppData\Roaming\.minecraft\saves\CTF-1.21.10 v1.29 - fleche explo\datapacks\Magic_FR\data\spells\function\spellsystem\spell2\spell2_m\apply_dmg_by_ally_lvl2.mcfunction", "mcfunction", 15, 0, 4, 4, 23
"c:\Users\FlowUP\AppData\Roaming\.minecraft\saves\CTF-1.21.10 v1.29 - fleche explo\datapacks\Magic_FR\data\spells\function\spellsystem\spell2\spell2_m\apply_dmg_by_ally_lvl3.mcfunction", "mcfunction", 15, 0, 4, 4, 23
"c:\Users\FlowUP\AppData\Roaming\.minecraft\saves\CTF-1.21.10 v1.29 - fleche explo\datapacks\Magic_FR\data\spells\function\spellsystem\spell2\spell2_m\apply_dmg_lvl1.mcfunction", "mcfunction", 13, 0, 2, 2, 17
"c:\Users\FlowUP\AppData\Roaming\.minecraft\saves\CTF-1.21.10 v1.29 - fleche explo\datapacks\Magic_FR\data\spells\function\spellsystem\spell2\spell2_m\apply_dmg_lvl2.mcfunction", "mcfunction", 13, 0, 2, 2, 17
"c:\Users\FlowUP\AppData\Roaming\.minecraft\saves\CTF-1.21.10 v1.29 - fleche explo\datapacks\Magic_FR\data\spells\function\spellsystem\spell2\spell2_m\apply_dmg_lvl3.mcfunction", "mcfunction", 13, 0, 2, 2, 17
"c:\Users\FlowUP\AppData\Roaming\.minecraft\saves\CTF-1.21.10 v1.29 - fleche explo\datapacks\Magic_FR\data\spells\function\spellsystem\spell2\spell2_m\die_with_thunderstorm.mcfunction", "mcfunction", 32, 0, 1, 4, 37
"c:\Users\FlowUP\AppData\Roaming\.minecraft\saves\CTF-1.21.10 v1.29 - fleche explo\datapacks\Magic_FR\data\spells\function\spellsystem\spell2\spell2_m\lightning_hit\lightning_effect.mcfunction", "mcfunction", 3, 0, 2, 2, 7
"c:\Users\FlowUP\AppData\Roaming\.minecraft\saves\CTF-1.21.10 v1.29 - fleche explo\datapacks\Magic_FR\data\spells\function\spellsystem\spell2\spell2_m\lightning_hit\lightning_hit.mcfunction", "mcfunction", 24, 0, 2, 2, 28
"c:\Users\FlowUP\AppData\Roaming\.minecraft\saves\CTF-1.21.10 v1.29 - fleche explo\datapacks\Magic_FR\data\spells\function\spellsystem\spell2\spell2_m\lightning_hit\player1.mcfunction", "mcfunction", 20, 0, 9, 9, 38
"c:\Users\FlowUP\AppData\Roaming\.minecraft\saves\CTF-1.21.10 v1.29 - fleche explo\datapacks\Magic_FR\data\spells\function\spellsystem\spell2\spell2_m\lightning_hit\player10.mcfunction", "mcfunction", 20, 0, 9, 9, 38
"c:\Users\FlowUP\AppData\Roaming\.minecraft\saves\CTF-1.21.10 v1.29 - fleche explo\datapacks\Magic_FR\data\spells\function\spellsystem\spell2\spell2_m\lightning_hit\player11.mcfunction", "mcfunction", 20, 0, 9, 9, 38
"c:\Users\FlowUP\AppData\Roaming\.minecraft\saves\CTF-1.21.10 v1.29 - fleche explo\datapacks\Magic_FR\data\spells\function\spellsystem\spell2\spell2_m\lightning_hit\player12.mcfunction", "mcfunction", 20, 0, 9, 9, 38
"c:\Users\FlowUP\AppData\Roaming\.minecraft\saves\CTF-1.21.10 v1.29 - fleche explo\datapacks\Magic_FR\data\spells\function\spellsystem\spell2\spell2_m\lightning_hit\player2.mcfunction", "mcfunction", 20, 0, 9, 9, 38
"c:\Users\FlowUP\AppData\Roaming\.minecraft\saves\CTF-1.21.10 v1.29 - fleche explo\datapacks\Magic_FR\data\spells\function\spellsystem\spell2\spell2_m\lightning_hit\player3.mcfunction", "mcfunction", 20, 0, 9, 9, 38
"c:\Users\FlowUP\AppData\Roaming\.minecraft\saves\CTF-1.21.10 v1.29 - fleche explo\datapacks\Magic_FR\data\spells\function\spellsystem\spell2\spell2_m\lightning_hit\player4.mcfunction", "mcfunction", 20, 0, 9, 9, 38
"c:\Users\FlowUP\AppData\Roaming\.minecraft\saves\CTF-1.21.10 v1.29 - fleche explo\datapacks\Magic_FR\data\spells\function\spellsystem\spell2\spell2_m\lightning_hit\player5.mcfunction", "mcfunction", 20, 0, 9, 9, 38
"c:\Users\FlowUP\AppData\Roaming\.minecraft\saves\CTF-1.21.10 v1.29 - fleche explo\datapacks\Magic_FR\data\spells\function\spellsystem\spell2\spell2_m\lightning_hit\player6.mcfunction", "mcfunction", 20, 0, 9, 9, 38
"c:\Users\FlowUP\AppData\Roaming\.minecraft\saves\CTF-1.21.10 v1.29 - fleche explo\datapacks\Magic_FR\data\spells\function\spellsystem\spell2\spell2_m\lightning_hit\player7.mcfunction", "mcfunction", 20, 0, 9, 9, 38
"c:\Users\FlowUP\AppData\Roaming\.minecraft\saves\CTF-1.21.10 v1.29 - fleche explo\datapacks\Magic_FR\data\spells\function\spellsystem\spell2\spell2_m\lightning_hit\player8.mcfunction", "mcfunction", 20, 0, 9, 9, 38
"c:\Users\FlowUP\AppData\Roaming\.minecraft\saves\CTF-1.21.10 v1.29 - fleche explo\datapacks\Magic_FR\data\spells\function\spellsystem\spell2\spell2_m\lightning_hit\player9.mcfunction", "mcfunction", 20, 0, 9, 9, 38
"c:\Users\FlowUP\AppData\Roaming\.minecraft\saves\CTF-1.21.10 v1.29 - fleche explo\datapacks\Magic_FR\data\spells\function\spellsystem\spell2\spell2_m\loop\cloudlvl1.mcfunction", "mcfunction", 9, 0, 1, 1, 11
"c:\Users\FlowUP\AppData\Roaming\.minecraft\saves\CTF-1.21.10 v1.29 - fleche explo\datapacks\Magic_FR\data\spells\function\spellsystem\spell2\spell2_m\loop\cloudlvl2.mcfunction", "mcfunction", 10, 0, 1, 1, 12
"c:\Users\FlowUP\AppData\Roaming\.minecraft\saves\CTF-1.21.10 v1.29 - fleche explo\datapacks\Magic_FR\data\spells\function\spellsystem\spell2\spell2_m\loop\cloudlvl3.mcfunction", "mcfunction", 11, 0, 1, 1, 13
"c:\Users\FlowUP\AppData\Roaming\.minecraft\saves\CTF-1.21.10 v1.29 - fleche explo\datapacks\Magic_FR\data\spells\function\spellsystem\spell2\spell2_m\loop\detect_cloud.mcfunction", "mcfunction", 4, 0, 2, 2, 8
"c:\Users\FlowUP\AppData\Roaming\.minecraft\saves\CTF-1.21.10 v1.29 - fleche explo\datapacks\Magic_FR\data\spells\function\spellsystem\spell2\spell2_m\no_more_thunderstorm.mcfunction", "mcfunction", 20, 0, 2, 3, 25
"c:\Users\FlowUP\AppData\Roaming\.minecraft\saves\CTF-1.21.10 v1.29 - fleche explo\datapacks\Magic_FR\data\spells\function\spellsystem\spell2\spell2_m\refresh_bossbar.mcfunction", "mcfunction", 12, 0, 2, 1, 15
"c:\Users\FlowUP\AppData\Roaming\.minecraft\saves\CTF-1.21.10 v1.29 - fleche explo\datapacks\Magic_FR\data\spells\function\spellsystem\spell2\spell2_m\setup_bossbar\lvl1\player1.mcfunction", "mcfunction", 3, 0, 2, 1, 6
"c:\Users\FlowUP\AppData\Roaming\.minecraft\saves\CTF-1.21.10 v1.29 - fleche explo\datapacks\Magic_FR\data\spells\function\spellsystem\spell2\spell2_m\setup_bossbar\lvl1\player10.mcfunction", "mcfunction", 3, 0, 2, 1, 6
"c:\Users\FlowUP\AppData\Roaming\.minecraft\saves\CTF-1.21.10 v1.29 - fleche explo\datapacks\Magic_FR\data\spells\function\spellsystem\spell2\spell2_m\setup_bossbar\lvl1\player11.mcfunction", "mcfunction", 3, 0, 2, 1, 6
"c:\Users\FlowUP\AppData\Roaming\.minecraft\saves\CTF-1.21.10 v1.29 - fleche explo\datapacks\Magic_FR\data\spells\function\spellsystem\spell2\spell2_m\setup_bossbar\lvl1\player12.mcfunction", "mcfunction", 3, 0, 2, 1, 6
"c:\Users\FlowUP\AppData\Roaming\.minecraft\saves\CTF-1.21.10 v1.29 - fleche explo\datapacks\Magic_FR\data\spells\function\spellsystem\spell2\spell2_m\setup_bossbar\lvl1\player2.mcfunction", "mcfunction", 3, 0, 2, 1, 6
"c:\Users\FlowUP\AppData\Roaming\.minecraft\saves\CTF-1.21.10 v1.29 - fleche explo\datapacks\Magic_FR\data\spells\function\spellsystem\spell2\spell2_m\setup_bossbar\lvl1\player3.mcfunction", "mcfunction", 3, 0, 2, 1, 6
"c:\Users\FlowUP\AppData\Roaming\.minecraft\saves\CTF-1.21.10 v1.29 - fleche explo\datapacks\Magic_FR\data\spells\function\spellsystem\spell2\spell2_m\setup_bossbar\lvl1\player4.mcfunction", "mcfunction", 3, 0, 2, 1, 6
"c:\Users\FlowUP\AppData\Roaming\.minecraft\saves\CTF-1.21.10 v1.29 - fleche explo\datapacks\Magic_FR\data\spells\function\spellsystem\spell2\spell2_m\setup_bossbar\lvl1\player5.mcfunction", "mcfunction", 3, 0, 2, 1, 6
"c:\Users\FlowUP\AppData\Roaming\.minecraft\saves\CTF-1.21.10 v1.29 - fleche explo\datapacks\Magic_FR\data\spells\function\spellsystem\spell2\spell2_m\setup_bossbar\lvl1\player6.mcfunction", "mcfunction", 3, 0, 2, 1, 6
"c:\Users\FlowUP\AppData\Roaming\.minecraft\saves\CTF-1.21.10 v1.29 - fleche explo\datapacks\Magic_FR\data\spells\function\spellsystem\spell2\spell2_m\setup_bossbar\lvl1\player7.mcfunction", "mcfunction", 3, 0, 2, 1, 6
"c:\Users\FlowUP\AppData\Roaming\.minecraft\saves\CTF-1.21.10 v1.29 - fleche explo\datapacks\Magic_FR\data\spells\function\spellsystem\spell2\spell2_m\setup_bossbar\lvl1\player8.mcfunction", "mcfunction", 3, 0, 2, 1, 6
"c:\Users\FlowUP\AppData\Roaming\.minecraft\saves\CTF-1.21.10 v1.29 - fleche explo\datapacks\Magic_FR\data\spells\function\spellsystem\spell2\spell2_m\setup_bossbar\lvl1\player9.mcfunction", "mcfunction", 3, 0, 2, 1, 6
"c:\Users\FlowUP\AppData\Roaming\.minecraft\saves\CTF-1.21.10 v1.29 - fleche explo\datapacks\Magic_FR\data\spells\function\spellsystem\spell2\spell2_m\setup_bossbar\lvl1\test_player.mcfunction", "mcfunction", 13, 0, 2, 1, 16
"c:\Users\FlowUP\AppData\Roaming\.minecraft\saves\CTF-1.21.10 v1.29 - fleche explo\datapacks\Magic_FR\data\spells\function\spellsystem\spell2\spell2_m\setup_bossbar\lvl2\player1.mcfunction", "mcfunction", 3, 0, 2, 1, 6
"c:\Users\FlowUP\AppData\Roaming\.minecraft\saves\CTF-1.21.10 v1.29 - fleche explo\datapacks\Magic_FR\data\spells\function\spellsystem\spell2\spell2_m\setup_bossbar\lvl2\player10.mcfunction", "mcfunction", 3, 0, 2, 1, 6
"c:\Users\FlowUP\AppData\Roaming\.minecraft\saves\CTF-1.21.10 v1.29 - fleche explo\datapacks\Magic_FR\data\spells\function\spellsystem\spell2\spell2_m\setup_bossbar\lvl2\player11.mcfunction", "mcfunction", 3, 0, 2, 1, 6
"c:\Users\FlowUP\AppData\Roaming\.minecraft\saves\CTF-1.21.10 v1.29 - fleche explo\datapacks\Magic_FR\data\spells\function\spellsystem\spell2\spell2_m\setup_bossbar\lvl2\player12.mcfunction", "mcfunction", 3, 0, 2, 1, 6
"c:\Users\FlowUP\AppData\Roaming\.minecraft\saves\CTF-1.21.10 v1.29 - fleche explo\datapacks\Magic_FR\data\spells\function\spellsystem\spell2\spell2_m\setup_bossbar\lvl2\player2.mcfunction", "mcfunction", 3, 0, 2, 1, 6
"c:\Users\FlowUP\AppData\Roaming\.minecraft\saves\CTF-1.21.10 v1.29 - fleche explo\datapacks\Magic_FR\data\spells\function\spellsystem\spell2\spell2_m\setup_bossbar\lvl2\player3.mcfunction", "mcfunction", 3, 0, 2, 1, 6
"c:\Users\FlowUP\AppData\Roaming\.minecraft\saves\CTF-1.21.10 v1.29 - fleche explo\datapacks\Magic_FR\data\spells\function\spellsystem\spell2\spell2_m\setup_bossbar\lvl2\player4.mcfunction", "mcfunction", 3, 0, 2, 1, 6
"c:\Users\FlowUP\AppData\Roaming\.minecraft\saves\CTF-1.21.10 v1.29 - fleche explo\datapacks\Magic_FR\data\spells\function\spellsystem\spell2\spell2_m\setup_bossbar\lvl2\player5.mcfunction", "mcfunction", 3, 0, 2, 1, 6
"c:\Users\FlowUP\AppData\Roaming\.minecraft\saves\CTF-1.21.10 v1.29 - fleche explo\datapacks\Magic_FR\data\spells\function\spellsystem\spell2\spell2_m\setup_bossbar\lvl2\player6.mcfunction", "mcfunction", 3, 0, 2, 1, 6
"c:\Users\FlowUP\AppData\Roaming\.minecraft\saves\CTF-1.21.10 v1.29 - fleche explo\datapacks\Magic_FR\data\spells\function\spellsystem\spell2\spell2_m\setup_bossbar\lvl2\player7.mcfunction", "mcfunction", 3, 0, 2, 1, 6
"c:\Users\FlowUP\AppData\Roaming\.minecraft\saves\CTF-1.21.10 v1.29 - fleche explo\datapacks\Magic_FR\data\spells\function\spellsystem\spell2\spell2_m\setup_bossbar\lvl2\player8.mcfunction", "mcfunction", 3, 0, 2, 1, 6
"c:\Users\FlowUP\AppData\Roaming\.minecraft\saves\CTF-1.21.10 v1.29 - fleche explo\datapacks\Magic_FR\data\spells\function\spellsystem\spell2\spell2_m\setup_bossbar\lvl2\player9.mcfunction", "mcfunction", 3, 0, 2, 1, 6
"c:\Users\FlowUP\AppData\Roaming\.minecraft\saves\CTF-1.21.10 v1.29 - fleche explo\datapacks\Magic_FR\data\spells\function\spellsystem\spell2\spell2_m\setup_bossbar\lvl2\test_player.mcfunction", "mcfunction", 13, 0, 2, 1, 16
"c:\Users\FlowUP\AppData\Roaming\.minecraft\saves\CTF-1.21.10 v1.29 - fleche explo\datapacks\Magic_FR\data\spells\function\spellsystem\spell2\spell2_m\setup_bossbar\lvl3\player1.mcfunction", "mcfunction", 3, 0, 2, 1, 6
"c:\Users\FlowUP\AppData\Roaming\.minecraft\saves\CTF-1.21.10 v1.29 - fleche explo\datapacks\Magic_FR\data\spells\function\spellsystem\spell2\spell2_m\setup_bossbar\lvl3\player10.mcfunction", "mcfunction", 3, 0, 2, 1, 6
"c:\Users\FlowUP\AppData\Roaming\.minecraft\saves\CTF-1.21.10 v1.29 - fleche explo\datapacks\Magic_FR\data\spells\function\spellsystem\spell2\spell2_m\setup_bossbar\lvl3\player11.mcfunction", "mcfunction", 3, 0, 2, 1, 6
"c:\Users\FlowUP\AppData\Roaming\.minecraft\saves\CTF-1.21.10 v1.29 - fleche explo\datapacks\Magic_FR\data\spells\function\spellsystem\spell2\spell2_m\setup_bossbar\lvl3\player12.mcfunction", "mcfunction", 3, 0, 2, 1, 6
"c:\Users\FlowUP\AppData\Roaming\.minecraft\saves\CTF-1.21.10 v1.29 - fleche explo\datapacks\Magic_FR\data\spells\function\spellsystem\spell2\spell2_m\setup_bossbar\lvl3\player2.mcfunction", "mcfunction", 3, 0, 2, 1, 6
"c:\Users\FlowUP\AppData\Roaming\.minecraft\saves\CTF-1.21.10 v1.29 - fleche explo\datapacks\Magic_FR\data\spells\function\spellsystem\spell2\spell2_m\setup_bossbar\lvl3\player3.mcfunction", "mcfunction", 3, 0, 2, 1, 6
"c:\Users\FlowUP\AppData\Roaming\.minecraft\saves\CTF-1.21.10 v1.29 - fleche explo\datapacks\Magic_FR\data\spells\function\spellsystem\spell2\spell2_m\setup_bossbar\lvl3\player4.mcfunction", "mcfunction", 3, 0, 2, 1, 6
"c:\Users\FlowUP\AppData\Roaming\.minecraft\saves\CTF-1.21.10 v1.29 - fleche explo\datapacks\Magic_FR\data\spells\function\spellsystem\spell2\spell2_m\setup_bossbar\lvl3\player5.mcfunction", "mcfunction", 3, 0, 2, 1, 6
"c:\Users\FlowUP\AppData\Roaming\.minecraft\saves\CTF-1.21.10 v1.29 - fleche explo\datapacks\Magic_FR\data\spells\function\spellsystem\spell2\spell2_m\setup_bossbar\lvl3\player6.mcfunction", "mcfunction", 3, 0, 2, 1, 6
"c:\Users\FlowUP\AppData\Roaming\.minecraft\saves\CTF-1.21.10 v1.29 - fleche explo\datapacks\Magic_FR\data\spells\function\spellsystem\spell2\spell2_m\setup_bossbar\lvl3\player7.mcfunction", "mcfunction", 3, 0, 2, 1, 6
"c:\Users\FlowUP\AppData\Roaming\.minecraft\saves\CTF-1.21.10 v1.29 - fleche explo\datapacks\Magic_FR\data\spells\function\spellsystem\spell2\spell2_m\setup_bossbar\lvl3\player8.mcfunction", "mcfunction", 3, 0, 2, 2, 7
"c:\Users\FlowUP\AppData\Roaming\.minecraft\saves\CTF-1.21.10 v1.29 - fleche explo\datapacks\Magic_FR\data\spells\function\spellsystem\spell2\spell2_m\setup_bossbar\lvl3\player9.mcfunction", "mcfunction", 3, 0, 2, 1, 6
"c:\Users\FlowUP\AppData\Roaming\.minecraft\saves\CTF-1.21.10 v1.29 - fleche explo\datapacks\Magic_FR\data\spells\function\spellsystem\spell2\spell2_m\setup_bossbar\lvl3\test_player.mcfunction", "mcfunction", 13, 0, 2, 1, 16
"c:\Users\FlowUP\AppData\Roaming\.minecraft\saves\CTF-1.21.10 v1.29 - fleche explo\datapacks\Magic_FR\data\spells\function\spellsystem\spell2\spell2_m\spawncloudlvl1.mcfunction", "mcfunction", 14, 0, 1, 0, 15
"c:\Users\FlowUP\AppData\Roaming\.minecraft\saves\CTF-1.21.10 v1.29 - fleche explo\datapacks\Magic_FR\data\spells\function\spellsystem\spell2\spell2_m\spawncloudlvl2.mcfunction", "mcfunction", 14, 0, 1, 0, 15
"c:\Users\FlowUP\AppData\Roaming\.minecraft\saves\CTF-1.21.10 v1.29 - fleche explo\datapacks\Magic_FR\data\spells\function\spellsystem\spell2\spell2_m\spawncloudlvl3.mcfunction", "mcfunction", 14, 0, 1, 0, 15
"c:\Users\FlowUP\AppData\Roaming\.minecraft\saves\CTF-1.21.10 v1.29 - fleche explo\datapacks\Magic_FR\data\spells\function\spellsystem\spell2\spell2_m\spell2lvl1_m.mcfunction", "mcfunction", 5, 0, 1, 1, 7
"c:\Users\FlowUP\AppData\Roaming\.minecraft\saves\CTF-1.21.10 v1.29 - fleche explo\datapacks\Magic_FR\data\spells\function\spellsystem\spell2\spell2_m\spell2lvl2_m.mcfunction", "mcfunction", 5, 0, 1, 2, 8
"c:\Users\FlowUP\AppData\Roaming\.minecraft\saves\CTF-1.21.10 v1.29 - fleche explo\datapacks\Magic_FR\data\spells\function\spellsystem\spell2\spell2_m\spell2lvl3_m.mcfunction", "mcfunction", 5, 0, 1, 2, 8
"c:\Users\FlowUP\AppData\Roaming\.minecraft\saves\CTF-1.21.10 v1.29 - fleche explo\datapacks\Magic_FR\data\spells\function\spellsystem\spell2\spell2_m\took_spell2_m.mcfunction", "mcfunction", 15, 0, 4, 3, 22
"c:\Users\FlowUP\AppData\Roaming\.minecraft\saves\CTF-1.21.10 v1.29 - fleche explo\datapacks\Magic_FR\data\spells\function\spellsystem\spell2\spell2_r\killbackup_r.mcfunction", "mcfunction", 43, 0, 2, 6, 51
"c:\Users\FlowUP\AppData\Roaming\.minecraft\saves\CTF-1.21.10 v1.29 - fleche explo\datapacks\Magic_FR\data\spells\function\spellsystem\spell2\spell2_r\summonbackup_r.mcfunction", "mcfunction", 15, 0, 13, 2, 30
"c:\Users\FlowUP\AppData\Roaming\.minecraft\saves\CTF-1.21.10 v1.29 - fleche explo\datapacks\Magic_FR\data\spells\function\spellsystem\spell2\spell2_r\testbackup\testbackup1.mcfunction", "mcfunction", 3, 0, 1, 0, 4
"c:\Users\FlowUP\AppData\Roaming\.minecraft\saves\CTF-1.21.10 v1.29 - fleche explo\datapacks\Magic_FR\data\spells\function\spellsystem\spell2\spell2_r\testbackup\testbackup10.mcfunction", "mcfunction", 3, 0, 1, 0, 4
"c:\Users\FlowUP\AppData\Roaming\.minecraft\saves\CTF-1.21.10 v1.29 - fleche explo\datapacks\Magic_FR\data\spells\function\spellsystem\spell2\spell2_r\testbackup\testbackup11.mcfunction", "mcfunction", 3, 0, 1, 0, 4
"c:\Users\FlowUP\AppData\Roaming\.minecraft\saves\CTF-1.21.10 v1.29 - fleche explo\datapacks\Magic_FR\data\spells\function\spellsystem\spell2\spell2_r\testbackup\testbackup12.mcfunction", "mcfunction", 3, 0, 1, 0, 4
"c:\Users\FlowUP\AppData\Roaming\.minecraft\saves\CTF-1.21.10 v1.29 - fleche explo\datapacks\Magic_FR\data\spells\function\spellsystem\spell2\spell2_r\testbackup\testbackup2.mcfunction", "mcfunction", 3, 0, 1, 0, 4
"c:\Users\FlowUP\AppData\Roaming\.minecraft\saves\CTF-1.21.10 v1.29 - fleche explo\datapacks\Magic_FR\data\spells\function\spellsystem\spell2\spell2_r\testbackup\testbackup3.mcfunction", "mcfunction", 3, 0, 1, 0, 4
"c:\Users\FlowUP\AppData\Roaming\.minecraft\saves\CTF-1.21.10 v1.29 - fleche explo\datapacks\Magic_FR\data\spells\function\spellsystem\spell2\spell2_r\testbackup\testbackup4.mcfunction", "mcfunction", 3, 0, 1, 0, 4
"c:\Users\FlowUP\AppData\Roaming\.minecraft\saves\CTF-1.21.10 v1.29 - fleche explo\datapacks\Magic_FR\data\spells\function\spellsystem\spell2\spell2_r\testbackup\testbackup5.mcfunction", "mcfunction", 3, 0, 1, 0, 4
"c:\Users\FlowUP\AppData\Roaming\.minecraft\saves\CTF-1.21.10 v1.29 - fleche explo\datapacks\Magic_FR\data\spells\function\spellsystem\spell2\spell2_r\testbackup\testbackup6.mcfunction", "mcfunction", 3, 0, 1, 0, 4
"c:\Users\FlowUP\AppData\Roaming\.minecraft\saves\CTF-1.21.10 v1.29 - fleche explo\datapacks\Magic_FR\data\spells\function\spellsystem\spell2\spell2_r\testbackup\testbackup7.mcfunction", "mcfunction", 3, 0, 1, 0, 4
"c:\Users\FlowUP\AppData\Roaming\.minecraft\saves\CTF-1.21.10 v1.29 - fleche explo\datapacks\Magic_FR\data\spells\function\spellsystem\spell2\spell2_r\testbackup\testbackup8.mcfunction", "mcfunction", 3, 0, 1, 0, 4
"c:\Users\FlowUP\AppData\Roaming\.minecraft\saves\CTF-1.21.10 v1.29 - fleche explo\datapacks\Magic_FR\data\spells\function\spellsystem\spell2\spell2_r\testbackup\testbackup9.mcfunction", "mcfunction", 3, 0, 1, 0, 4
"c:\Users\FlowUP\AppData\Roaming\.minecraft\saves\CTF-1.21.10 v1.29 - fleche explo\datapacks\Magic_FR\data\spells\function\spellsystem\spell2\spell2_r\tpbackup_r.mcfunction", "mcfunction", 49, 0, 4, 7, 60
"c:\Users\FlowUP\AppData\Roaming\.minecraft\saves\CTF-1.21.10 v1.29 - fleche explo\datapacks\Magic_FR\data\spells\function\spellsystem\spell2\spell2_r\villagertakesdmg.mcfunction", "mcfunction", 13, 0, 1, 1, 15
"c:\Users\FlowUP\AppData\Roaming\.minecraft\saves\CTF-1.21.10 v1.29 - fleche explo\datapacks\Magic_FR\data\spells\function\spellsystem\spell2\spell2_w\cooldown\cooldown_lvl1.mcfunction", "mcfunction", 3, 0, 2, 1, 6
"c:\Users\FlowUP\AppData\Roaming\.minecraft\saves\CTF-1.21.10 v1.29 - fleche explo\datapacks\Magic_FR\data\spells\function\spellsystem\spell2\spell2_w\cooldown\cooldown_lvl2.mcfunction", "mcfunction", 3, 0, 2, 2, 7
"c:\Users\FlowUP\AppData\Roaming\.minecraft\saves\CTF-1.21.10 v1.29 - fleche explo\datapacks\Magic_FR\data\spells\function\spellsystem\spell2\spell2_w\cooldown\cooldown_lvl3.mcfunction", "mcfunction", 3, 0, 2, 1, 6
"c:\Users\FlowUP\AppData\Roaming\.minecraft\saves\CTF-1.21.10 v1.29 - fleche explo\datapacks\Magic_FR\data\spells\function\spellsystem\spell2\spell2_w\loop\detect_flag.mcfunction", "mcfunction", 4, 0, 2, 2, 8
"c:\Users\FlowUP\AppData\Roaming\.minecraft\saves\CTF-1.21.10 v1.29 - fleche explo\datapacks\Magic_FR\data\spells\function\spellsystem\spell2\spell2_w\loop\flaglvl1.mcfunction", "mcfunction", 13, 0, 1, 6, 20
"c:\Users\FlowUP\AppData\Roaming\.minecraft\saves\CTF-1.21.10 v1.29 - fleche explo\datapacks\Magic_FR\data\spells\function\spellsystem\spell2\spell2_w\loop\flaglvl2.mcfunction", "mcfunction", 13, 0, 1, 5, 19
"c:\Users\FlowUP\AppData\Roaming\.minecraft\saves\CTF-1.21.10 v1.29 - fleche explo\datapacks\Magic_FR\data\spells\function\spellsystem\spell2\spell2_w\loop\flaglvl3.mcfunction", "mcfunction", 17, 0, 1, 5, 23
"c:\Users\FlowUP\AppData\Roaming\.minecraft\saves\CTF-1.21.10 v1.29 - fleche explo\datapacks\Magic_FR\data\spells\function\spellsystem\spell2\spell2_w\refresh_bossbar.mcfunction", "mcfunction", 12, 0, 2, 1, 15
"c:\Users\FlowUP\AppData\Roaming\.minecraft\saves\CTF-1.21.10 v1.29 - fleche explo\datapacks\Magic_FR\data\spells\function\spellsystem\spell2\spell2_w\summon_flag\destroy_flag\player\player1.mcfunction", "mcfunction", 6, 0, 2, 4, 12
"c:\Users\FlowUP\AppData\Roaming\.minecraft\saves\CTF-1.21.10 v1.29 - fleche explo\datapacks\Magic_FR\data\spells\function\spellsystem\spell2\spell2_w\summon_flag\destroy_flag\player\player10.mcfunction", "mcfunction", 6, 0, 2, 4, 12
"c:\Users\FlowUP\AppData\Roaming\.minecraft\saves\CTF-1.21.10 v1.29 - fleche explo\datapacks\Magic_FR\data\spells\function\spellsystem\spell2\spell2_w\summon_flag\destroy_flag\player\player11.mcfunction", "mcfunction", 6, 0, 2, 4, 12
"c:\Users\FlowUP\AppData\Roaming\.minecraft\saves\CTF-1.21.10 v1.29 - fleche explo\datapacks\Magic_FR\data\spells\function\spellsystem\spell2\spell2_w\summon_flag\destroy_flag\player\player12.mcfunction", "mcfunction", 6, 0, 2, 4, 12
"c:\Users\FlowUP\AppData\Roaming\.minecraft\saves\CTF-1.21.10 v1.29 - fleche explo\datapacks\Magic_FR\data\spells\function\spellsystem\spell2\spell2_w\summon_flag\destroy_flag\player\player2.mcfunction", "mcfunction", 6, 0, 2, 4, 12
"c:\Users\FlowUP\AppData\Roaming\.minecraft\saves\CTF-1.21.10 v1.29 - fleche explo\datapacks\Magic_FR\data\spells\function\spellsystem\spell2\spell2_w\summon_flag\destroy_flag\player\player3.mcfunction", "mcfunction", 6, 0, 2, 4, 12
"c:\Users\FlowUP\AppData\Roaming\.minecraft\saves\CTF-1.21.10 v1.29 - fleche explo\datapacks\Magic_FR\data\spells\function\spellsystem\spell2\spell2_w\summon_flag\destroy_flag\player\player4.mcfunction", "mcfunction", 6, 0, 2, 4, 12
"c:\Users\FlowUP\AppData\Roaming\.minecraft\saves\CTF-1.21.10 v1.29 - fleche explo\datapacks\Magic_FR\data\spells\function\spellsystem\spell2\spell2_w\summon_flag\destroy_flag\player\player5.mcfunction", "mcfunction", 6, 0, 2, 4, 12
"c:\Users\FlowUP\AppData\Roaming\.minecraft\saves\CTF-1.21.10 v1.29 - fleche explo\datapacks\Magic_FR\data\spells\function\spellsystem\spell2\spell2_w\summon_flag\destroy_flag\player\player6.mcfunction", "mcfunction", 6, 0, 2, 4, 12
"c:\Users\FlowUP\AppData\Roaming\.minecraft\saves\CTF-1.21.10 v1.29 - fleche explo\datapacks\Magic_FR\data\spells\function\spellsystem\spell2\spell2_w\summon_flag\destroy_flag\player\player7.mcfunction", "mcfunction", 6, 0, 2, 4, 12
"c:\Users\FlowUP\AppData\Roaming\.minecraft\saves\CTF-1.21.10 v1.29 - fleche explo\datapacks\Magic_FR\data\spells\function\spellsystem\spell2\spell2_w\summon_flag\destroy_flag\player\player8.mcfunction", "mcfunction", 6, 0, 2, 4, 12
"c:\Users\FlowUP\AppData\Roaming\.minecraft\saves\CTF-1.21.10 v1.29 - fleche explo\datapacks\Magic_FR\data\spells\function\spellsystem\spell2\spell2_w\summon_flag\destroy_flag\player\player9.mcfunction", "mcfunction", 6, 0, 2, 4, 12
"c:\Users\FlowUP\AppData\Roaming\.minecraft\saves\CTF-1.21.10 v1.29 - fleche explo\datapacks\Magic_FR\data\spells\function\spellsystem\spell2\spell2_w\summon_flag\destroy_flag\testplayer.mcfunction", "mcfunction", 12, 0, 2, 1, 15
"c:\Users\FlowUP\AppData\Roaming\.minecraft\saves\CTF-1.21.10 v1.29 - fleche explo\datapacks\Magic_FR\data\spells\function\spellsystem\spell2\spell2_w\summon_flag\lvl1\players\player1.mcfunction", "mcfunction", 9, 0, 2, 4, 15
"c:\Users\FlowUP\AppData\Roaming\.minecraft\saves\CTF-1.21.10 v1.29 - fleche explo\datapacks\Magic_FR\data\spells\function\spellsystem\spell2\spell2_w\summon_flag\lvl1\players\player10.mcfunction", "mcfunction", 9, 0, 2, 5, 16
"c:\Users\FlowUP\AppData\Roaming\.minecraft\saves\CTF-1.21.10 v1.29 - fleche explo\datapacks\Magic_FR\data\spells\function\spellsystem\spell2\spell2_w\summon_flag\lvl1\players\player11.mcfunction", "mcfunction", 9, 0, 2, 5, 16
"c:\Users\FlowUP\AppData\Roaming\.minecraft\saves\CTF-1.21.10 v1.29 - fleche explo\datapacks\Magic_FR\data\spells\function\spellsystem\spell2\spell2_w\summon_flag\lvl1\players\player12.mcfunction", "mcfunction", 9, 0, 2, 5, 16
"c:\Users\FlowUP\AppData\Roaming\.minecraft\saves\CTF-1.21.10 v1.29 - fleche explo\datapacks\Magic_FR\data\spells\function\spellsystem\spell2\spell2_w\summon_flag\lvl1\players\player2.mcfunction", "mcfunction", 9, 0, 2, 5, 16
"c:\Users\FlowUP\AppData\Roaming\.minecraft\saves\CTF-1.21.10 v1.29 - fleche explo\datapacks\Magic_FR\data\spells\function\spellsystem\spell2\spell2_w\summon_flag\lvl1\players\player3.mcfunction", "mcfunction", 9, 0, 2, 5, 16
"c:\Users\FlowUP\AppData\Roaming\.minecraft\saves\CTF-1.21.10 v1.29 - fleche explo\datapacks\Magic_FR\data\spells\function\spellsystem\spell2\spell2_w\summon_flag\lvl1\players\player4.mcfunction", "mcfunction", 9, 0, 2, 5, 16
"c:\Users\FlowUP\AppData\Roaming\.minecraft\saves\CTF-1.21.10 v1.29 - fleche explo\datapacks\Magic_FR\data\spells\function\spellsystem\spell2\spell2_w\summon_flag\lvl1\players\player5.mcfunction", "mcfunction", 9, 0, 2, 5, 16
"c:\Users\FlowUP\AppData\Roaming\.minecraft\saves\CTF-1.21.10 v1.29 - fleche explo\datapacks\Magic_FR\data\spells\function\spellsystem\spell2\spell2_w\summon_flag\lvl1\players\player6.mcfunction", "mcfunction", 9, 0, 2, 5, 16
"c:\Users\FlowUP\AppData\Roaming\.minecraft\saves\CTF-1.21.10 v1.29 - fleche explo\datapacks\Magic_FR\data\spells\function\spellsystem\spell2\spell2_w\summon_flag\lvl1\players\player7.mcfunction", "mcfunction", 9, 0, 2, 5, 16
"c:\Users\FlowUP\AppData\Roaming\.minecraft\saves\CTF-1.21.10 v1.29 - fleche explo\datapacks\Magic_FR\data\spells\function\spellsystem\spell2\spell2_w\summon_flag\lvl1\players\player8.mcfunction", "mcfunction", 9, 0, 2, 5, 16
"c:\Users\FlowUP\AppData\Roaming\.minecraft\saves\CTF-1.21.10 v1.29 - fleche explo\datapacks\Magic_FR\data\spells\function\spellsystem\spell2\spell2_w\summon_flag\lvl1\players\player9.mcfunction", "mcfunction", 9, 0, 2, 5, 16
"c:\Users\FlowUP\AppData\Roaming\.minecraft\saves\CTF-1.21.10 v1.29 - fleche explo\datapacks\Magic_FR\data\spells\function\spellsystem\spell2\spell2_w\summon_flag\lvl1\testplayer.mcfunction", "mcfunction", 12, 0, 2, 1, 15
"c:\Users\FlowUP\AppData\Roaming\.minecraft\saves\CTF-1.21.10 v1.29 - fleche explo\datapacks\Magic_FR\data\spells\function\spellsystem\spell2\spell2_w\summon_flag\lvl2\players\player1.mcfunction", "mcfunction", 9, 0, 2, 5, 16
"c:\Users\FlowUP\AppData\Roaming\.minecraft\saves\CTF-1.21.10 v1.29 - fleche explo\datapacks\Magic_FR\data\spells\function\spellsystem\spell2\spell2_w\summon_flag\lvl2\players\player10.mcfunction", "mcfunction", 9, 0, 2, 5, 16
"c:\Users\FlowUP\AppData\Roaming\.minecraft\saves\CTF-1.21.10 v1.29 - fleche explo\datapacks\Magic_FR\data\spells\function\spellsystem\spell2\spell2_w\summon_flag\lvl2\players\player11.mcfunction", "mcfunction", 9, 0, 2, 5, 16
"c:\Users\FlowUP\AppData\Roaming\.minecraft\saves\CTF-1.21.10 v1.29 - fleche explo\datapacks\Magic_FR\data\spells\function\spellsystem\spell2\spell2_w\summon_flag\lvl2\players\player12.mcfunction", "mcfunction", 9, 0, 2, 5, 16
"c:\Users\FlowUP\AppData\Roaming\.minecraft\saves\CTF-1.21.10 v1.29 - fleche explo\datapacks\Magic_FR\data\spells\function\spellsystem\spell2\spell2_w\summon_flag\lvl2\players\player2.mcfunction", "mcfunction", 9, 0, 2, 5, 16
"c:\Users\FlowUP\AppData\Roaming\.minecraft\saves\CTF-1.21.10 v1.29 - fleche explo\datapacks\Magic_FR\data\spells\function\spellsystem\spell2\spell2_w\summon_flag\lvl2\players\player3.mcfunction", "mcfunction", 9, 0, 2, 5, 16
"c:\Users\FlowUP\AppData\Roaming\.minecraft\saves\CTF-1.21.10 v1.29 - fleche explo\datapacks\Magic_FR\data\spells\function\spellsystem\spell2\spell2_w\summon_flag\lvl2\players\player4.mcfunction", "mcfunction", 9, 0, 2, 5, 16
"c:\Users\FlowUP\AppData\Roaming\.minecraft\saves\CTF-1.21.10 v1.29 - fleche explo\datapacks\Magic_FR\data\spells\function\spellsystem\spell2\spell2_w\summon_flag\lvl2\players\player5.mcfunction", "mcfunction", 9, 0, 2, 5, 16
"c:\Users\FlowUP\AppData\Roaming\.minecraft\saves\CTF-1.21.10 v1.29 - fleche explo\datapacks\Magic_FR\data\spells\function\spellsystem\spell2\spell2_w\summon_flag\lvl2\players\player6.mcfunction", "mcfunction", 9, 0, 2, 5, 16
"c:\Users\FlowUP\AppData\Roaming\.minecraft\saves\CTF-1.21.10 v1.29 - fleche explo\datapacks\Magic_FR\data\spells\function\spellsystem\spell2\spell2_w\summon_flag\lvl2\players\player7.mcfunction", "mcfunction", 9, 0, 2, 5, 16
"c:\Users\FlowUP\AppData\Roaming\.minecraft\saves\CTF-1.21.10 v1.29 - fleche explo\datapacks\Magic_FR\data\spells\function\spellsystem\spell2\spell2_w\summon_flag\lvl2\players\player8.mcfunction", "mcfunction", 9, 0, 2, 5, 16
"c:\Users\FlowUP\AppData\Roaming\.minecraft\saves\CTF-1.21.10 v1.29 - fleche explo\datapacks\Magic_FR\data\spells\function\spellsystem\spell2\spell2_w\summon_flag\lvl2\players\player9.mcfunction", "mcfunction", 9, 0, 2, 5, 16
"c:\Users\FlowUP\AppData\Roaming\.minecraft\saves\CTF-1.21.10 v1.29 - fleche explo\datapacks\Magic_FR\data\spells\function\spellsystem\spell2\spell2_w\summon_flag\lvl2\testplayer.mcfunction", "mcfunction", 12, 0, 2, 1, 15
"c:\Users\FlowUP\AppData\Roaming\.minecraft\saves\CTF-1.21.10 v1.29 - fleche explo\datapacks\Magic_FR\data\spells\function\spellsystem\spell2\spell2_w\summon_flag\lvl3\players\player1.mcfunction", "mcfunction", 9, 0, 2, 5, 16
"c:\Users\FlowUP\AppData\Roaming\.minecraft\saves\CTF-1.21.10 v1.29 - fleche explo\datapacks\Magic_FR\data\spells\function\spellsystem\spell2\spell2_w\summon_flag\lvl3\players\player10.mcfunction", "mcfunction", 9, 0, 2, 5, 16
"c:\Users\FlowUP\AppData\Roaming\.minecraft\saves\CTF-1.21.10 v1.29 - fleche explo\datapacks\Magic_FR\data\spells\function\spellsystem\spell2\spell2_w\summon_flag\lvl3\players\player11.mcfunction", "mcfunction", 9, 0, 2, 5, 16
"c:\Users\FlowUP\AppData\Roaming\.minecraft\saves\CTF-1.21.10 v1.29 - fleche explo\datapacks\Magic_FR\data\spells\function\spellsystem\spell2\spell2_w\summon_flag\lvl3\players\player12.mcfunction", "mcfunction", 9, 0, 2, 5, 16
"c:\Users\FlowUP\AppData\Roaming\.minecraft\saves\CTF-1.21.10 v1.29 - fleche explo\datapacks\Magic_FR\data\spells\function\spellsystem\spell2\spell2_w\summon_flag\lvl3\players\player2.mcfunction", "mcfunction", 9, 0, 2, 5, 16
"c:\Users\FlowUP\AppData\Roaming\.minecraft\saves\CTF-1.21.10 v1.29 - fleche explo\datapacks\Magic_FR\data\spells\function\spellsystem\spell2\spell2_w\summon_flag\lvl3\players\player3.mcfunction", "mcfunction", 9, 0, 2, 5, 16
"c:\Users\FlowUP\AppData\Roaming\.minecraft\saves\CTF-1.21.10 v1.29 - fleche explo\datapacks\Magic_FR\data\spells\function\spellsystem\spell2\spell2_w\summon_flag\lvl3\players\player4.mcfunction", "mcfunction", 9, 0, 2, 5, 16
"c:\Users\FlowUP\AppData\Roaming\.minecraft\saves\CTF-1.21.10 v1.29 - fleche explo\datapacks\Magic_FR\data\spells\function\spellsystem\spell2\spell2_w\summon_flag\lvl3\players\player5.mcfunction", "mcfunction", 9, 0, 2, 4, 15
"c:\Users\FlowUP\AppData\Roaming\.minecraft\saves\CTF-1.21.10 v1.29 - fleche explo\datapacks\Magic_FR\data\spells\function\spellsystem\spell2\spell2_w\summon_flag\lvl3\players\player6.mcfunction", "mcfunction", 9, 0, 2, 5, 16
"c:\Users\FlowUP\AppData\Roaming\.minecraft\saves\CTF-1.21.10 v1.29 - fleche explo\datapacks\Magic_FR\data\spells\function\spellsystem\spell2\spell2_w\summon_flag\lvl3\players\player7.mcfunction", "mcfunction", 9, 0, 2, 5, 16
"c:\Users\FlowUP\AppData\Roaming\.minecraft\saves\CTF-1.21.10 v1.29 - fleche explo\datapacks\Magic_FR\data\spells\function\spellsystem\spell2\spell2_w\summon_flag\lvl3\players\player8.mcfunction", "mcfunction", 9, 0, 2, 5, 16
"c:\Users\FlowUP\AppData\Roaming\.minecraft\saves\CTF-1.21.10 v1.29 - fleche explo\datapacks\Magic_FR\data\spells\function\spellsystem\spell2\spell2_w\summon_flag\lvl3\players\player9.mcfunction", "mcfunction", 9, 0, 2, 5, 16
"c:\Users\FlowUP\AppData\Roaming\.minecraft\saves\CTF-1.21.10 v1.29 - fleche explo\datapacks\Magic_FR\data\spells\function\spellsystem\spell2\spell2_w\summon_flag\lvl3\testplayer.mcfunction", "mcfunction", 12, 0, 2, 1, 15
"c:\Users\FlowUP\AppData\Roaming\.minecraft\saves\CTF-1.21.10 v1.29 - fleche explo\datapacks\Magic_FR\data\spells\function\spellsystem\spell3\spell3_a\drop_blue_flag.mcfunction", "mcfunction", 52, 0, 12, 10, 74
"c:\Users\FlowUP\AppData\Roaming\.minecraft\saves\CTF-1.21.10 v1.29 - fleche explo\datapacks\Magic_FR\data\spells\function\spellsystem\spell3\spell3_a\drop_red_flag.mcfunction", "mcfunction", 52, 0, 12, 10, 74
"c:\Users\FlowUP\AppData\Roaming\.minecraft\saves\CTF-1.21.10 v1.29 - fleche explo\datapacks\Magic_FR\data\spells\function\spellsystem\spell3\spell3_a\get_frozen\player10\lvl1.mcfunction", "mcfunction", 1, 0, 2, 1, 4
"c:\Users\FlowUP\AppData\Roaming\.minecraft\saves\CTF-1.21.10 v1.29 - fleche explo\datapacks\Magic_FR\data\spells\function\spellsystem\spell3\spell3_a\get_frozen\player10\lvl2.mcfunction", "mcfunction", 1, 0, 2, 1, 4
"c:\Users\FlowUP\AppData\Roaming\.minecraft\saves\CTF-1.21.10 v1.29 - fleche explo\datapacks\Magic_FR\data\spells\function\spellsystem\spell3\spell3_a\get_frozen\player10\lvl3.mcfunction", "mcfunction", 1, 0, 2, 1, 4
"c:\Users\FlowUP\AppData\Roaming\.minecraft\saves\CTF-1.21.10 v1.29 - fleche explo\datapacks\Magic_FR\data\spells\function\spellsystem\spell3\spell3_a\get_frozen\player10\test_lvl.mcfunction", "mcfunction", 3, 0, 2, 1, 6
"c:\Users\FlowUP\AppData\Roaming\.minecraft\saves\CTF-1.21.10 v1.29 - fleche explo\datapacks\Magic_FR\data\spells\function\spellsystem\spell3\spell3_a\get_frozen\player11\lvl1.mcfunction", "mcfunction", 1, 0, 2, 1, 4
"c:\Users\FlowUP\AppData\Roaming\.minecraft\saves\CTF-1.21.10 v1.29 - fleche explo\datapacks\Magic_FR\data\spells\function\spellsystem\spell3\spell3_a\get_frozen\player11\lvl2.mcfunction", "mcfunction", 1, 0, 2, 1, 4
"c:\Users\FlowUP\AppData\Roaming\.minecraft\saves\CTF-1.21.10 v1.29 - fleche explo\datapacks\Magic_FR\data\spells\function\spellsystem\spell3\spell3_a\get_frozen\player11\lvl3.mcfunction", "mcfunction", 1, 0, 2, 1, 4
"c:\Users\FlowUP\AppData\Roaming\.minecraft\saves\CTF-1.21.10 v1.29 - fleche explo\datapacks\Magic_FR\data\spells\function\spellsystem\spell3\spell3_a\get_frozen\player11\test_lvl.mcfunction", "mcfunction", 3, 0, 2, 1, 6
"c:\Users\FlowUP\AppData\Roaming\.minecraft\saves\CTF-1.21.10 v1.29 - fleche explo\datapacks\Magic_FR\data\spells\function\spellsystem\spell3\spell3_a\get_frozen\player12\lvl1.mcfunction", "mcfunction", 1, 0, 2, 1, 4
"c:\Users\FlowUP\AppData\Roaming\.minecraft\saves\CTF-1.21.10 v1.29 - fleche explo\datapacks\Magic_FR\data\spells\function\spellsystem\spell3\spell3_a\get_frozen\player12\lvl2.mcfunction", "mcfunction", 1, 0, 2, 1, 4
"c:\Users\FlowUP\AppData\Roaming\.minecraft\saves\CTF-1.21.10 v1.29 - fleche explo\datapacks\Magic_FR\data\spells\function\spellsystem\spell3\spell3_a\get_frozen\player12\lvl3.mcfunction", "mcfunction", 1, 0, 2, 1, 4
"c:\Users\FlowUP\AppData\Roaming\.minecraft\saves\CTF-1.21.10 v1.29 - fleche explo\datapacks\Magic_FR\data\spells\function\spellsystem\spell3\spell3_a\get_frozen\player12\test_lvl.mcfunction", "mcfunction", 3, 0, 2, 1, 6
"c:\Users\FlowUP\AppData\Roaming\.minecraft\saves\CTF-1.21.10 v1.29 - fleche explo\datapacks\Magic_FR\data\spells\function\spellsystem\spell3\spell3_a\get_frozen\player1\lvl1.mcfunction", "mcfunction", 1, 0, 2, 1, 4
"c:\Users\FlowUP\AppData\Roaming\.minecraft\saves\CTF-1.21.10 v1.29 - fleche explo\datapacks\Magic_FR\data\spells\function\spellsystem\spell3\spell3_a\get_frozen\player1\lvl2.mcfunction", "mcfunction", 1, 0, 2, 1, 4
"c:\Users\FlowUP\AppData\Roaming\.minecraft\saves\CTF-1.21.10 v1.29 - fleche explo\datapacks\Magic_FR\data\spells\function\spellsystem\spell3\spell3_a\get_frozen\player1\lvl3.mcfunction", "mcfunction", 1, 0, 2, 1, 4
"c:\Users\FlowUP\AppData\Roaming\.minecraft\saves\CTF-1.21.10 v1.29 - fleche explo\datapacks\Magic_FR\data\spells\function\spellsystem\spell3\spell3_a\get_frozen\player1\test_lvl.mcfunction", "mcfunction", 3, 0, 2, 1, 6
"c:\Users\FlowUP\AppData\Roaming\.minecraft\saves\CTF-1.21.10 v1.29 - fleche explo\datapacks\Magic_FR\data\spells\function\spellsystem\spell3\spell3_a\get_frozen\player2\lvl1.mcfunction", "mcfunction", 1, 0, 2, 1, 4
"c:\Users\FlowUP\AppData\Roaming\.minecraft\saves\CTF-1.21.10 v1.29 - fleche explo\datapacks\Magic_FR\data\spells\function\spellsystem\spell3\spell3_a\get_frozen\player2\lvl2.mcfunction", "mcfunction", 1, 0, 2, 1, 4
"c:\Users\FlowUP\AppData\Roaming\.minecraft\saves\CTF-1.21.10 v1.29 - fleche explo\datapacks\Magic_FR\data\spells\function\spellsystem\spell3\spell3_a\get_frozen\player2\lvl3.mcfunction", "mcfunction", 1, 0, 2, 1, 4
"c:\Users\FlowUP\AppData\Roaming\.minecraft\saves\CTF-1.21.10 v1.29 - fleche explo\datapacks\Magic_FR\data\spells\function\spellsystem\spell3\spell3_a\get_frozen\player2\test_lvl.mcfunction", "mcfunction", 3, 0, 2, 1, 6
"c:\Users\FlowUP\AppData\Roaming\.minecraft\saves\CTF-1.21.10 v1.29 - fleche explo\datapacks\Magic_FR\data\spells\function\spellsystem\spell3\spell3_a\get_frozen\player3\lvl1.mcfunction", "mcfunction", 1, 0, 2, 1, 4
"c:\Users\FlowUP\AppData\Roaming\.minecraft\saves\CTF-1.21.10 v1.29 - fleche explo\datapacks\Magic_FR\data\spells\function\spellsystem\spell3\spell3_a\get_frozen\player3\lvl2.mcfunction", "mcfunction", 1, 0, 2, 1, 4
"c:\Users\FlowUP\AppData\Roaming\.minecraft\saves\CTF-1.21.10 v1.29 - fleche explo\datapacks\Magic_FR\data\spells\function\spellsystem\spell3\spell3_a\get_frozen\player3\lvl3.mcfunction", "mcfunction", 1, 0, 2, 1, 4
"c:\Users\FlowUP\AppData\Roaming\.minecraft\saves\CTF-1.21.10 v1.29 - fleche explo\datapacks\Magic_FR\data\spells\function\spellsystem\spell3\spell3_a\get_frozen\player3\test_lvl.mcfunction", "mcfunction", 3, 0, 2, 1, 6
"c:\Users\FlowUP\AppData\Roaming\.minecraft\saves\CTF-1.21.10 v1.29 - fleche explo\datapacks\Magic_FR\data\spells\function\spellsystem\spell3\spell3_a\get_frozen\player4\lvl1.mcfunction", "mcfunction", 1, 0, 2, 1, 4
"c:\Users\FlowUP\AppData\Roaming\.minecraft\saves\CTF-1.21.10 v1.29 - fleche explo\datapacks\Magic_FR\data\spells\function\spellsystem\spell3\spell3_a\get_frozen\player4\lvl2.mcfunction", "mcfunction", 1, 0, 2, 1, 4
"c:\Users\FlowUP\AppData\Roaming\.minecraft\saves\CTF-1.21.10 v1.29 - fleche explo\datapacks\Magic_FR\data\spells\function\spellsystem\spell3\spell3_a\get_frozen\player4\lvl3.mcfunction", "mcfunction", 1, 0, 2, 1, 4
"c:\Users\FlowUP\AppData\Roaming\.minecraft\saves\CTF-1.21.10 v1.29 - fleche explo\datapacks\Magic_FR\data\spells\function\spellsystem\spell3\spell3_a\get_frozen\player4\test_lvl.mcfunction", "mcfunction", 3, 0, 2, 1, 6
"c:\Users\FlowUP\AppData\Roaming\.minecraft\saves\CTF-1.21.10 v1.29 - fleche explo\datapacks\Magic_FR\data\spells\function\spellsystem\spell3\spell3_a\get_frozen\player5\lvl1.mcfunction", "mcfunction", 1, 0, 2, 1, 4
"c:\Users\FlowUP\AppData\Roaming\.minecraft\saves\CTF-1.21.10 v1.29 - fleche explo\datapacks\Magic_FR\data\spells\function\spellsystem\spell3\spell3_a\get_frozen\player5\lvl2.mcfunction", "mcfunction", 1, 0, 2, 1, 4
"c:\Users\FlowUP\AppData\Roaming\.minecraft\saves\CTF-1.21.10 v1.29 - fleche explo\datapacks\Magic_FR\data\spells\function\spellsystem\spell3\spell3_a\get_frozen\player5\lvl3.mcfunction", "mcfunction", 1, 0, 2, 1, 4
"c:\Users\FlowUP\AppData\Roaming\.minecraft\saves\CTF-1.21.10 v1.29 - fleche explo\datapacks\Magic_FR\data\spells\function\spellsystem\spell3\spell3_a\get_frozen\player5\test_lvl.mcfunction", "mcfunction", 3, 0, 2, 1, 6
"c:\Users\FlowUP\AppData\Roaming\.minecraft\saves\CTF-1.21.10 v1.29 - fleche explo\datapacks\Magic_FR\data\spells\function\spellsystem\spell3\spell3_a\get_frozen\player6\lvl1.mcfunction", "mcfunction", 1, 0, 2, 1, 4
"c:\Users\FlowUP\AppData\Roaming\.minecraft\saves\CTF-1.21.10 v1.29 - fleche explo\datapacks\Magic_FR\data\spells\function\spellsystem\spell3\spell3_a\get_frozen\player6\lvl2.mcfunction", "mcfunction", 1, 0, 2, 1, 4
"c:\Users\FlowUP\AppData\Roaming\.minecraft\saves\CTF-1.21.10 v1.29 - fleche explo\datapacks\Magic_FR\data\spells\function\spellsystem\spell3\spell3_a\get_frozen\player6\lvl3.mcfunction", "mcfunction", 1, 0, 2, 1, 4
"c:\Users\FlowUP\AppData\Roaming\.minecraft\saves\CTF-1.21.10 v1.29 - fleche explo\datapacks\Magic_FR\data\spells\function\spellsystem\spell3\spell3_a\get_frozen\player6\test_lvl.mcfunction", "mcfunction", 3, 0, 2, 1, 6
"c:\Users\FlowUP\AppData\Roaming\.minecraft\saves\CTF-1.21.10 v1.29 - fleche explo\datapacks\Magic_FR\data\spells\function\spellsystem\spell3\spell3_a\get_frozen\player7\lvl1.mcfunction", "mcfunction", 1, 0, 2, 1, 4
"c:\Users\FlowUP\AppData\Roaming\.minecraft\saves\CTF-1.21.10 v1.29 - fleche explo\datapacks\Magic_FR\data\spells\function\spellsystem\spell3\spell3_a\get_frozen\player7\lvl2.mcfunction", "mcfunction", 1, 0, 2, 1, 4
"c:\Users\FlowUP\AppData\Roaming\.minecraft\saves\CTF-1.21.10 v1.29 - fleche explo\datapacks\Magic_FR\data\spells\function\spellsystem\spell3\spell3_a\get_frozen\player7\lvl3.mcfunction", "mcfunction", 1, 0, 2, 1, 4
"c:\Users\FlowUP\AppData\Roaming\.minecraft\saves\CTF-1.21.10 v1.29 - fleche explo\datapacks\Magic_FR\data\spells\function\spellsystem\spell3\spell3_a\get_frozen\player7\test_lvl.mcfunction", "mcfunction", 3, 0, 2, 1, 6
"c:\Users\FlowUP\AppData\Roaming\.minecraft\saves\CTF-1.21.10 v1.29 - fleche explo\datapacks\Magic_FR\data\spells\function\spellsystem\spell3\spell3_a\get_frozen\player8\lvl1.mcfunction", "mcfunction", 1, 0, 2, 1, 4
"c:\Users\FlowUP\AppData\Roaming\.minecraft\saves\CTF-1.21.10 v1.29 - fleche explo\datapacks\Magic_FR\data\spells\function\spellsystem\spell3\spell3_a\get_frozen\player8\lvl2.mcfunction", "mcfunction", 1, 0, 2, 1, 4
"c:\Users\FlowUP\AppData\Roaming\.minecraft\saves\CTF-1.21.10 v1.29 - fleche explo\datapacks\Magic_FR\data\spells\function\spellsystem\spell3\spell3_a\get_frozen\player8\lvl3.mcfunction", "mcfunction", 1, 0, 2, 1, 4
"c:\Users\FlowUP\AppData\Roaming\.minecraft\saves\CTF-1.21.10 v1.29 - fleche explo\datapacks\Magic_FR\data\spells\function\spellsystem\spell3\spell3_a\get_frozen\player8\test_lvl.mcfunction", "mcfunction", 3, 0, 2, 1, 6
"c:\Users\FlowUP\AppData\Roaming\.minecraft\saves\CTF-1.21.10 v1.29 - fleche explo\datapacks\Magic_FR\data\spells\function\spellsystem\spell3\spell3_a\get_frozen\player9\lvl1.mcfunction", "mcfunction", 1, 0, 2, 1, 4
"c:\Users\FlowUP\AppData\Roaming\.minecraft\saves\CTF-1.21.10 v1.29 - fleche explo\datapacks\Magic_FR\data\spells\function\spellsystem\spell3\spell3_a\get_frozen\player9\lvl2.mcfunction", "mcfunction", 1, 0, 2, 1, 4
"c:\Users\FlowUP\AppData\Roaming\.minecraft\saves\CTF-1.21.10 v1.29 - fleche explo\datapacks\Magic_FR\data\spells\function\spellsystem\spell3\spell3_a\get_frozen\player9\lvl3.mcfunction", "mcfunction", 1, 0, 2, 1, 4
"c:\Users\FlowUP\AppData\Roaming\.minecraft\saves\CTF-1.21.10 v1.29 - fleche explo\datapacks\Magic_FR\data\spells\function\spellsystem\spell3\spell3_a\get_frozen\player9\test_lvl.mcfunction", "mcfunction", 3, 0, 2, 1, 6
"c:\Users\FlowUP\AppData\Roaming\.minecraft\saves\CTF-1.21.10 v1.29 - fleche explo\datapacks\Magic_FR\data\spells\function\spellsystem\spell3\spell3_a\get_frozen\test_player.mcfunction", "mcfunction", 12, 0, 2, 1, 15
"c:\Users\FlowUP\AppData\Roaming\.minecraft\saves\CTF-1.21.10 v1.29 - fleche explo\datapacks\Magic_FR\data\spells\function\spellsystem\spell3\spell3_a\get_frozen_lvl1.mcfunction", "mcfunction", 20, 0, 10, 8, 38
"c:\Users\FlowUP\AppData\Roaming\.minecraft\saves\CTF-1.21.10 v1.29 - fleche explo\datapacks\Magic_FR\data\spells\function\spellsystem\spell3\spell3_a\get_frozen_lvl2.mcfunction", "mcfunction", 20, 0, 10, 8, 38
"c:\Users\FlowUP\AppData\Roaming\.minecraft\saves\CTF-1.21.10 v1.29 - fleche explo\datapacks\Magic_FR\data\spells\function\spellsystem\spell3\spell3_a\get_frozen_lvl3.mcfunction", "mcfunction", 20, 0, 10, 8, 38
"c:\Users\FlowUP\AppData\Roaming\.minecraft\saves\CTF-1.21.10 v1.29 - fleche explo\datapacks\Magic_FR\data\spells\function\spellsystem\spell3\spell3_a\initialize_bossbar_lvl1\player1.mcfunction", "mcfunction", 3, 0, 2, 1, 6
"c:\Users\FlowUP\AppData\Roaming\.minecraft\saves\CTF-1.21.10 v1.29 - fleche explo\datapacks\Magic_FR\data\spells\function\spellsystem\spell3\spell3_a\initialize_bossbar_lvl1\player10.mcfunction", "mcfunction", 3, 0, 2, 1, 6
"c:\Users\FlowUP\AppData\Roaming\.minecraft\saves\CTF-1.21.10 v1.29 - fleche explo\datapacks\Magic_FR\data\spells\function\spellsystem\spell3\spell3_a\initialize_bossbar_lvl1\player11.mcfunction", "mcfunction", 3, 0, 2, 1, 6
"c:\Users\FlowUP\AppData\Roaming\.minecraft\saves\CTF-1.21.10 v1.29 - fleche explo\datapacks\Magic_FR\data\spells\function\spellsystem\spell3\spell3_a\initialize_bossbar_lvl1\player12.mcfunction", "mcfunction", 3, 0, 2, 1, 6
"c:\Users\FlowUP\AppData\Roaming\.minecraft\saves\CTF-1.21.10 v1.29 - fleche explo\datapacks\Magic_FR\data\spells\function\spellsystem\spell3\spell3_a\initialize_bossbar_lvl1\player2.mcfunction", "mcfunction", 3, 0, 2, 1, 6
"c:\Users\FlowUP\AppData\Roaming\.minecraft\saves\CTF-1.21.10 v1.29 - fleche explo\datapacks\Magic_FR\data\spells\function\spellsystem\spell3\spell3_a\initialize_bossbar_lvl1\player3.mcfunction", "mcfunction", 3, 0, 2, 1, 6
"c:\Users\FlowUP\AppData\Roaming\.minecraft\saves\CTF-1.21.10 v1.29 - fleche explo\datapacks\Magic_FR\data\spells\function\spellsystem\spell3\spell3_a\initialize_bossbar_lvl1\player4.mcfunction", "mcfunction", 3, 0, 2, 1, 6
"c:\Users\FlowUP\AppData\Roaming\.minecraft\saves\CTF-1.21.10 v1.29 - fleche explo\datapacks\Magic_FR\data\spells\function\spellsystem\spell3\spell3_a\initialize_bossbar_lvl1\player5.mcfunction", "mcfunction", 3, 0, 2, 1, 6
"c:\Users\FlowUP\AppData\Roaming\.minecraft\saves\CTF-1.21.10 v1.29 - fleche explo\datapacks\Magic_FR\data\spells\function\spellsystem\spell3\spell3_a\initialize_bossbar_lvl1\player6.mcfunction", "mcfunction", 3, 0, 2, 1, 6
"c:\Users\FlowUP\AppData\Roaming\.minecraft\saves\CTF-1.21.10 v1.29 - fleche explo\datapacks\Magic_FR\data\spells\function\spellsystem\spell3\spell3_a\initialize_bossbar_lvl1\player7.mcfunction", "mcfunction", 3, 0, 2, 1, 6
"c:\Users\FlowUP\AppData\Roaming\.minecraft\saves\CTF-1.21.10 v1.29 - fleche explo\datapacks\Magic_FR\data\spells\function\spellsystem\spell3\spell3_a\initialize_bossbar_lvl1\player8.mcfunction", "mcfunction", 3, 0, 2, 1, 6
"c:\Users\FlowUP\AppData\Roaming\.minecraft\saves\CTF-1.21.10 v1.29 - fleche explo\datapacks\Magic_FR\data\spells\function\spellsystem\spell3\spell3_a\initialize_bossbar_lvl1\player9.mcfunction", "mcfunction", 3, 0, 2, 1, 6
"c:\Users\FlowUP\AppData\Roaming\.minecraft\saves\CTF-1.21.10 v1.29 - fleche explo\datapacks\Magic_FR\data\spells\function\spellsystem\spell3\spell3_a\initialize_bossbar_lvl2\player1.mcfunction", "mcfunction", 3, 0, 2, 1, 6
"c:\Users\FlowUP\AppData\Roaming\.minecraft\saves\CTF-1.21.10 v1.29 - fleche explo\datapacks\Magic_FR\data\spells\function\spellsystem\spell3\spell3_a\initialize_bossbar_lvl2\player10.mcfunction", "mcfunction", 3, 0, 2, 1, 6
"c:\Users\FlowUP\AppData\Roaming\.minecraft\saves\CTF-1.21.10 v1.29 - fleche explo\datapacks\Magic_FR\data\spells\function\spellsystem\spell3\spell3_a\initialize_bossbar_lvl2\player11.mcfunction", "mcfunction", 3, 0, 2, 1, 6
"c:\Users\FlowUP\AppData\Roaming\.minecraft\saves\CTF-1.21.10 v1.29 - fleche explo\datapacks\Magic_FR\data\spells\function\spellsystem\spell3\spell3_a\initialize_bossbar_lvl2\player12.mcfunction", "mcfunction", 3, 0, 2, 1, 6
"c:\Users\FlowUP\AppData\Roaming\.minecraft\saves\CTF-1.21.10 v1.29 - fleche explo\datapacks\Magic_FR\data\spells\function\spellsystem\spell3\spell3_a\initialize_bossbar_lvl2\player2.mcfunction", "mcfunction", 3, 0, 2, 1, 6
"c:\Users\FlowUP\AppData\Roaming\.minecraft\saves\CTF-1.21.10 v1.29 - fleche explo\datapacks\Magic_FR\data\spells\function\spellsystem\spell3\spell3_a\initialize_bossbar_lvl2\player3.mcfunction", "mcfunction", 3, 0, 2, 1, 6
"c:\Users\FlowUP\AppData\Roaming\.minecraft\saves\CTF-1.21.10 v1.29 - fleche explo\datapacks\Magic_FR\data\spells\function\spellsystem\spell3\spell3_a\initialize_bossbar_lvl2\player4.mcfunction", "mcfunction", 3, 0, 2, 1, 6
"c:\Users\FlowUP\AppData\Roaming\.minecraft\saves\CTF-1.21.10 v1.29 - fleche explo\datapacks\Magic_FR\data\spells\function\spellsystem\spell3\spell3_a\initialize_bossbar_lvl2\player5.mcfunction", "mcfunction", 3, 0, 2, 1, 6
"c:\Users\FlowUP\AppData\Roaming\.minecraft\saves\CTF-1.21.10 v1.29 - fleche explo\datapacks\Magic_FR\data\spells\function\spellsystem\spell3\spell3_a\initialize_bossbar_lvl2\player6.mcfunction", "mcfunction", 3, 0, 2, 1, 6
"c:\Users\FlowUP\AppData\Roaming\.minecraft\saves\CTF-1.21.10 v1.29 - fleche explo\datapacks\Magic_FR\data\spells\function\spellsystem\spell3\spell3_a\initialize_bossbar_lvl2\player7.mcfunction", "mcfunction", 3, 0, 2, 1, 6
"c:\Users\FlowUP\AppData\Roaming\.minecraft\saves\CTF-1.21.10 v1.29 - fleche explo\datapacks\Magic_FR\data\spells\function\spellsystem\spell3\spell3_a\initialize_bossbar_lvl2\player8.mcfunction", "mcfunction", 3, 0, 2, 1, 6
"c:\Users\FlowUP\AppData\Roaming\.minecraft\saves\CTF-1.21.10 v1.29 - fleche explo\datapacks\Magic_FR\data\spells\function\spellsystem\spell3\spell3_a\initialize_bossbar_lvl2\player9.mcfunction", "mcfunction", 3, 0, 2, 1, 6
"c:\Users\FlowUP\AppData\Roaming\.minecraft\saves\CTF-1.21.10 v1.29 - fleche explo\datapacks\Magic_FR\data\spells\function\spellsystem\spell3\spell3_a\initialize_bossbar_lvl3\player1.mcfunction", "mcfunction", 3, 0, 2, 1, 6
"c:\Users\FlowUP\AppData\Roaming\.minecraft\saves\CTF-1.21.10 v1.29 - fleche explo\datapacks\Magic_FR\data\spells\function\spellsystem\spell3\spell3_a\initialize_bossbar_lvl3\player10.mcfunction", "mcfunction", 3, 0, 2, 1, 6
"c:\Users\FlowUP\AppData\Roaming\.minecraft\saves\CTF-1.21.10 v1.29 - fleche explo\datapacks\Magic_FR\data\spells\function\spellsystem\spell3\spell3_a\initialize_bossbar_lvl3\player11.mcfunction", "mcfunction", 3, 0, 2, 1, 6
"c:\Users\FlowUP\AppData\Roaming\.minecraft\saves\CTF-1.21.10 v1.29 - fleche explo\datapacks\Magic_FR\data\spells\function\spellsystem\spell3\spell3_a\initialize_bossbar_lvl3\player12.mcfunction", "mcfunction", 3, 0, 2, 1, 6
"c:\Users\FlowUP\AppData\Roaming\.minecraft\saves\CTF-1.21.10 v1.29 - fleche explo\datapacks\Magic_FR\data\spells\function\spellsystem\spell3\spell3_a\initialize_bossbar_lvl3\player2.mcfunction", "mcfunction", 3, 0, 2, 1, 6
"c:\Users\FlowUP\AppData\Roaming\.minecraft\saves\CTF-1.21.10 v1.29 - fleche explo\datapacks\Magic_FR\data\spells\function\spellsystem\spell3\spell3_a\initialize_bossbar_lvl3\player3.mcfunction", "mcfunction", 3, 0, 2, 1, 6
"c:\Users\FlowUP\AppData\Roaming\.minecraft\saves\CTF-1.21.10 v1.29 - fleche explo\datapacks\Magic_FR\data\spells\function\spellsystem\spell3\spell3_a\initialize_bossbar_lvl3\player4.mcfunction", "mcfunction", 3, 0, 2, 1, 6
"c:\Users\FlowUP\AppData\Roaming\.minecraft\saves\CTF-1.21.10 v1.29 - fleche explo\datapacks\Magic_FR\data\spells\function\spellsystem\spell3\spell3_a\initialize_bossbar_lvl3\player5.mcfunction", "mcfunction", 3, 0, 2, 1, 6
"c:\Users\FlowUP\AppData\Roaming\.minecraft\saves\CTF-1.21.10 v1.29 - fleche explo\datapacks\Magic_FR\data\spells\function\spellsystem\spell3\spell3_a\initialize_bossbar_lvl3\player6.mcfunction", "mcfunction", 3, 0, 2, 1, 6
"c:\Users\FlowUP\AppData\Roaming\.minecraft\saves\CTF-1.21.10 v1.29 - fleche explo\datapacks\Magic_FR\data\spells\function\spellsystem\spell3\spell3_a\initialize_bossbar_lvl3\player7.mcfunction", "mcfunction", 3, 0, 2, 1, 6
"c:\Users\FlowUP\AppData\Roaming\.minecraft\saves\CTF-1.21.10 v1.29 - fleche explo\datapacks\Magic_FR\data\spells\function\spellsystem\spell3\spell3_a\initialize_bossbar_lvl3\player8.mcfunction", "mcfunction", 3, 0, 2, 1, 6
"c:\Users\FlowUP\AppData\Roaming\.minecraft\saves\CTF-1.21.10 v1.29 - fleche explo\datapacks\Magic_FR\data\spells\function\spellsystem\spell3\spell3_a\initialize_bossbar_lvl3\player9.mcfunction", "mcfunction", 3, 0, 2, 1, 6
"c:\Users\FlowUP\AppData\Roaming\.minecraft\saves\CTF-1.21.10 v1.29 - fleche explo\datapacks\Magic_FR\data\spells\function\spellsystem\spell3\spell3_a\refresh_bossbar.mcfunction", "mcfunction", 12, 0, 2, 1, 15
"c:\Users\FlowUP\AppData\Roaming\.minecraft\saves\CTF-1.21.10 v1.29 - fleche explo\datapacks\Magic_FR\data\spells\function\spellsystem\spell3\spell3_a\stop_freeze.mcfunction", "mcfunction", 15, 0, 6, 4, 25
"c:\Users\FlowUP\AppData\Roaming\.minecraft\saves\CTF-1.21.10 v1.29 - fleche explo\datapacks\Magic_FR\data\spells\function\spellsystem\spell3\spell3_a\usedfreezearrow_a.mcfunction", "mcfunction", 18, 0, 2, 3, 23
"c:\Users\FlowUP\AppData\Roaming\.minecraft\saves\CTF-1.21.10 v1.29 - fleche explo\datapacks\Magic_FR\data\spells\function\spellsystem\spell3\spell3_m\can_not_teleport.mcfunction", "mcfunction", 30, 0, 4, 4, 38
"c:\Users\FlowUP\AppData\Roaming\.minecraft\saves\CTF-1.21.10 v1.29 - fleche explo\datapacks\Magic_FR\data\spells\function\spellsystem\spell3\spell3_m\can_teleport.mcfunction", "mcfunction", 2, 0, 2, 1, 5
"c:\Users\FlowUP\AppData\Roaming\.minecraft\saves\CTF-1.21.10 v1.29 - fleche explo\datapacks\Magic_FR\data\spells\function\spellsystem\spell3\spell3_m\check_good_tp.mcfunction", "mcfunction", 2, 0, 1, 1, 4
"c:\Users\FlowUP\AppData\Roaming\.minecraft\saves\CTF-1.21.10 v1.29 - fleche explo\datapacks\Magic_FR\data\spells\function\spellsystem\spell3\spell3_m\show_can_tp.mcfunction", "mcfunction", 3, 0, 2, 1, 6
"c:\Users\FlowUP\AppData\Roaming\.minecraft\saves\CTF-1.21.10 v1.29 - fleche explo\datapacks\Magic_FR\data\spells\function\spellsystem\spell3\spell3_m\teleport.mcfunction", "mcfunction", 13, 0, 4, 6, 23
"c:\Users\FlowUP\AppData\Roaming\.minecraft\saves\CTF-1.21.10 v1.29 - fleche explo\datapacks\Magic_FR\data\spells\function\spellsystem\spell3\spell3_m\trail.mcfunction", "mcfunction", 5, 0, 1, 2, 8
"c:\Users\FlowUP\AppData\Roaming\.minecraft\saves\CTF-1.21.10 v1.29 - fleche explo\datapacks\Magic_FR\data\spells\function\spellsystem\spell3\spell3_r\enter_smoke.mcfunction", "mcfunction", 2, 0, 1, 1, 4
"c:\Users\FlowUP\AppData\Roaming\.minecraft\saves\CTF-1.21.10 v1.29 - fleche explo\datapacks\Magic_FR\data\spells\function\spellsystem\spell3\spell3_r\launchpotion\player1.mcfunction", "mcfunction", 6, 0, 4, 7, 17
"c:\Users\FlowUP\AppData\Roaming\.minecraft\saves\CTF-1.21.10 v1.29 - fleche explo\datapacks\Magic_FR\data\spells\function\spellsystem\spell3\spell3_r\launchpotion\player10.mcfunction", "mcfunction", 6, 0, 4, 7, 17
"c:\Users\FlowUP\AppData\Roaming\.minecraft\saves\CTF-1.21.10 v1.29 - fleche explo\datapacks\Magic_FR\data\spells\function\spellsystem\spell3\spell3_r\launchpotion\player11.mcfunction", "mcfunction", 6, 0, 4, 7, 17
"c:\Users\FlowUP\AppData\Roaming\.minecraft\saves\CTF-1.21.10 v1.29 - fleche explo\datapacks\Magic_FR\data\spells\function\spellsystem\spell3\spell3_r\launchpotion\player12.mcfunction", "mcfunction", 6, 0, 4, 7, 17
"c:\Users\FlowUP\AppData\Roaming\.minecraft\saves\CTF-1.21.10 v1.29 - fleche explo\datapacks\Magic_FR\data\spells\function\spellsystem\spell3\spell3_r\launchpotion\player2.mcfunction", "mcfunction", 6, 0, 4, 7, 17
"c:\Users\FlowUP\AppData\Roaming\.minecraft\saves\CTF-1.21.10 v1.29 - fleche explo\datapacks\Magic_FR\data\spells\function\spellsystem\spell3\spell3_r\launchpotion\player3.mcfunction", "mcfunction", 6, 0, 4, 7, 17
"c:\Users\FlowUP\AppData\Roaming\.minecraft\saves\CTF-1.21.10 v1.29 - fleche explo\datapacks\Magic_FR\data\spells\function\spellsystem\spell3\spell3_r\launchpotion\player4.mcfunction", "mcfunction", 6, 0, 4, 7, 17
"c:\Users\FlowUP\AppData\Roaming\.minecraft\saves\CTF-1.21.10 v1.29 - fleche explo\datapacks\Magic_FR\data\spells\function\spellsystem\spell3\spell3_r\launchpotion\player5.mcfunction", "mcfunction", 6, 0, 4, 7, 17
"c:\Users\FlowUP\AppData\Roaming\.minecraft\saves\CTF-1.21.10 v1.29 - fleche explo\datapacks\Magic_FR\data\spells\function\spellsystem\spell3\spell3_r\launchpotion\player6.mcfunction", "mcfunction", 6, 0, 4, 7, 17
"c:\Users\FlowUP\AppData\Roaming\.minecraft\saves\CTF-1.21.10 v1.29 - fleche explo\datapacks\Magic_FR\data\spells\function\spellsystem\spell3\spell3_r\launchpotion\player7.mcfunction", "mcfunction", 6, 0, 4, 7, 17
"c:\Users\FlowUP\AppData\Roaming\.minecraft\saves\CTF-1.21.10 v1.29 - fleche explo\datapacks\Magic_FR\data\spells\function\spellsystem\spell3\spell3_r\launchpotion\player8.mcfunction", "mcfunction", 6, 0, 4, 7, 17
"c:\Users\FlowUP\AppData\Roaming\.minecraft\saves\CTF-1.21.10 v1.29 - fleche explo\datapacks\Magic_FR\data\spells\function\spellsystem\spell3\spell3_r\launchpotion\player9.mcfunction", "mcfunction", 6, 0, 4, 7, 17
"c:\Users\FlowUP\AppData\Roaming\.minecraft\saves\CTF-1.21.10 v1.29 - fleche explo\datapacks\Magic_FR\data\spells\function\spellsystem\spell3\spell3_r\leave_smoke.mcfunction", "mcfunction", 2, 0, 1, 1, 4
"c:\Users\FlowUP\AppData\Roaming\.minecraft\saves\CTF-1.21.10 v1.29 - fleche explo\datapacks\Magic_FR\data\spells\function\spellsystem\spell3\spell3_r\refresh_bossbar.mcfunction", "mcfunction", 14, 0, 3, 5, 22
"c:\Users\FlowUP\AppData\Roaming\.minecraft\saves\CTF-1.21.10 v1.29 - fleche explo\datapacks\Magic_FR\data\spells\function\spellsystem\spell3\spell3_r\refresh_spell_item.mcfunction", "mcfunction", 9, 0, 3, 1, 13
"c:\Users\FlowUP\AppData\Roaming\.minecraft\saves\CTF-1.21.10 v1.29 - fleche explo\datapacks\Magic_FR\data\spells\function\spellsystem\spell3\spell3_r\summon_system\player10\determine_when_summon.mcfunction", "mcfunction", 2, 0, 1, 0, 3
"c:\Users\FlowUP\AppData\Roaming\.minecraft\saves\CTF-1.21.10 v1.29 - fleche explo\datapacks\Magic_FR\data\spells\function\spellsystem\spell3\spell3_r\summon_system\player10\smoke_potion.mcfunction", "mcfunction", 2, 0, 2, 1, 5
"c:\Users\FlowUP\AppData\Roaming\.minecraft\saves\CTF-1.21.10 v1.29 - fleche explo\datapacks\Magic_FR\data\spells\function\spellsystem\spell3\spell3_r\summon_system\player10\summon.mcfunction", "mcfunction", 7, 0, 3, 3, 13
"c:\Users\FlowUP\AppData\Roaming\.minecraft\saves\CTF-1.21.10 v1.29 - fleche explo\datapacks\Magic_FR\data\spells\function\spellsystem\spell3\spell3_r\summon_system\player11\determine_when_summon.mcfunction", "mcfunction", 2, 0, 1, 0, 3
"c:\Users\FlowUP\AppData\Roaming\.minecraft\saves\CTF-1.21.10 v1.29 - fleche explo\datapacks\Magic_FR\data\spells\function\spellsystem\spell3\spell3_r\summon_system\player11\smoke_potion.mcfunction", "mcfunction", 2, 0, 2, 1, 5
"c:\Users\FlowUP\AppData\Roaming\.minecraft\saves\CTF-1.21.10 v1.29 - fleche explo\datapacks\Magic_FR\data\spells\function\spellsystem\spell3\spell3_r\summon_system\player11\summon.mcfunction", "mcfunction", 7, 0, 3, 3, 13
"c:\Users\FlowUP\AppData\Roaming\.minecraft\saves\CTF-1.21.10 v1.29 - fleche explo\datapacks\Magic_FR\data\spells\function\spellsystem\spell3\spell3_r\summon_system\player12\determine_when_summon.mcfunction", "mcfunction", 2, 0, 1, 0, 3
"c:\Users\FlowUP\AppData\Roaming\.minecraft\saves\CTF-1.21.10 v1.29 - fleche explo\datapacks\Magic_FR\data\spells\function\spellsystem\spell3\spell3_r\summon_system\player12\smoke_potion.mcfunction", "mcfunction", 2, 0, 2, 1, 5
"c:\Users\FlowUP\AppData\Roaming\.minecraft\saves\CTF-1.21.10 v1.29 - fleche explo\datapacks\Magic_FR\data\spells\function\spellsystem\spell3\spell3_r\summon_system\player12\summon.mcfunction", "mcfunction", 7, 0, 3, 3, 13
"c:\Users\FlowUP\AppData\Roaming\.minecraft\saves\CTF-1.21.10 v1.29 - fleche explo\datapacks\Magic_FR\data\spells\function\spellsystem\spell3\spell3_r\summon_system\player1\determine_when_summon.mcfunction", "mcfunction", 2, 0, 1, 0, 3
"c:\Users\FlowUP\AppData\Roaming\.minecraft\saves\CTF-1.21.10 v1.29 - fleche explo\datapacks\Magic_FR\data\spells\function\spellsystem\spell3\spell3_r\summon_system\player1\smoke_potion.mcfunction", "mcfunction", 2, 0, 2, 0, 4
"c:\Users\FlowUP\AppData\Roaming\.minecraft\saves\CTF-1.21.10 v1.29 - fleche explo\datapacks\Magic_FR\data\spells\function\spellsystem\spell3\spell3_r\summon_system\player1\summon.mcfunction", "mcfunction", 7, 0, 3, 4, 14
"c:\Users\FlowUP\AppData\Roaming\.minecraft\saves\CTF-1.21.10 v1.29 - fleche explo\datapacks\Magic_FR\data\spells\function\spellsystem\spell3\spell3_r\summon_system\player2\determine_when_summon.mcfunction", "mcfunction", 2, 0, 1, 0, 3
"c:\Users\FlowUP\AppData\Roaming\.minecraft\saves\CTF-1.21.10 v1.29 - fleche explo\datapacks\Magic_FR\data\spells\function\spellsystem\spell3\spell3_r\summon_system\player2\smoke_potion.mcfunction", "mcfunction", 2, 0, 2, 1, 5
"c:\Users\FlowUP\AppData\Roaming\.minecraft\saves\CTF-1.21.10 v1.29 - fleche explo\datapacks\Magic_FR\data\spells\function\spellsystem\spell3\spell3_r\summon_system\player2\summon.mcfunction", "mcfunction", 7, 0, 3, 3, 13
"c:\Users\FlowUP\AppData\Roaming\.minecraft\saves\CTF-1.21.10 v1.29 - fleche explo\datapacks\Magic_FR\data\spells\function\spellsystem\spell3\spell3_r\summon_system\player3\determine_when_summon.mcfunction", "mcfunction", 2, 0, 1, 0, 3
"c:\Users\FlowUP\AppData\Roaming\.minecraft\saves\CTF-1.21.10 v1.29 - fleche explo\datapacks\Magic_FR\data\spells\function\spellsystem\spell3\spell3_r\summon_system\player3\smoke_potion.mcfunction", "mcfunction", 2, 0, 2, 1, 5
"c:\Users\FlowUP\AppData\Roaming\.minecraft\saves\CTF-1.21.10 v1.29 - fleche explo\datapacks\Magic_FR\data\spells\function\spellsystem\spell3\spell3_r\summon_system\player3\summon.mcfunction", "mcfunction", 7, 0, 3, 3, 13
"c:\Users\FlowUP\AppData\Roaming\.minecraft\saves\CTF-1.21.10 v1.29 - fleche explo\datapacks\Magic_FR\data\spells\function\spellsystem\spell3\spell3_r\summon_system\player4\determine_when_summon.mcfunction", "mcfunction", 2, 0, 1, 0, 3
"c:\Users\FlowUP\AppData\Roaming\.minecraft\saves\CTF-1.21.10 v1.29 - fleche explo\datapacks\Magic_FR\data\spells\function\spellsystem\spell3\spell3_r\summon_system\player4\smoke_potion.mcfunction", "mcfunction", 2, 0, 2, 1, 5
"c:\Users\FlowUP\AppData\Roaming\.minecraft\saves\CTF-1.21.10 v1.29 - fleche explo\datapacks\Magic_FR\data\spells\function\spellsystem\spell3\spell3_r\summon_system\player4\summon.mcfunction", "mcfunction", 7, 0, 3, 3, 13
"c:\Users\FlowUP\AppData\Roaming\.minecraft\saves\CTF-1.21.10 v1.29 - fleche explo\datapacks\Magic_FR\data\spells\function\spellsystem\spell3\spell3_r\summon_system\player5\determine_when_summon.mcfunction", "mcfunction", 2, 0, 1, 0, 3
"c:\Users\FlowUP\AppData\Roaming\.minecraft\saves\CTF-1.21.10 v1.29 - fleche explo\datapacks\Magic_FR\data\spells\function\spellsystem\spell3\spell3_r\summon_system\player5\smoke_potion.mcfunction", "mcfunction", 2, 0, 2, 1, 5
"c:\Users\FlowUP\AppData\Roaming\.minecraft\saves\CTF-1.21.10 v1.29 - fleche explo\datapacks\Magic_FR\data\spells\function\spellsystem\spell3\spell3_r\summon_system\player5\summon.mcfunction", "mcfunction", 7, 0, 3, 3, 13
"c:\Users\FlowUP\AppData\Roaming\.minecraft\saves\CTF-1.21.10 v1.29 - fleche explo\datapacks\Magic_FR\data\spells\function\spellsystem\spell3\spell3_r\summon_system\player6\determine_when_summon.mcfunction", "mcfunction", 2, 0, 1, 0, 3
"c:\Users\FlowUP\AppData\Roaming\.minecraft\saves\CTF-1.21.10 v1.29 - fleche explo\datapacks\Magic_FR\data\spells\function\spellsystem\spell3\spell3_r\summon_system\player6\smoke_potion.mcfunction", "mcfunction", 2, 0, 2, 1, 5
"c:\Users\FlowUP\AppData\Roaming\.minecraft\saves\CTF-1.21.10 v1.29 - fleche explo\datapacks\Magic_FR\data\spells\function\spellsystem\spell3\spell3_r\summon_system\player6\summon.mcfunction", "mcfunction", 7, 0, 3, 3, 13
"c:\Users\FlowUP\AppData\Roaming\.minecraft\saves\CTF-1.21.10 v1.29 - fleche explo\datapacks\Magic_FR\data\spells\function\spellsystem\spell3\spell3_r\summon_system\player7\determine_when_summon.mcfunction", "mcfunction", 2, 0, 1, 0, 3
"c:\Users\FlowUP\AppData\Roaming\.minecraft\saves\CTF-1.21.10 v1.29 - fleche explo\datapacks\Magic_FR\data\spells\function\spellsystem\spell3\spell3_r\summon_system\player7\smoke_potion.mcfunction", "mcfunction", 2, 0, 2, 1, 5
"c:\Users\FlowUP\AppData\Roaming\.minecraft\saves\CTF-1.21.10 v1.29 - fleche explo\datapacks\Magic_FR\data\spells\function\spellsystem\spell3\spell3_r\summon_system\player7\summon.mcfunction", "mcfunction", 7, 0, 3, 3, 13
"c:\Users\FlowUP\AppData\Roaming\.minecraft\saves\CTF-1.21.10 v1.29 - fleche explo\datapacks\Magic_FR\data\spells\function\spellsystem\spell3\spell3_r\summon_system\player8\determine_when_summon.mcfunction", "mcfunction", 2, 0, 1, 0, 3
"c:\Users\FlowUP\AppData\Roaming\.minecraft\saves\CTF-1.21.10 v1.29 - fleche explo\datapacks\Magic_FR\data\spells\function\spellsystem\spell3\spell3_r\summon_system\player8\smoke_potion.mcfunction", "mcfunction", 2, 0, 2, 1, 5
"c:\Users\FlowUP\AppData\Roaming\.minecraft\saves\CTF-1.21.10 v1.29 - fleche explo\datapacks\Magic_FR\data\spells\function\spellsystem\spell3\spell3_r\summon_system\player8\summon.mcfunction", "mcfunction", 7, 0, 3, 3, 13
"c:\Users\FlowUP\AppData\Roaming\.minecraft\saves\CTF-1.21.10 v1.29 - fleche explo\datapacks\Magic_FR\data\spells\function\spellsystem\spell3\spell3_r\summon_system\player9\determine_when_summon.mcfunction", "mcfunction", 2, 0, 1, 0, 3
"c:\Users\FlowUP\AppData\Roaming\.minecraft\saves\CTF-1.21.10 v1.29 - fleche explo\datapacks\Magic_FR\data\spells\function\spellsystem\spell3\spell3_r\summon_system\player9\smoke_potion.mcfunction", "mcfunction", 2, 0, 2, 1, 5
"c:\Users\FlowUP\AppData\Roaming\.minecraft\saves\CTF-1.21.10 v1.29 - fleche explo\datapacks\Magic_FR\data\spells\function\spellsystem\spell3\spell3_r\summon_system\player9\summon.mcfunction", "mcfunction", 7, 0, 3, 3, 13
"c:\Users\FlowUP\AppData\Roaming\.minecraft\saves\CTF-1.21.10 v1.29 - fleche explo\datapacks\Magic_FR\data\spells\function\spellsystem\spell3\spell3_r\summon_system\testplayer.mcfunction", "mcfunction", 12, 0, 2, 2, 16
"c:\Users\FlowUP\AppData\Roaming\.minecraft\saves\CTF-1.21.10 v1.29 - fleche explo\datapacks\Magic_FR\data\spells\function\spellsystem\spell3\spell3_r\timer_over.mcfunction", "mcfunction", 15, 0, 2, 3, 20
"c:\Users\FlowUP\AppData\Roaming\.minecraft\saves\CTF-1.21.10 v1.29 - fleche explo\datapacks\Magic_FR\data\spells\function\spellsystem\spell3\spell3_w\hook\apply_dmg.mcfunction", "mcfunction", 14, 0, 4, 3, 21
"c:\Users\FlowUP\AppData\Roaming\.minecraft\saves\CTF-1.21.10 v1.29 - fleche explo\datapacks\Magic_FR\data\spells\function\spellsystem\spell3\spell3_w\hook\bossbar\no_more_stun.mcfunction", "mcfunction", 30, 0, 8, 8, 46
"c:\Users\FlowUP\AppData\Roaming\.minecraft\saves\CTF-1.21.10 v1.29 - fleche explo\datapacks\Magic_FR\data\spells\function\spellsystem\spell3\spell3_w\hook\bossbar\refresh_bossbar_hooked.mcfunction", "mcfunction", 13, 0, 3, 1, 17
"c:\Users\FlowUP\AppData\Roaming\.minecraft\saves\CTF-1.21.10 v1.29 - fleche explo\datapacks\Magic_FR\data\spells\function\spellsystem\spell3\spell3_w\hook\bossbar\refresh_bossbar_hooker.mcfunction", "mcfunction", 13, 0, 3, 1, 17
"c:\Users\FlowUP\AppData\Roaming\.minecraft\saves\CTF-1.21.10 v1.29 - fleche explo\datapacks\Magic_FR\data\spells\function\spellsystem\spell3\spell3_w\hook\extand_hook\rotate_hook\extand_schedule\player10_blue.mcfunction", "mcfunction", 5, 0, 7, 5, 17
"c:\Users\FlowUP\AppData\Roaming\.minecraft\saves\CTF-1.21.10 v1.29 - fleche explo\datapacks\Magic_FR\data\spells\function\spellsystem\spell3\spell3_w\hook\extand_hook\rotate_hook\extand_schedule\player10_blue_schedule.mcfunction", "mcfunction", 1, 0, 2, 2, 5
"c:\Users\FlowUP\AppData\Roaming\.minecraft\saves\CTF-1.21.10 v1.29 - fleche explo\datapacks\Magic_FR\data\spells\function\spellsystem\spell3\spell3_w\hook\extand_hook\rotate_hook\extand_schedule\player10_red.mcfunction", "mcfunction", 5, 0, 7, 5, 17
"c:\Users\FlowUP\AppData\Roaming\.minecraft\saves\CTF-1.21.10 v1.29 - fleche explo\datapacks\Magic_FR\data\spells\function\spellsystem\spell3\spell3_w\hook\extand_hook\rotate_hook\extand_schedule\player10_red_schedule.mcfunction", "mcfunction", 1, 0, 2, 2, 5
"c:\Users\FlowUP\AppData\Roaming\.minecraft\saves\CTF-1.21.10 v1.29 - fleche explo\datapacks\Magic_FR\data\spells\function\spellsystem\spell3\spell3_w\hook\extand_hook\rotate_hook\extand_schedule\player11_blue.mcfunction", "mcfunction", 5, 0, 7, 5, 17
"c:\Users\FlowUP\AppData\Roaming\.minecraft\saves\CTF-1.21.10 v1.29 - fleche explo\datapacks\Magic_FR\data\spells\function\spellsystem\spell3\spell3_w\hook\extand_hook\rotate_hook\extand_schedule\player11_blue_schedule.mcfunction", "mcfunction", 1, 0, 2, 2, 5
"c:\Users\FlowUP\AppData\Roaming\.minecraft\saves\CTF-1.21.10 v1.29 - fleche explo\datapacks\Magic_FR\data\spells\function\spellsystem\spell3\spell3_w\hook\extand_hook\rotate_hook\extand_schedule\player11_red.mcfunction", "mcfunction", 5, 0, 7, 5, 17
"c:\Users\FlowUP\AppData\Roaming\.minecraft\saves\CTF-1.21.10 v1.29 - fleche explo\datapacks\Magic_FR\data\spells\function\spellsystem\spell3\spell3_w\hook\extand_hook\rotate_hook\extand_schedule\player11_red_schedule.mcfunction", "mcfunction", 1, 0, 2, 2, 5
"c:\Users\FlowUP\AppData\Roaming\.minecraft\saves\CTF-1.21.10 v1.29 - fleche explo\datapacks\Magic_FR\data\spells\function\spellsystem\spell3\spell3_w\hook\extand_hook\rotate_hook\extand_schedule\player12_blue.mcfunction", "mcfunction", 5, 0, 7, 5, 17
"c:\Users\FlowUP\AppData\Roaming\.minecraft\saves\CTF-1.21.10 v1.29 - fleche explo\datapacks\Magic_FR\data\spells\function\spellsystem\spell3\spell3_w\hook\extand_hook\rotate_hook\extand_schedule\player12_blue_schedule.mcfunction", "mcfunction", 1, 0, 2, 2, 5
"c:\Users\FlowUP\AppData\Roaming\.minecraft\saves\CTF-1.21.10 v1.29 - fleche explo\datapacks\Magic_FR\data\spells\function\spellsystem\spell3\spell3_w\hook\extand_hook\rotate_hook\extand_schedule\player12_red.mcfunction", "mcfunction", 5, 0, 7, 5, 17
"c:\Users\FlowUP\AppData\Roaming\.minecraft\saves\CTF-1.21.10 v1.29 - fleche explo\datapacks\Magic_FR\data\spells\function\spellsystem\spell3\spell3_w\hook\extand_hook\rotate_hook\extand_schedule\player12_red_schedule.mcfunction", "mcfunction", 1, 0, 2, 2, 5
"c:\Users\FlowUP\AppData\Roaming\.minecraft\saves\CTF-1.21.10 v1.29 - fleche explo\datapacks\Magic_FR\data\spells\function\spellsystem\spell3\spell3_w\hook\extand_hook\rotate_hook\extand_schedule\player1_blue.mcfunction", "mcfunction", 5, 0, 7, 5, 17
"c:\Users\FlowUP\AppData\Roaming\.minecraft\saves\CTF-1.21.10 v1.29 - fleche explo\datapacks\Magic_FR\data\spells\function\spellsystem\spell3\spell3_w\hook\extand_hook\rotate_hook\extand_schedule\player1_blue_schedule.mcfunction", "mcfunction", 1, 0, 2, 2, 5
"c:\Users\FlowUP\AppData\Roaming\.minecraft\saves\CTF-1.21.10 v1.29 - fleche explo\datapacks\Magic_FR\data\spells\function\spellsystem\spell3\spell3_w\hook\extand_hook\rotate_hook\extand_schedule\player1_red.mcfunction", "mcfunction", 5, 0, 7, 5, 17
"c:\Users\FlowUP\AppData\Roaming\.minecraft\saves\CTF-1.21.10 v1.29 - fleche explo\datapacks\Magic_FR\data\spells\function\spellsystem\spell3\spell3_w\hook\extand_hook\rotate_hook\extand_schedule\player1_red_schedule.mcfunction", "mcfunction", 1, 0, 2, 2, 5
"c:\Users\FlowUP\AppData\Roaming\.minecraft\saves\CTF-1.21.10 v1.29 - fleche explo\datapacks\Magic_FR\data\spells\function\spellsystem\spell3\spell3_w\hook\extand_hook\rotate_hook\extand_schedule\player2_blue.mcfunction", "mcfunction", 5, 0, 7, 5, 17
"c:\Users\FlowUP\AppData\Roaming\.minecraft\saves\CTF-1.21.10 v1.29 - fleche explo\datapacks\Magic_FR\data\spells\function\spellsystem\spell3\spell3_w\hook\extand_hook\rotate_hook\extand_schedule\player2_blue_schedule.mcfunction", "mcfunction", 1, 0, 2, 1, 4
"c:\Users\FlowUP\AppData\Roaming\.minecraft\saves\CTF-1.21.10 v1.29 - fleche explo\datapacks\Magic_FR\data\spells\function\spellsystem\spell3\spell3_w\hook\extand_hook\rotate_hook\extand_schedule\player2_red.mcfunction", "mcfunction", 5, 0, 7, 5, 17
"c:\Users\FlowUP\AppData\Roaming\.minecraft\saves\CTF-1.21.10 v1.29 - fleche explo\datapacks\Magic_FR\data\spells\function\spellsystem\spell3\spell3_w\hook\extand_hook\rotate_hook\extand_schedule\player2_red_schedule.mcfunction", "mcfunction", 1, 0, 2, 2, 5
"c:\Users\FlowUP\AppData\Roaming\.minecraft\saves\CTF-1.21.10 v1.29 - fleche explo\datapacks\Magic_FR\data\spells\function\spellsystem\spell3\spell3_w\hook\extand_hook\rotate_hook\extand_schedule\player3_blue.mcfunction", "mcfunction", 5, 0, 7, 5, 17
"c:\Users\FlowUP\AppData\Roaming\.minecraft\saves\CTF-1.21.10 v1.29 - fleche explo\datapacks\Magic_FR\data\spells\function\spellsystem\spell3\spell3_w\hook\extand_hook\rotate_hook\extand_schedule\player3_blue_schedule.mcfunction", "mcfunction", 1, 0, 2, 2, 5
"c:\Users\FlowUP\AppData\Roaming\.minecraft\saves\CTF-1.21.10 v1.29 - fleche explo\datapacks\Magic_FR\data\spells\function\spellsystem\spell3\spell3_w\hook\extand_hook\rotate_hook\extand_schedule\player3_red.mcfunction", "mcfunction", 5, 0, 7, 5, 17
"c:\Users\FlowUP\AppData\Roaming\.minecraft\saves\CTF-1.21.10 v1.29 - fleche explo\datapacks\Magic_FR\data\spells\function\spellsystem\spell3\spell3_w\hook\extand_hook\rotate_hook\extand_schedule\player3_red_schedule.mcfunction", "mcfunction", 1, 0, 2, 2, 5
"c:\Users\FlowUP\AppData\Roaming\.minecraft\saves\CTF-1.21.10 v1.29 - fleche explo\datapacks\Magic_FR\data\spells\function\spellsystem\spell3\spell3_w\hook\extand_hook\rotate_hook\extand_schedule\player4_blue.mcfunction", "mcfunction", 5, 0, 7, 5, 17
"c:\Users\FlowUP\AppData\Roaming\.minecraft\saves\CTF-1.21.10 v1.29 - fleche explo\datapacks\Magic_FR\data\spells\function\spellsystem\spell3\spell3_w\hook\extand_hook\rotate_hook\extand_schedule\player4_blue_schedule.mcfunction", "mcfunction", 1, 0, 2, 2, 5
"c:\Users\FlowUP\AppData\Roaming\.minecraft\saves\CTF-1.21.10 v1.29 - fleche explo\datapacks\Magic_FR\data\spells\function\spellsystem\spell3\spell3_w\hook\extand_hook\rotate_hook\extand_schedule\player4_red.mcfunction", "mcfunction", 5, 0, 7, 5, 17
"c:\Users\FlowUP\AppData\Roaming\.minecraft\saves\CTF-1.21.10 v1.29 - fleche explo\datapacks\Magic_FR\data\spells\function\spellsystem\spell3\spell3_w\hook\extand_hook\rotate_hook\extand_schedule\player4_red_schedule.mcfunction", "mcfunction", 1, 0, 2, 2, 5
"c:\Users\FlowUP\AppData\Roaming\.minecraft\saves\CTF-1.21.10 v1.29 - fleche explo\datapacks\Magic_FR\data\spells\function\spellsystem\spell3\spell3_w\hook\extand_hook\rotate_hook\extand_schedule\player5_blue.mcfunction", "mcfunction", 5, 0, 7, 5, 17
"c:\Users\FlowUP\AppData\Roaming\.minecraft\saves\CTF-1.21.10 v1.29 - fleche explo\datapacks\Magic_FR\data\spells\function\spellsystem\spell3\spell3_w\hook\extand_hook\rotate_hook\extand_schedule\player5_blue_schedule.mcfunction", "mcfunction", 1, 0, 2, 2, 5
"c:\Users\FlowUP\AppData\Roaming\.minecraft\saves\CTF-1.21.10 v1.29 - fleche explo\datapacks\Magic_FR\data\spells\function\spellsystem\spell3\spell3_w\hook\extand_hook\rotate_hook\extand_schedule\player5_red.mcfunction", "mcfunction", 5, 0, 7, 5, 17
"c:\Users\FlowUP\AppData\Roaming\.minecraft\saves\CTF-1.21.10 v1.29 - fleche explo\datapacks\Magic_FR\data\spells\function\spellsystem\spell3\spell3_w\hook\extand_hook\rotate_hook\extand_schedule\player5_red_schedule.mcfunction", "mcfunction", 1, 0, 2, 2, 5
"c:\Users\FlowUP\AppData\Roaming\.minecraft\saves\CTF-1.21.10 v1.29 - fleche explo\datapacks\Magic_FR\data\spells\function\spellsystem\spell3\spell3_w\hook\extand_hook\rotate_hook\extand_schedule\player6_blue.mcfunction", "mcfunction", 5, 0, 7, 5, 17
"c:\Users\FlowUP\AppData\Roaming\.minecraft\saves\CTF-1.21.10 v1.29 - fleche explo\datapacks\Magic_FR\data\spells\function\spellsystem\spell3\spell3_w\hook\extand_hook\rotate_hook\extand_schedule\player6_blue_schedule.mcfunction", "mcfunction", 1, 0, 2, 2, 5
"c:\Users\FlowUP\AppData\Roaming\.minecraft\saves\CTF-1.21.10 v1.29 - fleche explo\datapacks\Magic_FR\data\spells\function\spellsystem\spell3\spell3_w\hook\extand_hook\rotate_hook\extand_schedule\player6_red.mcfunction", "mcfunction", 5, 0, 7, 5, 17
"c:\Users\FlowUP\AppData\Roaming\.minecraft\saves\CTF-1.21.10 v1.29 - fleche explo\datapacks\Magic_FR\data\spells\function\spellsystem\spell3\spell3_w\hook\extand_hook\rotate_hook\extand_schedule\player6_red_schedule.mcfunction", "mcfunction", 1, 0, 2, 2, 5
"c:\Users\FlowUP\AppData\Roaming\.minecraft\saves\CTF-1.21.10 v1.29 - fleche explo\datapacks\Magic_FR\data\spells\function\spellsystem\spell3\spell3_w\hook\extand_hook\rotate_hook\extand_schedule\player7_blue.mcfunction", "mcfunction", 5, 0, 7, 5, 17
"c:\Users\FlowUP\AppData\Roaming\.minecraft\saves\CTF-1.21.10 v1.29 - fleche explo\datapacks\Magic_FR\data\spells\function\spellsystem\spell3\spell3_w\hook\extand_hook\rotate_hook\extand_schedule\player7_blue_schedule.mcfunction", "mcfunction", 1, 0, 2, 2, 5
"c:\Users\FlowUP\AppData\Roaming\.minecraft\saves\CTF-1.21.10 v1.29 - fleche explo\datapacks\Magic_FR\data\spells\function\spellsystem\spell3\spell3_w\hook\extand_hook\rotate_hook\extand_schedule\player7_red.mcfunction", "mcfunction", 5, 0, 7, 5, 17
"c:\Users\FlowUP\AppData\Roaming\.minecraft\saves\CTF-1.21.10 v1.29 - fleche explo\datapacks\Magic_FR\data\spells\function\spellsystem\spell3\spell3_w\hook\extand_hook\rotate_hook\extand_schedule\player7_red_schedule.mcfunction", "mcfunction", 1, 0, 2, 2, 5
"c:\Users\FlowUP\AppData\Roaming\.minecraft\saves\CTF-1.21.10 v1.29 - fleche explo\datapacks\Magic_FR\data\spells\function\spellsystem\spell3\spell3_w\hook\extand_hook\rotate_hook\extand_schedule\player8_blue.mcfunction", "mcfunction", 5, 0, 7, 5, 17
"c:\Users\FlowUP\AppData\Roaming\.minecraft\saves\CTF-1.21.10 v1.29 - fleche explo\datapacks\Magic_FR\data\spells\function\spellsystem\spell3\spell3_w\hook\extand_hook\rotate_hook\extand_schedule\player8_blue_schedule.mcfunction", "mcfunction", 1, 0, 2, 2, 5
"c:\Users\FlowUP\AppData\Roaming\.minecraft\saves\CTF-1.21.10 v1.29 - fleche explo\datapacks\Magic_FR\data\spells\function\spellsystem\spell3\spell3_w\hook\extand_hook\rotate_hook\extand_schedule\player8_red.mcfunction", "mcfunction", 5, 0, 7, 5, 17
"c:\Users\FlowUP\AppData\Roaming\.minecraft\saves\CTF-1.21.10 v1.29 - fleche explo\datapacks\Magic_FR\data\spells\function\spellsystem\spell3\spell3_w\hook\extand_hook\rotate_hook\extand_schedule\player8_red_schedule.mcfunction", "mcfunction", 1, 0, 2, 2, 5
"c:\Users\FlowUP\AppData\Roaming\.minecraft\saves\CTF-1.21.10 v1.29 - fleche explo\datapacks\Magic_FR\data\spells\function\spellsystem\spell3\spell3_w\hook\extand_hook\rotate_hook\extand_schedule\player9_blue.mcfunction", "mcfunction", 5, 0, 7, 5, 17
"c:\Users\FlowUP\AppData\Roaming\.minecraft\saves\CTF-1.21.10 v1.29 - fleche explo\datapacks\Magic_FR\data\spells\function\spellsystem\spell3\spell3_w\hook\extand_hook\rotate_hook\extand_schedule\player9_blue_schedule.mcfunction", "mcfunction", 1, 0, 2, 2, 5
"c:\Users\FlowUP\AppData\Roaming\.minecraft\saves\CTF-1.21.10 v1.29 - fleche explo\datapacks\Magic_FR\data\spells\function\spellsystem\spell3\spell3_w\hook\extand_hook\rotate_hook\extand_schedule\player9_red.mcfunction", "mcfunction", 5, 0, 7, 5, 17
"c:\Users\FlowUP\AppData\Roaming\.minecraft\saves\CTF-1.21.10 v1.29 - fleche explo\datapacks\Magic_FR\data\spells\function\spellsystem\spell3\spell3_w\hook\extand_hook\rotate_hook\extand_schedule\player9_red_schedule.mcfunction", "mcfunction", 1, 0, 2, 2, 5
"c:\Users\FlowUP\AppData\Roaming\.minecraft\saves\CTF-1.21.10 v1.29 - fleche explo\datapacks\Magic_FR\data\spells\function\spellsystem\spell3\spell3_w\hook\extand_hook\rotate_hook\rotate_player10_blue.mcfunction", "mcfunction", 7, 0, 8, 6, 21
"c:\Users\FlowUP\AppData\Roaming\.minecraft\saves\CTF-1.21.10 v1.29 - fleche explo\datapacks\Magic_FR\data\spells\function\spellsystem\spell3\spell3_w\hook\extand_hook\rotate_hook\rotate_player10_red.mcfunction", "mcfunction", 7, 0, 8, 6, 21
"c:\Users\FlowUP\AppData\Roaming\.minecraft\saves\CTF-1.21.10 v1.29 - fleche explo\datapacks\Magic_FR\data\spells\function\spellsystem\spell3\spell3_w\hook\extand_hook\rotate_hook\rotate_player11_blue.mcfunction", "mcfunction", 7, 0, 8, 6, 21
"c:\Users\FlowUP\AppData\Roaming\.minecraft\saves\CTF-1.21.10 v1.29 - fleche explo\datapacks\Magic_FR\data\spells\function\spellsystem\spell3\spell3_w\hook\extand_hook\rotate_hook\rotate_player11_red.mcfunction", "mcfunction", 7, 0, 8, 6, 21
"c:\Users\FlowUP\AppData\Roaming\.minecraft\saves\CTF-1.21.10 v1.29 - fleche explo\datapacks\Magic_FR\data\spells\function\spellsystem\spell3\spell3_w\hook\extand_hook\rotate_hook\rotate_player12_blue.mcfunction", "mcfunction", 7, 0, 8, 6, 21
"c:\Users\FlowUP\AppData\Roaming\.minecraft\saves\CTF-1.21.10 v1.29 - fleche explo\datapacks\Magic_FR\data\spells\function\spellsystem\spell3\spell3_w\hook\extand_hook\rotate_hook\rotate_player12_red.mcfunction", "mcfunction", 7, 0, 8, 6, 21
"c:\Users\FlowUP\AppData\Roaming\.minecraft\saves\CTF-1.21.10 v1.29 - fleche explo\datapacks\Magic_FR\data\spells\function\spellsystem\spell3\spell3_w\hook\extand_hook\rotate_hook\rotate_player1_blue.mcfunction", "mcfunction", 7, 0, 8, 6, 21
"c:\Users\FlowUP\AppData\Roaming\.minecraft\saves\CTF-1.21.10 v1.29 - fleche explo\datapacks\Magic_FR\data\spells\function\spellsystem\spell3\spell3_w\hook\extand_hook\rotate_hook\rotate_player1_red.mcfunction", "mcfunction", 7, 0, 8, 6, 21
"c:\Users\FlowUP\AppData\Roaming\.minecraft\saves\CTF-1.21.10 v1.29 - fleche explo\datapacks\Magic_FR\data\spells\function\spellsystem\spell3\spell3_w\hook\extand_hook\rotate_hook\rotate_player2_blue.mcfunction", "mcfunction", 7, 0, 8, 6, 21
"c:\Users\FlowUP\AppData\Roaming\.minecraft\saves\CTF-1.21.10 v1.29 - fleche explo\datapacks\Magic_FR\data\spells\function\spellsystem\spell3\spell3_w\hook\extand_hook\rotate_hook\rotate_player2_red.mcfunction", "mcfunction", 7, 0, 8, 6, 21
"c:\Users\FlowUP\AppData\Roaming\.minecraft\saves\CTF-1.21.10 v1.29 - fleche explo\datapacks\Magic_FR\data\spells\function\spellsystem\spell3\spell3_w\hook\extand_hook\rotate_hook\rotate_player3_blue.mcfunction", "mcfunction", 7, 0, 8, 6, 21
"c:\Users\FlowUP\AppData\Roaming\.minecraft\saves\CTF-1.21.10 v1.29 - fleche explo\datapacks\Magic_FR\data\spells\function\spellsystem\spell3\spell3_w\hook\extand_hook\rotate_hook\rotate_player3_red.mcfunction", "mcfunction", 7, 0, 8, 6, 21
"c:\Users\FlowUP\AppData\Roaming\.minecraft\saves\CTF-1.21.10 v1.29 - fleche explo\datapacks\Magic_FR\data\spells\function\spellsystem\spell3\spell3_w\hook\extand_hook\rotate_hook\rotate_player4_blue.mcfunction", "mcfunction", 7, 0, 8, 6, 21
"c:\Users\FlowUP\AppData\Roaming\.minecraft\saves\CTF-1.21.10 v1.29 - fleche explo\datapacks\Magic_FR\data\spells\function\spellsystem\spell3\spell3_w\hook\extand_hook\rotate_hook\rotate_player4_red.mcfunction", "mcfunction", 7, 0, 8, 6, 21
"c:\Users\FlowUP\AppData\Roaming\.minecraft\saves\CTF-1.21.10 v1.29 - fleche explo\datapacks\Magic_FR\data\spells\function\spellsystem\spell3\spell3_w\hook\extand_hook\rotate_hook\rotate_player5_blue.mcfunction", "mcfunction", 7, 0, 8, 6, 21
"c:\Users\FlowUP\AppData\Roaming\.minecraft\saves\CTF-1.21.10 v1.29 - fleche explo\datapacks\Magic_FR\data\spells\function\spellsystem\spell3\spell3_w\hook\extand_hook\rotate_hook\rotate_player5_red.mcfunction", "mcfunction", 7, 0, 8, 6, 21
"c:\Users\FlowUP\AppData\Roaming\.minecraft\saves\CTF-1.21.10 v1.29 - fleche explo\datapacks\Magic_FR\data\spells\function\spellsystem\spell3\spell3_w\hook\extand_hook\rotate_hook\rotate_player6_blue.mcfunction", "mcfunction", 7, 0, 8, 6, 21
"c:\Users\FlowUP\AppData\Roaming\.minecraft\saves\CTF-1.21.10 v1.29 - fleche explo\datapacks\Magic_FR\data\spells\function\spellsystem\spell3\spell3_w\hook\extand_hook\rotate_hook\rotate_player6_red.mcfunction", "mcfunction", 7, 0, 8, 6, 21
"c:\Users\FlowUP\AppData\Roaming\.minecraft\saves\CTF-1.21.10 v1.29 - fleche explo\datapacks\Magic_FR\data\spells\function\spellsystem\spell3\spell3_w\hook\extand_hook\rotate_hook\rotate_player7_blue.mcfunction", "mcfunction", 7, 0, 8, 6, 21
"c:\Users\FlowUP\AppData\Roaming\.minecraft\saves\CTF-1.21.10 v1.29 - fleche explo\datapacks\Magic_FR\data\spells\function\spellsystem\spell3\spell3_w\hook\extand_hook\rotate_hook\rotate_player7_red.mcfunction", "mcfunction", 7, 0, 8, 6, 21
"c:\Users\FlowUP\AppData\Roaming\.minecraft\saves\CTF-1.21.10 v1.29 - fleche explo\datapacks\Magic_FR\data\spells\function\spellsystem\spell3\spell3_w\hook\extand_hook\rotate_hook\rotate_player8_blue.mcfunction", "mcfunction", 7, 0, 8, 6, 21
"c:\Users\FlowUP\AppData\Roaming\.minecraft\saves\CTF-1.21.10 v1.29 - fleche explo\datapacks\Magic_FR\data\spells\function\spellsystem\spell3\spell3_w\hook\extand_hook\rotate_hook\rotate_player8_red.mcfunction", "mcfunction", 7, 0, 8, 6, 21
"c:\Users\FlowUP\AppData\Roaming\.minecraft\saves\CTF-1.21.10 v1.29 - fleche explo\datapacks\Magic_FR\data\spells\function\spellsystem\spell3\spell3_w\hook\extand_hook\rotate_hook\rotate_player9_blue.mcfunction", "mcfunction", 7, 0, 8, 6, 21
"c:\Users\FlowUP\AppData\Roaming\.minecraft\saves\CTF-1.21.10 v1.29 - fleche explo\datapacks\Magic_FR\data\spells\function\spellsystem\spell3\spell3_w\hook\extand_hook\rotate_hook\rotate_player9_red.mcfunction", "mcfunction", 7, 0, 8, 6, 21
"c:\Users\FlowUP\AppData\Roaming\.minecraft\saves\CTF-1.21.10 v1.29 - fleche explo\datapacks\Magic_FR\data\spells\function\spellsystem\spell3\spell3_w\hook\extand_hook\spawn_hook\player10_blue.mcfunction", "mcfunction", 6, 0, 8, 6, 20
"c:\Users\FlowUP\AppData\Roaming\.minecraft\saves\CTF-1.21.10 v1.29 - fleche explo\datapacks\Magic_FR\data\spells\function\spellsystem\spell3\spell3_w\hook\extand_hook\spawn_hook\player10_increase_lenght.mcfunction", "mcfunction", 2, 0, 4, 1, 7
"c:\Users\FlowUP\AppData\Roaming\.minecraft\saves\CTF-1.21.10 v1.29 - fleche explo\datapacks\Magic_FR\data\spells\function\spellsystem\spell3\spell3_w\hook\extand_hook\spawn_hook\player10_red.mcfunction", "mcfunction", 5, 0, 7, 5, 17
"c:\Users\FlowUP\AppData\Roaming\.minecraft\saves\CTF-1.21.10 v1.29 - fleche explo\datapacks\Magic_FR\data\spells\function\spellsystem\spell3\spell3_w\hook\extand_hook\spawn_hook\player11_blue.mcfunction", "mcfunction", 6, 0, 8, 6, 20
"c:\Users\FlowUP\AppData\Roaming\.minecraft\saves\CTF-1.21.10 v1.29 - fleche explo\datapacks\Magic_FR\data\spells\function\spellsystem\spell3\spell3_w\hook\extand_hook\spawn_hook\player11_increase_lenght.mcfunction", "mcfunction", 2, 0, 4, 1, 7
"c:\Users\FlowUP\AppData\Roaming\.minecraft\saves\CTF-1.21.10 v1.29 - fleche explo\datapacks\Magic_FR\data\spells\function\spellsystem\spell3\spell3_w\hook\extand_hook\spawn_hook\player11_red.mcfunction", "mcfunction", 5, 0, 7, 5, 17
"c:\Users\FlowUP\AppData\Roaming\.minecraft\saves\CTF-1.21.10 v1.29 - fleche explo\datapacks\Magic_FR\data\spells\function\spellsystem\spell3\spell3_w\hook\extand_hook\spawn_hook\player12_blue.mcfunction", "mcfunction", 6, 0, 8, 6, 20
"c:\Users\FlowUP\AppData\Roaming\.minecraft\saves\CTF-1.21.10 v1.29 - fleche explo\datapacks\Magic_FR\data\spells\function\spellsystem\spell3\spell3_w\hook\extand_hook\spawn_hook\player12_increase_lenght.mcfunction", "mcfunction", 2, 0, 4, 1, 7
"c:\Users\FlowUP\AppData\Roaming\.minecraft\saves\CTF-1.21.10 v1.29 - fleche explo\datapacks\Magic_FR\data\spells\function\spellsystem\spell3\spell3_w\hook\extand_hook\spawn_hook\player12_red.mcfunction", "mcfunction", 5, 0, 7, 5, 17
"c:\Users\FlowUP\AppData\Roaming\.minecraft\saves\CTF-1.21.10 v1.29 - fleche explo\datapacks\Magic_FR\data\spells\function\spellsystem\spell3\spell3_w\hook\extand_hook\spawn_hook\player1_blue.mcfunction", "mcfunction", 5, 0, 7, 5, 17
"c:\Users\FlowUP\AppData\Roaming\.minecraft\saves\CTF-1.21.10 v1.29 - fleche explo\datapacks\Magic_FR\data\spells\function\spellsystem\spell3\spell3_w\hook\extand_hook\spawn_hook\player1_increase_lenght.mcfunction", "mcfunction", 2, 0, 4, 1, 7
"c:\Users\FlowUP\AppData\Roaming\.minecraft\saves\CTF-1.21.10 v1.29 - fleche explo\datapacks\Magic_FR\data\spells\function\spellsystem\spell3\spell3_w\hook\extand_hook\spawn_hook\player1_red.mcfunction", "mcfunction", 5, 0, 7, 5, 17
"c:\Users\FlowUP\AppData\Roaming\.minecraft\saves\CTF-1.21.10 v1.29 - fleche explo\datapacks\Magic_FR\data\spells\function\spellsystem\spell3\spell3_w\hook\extand_hook\spawn_hook\player2_blue.mcfunction", "mcfunction", 6, 0, 8, 6, 20
"c:\Users\FlowUP\AppData\Roaming\.minecraft\saves\CTF-1.21.10 v1.29 - fleche explo\datapacks\Magic_FR\data\spells\function\spellsystem\spell3\spell3_w\hook\extand_hook\spawn_hook\player2_increase_lenght.mcfunction", "mcfunction", 2, 0, 4, 1, 7
"c:\Users\FlowUP\AppData\Roaming\.minecraft\saves\CTF-1.21.10 v1.29 - fleche explo\datapacks\Magic_FR\data\spells\function\spellsystem\spell3\spell3_w\hook\extand_hook\spawn_hook\player2_red.mcfunction", "mcfunction", 5, 0, 7, 5, 17
"c:\Users\FlowUP\AppData\Roaming\.minecraft\saves\CTF-1.21.10 v1.29 - fleche explo\datapacks\Magic_FR\data\spells\function\spellsystem\spell3\spell3_w\hook\extand_hook\spawn_hook\player3_blue.mcfunction", "mcfunction", 6, 0, 8, 6, 20
"c:\Users\FlowUP\AppData\Roaming\.minecraft\saves\CTF-1.21.10 v1.29 - fleche explo\datapacks\Magic_FR\data\spells\function\spellsystem\spell3\spell3_w\hook\extand_hook\spawn_hook\player3_increase_lenght.mcfunction", "mcfunction", 2, 0, 4, 1, 7
"c:\Users\FlowUP\AppData\Roaming\.minecraft\saves\CTF-1.21.10 v1.29 - fleche explo\datapacks\Magic_FR\data\spells\function\spellsystem\spell3\spell3_w\hook\extand_hook\spawn_hook\player3_red.mcfunction", "mcfunction", 5, 0, 7, 5, 17
"c:\Users\FlowUP\AppData\Roaming\.minecraft\saves\CTF-1.21.10 v1.29 - fleche explo\datapacks\Magic_FR\data\spells\function\spellsystem\spell3\spell3_w\hook\extand_hook\spawn_hook\player4_blue.mcfunction", "mcfunction", 6, 0, 8, 6, 20
"c:\Users\FlowUP\AppData\Roaming\.minecraft\saves\CTF-1.21.10 v1.29 - fleche explo\datapacks\Magic_FR\data\spells\function\spellsystem\spell3\spell3_w\hook\extand_hook\spawn_hook\player4_increase_lenght.mcfunction", "mcfunction", 2, 0, 4, 1, 7
"c:\Users\FlowUP\AppData\Roaming\.minecraft\saves\CTF-1.21.10 v1.29 - fleche explo\datapacks\Magic_FR\data\spells\function\spellsystem\spell3\spell3_w\hook\extand_hook\spawn_hook\player4_red.mcfunction", "mcfunction", 5, 0, 7, 5, 17
"c:\Users\FlowUP\AppData\Roaming\.minecraft\saves\CTF-1.21.10 v1.29 - fleche explo\datapacks\Magic_FR\data\spells\function\spellsystem\spell3\spell3_w\hook\extand_hook\spawn_hook\player5_blue.mcfunction", "mcfunction", 6, 0, 8, 6, 20
"c:\Users\FlowUP\AppData\Roaming\.minecraft\saves\CTF-1.21.10 v1.29 - fleche explo\datapacks\Magic_FR\data\spells\function\spellsystem\spell3\spell3_w\hook\extand_hook\spawn_hook\player5_increase_lenght.mcfunction", "mcfunction", 2, 0, 4, 1, 7
"c:\Users\FlowUP\AppData\Roaming\.minecraft\saves\CTF-1.21.10 v1.29 - fleche explo\datapacks\Magic_FR\data\spells\function\spellsystem\spell3\spell3_w\hook\extand_hook\spawn_hook\player5_red.mcfunction", "mcfunction", 5, 0, 7, 5, 17
"c:\Users\FlowUP\AppData\Roaming\.minecraft\saves\CTF-1.21.10 v1.29 - fleche explo\datapacks\Magic_FR\data\spells\function\spellsystem\spell3\spell3_w\hook\extand_hook\spawn_hook\player6_blue.mcfunction", "mcfunction", 6, 0, 8, 6, 20
"c:\Users\FlowUP\AppData\Roaming\.minecraft\saves\CTF-1.21.10 v1.29 - fleche explo\datapacks\Magic_FR\data\spells\function\spellsystem\spell3\spell3_w\hook\extand_hook\spawn_hook\player6_increase_lenght.mcfunction", "mcfunction", 2, 0, 4, 1, 7
"c:\Users\FlowUP\AppData\Roaming\.minecraft\saves\CTF-1.21.10 v1.29 - fleche explo\datapacks\Magic_FR\data\spells\function\spellsystem\spell3\spell3_w\hook\extand_hook\spawn_hook\player6_red.mcfunction", "mcfunction", 5, 0, 7, 5, 17
"c:\Users\FlowUP\AppData\Roaming\.minecraft\saves\CTF-1.21.10 v1.29 - fleche explo\datapacks\Magic_FR\data\spells\function\spellsystem\spell3\spell3_w\hook\extand_hook\spawn_hook\player7_blue.mcfunction", "mcfunction", 6, 0, 8, 6, 20
"c:\Users\FlowUP\AppData\Roaming\.minecraft\saves\CTF-1.21.10 v1.29 - fleche explo\datapacks\Magic_FR\data\spells\function\spellsystem\spell3\spell3_w\hook\extand_hook\spawn_hook\player7_increase_lenght.mcfunction", "mcfunction", 2, 0, 4, 1, 7
"c:\Users\FlowUP\AppData\Roaming\.minecraft\saves\CTF-1.21.10 v1.29 - fleche explo\datapacks\Magic_FR\data\spells\function\spellsystem\spell3\spell3_w\hook\extand_hook\spawn_hook\player7_red.mcfunction", "mcfunction", 5, 0, 7, 5, 17
"c:\Users\FlowUP\AppData\Roaming\.minecraft\saves\CTF-1.21.10 v1.29 - fleche explo\datapacks\Magic_FR\data\spells\function\spellsystem\spell3\spell3_w\hook\extand_hook\spawn_hook\player8_blue.mcfunction", "mcfunction", 6, 0, 8, 6, 20
"c:\Users\FlowUP\AppData\Roaming\.minecraft\saves\CTF-1.21.10 v1.29 - fleche explo\datapacks\Magic_FR\data\spells\function\spellsystem\spell3\spell3_w\hook\extand_hook\spawn_hook\player8_increase_lenght.mcfunction", "mcfunction", 2, 0, 4, 1, 7
"c:\Users\FlowUP\AppData\Roaming\.minecraft\saves\CTF-1.21.10 v1.29 - fleche explo\datapacks\Magic_FR\data\spells\function\spellsystem\spell3\spell3_w\hook\extand_hook\spawn_hook\player8_red.mcfunction", "mcfunction", 5, 0, 7, 5, 17
"c:\Users\FlowUP\AppData\Roaming\.minecraft\saves\CTF-1.21.10 v1.29 - fleche explo\datapacks\Magic_FR\data\spells\function\spellsystem\spell3\spell3_w\hook\extand_hook\spawn_hook\player9_blue.mcfunction", "mcfunction", 6, 0, 8, 6, 20
"c:\Users\FlowUP\AppData\Roaming\.minecraft\saves\CTF-1.21.10 v1.29 - fleche explo\datapacks\Magic_FR\data\spells\function\spellsystem\spell3\spell3_w\hook\extand_hook\spawn_hook\player9_increase_lenght.mcfunction", "mcfunction", 2, 0, 4, 1, 7
"c:\Users\FlowUP\AppData\Roaming\.minecraft\saves\CTF-1.21.10 v1.29 - fleche explo\datapacks\Magic_FR\data\spells\function\spellsystem\spell3\spell3_w\hook\extand_hook\spawn_hook\player9_red.mcfunction", "mcfunction", 5, 0, 7, 5, 17
"c:\Users\FlowUP\AppData\Roaming\.minecraft\saves\CTF-1.21.10 v1.29 - fleche explo\datapacks\Magic_FR\data\spells\function\spellsystem\spell3\spell3_w\hook\hook_player\effect_hooked_player.mcfunction", "mcfunction", 5, 0, 5, 3, 13
"c:\Users\FlowUP\AppData\Roaming\.minecraft\saves\CTF-1.21.10 v1.29 - fleche explo\datapacks\Magic_FR\data\spells\function\spellsystem\spell3\spell3_w\hook\hook_player\player1.mcfunction", "mcfunction", 11, 0, 11, 9, 31
"c:\Users\FlowUP\AppData\Roaming\.minecraft\saves\CTF-1.21.10 v1.29 - fleche explo\datapacks\Magic_FR\data\spells\function\spellsystem\spell3\spell3_w\hook\hook_player\player10.mcfunction", "mcfunction", 11, 0, 11, 9, 31
"c:\Users\FlowUP\AppData\Roaming\.minecraft\saves\CTF-1.21.10 v1.29 - fleche explo\datapacks\Magic_FR\data\spells\function\spellsystem\spell3\spell3_w\hook\hook_player\player11.mcfunction", "mcfunction", 11, 0, 11, 9, 31
"c:\Users\FlowUP\AppData\Roaming\.minecraft\saves\CTF-1.21.10 v1.29 - fleche explo\datapacks\Magic_FR\data\spells\function\spellsystem\spell3\spell3_w\hook\hook_player\player12.mcfunction", "mcfunction", 11, 0, 11, 9, 31
"c:\Users\FlowUP\AppData\Roaming\.minecraft\saves\CTF-1.21.10 v1.29 - fleche explo\datapacks\Magic_FR\data\spells\function\spellsystem\spell3\spell3_w\hook\hook_player\player2.mcfunction", "mcfunction", 11, 0, 11, 9, 31
"c:\Users\FlowUP\AppData\Roaming\.minecraft\saves\CTF-1.21.10 v1.29 - fleche explo\datapacks\Magic_FR\data\spells\function\spellsystem\spell3\spell3_w\hook\hook_player\player3.mcfunction", "mcfunction", 11, 0, 11, 9, 31
"c:\Users\FlowUP\AppData\Roaming\.minecraft\saves\CTF-1.21.10 v1.29 - fleche explo\datapacks\Magic_FR\data\spells\function\spellsystem\spell3\spell3_w\hook\hook_player\player4.mcfunction", "mcfunction", 11, 0, 11, 9, 31
"c:\Users\FlowUP\AppData\Roaming\.minecraft\saves\CTF-1.21.10 v1.29 - fleche explo\datapacks\Magic_FR\data\spells\function\spellsystem\spell3\spell3_w\hook\hook_player\player5.mcfunction", "mcfunction", 11, 0, 11, 9, 31
"c:\Users\FlowUP\AppData\Roaming\.minecraft\saves\CTF-1.21.10 v1.29 - fleche explo\datapacks\Magic_FR\data\spells\function\spellsystem\spell3\spell3_w\hook\hook_player\player6.mcfunction", "mcfunction", 11, 0, 11, 9, 31
"c:\Users\FlowUP\AppData\Roaming\.minecraft\saves\CTF-1.21.10 v1.29 - fleche explo\datapacks\Magic_FR\data\spells\function\spellsystem\spell3\spell3_w\hook\hook_player\player7.mcfunction", "mcfunction", 11, 0, 11, 9, 31
"c:\Users\FlowUP\AppData\Roaming\.minecraft\saves\CTF-1.21.10 v1.29 - fleche explo\datapacks\Magic_FR\data\spells\function\spellsystem\spell3\spell3_w\hook\hook_player\player8.mcfunction", "mcfunction", 11, 0, 11, 9, 31
"c:\Users\FlowUP\AppData\Roaming\.minecraft\saves\CTF-1.21.10 v1.29 - fleche explo\datapacks\Magic_FR\data\spells\function\spellsystem\spell3\spell3_w\hook\hook_player\player9.mcfunction", "mcfunction", 11, 0, 11, 9, 31
"c:\Users\FlowUP\AppData\Roaming\.minecraft\saves\CTF-1.21.10 v1.29 - fleche explo\datapacks\Magic_FR\data\spells\function\spellsystem\spell3\spell3_w\hook\hook_player\set_bossbar\player1.mcfunction", "mcfunction", 22, 0, 2, 11, 35
"c:\Users\FlowUP\AppData\Roaming\.minecraft\saves\CTF-1.21.10 v1.29 - fleche explo\datapacks\Magic_FR\data\spells\function\spellsystem\spell3\spell3_w\hook\hook_player\set_bossbar\player10.mcfunction", "mcfunction", 22, 0, 2, 11, 35
"c:\Users\FlowUP\AppData\Roaming\.minecraft\saves\CTF-1.21.10 v1.29 - fleche explo\datapacks\Magic_FR\data\spells\function\spellsystem\spell3\spell3_w\hook\hook_player\set_bossbar\player11.mcfunction", "mcfunction", 22, 0, 2, 11, 35
"c:\Users\FlowUP\AppData\Roaming\.minecraft\saves\CTF-1.21.10 v1.29 - fleche explo\datapacks\Magic_FR\data\spells\function\spellsystem\spell3\spell3_w\hook\hook_player\set_bossbar\player12.mcfunction", "mcfunction", 22, 0, 2, 11, 35
"c:\Users\FlowUP\AppData\Roaming\.minecraft\saves\CTF-1.21.10 v1.29 - fleche explo\datapacks\Magic_FR\data\spells\function\spellsystem\spell3\spell3_w\hook\hook_player\set_bossbar\player2.mcfunction", "mcfunction", 22, 0, 2, 11, 35
"c:\Users\FlowUP\AppData\Roaming\.minecraft\saves\CTF-1.21.10 v1.29 - fleche explo\datapacks\Magic_FR\data\spells\function\spellsystem\spell3\spell3_w\hook\hook_player\set_bossbar\player3.mcfunction", "mcfunction", 22, 0, 2, 11, 35
"c:\Users\FlowUP\AppData\Roaming\.minecraft\saves\CTF-1.21.10 v1.29 - fleche explo\datapacks\Magic_FR\data\spells\function\spellsystem\spell3\spell3_w\hook\hook_player\set_bossbar\player4.mcfunction", "mcfunction", 22, 0, 2, 11, 35
"c:\Users\FlowUP\AppData\Roaming\.minecraft\saves\CTF-1.21.10 v1.29 - fleche explo\datapacks\Magic_FR\data\spells\function\spellsystem\spell3\spell3_w\hook\hook_player\set_bossbar\player5.mcfunction", "mcfunction", 22, 0, 2, 11, 35
"c:\Users\FlowUP\AppData\Roaming\.minecraft\saves\CTF-1.21.10 v1.29 - fleche explo\datapacks\Magic_FR\data\spells\function\spellsystem\spell3\spell3_w\hook\hook_player\set_bossbar\player6.mcfunction", "mcfunction", 22, 0, 2, 11, 35
"c:\Users\FlowUP\AppData\Roaming\.minecraft\saves\CTF-1.21.10 v1.29 - fleche explo\datapacks\Magic_FR\data\spells\function\spellsystem\spell3\spell3_w\hook\hook_player\set_bossbar\player7.mcfunction", "mcfunction", 22, 0, 2, 11, 35
"c:\Users\FlowUP\AppData\Roaming\.minecraft\saves\CTF-1.21.10 v1.29 - fleche explo\datapacks\Magic_FR\data\spells\function\spellsystem\spell3\spell3_w\hook\hook_player\set_bossbar\player8.mcfunction", "mcfunction", 22, 0, 2, 11, 35
"c:\Users\FlowUP\AppData\Roaming\.minecraft\saves\CTF-1.21.10 v1.29 - fleche explo\datapacks\Magic_FR\data\spells\function\spellsystem\spell3\spell3_w\hook\hook_player\set_bossbar\player9.mcfunction", "mcfunction", 22, 0, 2, 11, 35
"c:\Users\FlowUP\AppData\Roaming\.minecraft\saves\CTF-1.21.10 v1.29 - fleche explo\datapacks\Magic_FR\data\spells\function\spellsystem\spell3\spell3_w\hook\respawn_dead_in_hook.mcfunction", "mcfunction", 1, 0, 1, 1, 3
"c:\Users\FlowUP\AppData\Roaming\.minecraft\saves\CTF-1.21.10 v1.29 - fleche explo\datapacks\Magic_FR\data\spells\function\spellsystem\spell3\spell3_w\hook\retract_hook\cant_hook_in_spawn.mcfunction", "mcfunction", 27, 0, 3, 3, 33
"c:\Users\FlowUP\AppData\Roaming\.minecraft\saves\CTF-1.21.10 v1.29 - fleche explo\datapacks\Magic_FR\data\spells\function\spellsystem\spell3\spell3_w\hook\retract_hook\delete_hook\player1.mcfunction", "mcfunction", 26, 0, 5, 3, 34
"c:\Users\FlowUP\AppData\Roaming\.minecraft\saves\CTF-1.21.10 v1.29 - fleche explo\datapacks\Magic_FR\data\spells\function\spellsystem\spell3\spell3_w\hook\retract_hook\delete_hook\player10.mcfunction", "mcfunction", 26, 0, 5, 3, 34
"c:\Users\FlowUP\AppData\Roaming\.minecraft\saves\CTF-1.21.10 v1.29 - fleche explo\datapacks\Magic_FR\data\spells\function\spellsystem\spell3\spell3_w\hook\retract_hook\delete_hook\player11.mcfunction", "mcfunction", 26, 0, 5, 3, 34
"c:\Users\FlowUP\AppData\Roaming\.minecraft\saves\CTF-1.21.10 v1.29 - fleche explo\datapacks\Magic_FR\data\spells\function\spellsystem\spell3\spell3_w\hook\retract_hook\delete_hook\player12.mcfunction", "mcfunction", 26, 0, 5, 3, 34
"c:\Users\FlowUP\AppData\Roaming\.minecraft\saves\CTF-1.21.10 v1.29 - fleche explo\datapacks\Magic_FR\data\spells\function\spellsystem\spell3\spell3_w\hook\retract_hook\delete_hook\player2.mcfunction", "mcfunction", 26, 0, 5, 3, 34
"c:\Users\FlowUP\AppData\Roaming\.minecraft\saves\CTF-1.21.10 v1.29 - fleche explo\datapacks\Magic_FR\data\spells\function\spellsystem\spell3\spell3_w\hook\retract_hook\delete_hook\player3.mcfunction", "mcfunction", 26, 0, 5, 3, 34
"c:\Users\FlowUP\AppData\Roaming\.minecraft\saves\CTF-1.21.10 v1.29 - fleche explo\datapacks\Magic_FR\data\spells\function\spellsystem\spell3\spell3_w\hook\retract_hook\delete_hook\player4.mcfunction", "mcfunction", 26, 0, 5, 3, 34
"c:\Users\FlowUP\AppData\Roaming\.minecraft\saves\CTF-1.21.10 v1.29 - fleche explo\datapacks\Magic_FR\data\spells\function\spellsystem\spell3\spell3_w\hook\retract_hook\delete_hook\player5.mcfunction", "mcfunction", 26, 0, 5, 3, 34
"c:\Users\FlowUP\AppData\Roaming\.minecraft\saves\CTF-1.21.10 v1.29 - fleche explo\datapacks\Magic_FR\data\spells\function\spellsystem\spell3\spell3_w\hook\retract_hook\delete_hook\player6.mcfunction", "mcfunction", 26, 0, 5, 3, 34
"c:\Users\FlowUP\AppData\Roaming\.minecraft\saves\CTF-1.21.10 v1.29 - fleche explo\datapacks\Magic_FR\data\spells\function\spellsystem\spell3\spell3_w\hook\retract_hook\delete_hook\player7.mcfunction", "mcfunction", 26, 0, 5, 3, 34
"c:\Users\FlowUP\AppData\Roaming\.minecraft\saves\CTF-1.21.10 v1.29 - fleche explo\datapacks\Magic_FR\data\spells\function\spellsystem\spell3\spell3_w\hook\retract_hook\delete_hook\player8.mcfunction", "mcfunction", 26, 0, 5, 3, 34
"c:\Users\FlowUP\AppData\Roaming\.minecraft\saves\CTF-1.21.10 v1.29 - fleche explo\datapacks\Magic_FR\data\spells\function\spellsystem\spell3\spell3_w\hook\retract_hook\delete_hook\player9.mcfunction", "mcfunction", 26, 0, 5, 3, 34
"c:\Users\FlowUP\AppData\Roaming\.minecraft\saves\CTF-1.21.10 v1.29 - fleche explo\datapacks\Magic_FR\data\spells\function\spellsystem\spell3\spell3_w\hook\retract_hook\end_hook_player\player1.mcfunction", "mcfunction", 19, 0, 13, 12, 44
"c:\Users\FlowUP\AppData\Roaming\.minecraft\saves\CTF-1.21.10 v1.29 - fleche explo\datapacks\Magic_FR\data\spells\function\spellsystem\spell3\spell3_w\hook\retract_hook\end_hook_player\player10.mcfunction", "mcfunction", 19, 0, 13, 10, 42
"c:\Users\FlowUP\AppData\Roaming\.minecraft\saves\CTF-1.21.10 v1.29 - fleche explo\datapacks\Magic_FR\data\spells\function\spellsystem\spell3\spell3_w\hook\retract_hook\end_hook_player\player11.mcfunction", "mcfunction", 19, 0, 13, 9, 41
"c:\Users\FlowUP\AppData\Roaming\.minecraft\saves\CTF-1.21.10 v1.29 - fleche explo\datapacks\Magic_FR\data\spells\function\spellsystem\spell3\spell3_w\hook\retract_hook\end_hook_player\player12.mcfunction", "mcfunction", 19, 0, 13, 10, 42
"c:\Users\FlowUP\AppData\Roaming\.minecraft\saves\CTF-1.21.10 v1.29 - fleche explo\datapacks\Magic_FR\data\spells\function\spellsystem\spell3\spell3_w\hook\retract_hook\end_hook_player\player2.mcfunction", "mcfunction", 19, 0, 13, 10, 42
"c:\Users\FlowUP\AppData\Roaming\.minecraft\saves\CTF-1.21.10 v1.29 - fleche explo\datapacks\Magic_FR\data\spells\function\spellsystem\spell3\spell3_w\hook\retract_hook\end_hook_player\player3.mcfunction", "mcfunction", 19, 0, 13, 10, 42
"c:\Users\FlowUP\AppData\Roaming\.minecraft\saves\CTF-1.21.10 v1.29 - fleche explo\datapacks\Magic_FR\data\spells\function\spellsystem\spell3\spell3_w\hook\retract_hook\end_hook_player\player4.mcfunction", "mcfunction", 19, 0, 13, 10, 42
"c:\Users\FlowUP\AppData\Roaming\.minecraft\saves\CTF-1.21.10 v1.29 - fleche explo\datapacks\Magic_FR\data\spells\function\spellsystem\spell3\spell3_w\hook\retract_hook\end_hook_player\player5.mcfunction", "mcfunction", 19, 0, 13, 10, 42
"c:\Users\FlowUP\AppData\Roaming\.minecraft\saves\CTF-1.21.10 v1.29 - fleche explo\datapacks\Magic_FR\data\spells\function\spellsystem\spell3\spell3_w\hook\retract_hook\end_hook_player\player6.mcfunction", "mcfunction", 19, 0, 13, 10, 42
"c:\Users\FlowUP\AppData\Roaming\.minecraft\saves\CTF-1.21.10 v1.29 - fleche explo\datapacks\Magic_FR\data\spells\function\spellsystem\spell3\spell3_w\hook\retract_hook\end_hook_player\player7.mcfunction", "mcfunction", 19, 0, 13, 10, 42
"c:\Users\FlowUP\AppData\Roaming\.minecraft\saves\CTF-1.21.10 v1.29 - fleche explo\datapacks\Magic_FR\data\spells\function\spellsystem\spell3\spell3_w\hook\retract_hook\end_hook_player\player8.mcfunction", "mcfunction", 19, 0, 13, 10, 42
"c:\Users\FlowUP\AppData\Roaming\.minecraft\saves\CTF-1.21.10 v1.29 - fleche explo\datapacks\Magic_FR\data\spells\function\spellsystem\spell3\spell3_w\hook\retract_hook\end_hook_player\player9.mcfunction", "mcfunction", 19, 0, 13, 10, 42
"c:\Users\FlowUP\AppData\Roaming\.minecraft\saves\CTF-1.21.10 v1.29 - fleche explo\datapacks\Magic_FR\data\spells\function\spellsystem\spell3\spell3_w\hook\retract_hook\retract_schedule\player1.mcfunction", "mcfunction", 1, 0, 1, 1, 3
"c:\Users\FlowUP\AppData\Roaming\.minecraft\saves\CTF-1.21.10 v1.29 - fleche explo\datapacks\Magic_FR\data\spells\function\spellsystem\spell3\spell3_w\hook\retract_hook\retract_schedule\player10.mcfunction", "mcfunction", 1, 0, 1, 1, 3
"c:\Users\FlowUP\AppData\Roaming\.minecraft\saves\CTF-1.21.10 v1.29 - fleche explo\datapacks\Magic_FR\data\spells\function\spellsystem\spell3\spell3_w\hook\retract_hook\retract_schedule\player11.mcfunction", "mcfunction", 1, 0, 1, 1, 3
"c:\Users\FlowUP\AppData\Roaming\.minecraft\saves\CTF-1.21.10 v1.29 - fleche explo\datapacks\Magic_FR\data\spells\function\spellsystem\spell3\spell3_w\hook\retract_hook\retract_schedule\player12.mcfunction", "mcfunction", 1, 0, 1, 1, 3
"c:\Users\FlowUP\AppData\Roaming\.minecraft\saves\CTF-1.21.10 v1.29 - fleche explo\datapacks\Magic_FR\data\spells\function\spellsystem\spell3\spell3_w\hook\retract_hook\retract_schedule\player2.mcfunction", "mcfunction", 1, 0, 1, 1, 3
"c:\Users\FlowUP\AppData\Roaming\.minecraft\saves\CTF-1.21.10 v1.29 - fleche explo\datapacks\Magic_FR\data\spells\function\spellsystem\spell3\spell3_w\hook\retract_hook\retract_schedule\player3.mcfunction", "mcfunction", 1, 0, 1, 1, 3
"c:\Users\FlowUP\AppData\Roaming\.minecraft\saves\CTF-1.21.10 v1.29 - fleche explo\datapacks\Magic_FR\data\spells\function\spellsystem\spell3\spell3_w\hook\retract_hook\retract_schedule\player4.mcfunction", "mcfunction", 1, 0, 1, 1, 3
"c:\Users\FlowUP\AppData\Roaming\.minecraft\saves\CTF-1.21.10 v1.29 - fleche explo\datapacks\Magic_FR\data\spells\function\spellsystem\spell3\spell3_w\hook\retract_hook\retract_schedule\player5.mcfunction", "mcfunction", 1, 0, 1, 1, 3
"c:\Users\FlowUP\AppData\Roaming\.minecraft\saves\CTF-1.21.10 v1.29 - fleche explo\datapacks\Magic_FR\data\spells\function\spellsystem\spell3\spell3_w\hook\retract_hook\retract_schedule\player6.mcfunction", "mcfunction", 1, 0, 1, 1, 3
"c:\Users\FlowUP\AppData\Roaming\.minecraft\saves\CTF-1.21.10 v1.29 - fleche explo\datapacks\Magic_FR\data\spells\function\spellsystem\spell3\spell3_w\hook\retract_hook\retract_schedule\player7.mcfunction", "mcfunction", 1, 0, 1, 1, 3
"c:\Users\FlowUP\AppData\Roaming\.minecraft\saves\CTF-1.21.10 v1.29 - fleche explo\datapacks\Magic_FR\data\spells\function\spellsystem\spell3\spell3_w\hook\retract_hook\retract_schedule\player8.mcfunction", "mcfunction", 1, 0, 1, 1, 3
"c:\Users\FlowUP\AppData\Roaming\.minecraft\saves\CTF-1.21.10 v1.29 - fleche explo\datapacks\Magic_FR\data\spells\function\spellsystem\spell3\spell3_w\hook\retract_hook\retract_schedule\player9.mcfunction", "mcfunction", 1, 0, 1, 1, 3
"c:\Users\FlowUP\AppData\Roaming\.minecraft\saves\CTF-1.21.10 v1.29 - fleche explo\datapacks\Magic_FR\data\spells\function\spellsystem\spell3\spell3_w\hook\retract_hook\start_delete\player1.mcfunction", "mcfunction", 2, 0, 2, 1, 5
"c:\Users\FlowUP\AppData\Roaming\.minecraft\saves\CTF-1.21.10 v1.29 - fleche explo\datapacks\Magic_FR\data\spells\function\spellsystem\spell3\spell3_w\hook\retract_hook\start_delete\player10.mcfunction", "mcfunction", 2, 0, 2, 1, 5
"c:\Users\FlowUP\AppData\Roaming\.minecraft\saves\CTF-1.21.10 v1.29 - fleche explo\datapacks\Magic_FR\data\spells\function\spellsystem\spell3\spell3_w\hook\retract_hook\start_delete\player10_break.mcfunction", "mcfunction", 2, 0, 2, 1, 5
"c:\Users\FlowUP\AppData\Roaming\.minecraft\saves\CTF-1.21.10 v1.29 - fleche explo\datapacks\Magic_FR\data\spells\function\spellsystem\spell3\spell3_w\hook\retract_hook\start_delete\player11.mcfunction", "mcfunction", 2, 0, 2, 1, 5
"c:\Users\FlowUP\AppData\Roaming\.minecraft\saves\CTF-1.21.10 v1.29 - fleche explo\datapacks\Magic_FR\data\spells\function\spellsystem\spell3\spell3_w\hook\retract_hook\start_delete\player11_break.mcfunction", "mcfunction", 2, 0, 2, 1, 5
"c:\Users\FlowUP\AppData\Roaming\.minecraft\saves\CTF-1.21.10 v1.29 - fleche explo\datapacks\Magic_FR\data\spells\function\spellsystem\spell3\spell3_w\hook\retract_hook\start_delete\player12.mcfunction", "mcfunction", 2, 0, 2, 1, 5
"c:\Users\FlowUP\AppData\Roaming\.minecraft\saves\CTF-1.21.10 v1.29 - fleche explo\datapacks\Magic_FR\data\spells\function\spellsystem\spell3\spell3_w\hook\retract_hook\start_delete\player12_break.mcfunction", "mcfunction", 2, 0, 2, 1, 5
"c:\Users\FlowUP\AppData\Roaming\.minecraft\saves\CTF-1.21.10 v1.29 - fleche explo\datapacks\Magic_FR\data\spells\function\spellsystem\spell3\spell3_w\hook\retract_hook\start_delete\player1_break.mcfunction", "mcfunction", 2, 0, 2, 1, 5
"c:\Users\FlowUP\AppData\Roaming\.minecraft\saves\CTF-1.21.10 v1.29 - fleche explo\datapacks\Magic_FR\data\spells\function\spellsystem\spell3\spell3_w\hook\retract_hook\start_delete\player2.mcfunction", "mcfunction", 2, 0, 2, 1, 5
"c:\Users\FlowUP\AppData\Roaming\.minecraft\saves\CTF-1.21.10 v1.29 - fleche explo\datapacks\Magic_FR\data\spells\function\spellsystem\spell3\spell3_w\hook\retract_hook\start_delete\player2_break.mcfunction", "mcfunction", 2, 0, 2, 1, 5
"c:\Users\FlowUP\AppData\Roaming\.minecraft\saves\CTF-1.21.10 v1.29 - fleche explo\datapacks\Magic_FR\data\spells\function\spellsystem\spell3\spell3_w\hook\retract_hook\start_delete\player3.mcfunction", "mcfunction", 2, 0, 2, 1, 5
"c:\Users\FlowUP\AppData\Roaming\.minecraft\saves\CTF-1.21.10 v1.29 - fleche explo\datapacks\Magic_FR\data\spells\function\spellsystem\spell3\spell3_w\hook\retract_hook\start_delete\player3_break.mcfunction", "mcfunction", 2, 0, 2, 1, 5
"c:\Users\FlowUP\AppData\Roaming\.minecraft\saves\CTF-1.21.10 v1.29 - fleche explo\datapacks\Magic_FR\data\spells\function\spellsystem\spell3\spell3_w\hook\retract_hook\start_delete\player4.mcfunction", "mcfunction", 2, 0, 2, 1, 5
"c:\Users\FlowUP\AppData\Roaming\.minecraft\saves\CTF-1.21.10 v1.29 - fleche explo\datapacks\Magic_FR\data\spells\function\spellsystem\spell3\spell3_w\hook\retract_hook\start_delete\player4_break.mcfunction", "mcfunction", 2, 0, 2, 1, 5
"c:\Users\FlowUP\AppData\Roaming\.minecraft\saves\CTF-1.21.10 v1.29 - fleche explo\datapacks\Magic_FR\data\spells\function\spellsystem\spell3\spell3_w\hook\retract_hook\start_delete\player5.mcfunction", "mcfunction", 2, 0, 2, 1, 5
"c:\Users\FlowUP\AppData\Roaming\.minecraft\saves\CTF-1.21.10 v1.29 - fleche explo\datapacks\Magic_FR\data\spells\function\spellsystem\spell3\spell3_w\hook\retract_hook\start_delete\player5_break.mcfunction", "mcfunction", 2, 0, 2, 1, 5
"c:\Users\FlowUP\AppData\Roaming\.minecraft\saves\CTF-1.21.10 v1.29 - fleche explo\datapacks\Magic_FR\data\spells\function\spellsystem\spell3\spell3_w\hook\retract_hook\start_delete\player6.mcfunction", "mcfunction", 2, 0, 2, 1, 5
"c:\Users\FlowUP\AppData\Roaming\.minecraft\saves\CTF-1.21.10 v1.29 - fleche explo\datapacks\Magic_FR\data\spells\function\spellsystem\spell3\spell3_w\hook\retract_hook\start_delete\player6_break.mcfunction", "mcfunction", 2, 0, 2, 1, 5
"c:\Users\FlowUP\AppData\Roaming\.minecraft\saves\CTF-1.21.10 v1.29 - fleche explo\datapacks\Magic_FR\data\spells\function\spellsystem\spell3\spell3_w\hook\retract_hook\start_delete\player7.mcfunction", "mcfunction", 2, 0, 2, 1, 5
"c:\Users\FlowUP\AppData\Roaming\.minecraft\saves\CTF-1.21.10 v1.29 - fleche explo\datapacks\Magic_FR\data\spells\function\spellsystem\spell3\spell3_w\hook\retract_hook\start_delete\player7_break.mcfunction", "mcfunction", 2, 0, 2, 1, 5
"c:\Users\FlowUP\AppData\Roaming\.minecraft\saves\CTF-1.21.10 v1.29 - fleche explo\datapacks\Magic_FR\data\spells\function\spellsystem\spell3\spell3_w\hook\retract_hook\start_delete\player8.mcfunction", "mcfunction", 2, 0, 2, 1, 5
"c:\Users\FlowUP\AppData\Roaming\.minecraft\saves\CTF-1.21.10 v1.29 - fleche explo\datapacks\Magic_FR\data\spells\function\spellsystem\spell3\spell3_w\hook\retract_hook\start_delete\player8_break.mcfunction", "mcfunction", 2, 0, 2, 1, 5
"c:\Users\FlowUP\AppData\Roaming\.minecraft\saves\CTF-1.21.10 v1.29 - fleche explo\datapacks\Magic_FR\data\spells\function\spellsystem\spell3\spell3_w\hook\retract_hook\start_delete\player9.mcfunction", "mcfunction", 2, 0, 2, 1, 5
"c:\Users\FlowUP\AppData\Roaming\.minecraft\saves\CTF-1.21.10 v1.29 - fleche explo\datapacks\Magic_FR\data\spells\function\spellsystem\spell3\spell3_w\hook\retract_hook\start_delete\player9_break.mcfunction", "mcfunction", 2, 0, 2, 1, 5
"c:\Users\FlowUP\AppData\Roaming\.minecraft\saves\CTF-1.21.10 v1.29 - fleche explo\datapacks\Magic_FR\data\spells\function\spellsystem\spell3\spell3_w\hook\retract_hook\tp_and_retract_sound\player1.mcfunction", "mcfunction", 4, 0, 2, 1, 7
"c:\Users\FlowUP\AppData\Roaming\.minecraft\saves\CTF-1.21.10 v1.29 - fleche explo\datapacks\Magic_FR\data\spells\function\spellsystem\spell3\spell3_w\hook\retract_hook\tp_and_retract_sound\player10.mcfunction", "mcfunction", 4, 0, 2, 1, 7
"c:\Users\FlowUP\AppData\Roaming\.minecraft\saves\CTF-1.21.10 v1.29 - fleche explo\datapacks\Magic_FR\data\spells\function\spellsystem\spell3\spell3_w\hook\retract_hook\tp_and_retract_sound\player11.mcfunction", "mcfunction", 4, 0, 2, 1, 7
"c:\Users\FlowUP\AppData\Roaming\.minecraft\saves\CTF-1.21.10 v1.29 - fleche explo\datapacks\Magic_FR\data\spells\function\spellsystem\spell3\spell3_w\hook\retract_hook\tp_and_retract_sound\player12.mcfunction", "mcfunction", 4, 0, 2, 1, 7
"c:\Users\FlowUP\AppData\Roaming\.minecraft\saves\CTF-1.21.10 v1.29 - fleche explo\datapacks\Magic_FR\data\spells\function\spellsystem\spell3\spell3_w\hook\retract_hook\tp_and_retract_sound\player2.mcfunction", "mcfunction", 4, 0, 2, 1, 7
"c:\Users\FlowUP\AppData\Roaming\.minecraft\saves\CTF-1.21.10 v1.29 - fleche explo\datapacks\Magic_FR\data\spells\function\spellsystem\spell3\spell3_w\hook\retract_hook\tp_and_retract_sound\player3.mcfunction", "mcfunction", 4, 0, 2, 1, 7
"c:\Users\FlowUP\AppData\Roaming\.minecraft\saves\CTF-1.21.10 v1.29 - fleche explo\datapacks\Magic_FR\data\spells\function\spellsystem\spell3\spell3_w\hook\retract_hook\tp_and_retract_sound\player4.mcfunction", "mcfunction", 4, 0, 2, 1, 7
"c:\Users\FlowUP\AppData\Roaming\.minecraft\saves\CTF-1.21.10 v1.29 - fleche explo\datapacks\Magic_FR\data\spells\function\spellsystem\spell3\spell3_w\hook\retract_hook\tp_and_retract_sound\player5.mcfunction", "mcfunction", 4, 0, 2, 1, 7
"c:\Users\FlowUP\AppData\Roaming\.minecraft\saves\CTF-1.21.10 v1.29 - fleche explo\datapacks\Magic_FR\data\spells\function\spellsystem\spell3\spell3_w\hook\retract_hook\tp_and_retract_sound\player6.mcfunction", "mcfunction", 4, 0, 2, 1, 7
"c:\Users\FlowUP\AppData\Roaming\.minecraft\saves\CTF-1.21.10 v1.29 - fleche explo\datapacks\Magic_FR\data\spells\function\spellsystem\spell3\spell3_w\hook\retract_hook\tp_and_retract_sound\player7.mcfunction", "mcfunction", 4, 0, 2, 1, 7
"c:\Users\FlowUP\AppData\Roaming\.minecraft\saves\CTF-1.21.10 v1.29 - fleche explo\datapacks\Magic_FR\data\spells\function\spellsystem\spell3\spell3_w\hook\retract_hook\tp_and_retract_sound\player8.mcfunction", "mcfunction", 4, 0, 2, 1, 7
"c:\Users\FlowUP\AppData\Roaming\.minecraft\saves\CTF-1.21.10 v1.29 - fleche explo\datapacks\Magic_FR\data\spells\function\spellsystem\spell3\spell3_w\hook\retract_hook\tp_and_retract_sound\player9.mcfunction", "mcfunction", 4, 0, 2, 1, 7
"c:\Users\FlowUP\AppData\Roaming\.minecraft\saves\CTF-1.21.10 v1.29 - fleche explo\datapacks\Magic_FR\data\spells\function\spellsystem\spell3\spell3_w\hook\start_hook\players\start_hook_player1.mcfunction", "mcfunction", 14, 0, 12, 9, 35
"c:\Users\FlowUP\AppData\Roaming\.minecraft\saves\CTF-1.21.10 v1.29 - fleche explo\datapacks\Magic_FR\data\spells\function\spellsystem\spell3\spell3_w\hook\start_hook\players\start_hook_player10.mcfunction", "mcfunction", 13, 0, 11, 8, 32
"c:\Users\FlowUP\AppData\Roaming\.minecraft\saves\CTF-1.21.10 v1.29 - fleche explo\datapacks\Magic_FR\data\spells\function\spellsystem\spell3\spell3_w\hook\start_hook\players\start_hook_player11.mcfunction", "mcfunction", 13, 0, 11, 8, 32
"c:\Users\FlowUP\AppData\Roaming\.minecraft\saves\CTF-1.21.10 v1.29 - fleche explo\datapacks\Magic_FR\data\spells\function\spellsystem\spell3\spell3_w\hook\start_hook\players\start_hook_player12.mcfunction", "mcfunction", 13, 0, 11, 8, 32
"c:\Users\FlowUP\AppData\Roaming\.minecraft\saves\CTF-1.21.10 v1.29 - fleche explo\datapacks\Magic_FR\data\spells\function\spellsystem\spell3\spell3_w\hook\start_hook\players\start_hook_player2.mcfunction", "mcfunction", 13, 0, 11, 8, 32
"c:\Users\FlowUP\AppData\Roaming\.minecraft\saves\CTF-1.21.10 v1.29 - fleche explo\datapacks\Magic_FR\data\spells\function\spellsystem\spell3\spell3_w\hook\start_hook\players\start_hook_player3.mcfunction", "mcfunction", 13, 0, 11, 8, 32
"c:\Users\FlowUP\AppData\Roaming\.minecraft\saves\CTF-1.21.10 v1.29 - fleche explo\datapacks\Magic_FR\data\spells\function\spellsystem\spell3\spell3_w\hook\start_hook\players\start_hook_player4.mcfunction", "mcfunction", 13, 0, 11, 8, 32
"c:\Users\FlowUP\AppData\Roaming\.minecraft\saves\CTF-1.21.10 v1.29 - fleche explo\datapacks\Magic_FR\data\spells\function\spellsystem\spell3\spell3_w\hook\start_hook\players\start_hook_player5.mcfunction", "mcfunction", 13, 0, 11, 8, 32
"c:\Users\FlowUP\AppData\Roaming\.minecraft\saves\CTF-1.21.10 v1.29 - fleche explo\datapacks\Magic_FR\data\spells\function\spellsystem\spell3\spell3_w\hook\start_hook\players\start_hook_player6.mcfunction", "mcfunction", 13, 0, 11, 8, 32
"c:\Users\FlowUP\AppData\Roaming\.minecraft\saves\CTF-1.21.10 v1.29 - fleche explo\datapacks\Magic_FR\data\spells\function\spellsystem\spell3\spell3_w\hook\start_hook\players\start_hook_player7.mcfunction", "mcfunction", 13, 0, 11, 8, 32
"c:\Users\FlowUP\AppData\Roaming\.minecraft\saves\CTF-1.21.10 v1.29 - fleche explo\datapacks\Magic_FR\data\spells\function\spellsystem\spell3\spell3_w\hook\start_hook\players\start_hook_player8.mcfunction", "mcfunction", 13, 0, 11, 8, 32
"c:\Users\FlowUP\AppData\Roaming\.minecraft\saves\CTF-1.21.10 v1.29 - fleche explo\datapacks\Magic_FR\data\spells\function\spellsystem\spell3\spell3_w\hook\start_hook\players\start_hook_player9.mcfunction", "mcfunction", 13, 0, 11, 8, 32
"c:\Users\FlowUP\AppData\Roaming\.minecraft\saves\CTF-1.21.10 v1.29 - fleche explo\datapacks\Magic_FR\data\spells\function\spellsystem\spell3\spell3_w\hook\start_hook\test_player.mcfunction", "mcfunction", 12, 0, 2, 1, 15
"c:\Users\FlowUP\AppData\Roaming\.minecraft\saves\CTF-1.21.10 v1.29 - fleche explo\datapacks\Magic_FR\data\spells\function\spellsystem\spell3\spell3_w\hook\stop_every_hook.mcfunction", "mcfunction", 1, 0, 0, 0, 1
"c:\Users\FlowUP\AppData\Roaming\.minecraft\saves\CTF-1.21.10 v1.29 - fleche explo\datapacks\Magic_FR\data\spells\function\spellsystem\spell3\spell3_w\hook\took_spell3_w.mcfunction", "mcfunction", 14, 0, 3, 2, 19
"c:\Users\FlowUP\AppData\Roaming\.minecraft\saves\CTF-1.21.10 v1.29 - fleche explo\datapacks\Magic_FR\data\spells\function\spellsystem\weapon1_m\refresh_timer\0-9.mcfunction", "mcfunction", 24, 0, 0, 1, 25
"c:\Users\FlowUP\AppData\Roaming\.minecraft\saves\CTF-1.21.10 v1.29 - fleche explo\datapacks\Magic_FR\data\spells\function\spellsystem\weapon1_m\refresh_timer\10-19.mcfunction", "mcfunction", 24, 0, 0, 1, 25
"c:\Users\FlowUP\AppData\Roaming\.minecraft\saves\CTF-1.21.10 v1.29 - fleche explo\datapacks\Magic_FR\data\spells\function\spellsystem\weapon1_m\refresh_timer\100.mcfunction", "mcfunction", 24, 0, 0, 1, 25
"c:\Users\FlowUP\AppData\Roaming\.minecraft\saves\CTF-1.21.10 v1.29 - fleche explo\datapacks\Magic_FR\data\spells\function\spellsystem\weapon1_m\refresh_timer\20-29.mcfunction", "mcfunction", 24, 0, 0, 1, 25
"c:\Users\FlowUP\AppData\Roaming\.minecraft\saves\CTF-1.21.10 v1.29 - fleche explo\datapacks\Magic_FR\data\spells\function\spellsystem\weapon1_m\refresh_timer\30-39.mcfunction", "mcfunction", 24, 0, 0, 1, 25
"c:\Users\FlowUP\AppData\Roaming\.minecraft\saves\CTF-1.21.10 v1.29 - fleche explo\datapacks\Magic_FR\data\spells\function\spellsystem\weapon1_m\refresh_timer\40-49.mcfunction", "mcfunction", 24, 0, 0, 1, 25
"c:\Users\FlowUP\AppData\Roaming\.minecraft\saves\CTF-1.21.10 v1.29 - fleche explo\datapacks\Magic_FR\data\spells\function\spellsystem\weapon1_m\refresh_timer\50-59.mcfunction", "mcfunction", 24, 0, 0, 1, 25
"c:\Users\FlowUP\AppData\Roaming\.minecraft\saves\CTF-1.21.10 v1.29 - fleche explo\datapacks\Magic_FR\data\spells\function\spellsystem\weapon1_m\refresh_timer\60-69.mcfunction", "mcfunction", 24, 0, 0, 1, 25
"c:\Users\FlowUP\AppData\Roaming\.minecraft\saves\CTF-1.21.10 v1.29 - fleche explo\datapacks\Magic_FR\data\spells\function\spellsystem\weapon1_m\refresh_timer\70-79.mcfunction", "mcfunction", 24, 0, 0, 1, 25
"c:\Users\FlowUP\AppData\Roaming\.minecraft\saves\CTF-1.21.10 v1.29 - fleche explo\datapacks\Magic_FR\data\spells\function\spellsystem\weapon1_m\refresh_timer\80-89.mcfunction", "mcfunction", 24, 0, 0, 1, 25
"c:\Users\FlowUP\AppData\Roaming\.minecraft\saves\CTF-1.21.10 v1.29 - fleche explo\datapacks\Magic_FR\data\spells\function\spellsystem\weapon1_m\refresh_timer\90-99.mcfunction", "mcfunction", 24, 0, 0, 1, 25
"c:\Users\FlowUP\AppData\Roaming\.minecraft\saves\CTF-1.21.10 v1.29 - fleche explo\datapacks\Magic_FR\data\spells\function\spellsystem\weapon1_m\refresh_timer\check_timer.mcfunction", "mcfunction", 12, 0, 1, 1, 14
"c:\Users\FlowUP\AppData\Roaming\.minecraft\saves\CTF-1.21.10 v1.29 - fleche explo\datapacks\Magic_FR\data\spells\function\spellsystem\weapon1_m\use_stick\apply_dmg_classic.mcfunction", "mcfunction", 13, 0, 2, 3, 18
"c:\Users\FlowUP\AppData\Roaming\.minecraft\saves\CTF-1.21.10 v1.29 - fleche explo\datapacks\Magic_FR\data\spells\function\spellsystem\weapon1_m\use_stick\apply_dmg_high.mcfunction", "mcfunction", 13, 0, 2, 2, 17
"c:\Users\FlowUP\AppData\Roaming\.minecraft\saves\CTF-1.21.10 v1.29 - fleche explo\datapacks\Magic_FR\data\spells\function\spellsystem\weapon1_m\use_stick\stickspell\scale_calculator.mcfunction", "mcfunction", 3, 0, 4, 2, 9
"c:\Users\FlowUP\AppData\Roaming\.minecraft\saves\CTF-1.21.10 v1.29 - fleche explo\datapacks\Magic_FR\data\spells\function\spellsystem\weapon1_m\use_stick\stickspell\spell_hitted.mcfunction", "mcfunction", 13, 0, 9, 8, 30
"c:\Users\FlowUP\AppData\Roaming\.minecraft\saves\CTF-1.21.10 v1.29 - fleche explo\datapacks\Magic_FR\data\spells\function\spellsystem\weapon1_m\use_stick\stickspell\start_spell.mcfunction", "mcfunction", 14, 0, 6, 6, 26
"c:\Users\FlowUP\AppData\Roaming\.minecraft\saves\CTF-1.21.10 v1.29 - fleche explo\datapacks\Magic_FR\data\spells\function\spellsystem\weapon1_m\use_stick\stickspell\trail_blue.mcfunction", "mcfunction", 4, 0, 2, 2, 8
"c:\Users\FlowUP\AppData\Roaming\.minecraft\saves\CTF-1.21.10 v1.29 - fleche explo\datapacks\Magic_FR\data\spells\function\spellsystem\weapon1_m\use_stick\stickspell\trail_red.mcfunction", "mcfunction", 4, 0, 2, 1, 7
"c:\Users\FlowUP\AppData\Roaming\.minecraft\saves\CTF-1.21.10 v1.29 - fleche explo\datapacks\Magic_FR\data\spells\function\spellsystem\weapon1_m\use_stick\took_spell_weapon1_w.mcfunction", "mcfunction", 14, 0, 3, 2, 19
"c:\Users\FlowUP\AppData\Roaming\.minecraft\saves\CTF-1.21.10 v1.29 - fleche explo\datapacks\Magic_FR\data\spells\function\spellsystem\weapon1_m\use_stick\usestick.mcfunction", "mcfunction", 12, 0, 4, 3, 19
"c:\Users\FlowUP\AppData\Roaming\.minecraft\saves\CTF-1.21.10 v1.29 - fleche explo\datapacks\Magic_FR\data\spells\function\testspell.mcfunction", "mcfunction", 34, 0, 61, 56, 151
"c:\Users\FlowUP\AppData\Roaming\.minecraft\saves\CTF-1.21.10 v1.29 - fleche explo\datapacks\Magic_FR\data\spells\function\usespell\usespell1\usespell1_a.mcfunction", "mcfunction", 3, 0, 3, 2, 8
"c:\Users\FlowUP\AppData\Roaming\.minecraft\saves\CTF-1.21.10 v1.29 - fleche explo\datapacks\Magic_FR\data\spells\function\usespell\usespell1\usespell1_m.mcfunction", "mcfunction", 3, 0, 3, 2, 8
"c:\Users\FlowUP\AppData\Roaming\.minecraft\saves\CTF-1.21.10 v1.29 - fleche explo\datapacks\Magic_FR\data\spells\function\usespell\usespell1\usespell1_r.mcfunction", "mcfunction", 3, 0, 3, 2, 8
"c:\Users\FlowUP\AppData\Roaming\.minecraft\saves\CTF-1.21.10 v1.29 - fleche explo\datapacks\Magic_FR\data\spells\function\usespell\usespell1\usespell1_w.mcfunction", "mcfunction", 3, 0, 3, 2, 8
"c:\Users\FlowUP\AppData\Roaming\.minecraft\saves\CTF-1.21.10 v1.29 - fleche explo\datapacks\Magic_FR\data\spells\function\usespell\usespell1\usespell1lvl1\usespell1lvl1_a.mcfunction", "mcfunction", 2, 0, 3, 2, 7
"c:\Users\FlowUP\AppData\Roaming\.minecraft\saves\CTF-1.21.10 v1.29 - fleche explo\datapacks\Magic_FR\data\spells\function\usespell\usespell1\usespell1lvl1\usespell1lvl1_m.mcfunction", "mcfunction", 11, 0, 2, 4, 17
"c:\Users\FlowUP\AppData\Roaming\.minecraft\saves\CTF-1.21.10 v1.29 - fleche explo\datapacks\Magic_FR\data\spells\function\usespell\usespell1\usespell1lvl1\usespell1lvl1_r.mcfunction", "mcfunction", 29, 0, 6, 14, 49
"c:\Users\FlowUP\AppData\Roaming\.minecraft\saves\CTF-1.21.10 v1.29 - fleche explo\datapacks\Magic_FR\data\spells\function\usespell\usespell1\usespell1lvl1\usespell1lvl1_w.mcfunction", "mcfunction", 27, 0, 6, 9, 42
"c:\Users\FlowUP\AppData\Roaming\.minecraft\saves\CTF-1.21.10 v1.29 - fleche explo\datapacks\Magic_FR\data\spells\function\usespell\usespell1\usespell1lvl2\usespell1lvl2_a.mcfunction", "mcfunction", 2, 0, 3, 2, 7
"c:\Users\FlowUP\AppData\Roaming\.minecraft\saves\CTF-1.21.10 v1.29 - fleche explo\datapacks\Magic_FR\data\spells\function\usespell\usespell1\usespell1lvl2\usespell1lvl2_m.mcfunction", "mcfunction", 11, 0, 2, 4, 17
"c:\Users\FlowUP\AppData\Roaming\.minecraft\saves\CTF-1.21.10 v1.29 - fleche explo\datapacks\Magic_FR\data\spells\function\usespell\usespell1\usespell1lvl2\usespell1lvl2_r.mcfunction", "mcfunction", 29, 0, 5, 8, 42
"c:\Users\FlowUP\AppData\Roaming\.minecraft\saves\CTF-1.21.10 v1.29 - fleche explo\datapacks\Magic_FR\data\spells\function\usespell\usespell1\usespell1lvl2\usespell1lvl2_w.mcfunction", "mcfunction", 27, 0, 6, 9, 42
"c:\Users\FlowUP\AppData\Roaming\.minecraft\saves\CTF-1.21.10 v1.29 - fleche explo\datapacks\Magic_FR\data\spells\function\usespell\usespell1\usespell1lvl3\usespell1lvl3_a.mcfunction", "mcfunction", 2, 0, 3, 2, 7
"c:\Users\FlowUP\AppData\Roaming\.minecraft\saves\CTF-1.21.10 v1.29 - fleche explo\datapacks\Magic_FR\data\spells\function\usespell\usespell1\usespell1lvl3\usespell1lvl3_m.mcfunction", "mcfunction", 11, 0, 2, 4, 17
"c:\Users\FlowUP\AppData\Roaming\.minecraft\saves\CTF-1.21.10 v1.29 - fleche explo\datapacks\Magic_FR\data\spells\function\usespell\usespell1\usespell1lvl3\usespell1lvl3_r.mcfunction", "mcfunction", 29, 0, 5, 8, 42
"c:\Users\FlowUP\AppData\Roaming\.minecraft\saves\CTF-1.21.10 v1.29 - fleche explo\datapacks\Magic_FR\data\spells\function\usespell\usespell1\usespell1lvl3\usespell1lvl3_w.mcfunction", "mcfunction", 27, 0, 6, 9, 42
"c:\Users\FlowUP\AppData\Roaming\.minecraft\saves\CTF-1.21.10 v1.29 - fleche explo\datapacks\Magic_FR\data\spells\function\usespell\usespell2\usespell2_a.mcfunction", "mcfunction", 4, 0, 4, 4, 12
"c:\Users\FlowUP\AppData\Roaming\.minecraft\saves\CTF-1.21.10 v1.29 - fleche explo\datapacks\Magic_FR\data\spells\function\usespell\usespell2\usespell2_m.mcfunction", "mcfunction", 3, 0, 3, 2, 8
"c:\Users\FlowUP\AppData\Roaming\.minecraft\saves\CTF-1.21.10 v1.29 - fleche explo\datapacks\Magic_FR\data\spells\function\usespell\usespell2\usespell2_r.mcfunction", "mcfunction", 2, 0, 4, 2, 8
"c:\Users\FlowUP\AppData\Roaming\.minecraft\saves\CTF-1.21.10 v1.29 - fleche explo\datapacks\Magic_FR\data\spells\function\usespell\usespell2\usespell2_w.mcfunction", "mcfunction", 3, 0, 3, 2, 8
"c:\Users\FlowUP\AppData\Roaming\.minecraft\saves\CTF-1.21.10 v1.29 - fleche explo\datapacks\Magic_FR\data\spells\function\usespell\usespell2\usespell2lvl1\usespell2lvl1_a.mcfunction", "mcfunction", 6, 0, 2, 6, 14
"c:\Users\FlowUP\AppData\Roaming\.minecraft\saves\CTF-1.21.10 v1.29 - fleche explo\datapacks\Magic_FR\data\spells\function\usespell\usespell2\usespell2lvl1\usespell2lvl1_m.mcfunction", "mcfunction", 8, 0, 4, 7, 19
"c:\Users\FlowUP\AppData\Roaming\.minecraft\saves\CTF-1.21.10 v1.29 - fleche explo\datapacks\Magic_FR\data\spells\function\usespell\usespell2\usespell2lvl1\usespell2lvl1_r.mcfunction", "mcfunction", 38, 0, 3, 7, 48
"c:\Users\FlowUP\AppData\Roaming\.minecraft\saves\CTF-1.21.10 v1.29 - fleche explo\datapacks\Magic_FR\data\spells\function\usespell\usespell2\usespell2lvl1\usespell2lvl1_w.mcfunction", "mcfunction", 7, 0, 2, 7, 16
"c:\Users\FlowUP\AppData\Roaming\.minecraft\saves\CTF-1.21.10 v1.29 - fleche explo\datapacks\Magic_FR\data\spells\function\usespell\usespell2\usespell2lvl2\usespell2lvl2_a.mcfunction", "mcfunction", 6, 0, 2, 5, 13
"c:\Users\FlowUP\AppData\Roaming\.minecraft\saves\CTF-1.21.10 v1.29 - fleche explo\datapacks\Magic_FR\data\spells\function\usespell\usespell2\usespell2lvl2\usespell2lvl2_m.mcfunction", "mcfunction", 8, 0, 4, 7, 19
"c:\Users\FlowUP\AppData\Roaming\.minecraft\saves\CTF-1.21.10 v1.29 - fleche explo\datapacks\Magic_FR\data\spells\function\usespell\usespell2\usespell2lvl2\usespell2lvl2_w.mcfunction", "mcfunction", 7, 0, 2, 7, 16
"c:\Users\FlowUP\AppData\Roaming\.minecraft\saves\CTF-1.21.10 v1.29 - fleche explo\datapacks\Magic_FR\data\spells\function\usespell\usespell2\usespell2lvl3\usespell2lvl3_a.mcfunction", "mcfunction", 6, 0, 2, 6, 14
"c:\Users\FlowUP\AppData\Roaming\.minecraft\saves\CTF-1.21.10 v1.29 - fleche explo\datapacks\Magic_FR\data\spells\function\usespell\usespell2\usespell2lvl3\usespell2lvl3_m.mcfunction", "mcfunction", 8, 0, 4, 7, 19
"c:\Users\FlowUP\AppData\Roaming\.minecraft\saves\CTF-1.21.10 v1.29 - fleche explo\datapacks\Magic_FR\data\spells\function\usespell\usespell2\usespell2lvl3\usespell2lvl3_w.mcfunction", "mcfunction", 7, 0, 2, 8, 17
"c:\Users\FlowUP\AppData\Roaming\.minecraft\saves\CTF-1.21.10 v1.29 - fleche explo\datapacks\Magic_FR\data\spells\function\usespell\usespell3\usespell3_a.mcfunction", "mcfunction", 3, 0, 3, 2, 8
"c:\Users\FlowUP\AppData\Roaming\.minecraft\saves\CTF-1.21.10 v1.29 - fleche explo\datapacks\Magic_FR\data\spells\function\usespell\usespell3\usespell3_m.mcfunction", "mcfunction", 1, 0, 3, 2, 6
"c:\Users\FlowUP\AppData\Roaming\.minecraft\saves\CTF-1.21.10 v1.29 - fleche explo\datapacks\Magic_FR\data\spells\function\usespell\usespell3\usespell3_r.mcfunction", "mcfunction", 1, 0, 3, 2, 6
"c:\Users\FlowUP\AppData\Roaming\.minecraft\saves\CTF-1.21.10 v1.29 - fleche explo\datapacks\Magic_FR\data\spells\function\usespell\usespell3\usespell3_w.mcfunction", "mcfunction", 1, 0, 3, 2, 6
"c:\Users\FlowUP\AppData\Roaming\.minecraft\saves\CTF-1.21.10 v1.29 - fleche explo\datapacks\Magic_FR\data\spells\function\usespell\usespell3\usespell3lvl1\usespell3lvl1_a.mcfunction", "mcfunction", 36, 0, 6, 9, 51
"c:\Users\FlowUP\AppData\Roaming\.minecraft\saves\CTF-1.21.10 v1.29 - fleche explo\datapacks\Magic_FR\data\spells\function\usespell\usespell3\usespell3lvl1\usespell3lvl1_m.mcfunction", "mcfunction", 6, 0, 1, 3, 10
"c:\Users\FlowUP\AppData\Roaming\.minecraft\saves\CTF-1.21.10 v1.29 - fleche explo\datapacks\Magic_FR\data\spells\function\usespell\usespell3\usespell3lvl1\usespell3lvl1_r.mcfunction", "mcfunction", 19, 0, 3, 8, 30
"c:\Users\FlowUP\AppData\Roaming\.minecraft\saves\CTF-1.21.10 v1.29 - fleche explo\datapacks\Magic_FR\data\spells\function\usespell\usespell3\usespell3lvl1\usespell3lvl1_w.mcfunction", "mcfunction", 6, 0, 3, 4, 13
"c:\Users\FlowUP\AppData\Roaming\.minecraft\saves\CTF-1.21.10 v1.29 - fleche explo\datapacks\Magic_FR\data\spells\function\usespell\usespell3\usespell3lvl2\usespell3lvl2_a.mcfunction", "mcfunction", 36, 0, 6, 8, 50
"c:\Users\FlowUP\AppData\Roaming\.minecraft\saves\CTF-1.21.10 v1.29 - fleche explo\datapacks\Magic_FR\data\spells\function\usespell\usespell3\usespell3lvl3\usespell3lvl3_a.mcfunction", "mcfunction", 36, 0, 6, 8, 50
"c:\Users\FlowUP\AppData\Roaming\.minecraft\saves\CTF-1.21.10 v1.29 - fleche explo\datapacks\Magic_FR\data\stuff\function\determine_stuff_other.mcfunction", "mcfunction", 2, 0, 4, 2, 8
"c:\Users\FlowUP\AppData\Roaming\.minecraft\saves\CTF-1.21.10 v1.29 - fleche explo\datapacks\Magic_FR\data\stuff\function\give_item.mcfunction", "mcfunction", 3, 0, 4, 3, 10
"c:\Users\FlowUP\AppData\Roaming\.minecraft\saves\CTF-1.21.10 v1.29 - fleche explo\datapacks\Magic_FR\data\stuff\function\load.mcfunction", "mcfunction", 0, 0, 4, 1, 5
"c:\Users\FlowUP\AppData\Roaming\.minecraft\saves\CTF-1.21.10 v1.29 - fleche explo\datapacks\Magic_FR\data\stuff\function\loop.mcfunction", "mcfunction", 4, 0, 1, 1, 6
"c:\Users\FlowUP\AppData\Roaming\.minecraft\saves\CTF-1.21.10 v1.29 - fleche explo\datapacks\Magic_FR\data\stuff\function\setstuff.mcfunction", "mcfunction", 7, 0, 1, 1, 9
"c:\Users\FlowUP\AppData\Roaming\.minecraft\saves\CTF-1.21.10 v1.29 - fleche explo\datapacks\Magic_FR\data\stuff\function\stuff_archer\arrows\classics\slot0.mcfunction", "mcfunction", 10, 0, 2, 1, 13
"c:\Users\FlowUP\AppData\Roaming\.minecraft\saves\CTF-1.21.10 v1.29 - fleche explo\datapacks\Magic_FR\data\stuff\function\stuff_archer\arrows\classics\slot1.mcfunction", "mcfunction", 10, 0, 2, 1, 13
"c:\Users\FlowUP\AppData\Roaming\.minecraft\saves\CTF-1.21.10 v1.29 - fleche explo\datapacks\Magic_FR\data\stuff\function\stuff_archer\arrows\classics\slot2.mcfunction", "mcfunction", 10, 0, 2, 1, 13
"c:\Users\FlowUP\AppData\Roaming\.minecraft\saves\CTF-1.21.10 v1.29 - fleche explo\datapacks\Magic_FR\data\stuff\function\stuff_archer\arrows\classics\slot3.mcfunction", "mcfunction", 10, 0, 2, 1, 13
"c:\Users\FlowUP\AppData\Roaming\.minecraft\saves\CTF-1.21.10 v1.29 - fleche explo\datapacks\Magic_FR\data\stuff\function\stuff_archer\arrows\classics\slot4.mcfunction", "mcfunction", 10, 0, 2, 1, 13
"c:\Users\FlowUP\AppData\Roaming\.minecraft\saves\CTF-1.21.10 v1.29 - fleche explo\datapacks\Magic_FR\data\stuff\function\stuff_archer\arrows\classics\slot5.mcfunction", "mcfunction", 10, 0, 2, 1, 13
"c:\Users\FlowUP\AppData\Roaming\.minecraft\saves\CTF-1.21.10 v1.29 - fleche explo\datapacks\Magic_FR\data\stuff\function\stuff_archer\arrows\classics\slot6.mcfunction", "mcfunction", 10, 0, 2, 1, 13
"c:\Users\FlowUP\AppData\Roaming\.minecraft\saves\CTF-1.21.10 v1.29 - fleche explo\datapacks\Magic_FR\data\stuff\function\stuff_archer\arrows\classics\slot7.mcfunction", "mcfunction", 10, 0, 2, 1, 13
"c:\Users\FlowUP\AppData\Roaming\.minecraft\saves\CTF-1.21.10 v1.29 - fleche explo\datapacks\Magic_FR\data\stuff\function\stuff_archer\arrows\classics\slot8.mcfunction", "mcfunction", 10, 0, 2, 1, 13
"c:\Users\FlowUP\AppData\Roaming\.minecraft\saves\CTF-1.21.10 v1.29 - fleche explo\datapacks\Magic_FR\data\stuff\function\stuff_archer\arrows\classics_unusable\slot0.mcfunction", "mcfunction", 10, 0, 2, 1, 13
"c:\Users\FlowUP\AppData\Roaming\.minecraft\saves\CTF-1.21.10 v1.29 - fleche explo\datapacks\Magic_FR\data\stuff\function\stuff_archer\arrows\classics_unusable\slot1.mcfunction", "mcfunction", 10, 0, 2, 1, 13
"c:\Users\FlowUP\AppData\Roaming\.minecraft\saves\CTF-1.21.10 v1.29 - fleche explo\datapacks\Magic_FR\data\stuff\function\stuff_archer\arrows\classics_unusable\slot2.mcfunction", "mcfunction", 10, 0, 2, 1, 13
"c:\Users\FlowUP\AppData\Roaming\.minecraft\saves\CTF-1.21.10 v1.29 - fleche explo\datapacks\Magic_FR\data\stuff\function\stuff_archer\arrows\classics_unusable\slot3.mcfunction", "mcfunction", 10, 0, 2, 1, 13
"c:\Users\FlowUP\AppData\Roaming\.minecraft\saves\CTF-1.21.10 v1.29 - fleche explo\datapacks\Magic_FR\data\stuff\function\stuff_archer\arrows\classics_unusable\slot4.mcfunction", "mcfunction", 10, 0, 2, 1, 13
"c:\Users\FlowUP\AppData\Roaming\.minecraft\saves\CTF-1.21.10 v1.29 - fleche explo\datapacks\Magic_FR\data\stuff\function\stuff_archer\arrows\classics_unusable\slot5.mcfunction", "mcfunction", 10, 0, 2, 1, 13
"c:\Users\FlowUP\AppData\Roaming\.minecraft\saves\CTF-1.21.10 v1.29 - fleche explo\datapacks\Magic_FR\data\stuff\function\stuff_archer\arrows\classics_unusable\slot6.mcfunction", "mcfunction", 10, 0, 2, 1, 13
"c:\Users\FlowUP\AppData\Roaming\.minecraft\saves\CTF-1.21.10 v1.29 - fleche explo\datapacks\Magic_FR\data\stuff\function\stuff_archer\arrows\classics_unusable\slot7.mcfunction", "mcfunction", 10, 0, 2, 1, 13
"c:\Users\FlowUP\AppData\Roaming\.minecraft\saves\CTF-1.21.10 v1.29 - fleche explo\datapacks\Magic_FR\data\stuff\function\stuff_archer\arrows\classics_unusable\slot8.mcfunction", "mcfunction", 10, 0, 2, 1, 13
"c:\Users\FlowUP\AppData\Roaming\.minecraft\saves\CTF-1.21.10 v1.29 - fleche explo\datapacks\Magic_FR\data\stuff\function\stuff_archer\arrows\combined_arrow\check_player_number.mcfunction", "mcfunction", 12, 0, 2, 1, 15
"c:\Users\FlowUP\AppData\Roaming\.minecraft\saves\CTF-1.21.10 v1.29 - fleche explo\datapacks\Magic_FR\data\stuff\function\stuff_archer\arrows\combined_arrow\player10\1-1.mcfunction", "mcfunction", 9, 0, 2, 1, 12
"c:\Users\FlowUP\AppData\Roaming\.minecraft\saves\CTF-1.21.10 v1.29 - fleche explo\datapacks\Magic_FR\data\stuff\function\stuff_archer\arrows\combined_arrow\player10\1-2.mcfunction", "mcfunction", 9, 0, 2, 1, 12
"c:\Users\FlowUP\AppData\Roaming\.minecraft\saves\CTF-1.21.10 v1.29 - fleche explo\datapacks\Magic_FR\data\stuff\function\stuff_archer\arrows\combined_arrow\player10\1-3.mcfunction", "mcfunction", 9, 0, 2, 1, 12
"c:\Users\FlowUP\AppData\Roaming\.minecraft\saves\CTF-1.21.10 v1.29 - fleche explo\datapacks\Magic_FR\data\stuff\function\stuff_archer\arrows\combined_arrow\player10\2-1.mcfunction", "mcfunction", 9, 0, 2, 1, 12
"c:\Users\FlowUP\AppData\Roaming\.minecraft\saves\CTF-1.21.10 v1.29 - fleche explo\datapacks\Magic_FR\data\stuff\function\stuff_archer\arrows\combined_arrow\player10\2-2.mcfunction", "mcfunction", 9, 0, 2, 1, 12
"c:\Users\FlowUP\AppData\Roaming\.minecraft\saves\CTF-1.21.10 v1.29 - fleche explo\datapacks\Magic_FR\data\stuff\function\stuff_archer\arrows\combined_arrow\player10\2-3.mcfunction", "mcfunction", 9, 0, 2, 1, 12
"c:\Users\FlowUP\AppData\Roaming\.minecraft\saves\CTF-1.21.10 v1.29 - fleche explo\datapacks\Magic_FR\data\stuff\function\stuff_archer\arrows\combined_arrow\player10\3-1.mcfunction", "mcfunction", 9, 0, 2, 1, 12
"c:\Users\FlowUP\AppData\Roaming\.minecraft\saves\CTF-1.21.10 v1.29 - fleche explo\datapacks\Magic_FR\data\stuff\function\stuff_archer\arrows\combined_arrow\player10\3-2.mcfunction", "mcfunction", 9, 0, 2, 1, 12
"c:\Users\FlowUP\AppData\Roaming\.minecraft\saves\CTF-1.21.10 v1.29 - fleche explo\datapacks\Magic_FR\data\stuff\function\stuff_archer\arrows\combined_arrow\player10\3-3.mcfunction", "mcfunction", 9, 0, 2, 1, 12
"c:\Users\FlowUP\AppData\Roaming\.minecraft\saves\CTF-1.21.10 v1.29 - fleche explo\datapacks\Magic_FR\data\stuff\function\stuff_archer\arrows\combined_arrow\player10\check_combination.mcfunction", "mcfunction", 9, 0, 2, 1, 12
"c:\Users\FlowUP\AppData\Roaming\.minecraft\saves\CTF-1.21.10 v1.29 - fleche explo\datapacks\Magic_FR\data\stuff\function\stuff_archer\arrows\combined_arrow\player11\1-1.mcfunction", "mcfunction", 9, 0, 2, 1, 12
"c:\Users\FlowUP\AppData\Roaming\.minecraft\saves\CTF-1.21.10 v1.29 - fleche explo\datapacks\Magic_FR\data\stuff\function\stuff_archer\arrows\combined_arrow\player11\1-2.mcfunction", "mcfunction", 9, 0, 2, 1, 12
"c:\Users\FlowUP\AppData\Roaming\.minecraft\saves\CTF-1.21.10 v1.29 - fleche explo\datapacks\Magic_FR\data\stuff\function\stuff_archer\arrows\combined_arrow\player11\1-3.mcfunction", "mcfunction", 9, 0, 2, 1, 12
"c:\Users\FlowUP\AppData\Roaming\.minecraft\saves\CTF-1.21.10 v1.29 - fleche explo\datapacks\Magic_FR\data\stuff\function\stuff_archer\arrows\combined_arrow\player11\2-1.mcfunction", "mcfunction", 9, 0, 2, 1, 12
"c:\Users\FlowUP\AppData\Roaming\.minecraft\saves\CTF-1.21.10 v1.29 - fleche explo\datapacks\Magic_FR\data\stuff\function\stuff_archer\arrows\combined_arrow\player11\2-2.mcfunction", "mcfunction", 9, 0, 2, 1, 12
"c:\Users\FlowUP\AppData\Roaming\.minecraft\saves\CTF-1.21.10 v1.29 - fleche explo\datapacks\Magic_FR\data\stuff\function\stuff_archer\arrows\combined_arrow\player11\2-3.mcfunction", "mcfunction", 9, 0, 2, 1, 12
"c:\Users\FlowUP\AppData\Roaming\.minecraft\saves\CTF-1.21.10 v1.29 - fleche explo\datapacks\Magic_FR\data\stuff\function\stuff_archer\arrows\combined_arrow\player11\3-1.mcfunction", "mcfunction", 9, 0, 2, 1, 12
"c:\Users\FlowUP\AppData\Roaming\.minecraft\saves\CTF-1.21.10 v1.29 - fleche explo\datapacks\Magic_FR\data\stuff\function\stuff_archer\arrows\combined_arrow\player11\3-2.mcfunction", "mcfunction", 9, 0, 2, 1, 12
"c:\Users\FlowUP\AppData\Roaming\.minecraft\saves\CTF-1.21.10 v1.29 - fleche explo\datapacks\Magic_FR\data\stuff\function\stuff_archer\arrows\combined_arrow\player11\3-3.mcfunction", "mcfunction", 9, 0, 2, 1, 12
"c:\Users\FlowUP\AppData\Roaming\.minecraft\saves\CTF-1.21.10 v1.29 - fleche explo\datapacks\Magic_FR\data\stuff\function\stuff_archer\arrows\combined_arrow\player11\check_combination.mcfunction", "mcfunction", 9, 0, 2, 1, 12
"c:\Users\FlowUP\AppData\Roaming\.minecraft\saves\CTF-1.21.10 v1.29 - fleche explo\datapacks\Magic_FR\data\stuff\function\stuff_archer\arrows\combined_arrow\player12\1-1.mcfunction", "mcfunction", 9, 0, 2, 1, 12
"c:\Users\FlowUP\AppData\Roaming\.minecraft\saves\CTF-1.21.10 v1.29 - fleche explo\datapacks\Magic_FR\data\stuff\function\stuff_archer\arrows\combined_arrow\player12\1-2.mcfunction", "mcfunction", 9, 0, 2, 1, 12
"c:\Users\FlowUP\AppData\Roaming\.minecraft\saves\CTF-1.21.10 v1.29 - fleche explo\datapacks\Magic_FR\data\stuff\function\stuff_archer\arrows\combined_arrow\player12\1-3.mcfunction", "mcfunction", 9, 0, 2, 1, 12
"c:\Users\FlowUP\AppData\Roaming\.minecraft\saves\CTF-1.21.10 v1.29 - fleche explo\datapacks\Magic_FR\data\stuff\function\stuff_archer\arrows\combined_arrow\player12\2-1.mcfunction", "mcfunction", 9, 0, 2, 1, 12
"c:\Users\FlowUP\AppData\Roaming\.minecraft\saves\CTF-1.21.10 v1.29 - fleche explo\datapacks\Magic_FR\data\stuff\function\stuff_archer\arrows\combined_arrow\player12\2-2.mcfunction", "mcfunction", 9, 0, 2, 1, 12
"c:\Users\FlowUP\AppData\Roaming\.minecraft\saves\CTF-1.21.10 v1.29 - fleche explo\datapacks\Magic_FR\data\stuff\function\stuff_archer\arrows\combined_arrow\player12\2-3.mcfunction", "mcfunction", 9, 0, 2, 1, 12
"c:\Users\FlowUP\AppData\Roaming\.minecraft\saves\CTF-1.21.10 v1.29 - fleche explo\datapacks\Magic_FR\data\stuff\function\stuff_archer\arrows\combined_arrow\player12\3-1.mcfunction", "mcfunction", 9, 0, 2, 1, 12
"c:\Users\FlowUP\AppData\Roaming\.minecraft\saves\CTF-1.21.10 v1.29 - fleche explo\datapacks\Magic_FR\data\stuff\function\stuff_archer\arrows\combined_arrow\player12\3-2.mcfunction", "mcfunction", 9, 0, 2, 1, 12
"c:\Users\FlowUP\AppData\Roaming\.minecraft\saves\CTF-1.21.10 v1.29 - fleche explo\datapacks\Magic_FR\data\stuff\function\stuff_archer\arrows\combined_arrow\player12\3-3.mcfunction", "mcfunction", 9, 0, 2, 1, 12
"c:\Users\FlowUP\AppData\Roaming\.minecraft\saves\CTF-1.21.10 v1.29 - fleche explo\datapacks\Magic_FR\data\stuff\function\stuff_archer\arrows\combined_arrow\player12\check_combination.mcfunction", "mcfunction", 9, 0, 2, 1, 12
"c:\Users\FlowUP\AppData\Roaming\.minecraft\saves\CTF-1.21.10 v1.29 - fleche explo\datapacks\Magic_FR\data\stuff\function\stuff_archer\arrows\combined_arrow\player1\1-1.mcfunction", "mcfunction", 9, 0, 2, 1, 12
"c:\Users\FlowUP\AppData\Roaming\.minecraft\saves\CTF-1.21.10 v1.29 - fleche explo\datapacks\Magic_FR\data\stuff\function\stuff_archer\arrows\combined_arrow\player1\1-2.mcfunction", "mcfunction", 9, 0, 2, 1, 12
"c:\Users\FlowUP\AppData\Roaming\.minecraft\saves\CTF-1.21.10 v1.29 - fleche explo\datapacks\Magic_FR\data\stuff\function\stuff_archer\arrows\combined_arrow\player1\1-3.mcfunction", "mcfunction", 9, 0, 2, 1, 12
"c:\Users\FlowUP\AppData\Roaming\.minecraft\saves\CTF-1.21.10 v1.29 - fleche explo\datapacks\Magic_FR\data\stuff\function\stuff_archer\arrows\combined_arrow\player1\2-1.mcfunction", "mcfunction", 9, 0, 2, 1, 12
"c:\Users\FlowUP\AppData\Roaming\.minecraft\saves\CTF-1.21.10 v1.29 - fleche explo\datapacks\Magic_FR\data\stuff\function\stuff_archer\arrows\combined_arrow\player1\2-2.mcfunction", "mcfunction", 9, 0, 2, 1, 12
"c:\Users\FlowUP\AppData\Roaming\.minecraft\saves\CTF-1.21.10 v1.29 - fleche explo\datapacks\Magic_FR\data\stuff\function\stuff_archer\arrows\combined_arrow\player1\2-3.mcfunction", "mcfunction", 9, 0, 2, 1, 12
"c:\Users\FlowUP\AppData\Roaming\.minecraft\saves\CTF-1.21.10 v1.29 - fleche explo\datapacks\Magic_FR\data\stuff\function\stuff_archer\arrows\combined_arrow\player1\3-1.mcfunction", "mcfunction", 9, 0, 2, 1, 12
"c:\Users\FlowUP\AppData\Roaming\.minecraft\saves\CTF-1.21.10 v1.29 - fleche explo\datapacks\Magic_FR\data\stuff\function\stuff_archer\arrows\combined_arrow\player1\3-2.mcfunction", "mcfunction", 9, 0, 2, 1, 12
"c:\Users\FlowUP\AppData\Roaming\.minecraft\saves\CTF-1.21.10 v1.29 - fleche explo\datapacks\Magic_FR\data\stuff\function\stuff_archer\arrows\combined_arrow\player1\3-3.mcfunction", "mcfunction", 9, 0, 2, 1, 12
"c:\Users\FlowUP\AppData\Roaming\.minecraft\saves\CTF-1.21.10 v1.29 - fleche explo\datapacks\Magic_FR\data\stuff\function\stuff_archer\arrows\combined_arrow\player1\check_combination.mcfunction", "mcfunction", 9, 0, 2, 1, 12
"c:\Users\FlowUP\AppData\Roaming\.minecraft\saves\CTF-1.21.10 v1.29 - fleche explo\datapacks\Magic_FR\data\stuff\function\stuff_archer\arrows\combined_arrow\player2\1-1.mcfunction", "mcfunction", 9, 0, 2, 1, 12
"c:\Users\FlowUP\AppData\Roaming\.minecraft\saves\CTF-1.21.10 v1.29 - fleche explo\datapacks\Magic_FR\data\stuff\function\stuff_archer\arrows\combined_arrow\player2\1-2.mcfunction", "mcfunction", 9, 0, 2, 1, 12
"c:\Users\FlowUP\AppData\Roaming\.minecraft\saves\CTF-1.21.10 v1.29 - fleche explo\datapacks\Magic_FR\data\stuff\function\stuff_archer\arrows\combined_arrow\player2\1-3.mcfunction", "mcfunction", 9, 0, 2, 1, 12
"c:\Users\FlowUP\AppData\Roaming\.minecraft\saves\CTF-1.21.10 v1.29 - fleche explo\datapacks\Magic_FR\data\stuff\function\stuff_archer\arrows\combined_arrow\player2\2-1.mcfunction", "mcfunction", 9, 0, 2, 1, 12
"c:\Users\FlowUP\AppData\Roaming\.minecraft\saves\CTF-1.21.10 v1.29 - fleche explo\datapacks\Magic_FR\data\stuff\function\stuff_archer\arrows\combined_arrow\player2\2-2.mcfunction", "mcfunction", 9, 0, 2, 1, 12
"c:\Users\FlowUP\AppData\Roaming\.minecraft\saves\CTF-1.21.10 v1.29 - fleche explo\datapacks\Magic_FR\data\stuff\function\stuff_archer\arrows\combined_arrow\player2\2-3.mcfunction", "mcfunction", 9, 0, 2, 1, 12
"c:\Users\FlowUP\AppData\Roaming\.minecraft\saves\CTF-1.21.10 v1.29 - fleche explo\datapacks\Magic_FR\data\stuff\function\stuff_archer\arrows\combined_arrow\player2\3-1.mcfunction", "mcfunction", 9, 0, 2, 1, 12
"c:\Users\FlowUP\AppData\Roaming\.minecraft\saves\CTF-1.21.10 v1.29 - fleche explo\datapacks\Magic_FR\data\stuff\function\stuff_archer\arrows\combined_arrow\player2\3-2.mcfunction", "mcfunction", 9, 0, 2, 1, 12
"c:\Users\FlowUP\AppData\Roaming\.minecraft\saves\CTF-1.21.10 v1.29 - fleche explo\datapacks\Magic_FR\data\stuff\function\stuff_archer\arrows\combined_arrow\player2\3-3.mcfunction", "mcfunction", 9, 0, 2, 1, 12
"c:\Users\FlowUP\AppData\Roaming\.minecraft\saves\CTF-1.21.10 v1.29 - fleche explo\datapacks\Magic_FR\data\stuff\function\stuff_archer\arrows\combined_arrow\player2\check_combination.mcfunction", "mcfunction", 9, 0, 2, 1, 12
"c:\Users\FlowUP\AppData\Roaming\.minecraft\saves\CTF-1.21.10 v1.29 - fleche explo\datapacks\Magic_FR\data\stuff\function\stuff_archer\arrows\combined_arrow\player3\1-1.mcfunction", "mcfunction", 9, 0, 2, 1, 12
"c:\Users\FlowUP\AppData\Roaming\.minecraft\saves\CTF-1.21.10 v1.29 - fleche explo\datapacks\Magic_FR\data\stuff\function\stuff_archer\arrows\combined_arrow\player3\1-2.mcfunction", "mcfunction", 9, 0, 2, 1, 12
"c:\Users\FlowUP\AppData\Roaming\.minecraft\saves\CTF-1.21.10 v1.29 - fleche explo\datapacks\Magic_FR\data\stuff\function\stuff_archer\arrows\combined_arrow\player3\1-3.mcfunction", "mcfunction", 9, 0, 2, 1, 12
"c:\Users\FlowUP\AppData\Roaming\.minecraft\saves\CTF-1.21.10 v1.29 - fleche explo\datapacks\Magic_FR\data\stuff\function\stuff_archer\arrows\combined_arrow\player3\2-1.mcfunction", "mcfunction", 9, 0, 2, 1, 12
"c:\Users\FlowUP\AppData\Roaming\.minecraft\saves\CTF-1.21.10 v1.29 - fleche explo\datapacks\Magic_FR\data\stuff\function\stuff_archer\arrows\combined_arrow\player3\2-2.mcfunction", "mcfunction", 9, 0, 2, 1, 12
"c:\Users\FlowUP\AppData\Roaming\.minecraft\saves\CTF-1.21.10 v1.29 - fleche explo\datapacks\Magic_FR\data\stuff\function\stuff_archer\arrows\combined_arrow\player3\2-3.mcfunction", "mcfunction", 9, 0, 2, 1, 12
"c:\Users\FlowUP\AppData\Roaming\.minecraft\saves\CTF-1.21.10 v1.29 - fleche explo\datapacks\Magic_FR\data\stuff\function\stuff_archer\arrows\combined_arrow\player3\3-1.mcfunction", "mcfunction", 9, 0, 2, 1, 12
"c:\Users\FlowUP\AppData\Roaming\.minecraft\saves\CTF-1.21.10 v1.29 - fleche explo\datapacks\Magic_FR\data\stuff\function\stuff_archer\arrows\combined_arrow\player3\3-2.mcfunction", "mcfunction", 9, 0, 2, 1, 12
"c:\Users\FlowUP\AppData\Roaming\.minecraft\saves\CTF-1.21.10 v1.29 - fleche explo\datapacks\Magic_FR\data\stuff\function\stuff_archer\arrows\combined_arrow\player3\3-3.mcfunction", "mcfunction", 9, 0, 2, 1, 12
"c:\Users\FlowUP\AppData\Roaming\.minecraft\saves\CTF-1.21.10 v1.29 - fleche explo\datapacks\Magic_FR\data\stuff\function\stuff_archer\arrows\combined_arrow\player3\check_combination.mcfunction", "mcfunction", 9, 0, 2, 1, 12
"c:\Users\FlowUP\AppData\Roaming\.minecraft\saves\CTF-1.21.10 v1.29 - fleche explo\datapacks\Magic_FR\data\stuff\function\stuff_archer\arrows\combined_arrow\player4\1-1.mcfunction", "mcfunction", 9, 0, 2, 1, 12
"c:\Users\FlowUP\AppData\Roaming\.minecraft\saves\CTF-1.21.10 v1.29 - fleche explo\datapacks\Magic_FR\data\stuff\function\stuff_archer\arrows\combined_arrow\player4\1-2.mcfunction", "mcfunction", 9, 0, 2, 1, 12
"c:\Users\FlowUP\AppData\Roaming\.minecraft\saves\CTF-1.21.10 v1.29 - fleche explo\datapacks\Magic_FR\data\stuff\function\stuff_archer\arrows\combined_arrow\player4\1-3.mcfunction", "mcfunction", 9, 0, 2, 1, 12
"c:\Users\FlowUP\AppData\Roaming\.minecraft\saves\CTF-1.21.10 v1.29 - fleche explo\datapacks\Magic_FR\data\stuff\function\stuff_archer\arrows\combined_arrow\player4\2-1.mcfunction", "mcfunction", 9, 0, 2, 1, 12
"c:\Users\FlowUP\AppData\Roaming\.minecraft\saves\CTF-1.21.10 v1.29 - fleche explo\datapacks\Magic_FR\data\stuff\function\stuff_archer\arrows\combined_arrow\player4\2-2.mcfunction", "mcfunction", 9, 0, 2, 1, 12
"c:\Users\FlowUP\AppData\Roaming\.minecraft\saves\CTF-1.21.10 v1.29 - fleche explo\datapacks\Magic_FR\data\stuff\function\stuff_archer\arrows\combined_arrow\player4\2-3.mcfunction", "mcfunction", 9, 0, 2, 1, 12
"c:\Users\FlowUP\AppData\Roaming\.minecraft\saves\CTF-1.21.10 v1.29 - fleche explo\datapacks\Magic_FR\data\stuff\function\stuff_archer\arrows\combined_arrow\player4\3-1.mcfunction", "mcfunction", 9, 0, 2, 1, 12
"c:\Users\FlowUP\AppData\Roaming\.minecraft\saves\CTF-1.21.10 v1.29 - fleche explo\datapacks\Magic_FR\data\stuff\function\stuff_archer\arrows\combined_arrow\player4\3-2.mcfunction", "mcfunction", 9, 0, 2, 1, 12
"c:\Users\FlowUP\AppData\Roaming\.minecraft\saves\CTF-1.21.10 v1.29 - fleche explo\datapacks\Magic_FR\data\stuff\function\stuff_archer\arrows\combined_arrow\player4\3-3.mcfunction", "mcfunction", 9, 0, 2, 1, 12
"c:\Users\FlowUP\AppData\Roaming\.minecraft\saves\CTF-1.21.10 v1.29 - fleche explo\datapacks\Magic_FR\data\stuff\function\stuff_archer\arrows\combined_arrow\player4\check_combination.mcfunction", "mcfunction", 9, 0, 2, 1, 12
"c:\Users\FlowUP\AppData\Roaming\.minecraft\saves\CTF-1.21.10 v1.29 - fleche explo\datapacks\Magic_FR\data\stuff\function\stuff_archer\arrows\combined_arrow\player5\1-1.mcfunction", "mcfunction", 9, 0, 2, 1, 12
"c:\Users\FlowUP\AppData\Roaming\.minecraft\saves\CTF-1.21.10 v1.29 - fleche explo\datapacks\Magic_FR\data\stuff\function\stuff_archer\arrows\combined_arrow\player5\1-2.mcfunction", "mcfunction", 9, 0, 2, 1, 12
"c:\Users\FlowUP\AppData\Roaming\.minecraft\saves\CTF-1.21.10 v1.29 - fleche explo\datapacks\Magic_FR\data\stuff\function\stuff_archer\arrows\combined_arrow\player5\1-3.mcfunction", "mcfunction", 9, 0, 2, 1, 12
"c:\Users\FlowUP\AppData\Roaming\.minecraft\saves\CTF-1.21.10 v1.29 - fleche explo\datapacks\Magic_FR\data\stuff\function\stuff_archer\arrows\combined_arrow\player5\2-1.mcfunction", "mcfunction", 9, 0, 2, 1, 12
"c:\Users\FlowUP\AppData\Roaming\.minecraft\saves\CTF-1.21.10 v1.29 - fleche explo\datapacks\Magic_FR\data\stuff\function\stuff_archer\arrows\combined_arrow\player5\2-2.mcfunction", "mcfunction", 9, 0, 2, 1, 12
"c:\Users\FlowUP\AppData\Roaming\.minecraft\saves\CTF-1.21.10 v1.29 - fleche explo\datapacks\Magic_FR\data\stuff\function\stuff_archer\arrows\combined_arrow\player5\2-3.mcfunction", "mcfunction", 9, 0, 2, 1, 12
"c:\Users\FlowUP\AppData\Roaming\.minecraft\saves\CTF-1.21.10 v1.29 - fleche explo\datapacks\Magic_FR\data\stuff\function\stuff_archer\arrows\combined_arrow\player5\3-1.mcfunction", "mcfunction", 9, 0, 2, 1, 12
"c:\Users\FlowUP\AppData\Roaming\.minecraft\saves\CTF-1.21.10 v1.29 - fleche explo\datapacks\Magic_FR\data\stuff\function\stuff_archer\arrows\combined_arrow\player5\3-2.mcfunction", "mcfunction", 9, 0, 2, 1, 12
"c:\Users\FlowUP\AppData\Roaming\.minecraft\saves\CTF-1.21.10 v1.29 - fleche explo\datapacks\Magic_FR\data\stuff\function\stuff_archer\arrows\combined_arrow\player5\3-3.mcfunction", "mcfunction", 9, 0, 2, 1, 12
"c:\Users\FlowUP\AppData\Roaming\.minecraft\saves\CTF-1.21.10 v1.29 - fleche explo\datapacks\Magic_FR\data\stuff\function\stuff_archer\arrows\combined_arrow\player5\check_combination.mcfunction", "mcfunction", 9, 0, 2, 1, 12
"c:\Users\FlowUP\AppData\Roaming\.minecraft\saves\CTF-1.21.10 v1.29 - fleche explo\datapacks\Magic_FR\data\stuff\function\stuff_archer\arrows\combined_arrow\player6\1-1.mcfunction", "mcfunction", 9, 0, 2, 1, 12
"c:\Users\FlowUP\AppData\Roaming\.minecraft\saves\CTF-1.21.10 v1.29 - fleche explo\datapacks\Magic_FR\data\stuff\function\stuff_archer\arrows\combined_arrow\player6\1-2.mcfunction", "mcfunction", 9, 0, 2, 1, 12
"c:\Users\FlowUP\AppData\Roaming\.minecraft\saves\CTF-1.21.10 v1.29 - fleche explo\datapacks\Magic_FR\data\stuff\function\stuff_archer\arrows\combined_arrow\player6\1-3.mcfunction", "mcfunction", 9, 0, 2, 1, 12
"c:\Users\FlowUP\AppData\Roaming\.minecraft\saves\CTF-1.21.10 v1.29 - fleche explo\datapacks\Magic_FR\data\stuff\function\stuff_archer\arrows\combined_arrow\player6\2-1.mcfunction", "mcfunction", 9, 0, 2, 1, 12
"c:\Users\FlowUP\AppData\Roaming\.minecraft\saves\CTF-1.21.10 v1.29 - fleche explo\datapacks\Magic_FR\data\stuff\function\stuff_archer\arrows\combined_arrow\player6\2-2.mcfunction", "mcfunction", 9, 0, 2, 1, 12
"c:\Users\FlowUP\AppData\Roaming\.minecraft\saves\CTF-1.21.10 v1.29 - fleche explo\datapacks\Magic_FR\data\stuff\function\stuff_archer\arrows\combined_arrow\player6\2-3.mcfunction", "mcfunction", 9, 0, 2, 1, 12
"c:\Users\FlowUP\AppData\Roaming\.minecraft\saves\CTF-1.21.10 v1.29 - fleche explo\datapacks\Magic_FR\data\stuff\function\stuff_archer\arrows\combined_arrow\player6\3-1.mcfunction", "mcfunction", 9, 0, 2, 1, 12
"c:\Users\FlowUP\AppData\Roaming\.minecraft\saves\CTF-1.21.10 v1.29 - fleche explo\datapacks\Magic_FR\data\stuff\function\stuff_archer\arrows\combined_arrow\player6\3-2.mcfunction", "mcfunction", 9, 0, 2, 1, 12
"c:\Users\FlowUP\AppData\Roaming\.minecraft\saves\CTF-1.21.10 v1.29 - fleche explo\datapacks\Magic_FR\data\stuff\function\stuff_archer\arrows\combined_arrow\player6\3-3.mcfunction", "mcfunction", 9, 0, 2, 1, 12
"c:\Users\FlowUP\AppData\Roaming\.minecraft\saves\CTF-1.21.10 v1.29 - fleche explo\datapacks\Magic_FR\data\stuff\function\stuff_archer\arrows\combined_arrow\player6\check_combination.mcfunction", "mcfunction", 9, 0, 2, 1, 12
"c:\Users\FlowUP\AppData\Roaming\.minecraft\saves\CTF-1.21.10 v1.29 - fleche explo\datapacks\Magic_FR\data\stuff\function\stuff_archer\arrows\combined_arrow\player7\1-1.mcfunction", "mcfunction", 9, 0, 2, 1, 12
"c:\Users\FlowUP\AppData\Roaming\.minecraft\saves\CTF-1.21.10 v1.29 - fleche explo\datapacks\Magic_FR\data\stuff\function\stuff_archer\arrows\combined_arrow\player7\1-2.mcfunction", "mcfunction", 9, 0, 2, 1, 12
"c:\Users\FlowUP\AppData\Roaming\.minecraft\saves\CTF-1.21.10 v1.29 - fleche explo\datapacks\Magic_FR\data\stuff\function\stuff_archer\arrows\combined_arrow\player7\1-3.mcfunction", "mcfunction", 9, 0, 2, 1, 12
"c:\Users\FlowUP\AppData\Roaming\.minecraft\saves\CTF-1.21.10 v1.29 - fleche explo\datapacks\Magic_FR\data\stuff\function\stuff_archer\arrows\combined_arrow\player7\2-1.mcfunction", "mcfunction", 9, 0, 2, 1, 12
"c:\Users\FlowUP\AppData\Roaming\.minecraft\saves\CTF-1.21.10 v1.29 - fleche explo\datapacks\Magic_FR\data\stuff\function\stuff_archer\arrows\combined_arrow\player7\2-2.mcfunction", "mcfunction", 9, 0, 2, 1, 12
"c:\Users\FlowUP\AppData\Roaming\.minecraft\saves\CTF-1.21.10 v1.29 - fleche explo\datapacks\Magic_FR\data\stuff\function\stuff_archer\arrows\combined_arrow\player7\2-3.mcfunction", "mcfunction", 9, 0, 2, 1, 12
"c:\Users\FlowUP\AppData\Roaming\.minecraft\saves\CTF-1.21.10 v1.29 - fleche explo\datapacks\Magic_FR\data\stuff\function\stuff_archer\arrows\combined_arrow\player7\3-1.mcfunction", "mcfunction", 9, 0, 2, 1, 12
"c:\Users\FlowUP\AppData\Roaming\.minecraft\saves\CTF-1.21.10 v1.29 - fleche explo\datapacks\Magic_FR\data\stuff\function\stuff_archer\arrows\combined_arrow\player7\3-2.mcfunction", "mcfunction", 9, 0, 2, 1, 12
"c:\Users\FlowUP\AppData\Roaming\.minecraft\saves\CTF-1.21.10 v1.29 - fleche explo\datapacks\Magic_FR\data\stuff\function\stuff_archer\arrows\combined_arrow\player7\3-3.mcfunction", "mcfunction", 9, 0, 2, 1, 12
"c:\Users\FlowUP\AppData\Roaming\.minecraft\saves\CTF-1.21.10 v1.29 - fleche explo\datapacks\Magic_FR\data\stuff\function\stuff_archer\arrows\combined_arrow\player7\check_combination.mcfunction", "mcfunction", 9, 0, 2, 1, 12
"c:\Users\FlowUP\AppData\Roaming\.minecraft\saves\CTF-1.21.10 v1.29 - fleche explo\datapacks\Magic_FR\data\stuff\function\stuff_archer\arrows\combined_arrow\player8\1-1.mcfunction", "mcfunction", 9, 0, 2, 1, 12
"c:\Users\FlowUP\AppData\Roaming\.minecraft\saves\CTF-1.21.10 v1.29 - fleche explo\datapacks\Magic_FR\data\stuff\function\stuff_archer\arrows\combined_arrow\player8\1-2.mcfunction", "mcfunction", 9, 0, 2, 1, 12
"c:\Users\FlowUP\AppData\Roaming\.minecraft\saves\CTF-1.21.10 v1.29 - fleche explo\datapacks\Magic_FR\data\stuff\function\stuff_archer\arrows\combined_arrow\player8\1-3.mcfunction", "mcfunction", 9, 0, 2, 1, 12
"c:\Users\FlowUP\AppData\Roaming\.minecraft\saves\CTF-1.21.10 v1.29 - fleche explo\datapacks\Magic_FR\data\stuff\function\stuff_archer\arrows\combined_arrow\player8\2-1.mcfunction", "mcfunction", 9, 0, 2, 1, 12
"c:\Users\FlowUP\AppData\Roaming\.minecraft\saves\CTF-1.21.10 v1.29 - fleche explo\datapacks\Magic_FR\data\stuff\function\stuff_archer\arrows\combined_arrow\player8\2-2.mcfunction", "mcfunction", 9, 0, 2, 1, 12
"c:\Users\FlowUP\AppData\Roaming\.minecraft\saves\CTF-1.21.10 v1.29 - fleche explo\datapacks\Magic_FR\data\stuff\function\stuff_archer\arrows\combined_arrow\player8\2-3.mcfunction", "mcfunction", 9, 0, 2, 1, 12
"c:\Users\FlowUP\AppData\Roaming\.minecraft\saves\CTF-1.21.10 v1.29 - fleche explo\datapacks\Magic_FR\data\stuff\function\stuff_archer\arrows\combined_arrow\player8\3-1.mcfunction", "mcfunction", 9, 0, 2, 1, 12
"c:\Users\FlowUP\AppData\Roaming\.minecraft\saves\CTF-1.21.10 v1.29 - fleche explo\datapacks\Magic_FR\data\stuff\function\stuff_archer\arrows\combined_arrow\player8\3-2.mcfunction", "mcfunction", 9, 0, 2, 1, 12
"c:\Users\FlowUP\AppData\Roaming\.minecraft\saves\CTF-1.21.10 v1.29 - fleche explo\datapacks\Magic_FR\data\stuff\function\stuff_archer\arrows\combined_arrow\player8\3-3.mcfunction", "mcfunction", 9, 0, 2, 1, 12
"c:\Users\FlowUP\AppData\Roaming\.minecraft\saves\CTF-1.21.10 v1.29 - fleche explo\datapacks\Magic_FR\data\stuff\function\stuff_archer\arrows\combined_arrow\player8\check_combination.mcfunction", "mcfunction", 9, 0, 2, 1, 12
"c:\Users\FlowUP\AppData\Roaming\.minecraft\saves\CTF-1.21.10 v1.29 - fleche explo\datapacks\Magic_FR\data\stuff\function\stuff_archer\arrows\combined_arrow\player9\1-1.mcfunction", "mcfunction", 9, 0, 2, 1, 12
"c:\Users\FlowUP\AppData\Roaming\.minecraft\saves\CTF-1.21.10 v1.29 - fleche explo\datapacks\Magic_FR\data\stuff\function\stuff_archer\arrows\combined_arrow\player9\1-2.mcfunction", "mcfunction", 9, 0, 2, 1, 12
"c:\Users\FlowUP\AppData\Roaming\.minecraft\saves\CTF-1.21.10 v1.29 - fleche explo\datapacks\Magic_FR\data\stuff\function\stuff_archer\arrows\combined_arrow\player9\1-3.mcfunction", "mcfunction", 9, 0, 2, 1, 12
"c:\Users\FlowUP\AppData\Roaming\.minecraft\saves\CTF-1.21.10 v1.29 - fleche explo\datapacks\Magic_FR\data\stuff\function\stuff_archer\arrows\combined_arrow\player9\2-1.mcfunction", "mcfunction", 9, 0, 2, 1, 12
"c:\Users\FlowUP\AppData\Roaming\.minecraft\saves\CTF-1.21.10 v1.29 - fleche explo\datapacks\Magic_FR\data\stuff\function\stuff_archer\arrows\combined_arrow\player9\2-2.mcfunction", "mcfunction", 9, 0, 2, 1, 12
"c:\Users\FlowUP\AppData\Roaming\.minecraft\saves\CTF-1.21.10 v1.29 - fleche explo\datapacks\Magic_FR\data\stuff\function\stuff_archer\arrows\combined_arrow\player9\2-3.mcfunction", "mcfunction", 9, 0, 2, 1, 12
"c:\Users\FlowUP\AppData\Roaming\.minecraft\saves\CTF-1.21.10 v1.29 - fleche explo\datapacks\Magic_FR\data\stuff\function\stuff_archer\arrows\combined_arrow\player9\3-1.mcfunction", "mcfunction", 9, 0, 2, 1, 12
"c:\Users\FlowUP\AppData\Roaming\.minecraft\saves\CTF-1.21.10 v1.29 - fleche explo\datapacks\Magic_FR\data\stuff\function\stuff_archer\arrows\combined_arrow\player9\3-2.mcfunction", "mcfunction", 9, 0, 2, 1, 12
"c:\Users\FlowUP\AppData\Roaming\.minecraft\saves\CTF-1.21.10 v1.29 - fleche explo\datapacks\Magic_FR\data\stuff\function\stuff_archer\arrows\combined_arrow\player9\3-3.mcfunction", "mcfunction", 9, 0, 2, 1, 12
"c:\Users\FlowUP\AppData\Roaming\.minecraft\saves\CTF-1.21.10 v1.29 - fleche explo\datapacks\Magic_FR\data\stuff\function\stuff_archer\arrows\combined_arrow\player9\check_combination.mcfunction", "mcfunction", 9, 0, 2, 1, 12
"c:\Users\FlowUP\AppData\Roaming\.minecraft\saves\CTF-1.21.10 v1.29 - fleche explo\datapacks\Magic_FR\data\stuff\function\stuff_archer\arrows\explosive_arrow\lvl1\check_player_number.mcfunction", "mcfunction", 12, 0, 2, 1, 15
"c:\Users\FlowUP\AppData\Roaming\.minecraft\saves\CTF-1.21.10 v1.29 - fleche explo\datapacks\Magic_FR\data\stuff\function\stuff_archer\arrows\explosive_arrow\lvl1\player1.mcfunction", "mcfunction", 9, 0, 0, 0, 9
"c:\Users\FlowUP\AppData\Roaming\.minecraft\saves\CTF-1.21.10 v1.29 - fleche explo\datapacks\Magic_FR\data\stuff\function\stuff_archer\arrows\explosive_arrow\lvl1\player10.mcfunction", "mcfunction", 9, 0, 0, 0, 9
"c:\Users\FlowUP\AppData\Roaming\.minecraft\saves\CTF-1.21.10 v1.29 - fleche explo\datapacks\Magic_FR\data\stuff\function\stuff_archer\arrows\explosive_arrow\lvl1\player11.mcfunction", "mcfunction", 9, 0, 0, 0, 9
"c:\Users\FlowUP\AppData\Roaming\.minecraft\saves\CTF-1.21.10 v1.29 - fleche explo\datapacks\Magic_FR\data\stuff\function\stuff_archer\arrows\explosive_arrow\lvl1\player12.mcfunction", "mcfunction", 9, 0, 0, 0, 9
"c:\Users\FlowUP\AppData\Roaming\.minecraft\saves\CTF-1.21.10 v1.29 - fleche explo\datapacks\Magic_FR\data\stuff\function\stuff_archer\arrows\explosive_arrow\lvl1\player2.mcfunction", "mcfunction", 9, 0, 0, 0, 9
"c:\Users\FlowUP\AppData\Roaming\.minecraft\saves\CTF-1.21.10 v1.29 - fleche explo\datapacks\Magic_FR\data\stuff\function\stuff_archer\arrows\explosive_arrow\lvl1\player3.mcfunction", "mcfunction", 9, 0, 0, 0, 9
"c:\Users\FlowUP\AppData\Roaming\.minecraft\saves\CTF-1.21.10 v1.29 - fleche explo\datapacks\Magic_FR\data\stuff\function\stuff_archer\arrows\explosive_arrow\lvl1\player4.mcfunction", "mcfunction", 9, 0, 0, 0, 9
"c:\Users\FlowUP\AppData\Roaming\.minecraft\saves\CTF-1.21.10 v1.29 - fleche explo\datapacks\Magic_FR\data\stuff\function\stuff_archer\arrows\explosive_arrow\lvl1\player5.mcfunction", "mcfunction", 9, 0, 0, 0, 9
"c:\Users\FlowUP\AppData\Roaming\.minecraft\saves\CTF-1.21.10 v1.29 - fleche explo\datapacks\Magic_FR\data\stuff\function\stuff_archer\arrows\explosive_arrow\lvl1\player6.mcfunction", "mcfunction", 9, 0, 0, 0, 9
"c:\Users\FlowUP\AppData\Roaming\.minecraft\saves\CTF-1.21.10 v1.29 - fleche explo\datapacks\Magic_FR\data\stuff\function\stuff_archer\arrows\explosive_arrow\lvl1\player7.mcfunction", "mcfunction", 9, 0, 0, 0, 9
"c:\Users\FlowUP\AppData\Roaming\.minecraft\saves\CTF-1.21.10 v1.29 - fleche explo\datapacks\Magic_FR\data\stuff\function\stuff_archer\arrows\explosive_arrow\lvl1\player8.mcfunction", "mcfunction", 9, 0, 0, 0, 9
"c:\Users\FlowUP\AppData\Roaming\.minecraft\saves\CTF-1.21.10 v1.29 - fleche explo\datapacks\Magic_FR\data\stuff\function\stuff_archer\arrows\explosive_arrow\lvl1\player9.mcfunction", "mcfunction", 9, 0, 0, 0, 9
"c:\Users\FlowUP\AppData\Roaming\.minecraft\saves\CTF-1.21.10 v1.29 - fleche explo\datapacks\Magic_FR\data\stuff\function\stuff_archer\arrows\explosive_arrow\lvl2\check_player_number.mcfunction", "mcfunction", 12, 0, 2, 1, 15
"c:\Users\FlowUP\AppData\Roaming\.minecraft\saves\CTF-1.21.10 v1.29 - fleche explo\datapacks\Magic_FR\data\stuff\function\stuff_archer\arrows\explosive_arrow\lvl2\player1.mcfunction", "mcfunction", 9, 0, 0, 0, 9
"c:\Users\FlowUP\AppData\Roaming\.minecraft\saves\CTF-1.21.10 v1.29 - fleche explo\datapacks\Magic_FR\data\stuff\function\stuff_archer\arrows\explosive_arrow\lvl2\player10.mcfunction", "mcfunction", 9, 0, 0, 0, 9
"c:\Users\FlowUP\AppData\Roaming\.minecraft\saves\CTF-1.21.10 v1.29 - fleche explo\datapacks\Magic_FR\data\stuff\function\stuff_archer\arrows\explosive_arrow\lvl2\player11.mcfunction", "mcfunction", 9, 0, 0, 0, 9
"c:\Users\FlowUP\AppData\Roaming\.minecraft\saves\CTF-1.21.10 v1.29 - fleche explo\datapacks\Magic_FR\data\stuff\function\stuff_archer\arrows\explosive_arrow\lvl2\player12.mcfunction", "mcfunction", 9, 0, 0, 0, 9
"c:\Users\FlowUP\AppData\Roaming\.minecraft\saves\CTF-1.21.10 v1.29 - fleche explo\datapacks\Magic_FR\data\stuff\function\stuff_archer\arrows\explosive_arrow\lvl2\player2.mcfunction", "mcfunction", 9, 0, 0, 0, 9
"c:\Users\FlowUP\AppData\Roaming\.minecraft\saves\CTF-1.21.10 v1.29 - fleche explo\datapacks\Magic_FR\data\stuff\function\stuff_archer\arrows\explosive_arrow\lvl2\player3.mcfunction", "mcfunction", 9, 0, 0, 0, 9
"c:\Users\FlowUP\AppData\Roaming\.minecraft\saves\CTF-1.21.10 v1.29 - fleche explo\datapacks\Magic_FR\data\stuff\function\stuff_archer\arrows\explosive_arrow\lvl2\player4.mcfunction", "mcfunction", 9, 0, 0, 0, 9
"c:\Users\FlowUP\AppData\Roaming\.minecraft\saves\CTF-1.21.10 v1.29 - fleche explo\datapacks\Magic_FR\data\stuff\function\stuff_archer\arrows\explosive_arrow\lvl2\player5.mcfunction", "mcfunction", 9, 0, 0, 0, 9
"c:\Users\FlowUP\AppData\Roaming\.minecraft\saves\CTF-1.21.10 v1.29 - fleche explo\datapacks\Magic_FR\data\stuff\function\stuff_archer\arrows\explosive_arrow\lvl2\player6.mcfunction", "mcfunction", 9, 0, 0, 0, 9
"c:\Users\FlowUP\AppData\Roaming\.minecraft\saves\CTF-1.21.10 v1.29 - fleche explo\datapacks\Magic_FR\data\stuff\function\stuff_archer\arrows\explosive_arrow\lvl2\player7.mcfunction", "mcfunction", 9, 0, 0, 0, 9
"c:\Users\FlowUP\AppData\Roaming\.minecraft\saves\CTF-1.21.10 v1.29 - fleche explo\datapacks\Magic_FR\data\stuff\function\stuff_archer\arrows\explosive_arrow\lvl2\player8.mcfunction", "mcfunction", 9, 0, 0, 0, 9
"c:\Users\FlowUP\AppData\Roaming\.minecraft\saves\CTF-1.21.10 v1.29 - fleche explo\datapacks\Magic_FR\data\stuff\function\stuff_archer\arrows\explosive_arrow\lvl2\player9.mcfunction", "mcfunction", 9, 0, 0, 0, 9
"c:\Users\FlowUP\AppData\Roaming\.minecraft\saves\CTF-1.21.10 v1.29 - fleche explo\datapacks\Magic_FR\data\stuff\function\stuff_archer\arrows\explosive_arrow\lvl3\check_player_number.mcfunction", "mcfunction", 12, 0, 2, 1, 15
"c:\Users\FlowUP\AppData\Roaming\.minecraft\saves\CTF-1.21.10 v1.29 - fleche explo\datapacks\Magic_FR\data\stuff\function\stuff_archer\arrows\explosive_arrow\lvl3\player1.mcfunction", "mcfunction", 9, 0, 0, 0, 9
"c:\Users\FlowUP\AppData\Roaming\.minecraft\saves\CTF-1.21.10 v1.29 - fleche explo\datapacks\Magic_FR\data\stuff\function\stuff_archer\arrows\explosive_arrow\lvl3\player10.mcfunction", "mcfunction", 9, 0, 0, 0, 9
"c:\Users\FlowUP\AppData\Roaming\.minecraft\saves\CTF-1.21.10 v1.29 - fleche explo\datapacks\Magic_FR\data\stuff\function\stuff_archer\arrows\explosive_arrow\lvl3\player11.mcfunction", "mcfunction", 9, 0, 0, 0, 9
"c:\Users\FlowUP\AppData\Roaming\.minecraft\saves\CTF-1.21.10 v1.29 - fleche explo\datapacks\Magic_FR\data\stuff\function\stuff_archer\arrows\explosive_arrow\lvl3\player12.mcfunction", "mcfunction", 9, 0, 0, 0, 9
"c:\Users\FlowUP\AppData\Roaming\.minecraft\saves\CTF-1.21.10 v1.29 - fleche explo\datapacks\Magic_FR\data\stuff\function\stuff_archer\arrows\explosive_arrow\lvl3\player2.mcfunction", "mcfunction", 9, 0, 0, 0, 9
"c:\Users\FlowUP\AppData\Roaming\.minecraft\saves\CTF-1.21.10 v1.29 - fleche explo\datapacks\Magic_FR\data\stuff\function\stuff_archer\arrows\explosive_arrow\lvl3\player3.mcfunction", "mcfunction", 9, 0, 0, 0, 9
"c:\Users\FlowUP\AppData\Roaming\.minecraft\saves\CTF-1.21.10 v1.29 - fleche explo\datapacks\Magic_FR\data\stuff\function\stuff_archer\arrows\explosive_arrow\lvl3\player4.mcfunction", "mcfunction", 9, 0, 0, 0, 9
"c:\Users\FlowUP\AppData\Roaming\.minecraft\saves\CTF-1.21.10 v1.29 - fleche explo\datapacks\Magic_FR\data\stuff\function\stuff_archer\arrows\explosive_arrow\lvl3\player5.mcfunction", "mcfunction", 9, 0, 0, 0, 9
"c:\Users\FlowUP\AppData\Roaming\.minecraft\saves\CTF-1.21.10 v1.29 - fleche explo\datapacks\Magic_FR\data\stuff\function\stuff_archer\arrows\explosive_arrow\lvl3\player6.mcfunction", "mcfunction", 9, 0, 0, 0, 9
"c:\Users\FlowUP\AppData\Roaming\.minecraft\saves\CTF-1.21.10 v1.29 - fleche explo\datapacks\Magic_FR\data\stuff\function\stuff_archer\arrows\explosive_arrow\lvl3\player7.mcfunction", "mcfunction", 9, 0, 0, 0, 9
"c:\Users\FlowUP\AppData\Roaming\.minecraft\saves\CTF-1.21.10 v1.29 - fleche explo\datapacks\Magic_FR\data\stuff\function\stuff_archer\arrows\explosive_arrow\lvl3\player8.mcfunction", "mcfunction", 9, 0, 0, 0, 9
"c:\Users\FlowUP\AppData\Roaming\.minecraft\saves\CTF-1.21.10 v1.29 - fleche explo\datapacks\Magic_FR\data\stuff\function\stuff_archer\arrows\explosive_arrow\lvl3\player9.mcfunction", "mcfunction", 9, 0, 0, 0, 9
"c:\Users\FlowUP\AppData\Roaming\.minecraft\saves\CTF-1.21.10 v1.29 - fleche explo\datapacks\Magic_FR\data\stuff\function\stuff_archer\arrows\freeze_arrow\lvl1\check_player_number.mcfunction", "mcfunction", 12, 0, 2, 1, 15
"c:\Users\FlowUP\AppData\Roaming\.minecraft\saves\CTF-1.21.10 v1.29 - fleche explo\datapacks\Magic_FR\data\stuff\function\stuff_archer\arrows\freeze_arrow\lvl1\player1.mcfunction", "mcfunction", 9, 0, 0, 0, 9
"c:\Users\FlowUP\AppData\Roaming\.minecraft\saves\CTF-1.21.10 v1.29 - fleche explo\datapacks\Magic_FR\data\stuff\function\stuff_archer\arrows\freeze_arrow\lvl1\player10.mcfunction", "mcfunction", 9, 0, 0, 0, 9
"c:\Users\FlowUP\AppData\Roaming\.minecraft\saves\CTF-1.21.10 v1.29 - fleche explo\datapacks\Magic_FR\data\stuff\function\stuff_archer\arrows\freeze_arrow\lvl1\player11.mcfunction", "mcfunction", 9, 0, 0, 0, 9
"c:\Users\FlowUP\AppData\Roaming\.minecraft\saves\CTF-1.21.10 v1.29 - fleche explo\datapacks\Magic_FR\data\stuff\function\stuff_archer\arrows\freeze_arrow\lvl1\player12.mcfunction", "mcfunction", 9, 0, 0, 0, 9
"c:\Users\FlowUP\AppData\Roaming\.minecraft\saves\CTF-1.21.10 v1.29 - fleche explo\datapacks\Magic_FR\data\stuff\function\stuff_archer\arrows\freeze_arrow\lvl1\player2.mcfunction", "mcfunction", 9, 0, 0, 0, 9
"c:\Users\FlowUP\AppData\Roaming\.minecraft\saves\CTF-1.21.10 v1.29 - fleche explo\datapacks\Magic_FR\data\stuff\function\stuff_archer\arrows\freeze_arrow\lvl1\player3.mcfunction", "mcfunction", 9, 0, 0, 0, 9
"c:\Users\FlowUP\AppData\Roaming\.minecraft\saves\CTF-1.21.10 v1.29 - fleche explo\datapacks\Magic_FR\data\stuff\function\stuff_archer\arrows\freeze_arrow\lvl1\player4.mcfunction", "mcfunction", 9, 0, 0, 0, 9
"c:\Users\FlowUP\AppData\Roaming\.minecraft\saves\CTF-1.21.10 v1.29 - fleche explo\datapacks\Magic_FR\data\stuff\function\stuff_archer\arrows\freeze_arrow\lvl1\player5.mcfunction", "mcfunction", 9, 0, 0, 0, 9
"c:\Users\FlowUP\AppData\Roaming\.minecraft\saves\CTF-1.21.10 v1.29 - fleche explo\datapacks\Magic_FR\data\stuff\function\stuff_archer\arrows\freeze_arrow\lvl1\player6.mcfunction", "mcfunction", 9, 0, 0, 0, 9
"c:\Users\FlowUP\AppData\Roaming\.minecraft\saves\CTF-1.21.10 v1.29 - fleche explo\datapacks\Magic_FR\data\stuff\function\stuff_archer\arrows\freeze_arrow\lvl1\player7.mcfunction", "mcfunction", 9, 0, 0, 0, 9
"c:\Users\FlowUP\AppData\Roaming\.minecraft\saves\CTF-1.21.10 v1.29 - fleche explo\datapacks\Magic_FR\data\stuff\function\stuff_archer\arrows\freeze_arrow\lvl1\player8.mcfunction", "mcfunction", 9, 0, 0, 0, 9
"c:\Users\FlowUP\AppData\Roaming\.minecraft\saves\CTF-1.21.10 v1.29 - fleche explo\datapacks\Magic_FR\data\stuff\function\stuff_archer\arrows\freeze_arrow\lvl1\player9.mcfunction", "mcfunction", 9, 0, 0, 0, 9
"c:\Users\FlowUP\AppData\Roaming\.minecraft\saves\CTF-1.21.10 v1.29 - fleche explo\datapacks\Magic_FR\data\stuff\function\stuff_archer\arrows\freeze_arrow\lvl2\check_player_number.mcfunction", "mcfunction", 12, 0, 2, 1, 15
"c:\Users\FlowUP\AppData\Roaming\.minecraft\saves\CTF-1.21.10 v1.29 - fleche explo\datapacks\Magic_FR\data\stuff\function\stuff_archer\arrows\freeze_arrow\lvl2\player1.mcfunction", "mcfunction", 9, 0, 0, 0, 9
"c:\Users\FlowUP\AppData\Roaming\.minecraft\saves\CTF-1.21.10 v1.29 - fleche explo\datapacks\Magic_FR\data\stuff\function\stuff_archer\arrows\freeze_arrow\lvl2\player10.mcfunction", "mcfunction", 9, 0, 0, 0, 9
"c:\Users\FlowUP\AppData\Roaming\.minecraft\saves\CTF-1.21.10 v1.29 - fleche explo\datapacks\Magic_FR\data\stuff\function\stuff_archer\arrows\freeze_arrow\lvl2\player11.mcfunction", "mcfunction", 9, 0, 0, 0, 9
"c:\Users\FlowUP\AppData\Roaming\.minecraft\saves\CTF-1.21.10 v1.29 - fleche explo\datapacks\Magic_FR\data\stuff\function\stuff_archer\arrows\freeze_arrow\lvl2\player12.mcfunction", "mcfunction", 9, 0, 0, 0, 9
"c:\Users\FlowUP\AppData\Roaming\.minecraft\saves\CTF-1.21.10 v1.29 - fleche explo\datapacks\Magic_FR\data\stuff\function\stuff_archer\arrows\freeze_arrow\lvl2\player2.mcfunction", "mcfunction", 9, 0, 0, 0, 9
"c:\Users\FlowUP\AppData\Roaming\.minecraft\saves\CTF-1.21.10 v1.29 - fleche explo\datapacks\Magic_FR\data\stuff\function\stuff_archer\arrows\freeze_arrow\lvl2\player3.mcfunction", "mcfunction", 9, 0, 0, 0, 9
"c:\Users\FlowUP\AppData\Roaming\.minecraft\saves\CTF-1.21.10 v1.29 - fleche explo\datapacks\Magic_FR\data\stuff\function\stuff_archer\arrows\freeze_arrow\lvl2\player4.mcfunction", "mcfunction", 9, 0, 0, 0, 9
"c:\Users\FlowUP\AppData\Roaming\.minecraft\saves\CTF-1.21.10 v1.29 - fleche explo\datapacks\Magic_FR\data\stuff\function\stuff_archer\arrows\freeze_arrow\lvl2\player5.mcfunction", "mcfunction", 9, 0, 0, 0, 9
"c:\Users\FlowUP\AppData\Roaming\.minecraft\saves\CTF-1.21.10 v1.29 - fleche explo\datapacks\Magic_FR\data\stuff\function\stuff_archer\arrows\freeze_arrow\lvl2\player6.mcfunction", "mcfunction", 9, 0, 0, 0, 9
"c:\Users\FlowUP\AppData\Roaming\.minecraft\saves\CTF-1.21.10 v1.29 - fleche explo\datapacks\Magic_FR\data\stuff\function\stuff_archer\arrows\freeze_arrow\lvl2\player7.mcfunction", "mcfunction", 9, 0, 0, 0, 9
"c:\Users\FlowUP\AppData\Roaming\.minecraft\saves\CTF-1.21.10 v1.29 - fleche explo\datapacks\Magic_FR\data\stuff\function\stuff_archer\arrows\freeze_arrow\lvl2\player8.mcfunction", "mcfunction", 9, 0, 0, 0, 9
"c:\Users\FlowUP\AppData\Roaming\.minecraft\saves\CTF-1.21.10 v1.29 - fleche explo\datapacks\Magic_FR\data\stuff\function\stuff_archer\arrows\freeze_arrow\lvl2\player9.mcfunction", "mcfunction", 9, 0, 0, 0, 9
"c:\Users\FlowUP\AppData\Roaming\.minecraft\saves\CTF-1.21.10 v1.29 - fleche explo\datapacks\Magic_FR\data\stuff\function\stuff_archer\arrows\freeze_arrow\lvl3\check_player_number.mcfunction", "mcfunction", 12, 0, 2, 1, 15
"c:\Users\FlowUP\AppData\Roaming\.minecraft\saves\CTF-1.21.10 v1.29 - fleche explo\datapacks\Magic_FR\data\stuff\function\stuff_archer\arrows\freeze_arrow\lvl3\player1.mcfunction", "mcfunction", 9, 0, 0, 0, 9
"c:\Users\FlowUP\AppData\Roaming\.minecraft\saves\CTF-1.21.10 v1.29 - fleche explo\datapacks\Magic_FR\data\stuff\function\stuff_archer\arrows\freeze_arrow\lvl3\player10.mcfunction", "mcfunction", 9, 0, 0, 0, 9
"c:\Users\FlowUP\AppData\Roaming\.minecraft\saves\CTF-1.21.10 v1.29 - fleche explo\datapacks\Magic_FR\data\stuff\function\stuff_archer\arrows\freeze_arrow\lvl3\player11.mcfunction", "mcfunction", 9, 0, 0, 0, 9
"c:\Users\FlowUP\AppData\Roaming\.minecraft\saves\CTF-1.21.10 v1.29 - fleche explo\datapacks\Magic_FR\data\stuff\function\stuff_archer\arrows\freeze_arrow\lvl3\player12.mcfunction", "mcfunction", 9, 0, 0, 0, 9
"c:\Users\FlowUP\AppData\Roaming\.minecraft\saves\CTF-1.21.10 v1.29 - fleche explo\datapacks\Magic_FR\data\stuff\function\stuff_archer\arrows\freeze_arrow\lvl3\player2.mcfunction", "mcfunction", 9, 0, 0, 0, 9
"c:\Users\FlowUP\AppData\Roaming\.minecraft\saves\CTF-1.21.10 v1.29 - fleche explo\datapacks\Magic_FR\data\stuff\function\stuff_archer\arrows\freeze_arrow\lvl3\player3.mcfunction", "mcfunction", 9, 0, 0, 0, 9
"c:\Users\FlowUP\AppData\Roaming\.minecraft\saves\CTF-1.21.10 v1.29 - fleche explo\datapacks\Magic_FR\data\stuff\function\stuff_archer\arrows\freeze_arrow\lvl3\player4.mcfunction", "mcfunction", 9, 0, 0, 0, 9
"c:\Users\FlowUP\AppData\Roaming\.minecraft\saves\CTF-1.21.10 v1.29 - fleche explo\datapacks\Magic_FR\data\stuff\function\stuff_archer\arrows\freeze_arrow\lvl3\player5.mcfunction", "mcfunction", 9, 0, 0, 0, 9
"c:\Users\FlowUP\AppData\Roaming\.minecraft\saves\CTF-1.21.10 v1.29 - fleche explo\datapacks\Magic_FR\data\stuff\function\stuff_archer\arrows\freeze_arrow\lvl3\player6.mcfunction", "mcfunction", 9, 0, 0, 0, 9
"c:\Users\FlowUP\AppData\Roaming\.minecraft\saves\CTF-1.21.10 v1.29 - fleche explo\datapacks\Magic_FR\data\stuff\function\stuff_archer\arrows\freeze_arrow\lvl3\player7.mcfunction", "mcfunction", 9, 0, 0, 0, 9
"c:\Users\FlowUP\AppData\Roaming\.minecraft\saves\CTF-1.21.10 v1.29 - fleche explo\datapacks\Magic_FR\data\stuff\function\stuff_archer\arrows\freeze_arrow\lvl3\player8.mcfunction", "mcfunction", 9, 0, 0, 0, 9
"c:\Users\FlowUP\AppData\Roaming\.minecraft\saves\CTF-1.21.10 v1.29 - fleche explo\datapacks\Magic_FR\data\stuff\function\stuff_archer\arrows\freeze_arrow\lvl3\player9.mcfunction", "mcfunction", 9, 0, 0, 0, 9
"c:\Users\FlowUP\AppData\Roaming\.minecraft\saves\CTF-1.21.10 v1.29 - fleche explo\datapacks\Magic_FR\data\stuff\function\stuff_archer\cooldowns_a\cooldowns_a.mcfunction", "mcfunction", 9, 0, 1, 3, 13
"c:\Users\FlowUP\AppData\Roaming\.minecraft\saves\CTF-1.21.10 v1.29 - fleche explo\datapacks\Magic_FR\data\stuff\function\stuff_archer\cooldowns_a\spell1\spell1lvl1_a.mcfunction", "mcfunction", 12, 0, 4, 5, 21
"c:\Users\FlowUP\AppData\Roaming\.minecraft\saves\CTF-1.21.10 v1.29 - fleche explo\datapacks\Magic_FR\data\stuff\function\stuff_archer\cooldowns_a\spell1\spell1lvl2_a.mcfunction", "mcfunction", 12, 0, 4, 4, 20
"c:\Users\FlowUP\AppData\Roaming\.minecraft\saves\CTF-1.21.10 v1.29 - fleche explo\datapacks\Magic_FR\data\stuff\function\stuff_archer\cooldowns_a\spell1\spell1lvl3_a.mcfunction", "mcfunction", 12, 0, 4, 3, 19
"c:\Users\FlowUP\AppData\Roaming\.minecraft\saves\CTF-1.21.10 v1.29 - fleche explo\datapacks\Magic_FR\data\stuff\function\stuff_archer\cooldowns_a\spell2\spell2lvl1_a.mcfunction", "mcfunction", 12, 0, 4, 3, 19
"c:\Users\FlowUP\AppData\Roaming\.minecraft\saves\CTF-1.21.10 v1.29 - fleche explo\datapacks\Magic_FR\data\stuff\function\stuff_archer\cooldowns_a\spell2\spell2lvl2_a.mcfunction", "mcfunction", 12, 0, 4, 3, 19
"c:\Users\FlowUP\AppData\Roaming\.minecraft\saves\CTF-1.21.10 v1.29 - fleche explo\datapacks\Magic_FR\data\stuff\function\stuff_archer\cooldowns_a\spell2\spell2lvl3_a.mcfunction", "mcfunction", 12, 0, 4, 3, 19
"c:\Users\FlowUP\AppData\Roaming\.minecraft\saves\CTF-1.21.10 v1.29 - fleche explo\datapacks\Magic_FR\data\stuff\function\stuff_archer\cooldowns_a\spell3\spell3lvl1_a.mcfunction", "mcfunction", 12, 0, 4, 3, 19
"c:\Users\FlowUP\AppData\Roaming\.minecraft\saves\CTF-1.21.10 v1.29 - fleche explo\datapacks\Magic_FR\data\stuff\function\stuff_archer\cooldowns_a\spell3\spell3lvl2_a.mcfunction", "mcfunction", 12, 0, 4, 3, 19
"c:\Users\FlowUP\AppData\Roaming\.minecraft\saves\CTF-1.21.10 v1.29 - fleche explo\datapacks\Magic_FR\data\stuff\function\stuff_archer\cooldowns_a\spell3\spell3lvl3_a.mcfunction", "mcfunction", 12, 0, 4, 3, 19
"c:\Users\FlowUP\AppData\Roaming\.minecraft\saves\CTF-1.21.10 v1.29 - fleche explo\datapacks\Magic_FR\data\stuff\function\stuff_archer\determine_stuff.mcfunction", "mcfunction", 243, 0, 83, 119, 445
"c:\Users\FlowUP\AppData\Roaming\.minecraft\saves\CTF-1.21.10 v1.29 - fleche explo\datapacks\Magic_FR\data\stuff\function\stuff_archer\drop_a.mcfunction", "mcfunction", 12, 0, 5, 6, 23
"c:\Users\FlowUP\AppData\Roaming\.minecraft\saves\CTF-1.21.10 v1.29 - fleche explo\datapacks\Magic_FR\data\stuff\function\stuff_archer\keybind1.mcfunction", "mcfunction", 32, 0, 6, 4, 42
"c:\Users\FlowUP\AppData\Roaming\.minecraft\saves\CTF-1.21.10 v1.29 - fleche explo\datapacks\Magic_FR\data\stuff\function\stuff_archer\keybind2.mcfunction", "mcfunction", 34, 0, 6, 6, 46
"c:\Users\FlowUP\AppData\Roaming\.minecraft\saves\CTF-1.21.10 v1.29 - fleche explo\datapacks\Magic_FR\data\stuff\function\stuff_archer\save_stuff_as_storage\determine_player.mcfunction", "mcfunction", 12, 0, 2, 1, 15
"c:\Users\FlowUP\AppData\Roaming\.minecraft\saves\CTF-1.21.10 v1.29 - fleche explo\datapacks\Magic_FR\data\stuff\function\stuff_archer\save_stuff_as_storage\player1.mcfunction", "mcfunction", 22, 0, 2, 4, 28
"c:\Users\FlowUP\AppData\Roaming\.minecraft\saves\CTF-1.21.10 v1.29 - fleche explo\datapacks\Magic_FR\data\stuff\function\stuff_archer\save_stuff_as_storage\player10.mcfunction", "mcfunction", 22, 0, 2, 4, 28
"c:\Users\FlowUP\AppData\Roaming\.minecraft\saves\CTF-1.21.10 v1.29 - fleche explo\datapacks\Magic_FR\data\stuff\function\stuff_archer\save_stuff_as_storage\player11.mcfunction", "mcfunction", 22, 0, 2, 4, 28
"c:\Users\FlowUP\AppData\Roaming\.minecraft\saves\CTF-1.21.10 v1.29 - fleche explo\datapacks\Magic_FR\data\stuff\function\stuff_archer\save_stuff_as_storage\player12.mcfunction", "mcfunction", 22, 0, 2, 4, 28
"c:\Users\FlowUP\AppData\Roaming\.minecraft\saves\CTF-1.21.10 v1.29 - fleche explo\datapacks\Magic_FR\data\stuff\function\stuff_archer\save_stuff_as_storage\player2.mcfunction", "mcfunction", 22, 0, 2, 4, 28
"c:\Users\FlowUP\AppData\Roaming\.minecraft\saves\CTF-1.21.10 v1.29 - fleche explo\datapacks\Magic_FR\data\stuff\function\stuff_archer\save_stuff_as_storage\player3.mcfunction", "mcfunction", 22, 0, 2, 4, 28
"c:\Users\FlowUP\AppData\Roaming\.minecraft\saves\CTF-1.21.10 v1.29 - fleche explo\datapacks\Magic_FR\data\stuff\function\stuff_archer\save_stuff_as_storage\player4.mcfunction", "mcfunction", 22, 0, 2, 4, 28
"c:\Users\FlowUP\AppData\Roaming\.minecraft\saves\CTF-1.21.10 v1.29 - fleche explo\datapacks\Magic_FR\data\stuff\function\stuff_archer\save_stuff_as_storage\player5.mcfunction", "mcfunction", 22, 0, 2, 4, 28
"c:\Users\FlowUP\AppData\Roaming\.minecraft\saves\CTF-1.21.10 v1.29 - fleche explo\datapacks\Magic_FR\data\stuff\function\stuff_archer\save_stuff_as_storage\player6.mcfunction", "mcfunction", 22, 0, 2, 4, 28
"c:\Users\FlowUP\AppData\Roaming\.minecraft\saves\CTF-1.21.10 v1.29 - fleche explo\datapacks\Magic_FR\data\stuff\function\stuff_archer\save_stuff_as_storage\player7.mcfunction", "mcfunction", 22, 0, 2, 4, 28
"c:\Users\FlowUP\AppData\Roaming\.minecraft\saves\CTF-1.21.10 v1.29 - fleche explo\datapacks\Magic_FR\data\stuff\function\stuff_archer\save_stuff_as_storage\player8.mcfunction", "mcfunction", 22, 0, 2, 4, 28
"c:\Users\FlowUP\AppData\Roaming\.minecraft\saves\CTF-1.21.10 v1.29 - fleche explo\datapacks\Magic_FR\data\stuff\function\stuff_archer\save_stuff_as_storage\player9.mcfunction", "mcfunction", 22, 0, 2, 4, 28
"c:\Users\FlowUP\AppData\Roaming\.minecraft\saves\CTF-1.21.10 v1.29 - fleche explo\datapacks\Magic_FR\data\stuff\function\stuff_archer\spell1\slot0.mcfunction", "mcfunction", 3, 0, 2, 1, 6
"c:\Users\FlowUP\AppData\Roaming\.minecraft\saves\CTF-1.21.10 v1.29 - fleche explo\datapacks\Magic_FR\data\stuff\function\stuff_archer\spell1\slot1.mcfunction", "mcfunction", 3, 0, 2, 1, 6
"c:\Users\FlowUP\AppData\Roaming\.minecraft\saves\CTF-1.21.10 v1.29 - fleche explo\datapacks\Magic_FR\data\stuff\function\stuff_archer\spell1\slot2.mcfunction", "mcfunction", 3, 0, 2, 1, 6
"c:\Users\FlowUP\AppData\Roaming\.minecraft\saves\CTF-1.21.10 v1.29 - fleche explo\datapacks\Magic_FR\data\stuff\function\stuff_archer\spell1\slot3.mcfunction", "mcfunction", 3, 0, 2, 1, 6
"c:\Users\FlowUP\AppData\Roaming\.minecraft\saves\CTF-1.21.10 v1.29 - fleche explo\datapacks\Magic_FR\data\stuff\function\stuff_archer\spell1\slot4.mcfunction", "mcfunction", 3, 0, 2, 1, 6
"c:\Users\FlowUP\AppData\Roaming\.minecraft\saves\CTF-1.21.10 v1.29 - fleche explo\datapacks\Magic_FR\data\stuff\function\stuff_archer\spell1\slot5.mcfunction", "mcfunction", 3, 0, 2, 1, 6
"c:\Users\FlowUP\AppData\Roaming\.minecraft\saves\CTF-1.21.10 v1.29 - fleche explo\datapacks\Magic_FR\data\stuff\function\stuff_archer\spell1\slot6.mcfunction", "mcfunction", 3, 0, 2, 1, 6
"c:\Users\FlowUP\AppData\Roaming\.minecraft\saves\CTF-1.21.10 v1.29 - fleche explo\datapacks\Magic_FR\data\stuff\function\stuff_archer\spell1\slot7.mcfunction", "mcfunction", 3, 0, 2, 1, 6
"c:\Users\FlowUP\AppData\Roaming\.minecraft\saves\CTF-1.21.10 v1.29 - fleche explo\datapacks\Magic_FR\data\stuff\function\stuff_archer\spell1\slot8.mcfunction", "mcfunction", 3, 0, 2, 1, 6
"c:\Users\FlowUP\AppData\Roaming\.minecraft\saves\CTF-1.21.10 v1.29 - fleche explo\datapacks\Magic_FR\data\stuff\function\stuff_archer\spell2\slot0.mcfunction", "mcfunction", 6, 0, 8, 2, 16
"c:\Users\FlowUP\AppData\Roaming\.minecraft\saves\CTF-1.21.10 v1.29 - fleche explo\datapacks\Magic_FR\data\stuff\function\stuff_archer\spell2\slot1.mcfunction", "mcfunction", 6, 0, 8, 2, 16
"c:\Users\FlowUP\AppData\Roaming\.minecraft\saves\CTF-1.21.10 v1.29 - fleche explo\datapacks\Magic_FR\data\stuff\function\stuff_archer\spell2\slot2.mcfunction", "mcfunction", 6, 0, 8, 2, 16
"c:\Users\FlowUP\AppData\Roaming\.minecraft\saves\CTF-1.21.10 v1.29 - fleche explo\datapacks\Magic_FR\data\stuff\function\stuff_archer\spell2\slot3.mcfunction", "mcfunction", 6, 0, 8, 2, 16
"c:\Users\FlowUP\AppData\Roaming\.minecraft\saves\CTF-1.21.10 v1.29 - fleche explo\datapacks\Magic_FR\data\stuff\function\stuff_archer\spell2\slot4.mcfunction", "mcfunction", 6, 0, 8, 2, 16
"c:\Users\FlowUP\AppData\Roaming\.minecraft\saves\CTF-1.21.10 v1.29 - fleche explo\datapacks\Magic_FR\data\stuff\function\stuff_archer\spell2\slot5.mcfunction", "mcfunction", 6, 0, 8, 2, 16
"c:\Users\FlowUP\AppData\Roaming\.minecraft\saves\CTF-1.21.10 v1.29 - fleche explo\datapacks\Magic_FR\data\stuff\function\stuff_archer\spell2\slot6.mcfunction", "mcfunction", 6, 0, 8, 2, 16
"c:\Users\FlowUP\AppData\Roaming\.minecraft\saves\CTF-1.21.10 v1.29 - fleche explo\datapacks\Magic_FR\data\stuff\function\stuff_archer\spell2\slot7.mcfunction", "mcfunction", 6, 0, 8, 2, 16
"c:\Users\FlowUP\AppData\Roaming\.minecraft\saves\CTF-1.21.10 v1.29 - fleche explo\datapacks\Magic_FR\data\stuff\function\stuff_archer\spell2\slot8.mcfunction", "mcfunction", 6, 0, 8, 2, 16
"c:\Users\FlowUP\AppData\Roaming\.minecraft\saves\CTF-1.21.10 v1.29 - fleche explo\datapacks\Magic_FR\data\stuff\function\stuff_archer\spell3\slot0.mcfunction", "mcfunction", 3, 0, 2, 1, 6
"c:\Users\FlowUP\AppData\Roaming\.minecraft\saves\CTF-1.21.10 v1.29 - fleche explo\datapacks\Magic_FR\data\stuff\function\stuff_archer\spell3\slot1.mcfunction", "mcfunction", 3, 0, 2, 1, 6
"c:\Users\FlowUP\AppData\Roaming\.minecraft\saves\CTF-1.21.10 v1.29 - fleche explo\datapacks\Magic_FR\data\stuff\function\stuff_archer\spell3\slot2.mcfunction", "mcfunction", 3, 0, 2, 1, 6
"c:\Users\FlowUP\AppData\Roaming\.minecraft\saves\CTF-1.21.10 v1.29 - fleche explo\datapacks\Magic_FR\data\stuff\function\stuff_archer\spell3\slot3.mcfunction", "mcfunction", 3, 0, 2, 1, 6
"c:\Users\FlowUP\AppData\Roaming\.minecraft\saves\CTF-1.21.10 v1.29 - fleche explo\datapacks\Magic_FR\data\stuff\function\stuff_archer\spell3\slot4.mcfunction", "mcfunction", 3, 0, 2, 1, 6
"c:\Users\FlowUP\AppData\Roaming\.minecraft\saves\CTF-1.21.10 v1.29 - fleche explo\datapacks\Magic_FR\data\stuff\function\stuff_archer\spell3\slot5.mcfunction", "mcfunction", 3, 0, 2, 1, 6
"c:\Users\FlowUP\AppData\Roaming\.minecraft\saves\CTF-1.21.10 v1.29 - fleche explo\datapacks\Magic_FR\data\stuff\function\stuff_archer\spell3\slot6.mcfunction", "mcfunction", 3, 0, 2, 1, 6
"c:\Users\FlowUP\AppData\Roaming\.minecraft\saves\CTF-1.21.10 v1.29 - fleche explo\datapacks\Magic_FR\data\stuff\function\stuff_archer\spell3\slot7.mcfunction", "mcfunction", 3, 0, 2, 1, 6
"c:\Users\FlowUP\AppData\Roaming\.minecraft\saves\CTF-1.21.10 v1.29 - fleche explo\datapacks\Magic_FR\data\stuff\function\stuff_archer\spell3\slot8.mcfunction", "mcfunction", 3, 0, 2, 1, 6
"c:\Users\FlowUP\AppData\Roaming\.minecraft\saves\CTF-1.21.10 v1.29 - fleche explo\datapacks\Magic_FR\data\stuff\function\stuff_archer\stuffarcher.mcfunction", "mcfunction", 99, 0, 52, 19, 170
"c:\Users\FlowUP\AppData\Roaming\.minecraft\saves\CTF-1.21.10 v1.29 - fleche explo\datapacks\Magic_FR\data\stuff\function\stuff_archer\weapon1\slot0.mcfunction", "mcfunction", 11, 0, 13, 1, 25
"c:\Users\FlowUP\AppData\Roaming\.minecraft\saves\CTF-1.21.10 v1.29 - fleche explo\datapacks\Magic_FR\data\stuff\function\stuff_archer\weapon1\slot1.mcfunction", "mcfunction", 11, 0, 13, 1, 25
"c:\Users\FlowUP\AppData\Roaming\.minecraft\saves\CTF-1.21.10 v1.29 - fleche explo\datapacks\Magic_FR\data\stuff\function\stuff_archer\weapon1\slot2.mcfunction", "mcfunction", 11, 0, 13, 1, 25
"c:\Users\FlowUP\AppData\Roaming\.minecraft\saves\CTF-1.21.10 v1.29 - fleche explo\datapacks\Magic_FR\data\stuff\function\stuff_archer\weapon1\slot3.mcfunction", "mcfunction", 11, 0, 13, 1, 25
"c:\Users\FlowUP\AppData\Roaming\.minecraft\saves\CTF-1.21.10 v1.29 - fleche explo\datapacks\Magic_FR\data\stuff\function\stuff_archer\weapon1\slot4.mcfunction", "mcfunction", 11, 0, 13, 1, 25
"c:\Users\FlowUP\AppData\Roaming\.minecraft\saves\CTF-1.21.10 v1.29 - fleche explo\datapacks\Magic_FR\data\stuff\function\stuff_archer\weapon1\slot5.mcfunction", "mcfunction", 11, 0, 13, 1, 25
"c:\Users\FlowUP\AppData\Roaming\.minecraft\saves\CTF-1.21.10 v1.29 - fleche explo\datapacks\Magic_FR\data\stuff\function\stuff_archer\weapon1\slot6.mcfunction", "mcfunction", 11, 0, 13, 1, 25
"c:\Users\FlowUP\AppData\Roaming\.minecraft\saves\CTF-1.21.10 v1.29 - fleche explo\datapacks\Magic_FR\data\stuff\function\stuff_archer\weapon1\slot7.mcfunction", "mcfunction", 11, 0, 13, 1, 25
"c:\Users\FlowUP\AppData\Roaming\.minecraft\saves\CTF-1.21.10 v1.29 - fleche explo\datapacks\Magic_FR\data\stuff\function\stuff_archer\weapon1\slot8.mcfunction", "mcfunction", 11, 0, 13, 1, 25
"c:\Users\FlowUP\AppData\Roaming\.minecraft\saves\CTF-1.21.10 v1.29 - fleche explo\datapacks\Magic_FR\data\stuff\function\stuff_mage\cooldowns_m\cooldowns_m.mcfunction", "mcfunction", 7, 0, 1, 3, 11
"c:\Users\FlowUP\AppData\Roaming\.minecraft\saves\CTF-1.21.10 v1.29 - fleche explo\datapacks\Magic_FR\data\stuff\function\stuff_mage\cooldowns_m\spell1\spell1lvl1_m.mcfunction", "mcfunction", 12, 0, 4, 3, 19
"c:\Users\FlowUP\AppData\Roaming\.minecraft\saves\CTF-1.21.10 v1.29 - fleche explo\datapacks\Magic_FR\data\stuff\function\stuff_mage\cooldowns_m\spell1\spell1lvl2_m.mcfunction", "mcfunction", 12, 0, 4, 3, 19
"c:\Users\FlowUP\AppData\Roaming\.minecraft\saves\CTF-1.21.10 v1.29 - fleche explo\datapacks\Magic_FR\data\stuff\function\stuff_mage\cooldowns_m\spell1\spell1lvl3_m.mcfunction", "mcfunction", 12, 0, 4, 3, 19
"c:\Users\FlowUP\AppData\Roaming\.minecraft\saves\CTF-1.21.10 v1.29 - fleche explo\datapacks\Magic_FR\data\stuff\function\stuff_mage\cooldowns_m\spell2\spell2lvl1_m.mcfunction", "mcfunction", 12, 0, 4, 3, 19
"c:\Users\FlowUP\AppData\Roaming\.minecraft\saves\CTF-1.21.10 v1.29 - fleche explo\datapacks\Magic_FR\data\stuff\function\stuff_mage\cooldowns_m\spell2\spell2lvl2_m.mcfunction", "mcfunction", 12, 0, 4, 3, 19
"c:\Users\FlowUP\AppData\Roaming\.minecraft\saves\CTF-1.21.10 v1.29 - fleche explo\datapacks\Magic_FR\data\stuff\function\stuff_mage\cooldowns_m\spell2\spell2lvl3_m.mcfunction", "mcfunction", 12, 0, 4, 3, 19
"c:\Users\FlowUP\AppData\Roaming\.minecraft\saves\CTF-1.21.10 v1.29 - fleche explo\datapacks\Magic_FR\data\stuff\function\stuff_mage\cooldowns_m\spell3\spell3lvl1_m.mcfunction", "mcfunction", 12, 0, 4, 3, 19
"c:\Users\FlowUP\AppData\Roaming\.minecraft\saves\CTF-1.21.10 v1.29 - fleche explo\datapacks\Magic_FR\data\stuff\function\stuff_mage\determine_stuff.mcfunction", "mcfunction", 56, 0, 63, 87, 206
"c:\Users\FlowUP\AppData\Roaming\.minecraft\saves\CTF-1.21.10 v1.29 - fleche explo\datapacks\Magic_FR\data\stuff\function\stuff_mage\drop_m.mcfunction", "mcfunction", 13, 0, 5, 6, 24
"c:\Users\FlowUP\AppData\Roaming\.minecraft\saves\CTF-1.21.10 v1.29 - fleche explo\datapacks\Magic_FR\data\stuff\function\stuff_mage\keybind1.mcfunction", "mcfunction", 32, 0, 6, 4, 42
"c:\Users\FlowUP\AppData\Roaming\.minecraft\saves\CTF-1.21.10 v1.29 - fleche explo\datapacks\Magic_FR\data\stuff\function\stuff_mage\keybind2.mcfunction", "mcfunction", 34, 0, 6, 6, 46
"c:\Users\FlowUP\AppData\Roaming\.minecraft\saves\CTF-1.21.10 v1.29 - fleche explo\datapacks\Magic_FR\data\stuff\function\stuff_mage\save_stuff_as_storage\determine_player.mcfunction", "mcfunction", 12, 0, 2, 1, 15
"c:\Users\FlowUP\AppData\Roaming\.minecraft\saves\CTF-1.21.10 v1.29 - fleche explo\datapacks\Magic_FR\data\stuff\function\stuff_mage\save_stuff_as_storage\player1.mcfunction", "mcfunction", 22, 0, 2, 4, 28
"c:\Users\FlowUP\AppData\Roaming\.minecraft\saves\CTF-1.21.10 v1.29 - fleche explo\datapacks\Magic_FR\data\stuff\function\stuff_mage\save_stuff_as_storage\player10.mcfunction", "mcfunction", 22, 0, 2, 4, 28
"c:\Users\FlowUP\AppData\Roaming\.minecraft\saves\CTF-1.21.10 v1.29 - fleche explo\datapacks\Magic_FR\data\stuff\function\stuff_mage\save_stuff_as_storage\player11.mcfunction", "mcfunction", 22, 0, 2, 4, 28
"c:\Users\FlowUP\AppData\Roaming\.minecraft\saves\CTF-1.21.10 v1.29 - fleche explo\datapacks\Magic_FR\data\stuff\function\stuff_mage\save_stuff_as_storage\player12.mcfunction", "mcfunction", 22, 0, 2, 4, 28
"c:\Users\FlowUP\AppData\Roaming\.minecraft\saves\CTF-1.21.10 v1.29 - fleche explo\datapacks\Magic_FR\data\stuff\function\stuff_mage\save_stuff_as_storage\player2.mcfunction", "mcfunction", 22, 0, 2, 4, 28
"c:\Users\FlowUP\AppData\Roaming\.minecraft\saves\CTF-1.21.10 v1.29 - fleche explo\datapacks\Magic_FR\data\stuff\function\stuff_mage\save_stuff_as_storage\player3.mcfunction", "mcfunction", 22, 0, 2, 4, 28
"c:\Users\FlowUP\AppData\Roaming\.minecraft\saves\CTF-1.21.10 v1.29 - fleche explo\datapacks\Magic_FR\data\stuff\function\stuff_mage\save_stuff_as_storage\player4.mcfunction", "mcfunction", 22, 0, 2, 4, 28
"c:\Users\FlowUP\AppData\Roaming\.minecraft\saves\CTF-1.21.10 v1.29 - fleche explo\datapacks\Magic_FR\data\stuff\function\stuff_mage\save_stuff_as_storage\player5.mcfunction", "mcfunction", 22, 0, 2, 4, 28
"c:\Users\FlowUP\AppData\Roaming\.minecraft\saves\CTF-1.21.10 v1.29 - fleche explo\datapacks\Magic_FR\data\stuff\function\stuff_mage\save_stuff_as_storage\player6.mcfunction", "mcfunction", 22, 0, 2, 4, 28
"c:\Users\FlowUP\AppData\Roaming\.minecraft\saves\CTF-1.21.10 v1.29 - fleche explo\datapacks\Magic_FR\data\stuff\function\stuff_mage\save_stuff_as_storage\player7.mcfunction", "mcfunction", 22, 0, 2, 4, 28
"c:\Users\FlowUP\AppData\Roaming\.minecraft\saves\CTF-1.21.10 v1.29 - fleche explo\datapacks\Magic_FR\data\stuff\function\stuff_mage\save_stuff_as_storage\player8.mcfunction", "mcfunction", 22, 0, 2, 4, 28
"c:\Users\FlowUP\AppData\Roaming\.minecraft\saves\CTF-1.21.10 v1.29 - fleche explo\datapacks\Magic_FR\data\stuff\function\stuff_mage\save_stuff_as_storage\player9.mcfunction", "mcfunction", 22, 0, 2, 4, 28
"c:\Users\FlowUP\AppData\Roaming\.minecraft\saves\CTF-1.21.10 v1.29 - fleche explo\datapacks\Magic_FR\data\stuff\function\stuff_mage\spell1\slot0.mcfunction", "mcfunction", 3, 0, 2, 1, 6
"c:\Users\FlowUP\AppData\Roaming\.minecraft\saves\CTF-1.21.10 v1.29 - fleche explo\datapacks\Magic_FR\data\stuff\function\stuff_mage\spell1\slot1.mcfunction", "mcfunction", 3, 0, 2, 1, 6
"c:\Users\FlowUP\AppData\Roaming\.minecraft\saves\CTF-1.21.10 v1.29 - fleche explo\datapacks\Magic_FR\data\stuff\function\stuff_mage\spell1\slot2.mcfunction", "mcfunction", 3, 0, 2, 1, 6
"c:\Users\FlowUP\AppData\Roaming\.minecraft\saves\CTF-1.21.10 v1.29 - fleche explo\datapacks\Magic_FR\data\stuff\function\stuff_mage\spell1\slot3.mcfunction", "mcfunction", 3, 0, 2, 1, 6
"c:\Users\FlowUP\AppData\Roaming\.minecraft\saves\CTF-1.21.10 v1.29 - fleche explo\datapacks\Magic_FR\data\stuff\function\stuff_mage\spell1\slot4.mcfunction", "mcfunction", 3, 0, 2, 1, 6
"c:\Users\FlowUP\AppData\Roaming\.minecraft\saves\CTF-1.21.10 v1.29 - fleche explo\datapacks\Magic_FR\data\stuff\function\stuff_mage\spell1\slot5.mcfunction", "mcfunction", 3, 0, 2, 1, 6
"c:\Users\FlowUP\AppData\Roaming\.minecraft\saves\CTF-1.21.10 v1.29 - fleche explo\datapacks\Magic_FR\data\stuff\function\stuff_mage\spell1\slot6.mcfunction", "mcfunction", 3, 0, 2, 1, 6
"c:\Users\FlowUP\AppData\Roaming\.minecraft\saves\CTF-1.21.10 v1.29 - fleche explo\datapacks\Magic_FR\data\stuff\function\stuff_mage\spell1\slot7.mcfunction", "mcfunction", 3, 0, 2, 1, 6
"c:\Users\FlowUP\AppData\Roaming\.minecraft\saves\CTF-1.21.10 v1.29 - fleche explo\datapacks\Magic_FR\data\stuff\function\stuff_mage\spell1\slot8.mcfunction", "mcfunction", 3, 0, 2, 1, 6
"c:\Users\FlowUP\AppData\Roaming\.minecraft\saves\CTF-1.21.10 v1.29 - fleche explo\datapacks\Magic_FR\data\stuff\function\stuff_mage\spell2\slot0.mcfunction", "mcfunction", 3, 0, 2, 1, 6
"c:\Users\FlowUP\AppData\Roaming\.minecraft\saves\CTF-1.21.10 v1.29 - fleche explo\datapacks\Magic_FR\data\stuff\function\stuff_mage\spell2\slot1.mcfunction", "mcfunction", 3, 0, 2, 1, 6
"c:\Users\FlowUP\AppData\Roaming\.minecraft\saves\CTF-1.21.10 v1.29 - fleche explo\datapacks\Magic_FR\data\stuff\function\stuff_mage\spell2\slot2.mcfunction", "mcfunction", 3, 0, 2, 1, 6
"c:\Users\FlowUP\AppData\Roaming\.minecraft\saves\CTF-1.21.10 v1.29 - fleche explo\datapacks\Magic_FR\data\stuff\function\stuff_mage\spell2\slot3.mcfunction", "mcfunction", 3, 0, 2, 1, 6
"c:\Users\FlowUP\AppData\Roaming\.minecraft\saves\CTF-1.21.10 v1.29 - fleche explo\datapacks\Magic_FR\data\stuff\function\stuff_mage\spell2\slot4.mcfunction", "mcfunction", 3, 0, 2, 1, 6
"c:\Users\FlowUP\AppData\Roaming\.minecraft\saves\CTF-1.21.10 v1.29 - fleche explo\datapacks\Magic_FR\data\stuff\function\stuff_mage\spell2\slot5.mcfunction", "mcfunction", 3, 0, 2, 1, 6
"c:\Users\FlowUP\AppData\Roaming\.minecraft\saves\CTF-1.21.10 v1.29 - fleche explo\datapacks\Magic_FR\data\stuff\function\stuff_mage\spell2\slot6.mcfunction", "mcfunction", 3, 0, 2, 1, 6
"c:\Users\FlowUP\AppData\Roaming\.minecraft\saves\CTF-1.21.10 v1.29 - fleche explo\datapacks\Magic_FR\data\stuff\function\stuff_mage\spell2\slot7.mcfunction", "mcfunction", 3, 0, 2, 1, 6
"c:\Users\FlowUP\AppData\Roaming\.minecraft\saves\CTF-1.21.10 v1.29 - fleche explo\datapacks\Magic_FR\data\stuff\function\stuff_mage\spell2\slot8.mcfunction", "mcfunction", 3, 0, 2, 1, 6
"c:\Users\FlowUP\AppData\Roaming\.minecraft\saves\CTF-1.21.10 v1.29 - fleche explo\datapacks\Magic_FR\data\stuff\function\stuff_mage\spell3\slot0.mcfunction", "mcfunction", 1, 0, 2, 1, 4
"c:\Users\FlowUP\AppData\Roaming\.minecraft\saves\CTF-1.21.10 v1.29 - fleche explo\datapacks\Magic_FR\data\stuff\function\stuff_mage\spell3\slot1.mcfunction", "mcfunction", 1, 0, 2, 1, 4
"c:\Users\FlowUP\AppData\Roaming\.minecraft\saves\CTF-1.21.10 v1.29 - fleche explo\datapacks\Magic_FR\data\stuff\function\stuff_mage\spell3\slot2.mcfunction", "mcfunction", 1, 0, 2, 1, 4
"c:\Users\FlowUP\AppData\Roaming\.minecraft\saves\CTF-1.21.10 v1.29 - fleche explo\datapacks\Magic_FR\data\stuff\function\stuff_mage\spell3\slot3.mcfunction", "mcfunction", 1, 0, 2, 1, 4
"c:\Users\FlowUP\AppData\Roaming\.minecraft\saves\CTF-1.21.10 v1.29 - fleche explo\datapacks\Magic_FR\data\stuff\function\stuff_mage\spell3\slot4.mcfunction", "mcfunction", 1, 0, 2, 1, 4
"c:\Users\FlowUP\AppData\Roaming\.minecraft\saves\CTF-1.21.10 v1.29 - fleche explo\datapacks\Magic_FR\data\stuff\function\stuff_mage\spell3\slot5.mcfunction", "mcfunction", 1, 0, 2, 1, 4
"c:\Users\FlowUP\AppData\Roaming\.minecraft\saves\CTF-1.21.10 v1.29 - fleche explo\datapacks\Magic_FR\data\stuff\function\stuff_mage\spell3\slot6.mcfunction", "mcfunction", 1, 0, 2, 1, 4
"c:\Users\FlowUP\AppData\Roaming\.minecraft\saves\CTF-1.21.10 v1.29 - fleche explo\datapacks\Magic_FR\data\stuff\function\stuff_mage\spell3\slot7.mcfunction", "mcfunction", 1, 0, 2, 1, 4
"c:\Users\FlowUP\AppData\Roaming\.minecraft\saves\CTF-1.21.10 v1.29 - fleche explo\datapacks\Magic_FR\data\stuff\function\stuff_mage\spell3\slot8.mcfunction", "mcfunction", 1, 0, 2, 1, 4
"c:\Users\FlowUP\AppData\Roaming\.minecraft\saves\CTF-1.21.10 v1.29 - fleche explo\datapacks\Magic_FR\data\stuff\function\stuff_mage\stuffmage.mcfunction", "mcfunction", 74, 0, 43, 18, 135
"c:\Users\FlowUP\AppData\Roaming\.minecraft\saves\CTF-1.21.10 v1.29 - fleche explo\datapacks\Magic_FR\data\stuff\function\stuff_mage\weapon1\slot0.mcfunction", "mcfunction", 11, 0, 2, 1, 14
"c:\Users\FlowUP\AppData\Roaming\.minecraft\saves\CTF-1.21.10 v1.29 - fleche explo\datapacks\Magic_FR\data\stuff\function\stuff_mage\weapon1\slot1.mcfunction", "mcfunction", 11, 0, 2, 1, 14
"c:\Users\FlowUP\AppData\Roaming\.minecraft\saves\CTF-1.21.10 v1.29 - fleche explo\datapacks\Magic_FR\data\stuff\function\stuff_mage\weapon1\slot2.mcfunction", "mcfunction", 11, 0, 2, 1, 14
"c:\Users\FlowUP\AppData\Roaming\.minecraft\saves\CTF-1.21.10 v1.29 - fleche explo\datapacks\Magic_FR\data\stuff\function\stuff_mage\weapon1\slot3.mcfunction", "mcfunction", 11, 0, 2, 1, 14
"c:\Users\FlowUP\AppData\Roaming\.minecraft\saves\CTF-1.21.10 v1.29 - fleche explo\datapacks\Magic_FR\data\stuff\function\stuff_mage\weapon1\slot4.mcfunction", "mcfunction", 11, 0, 2, 1, 14
"c:\Users\FlowUP\AppData\Roaming\.minecraft\saves\CTF-1.21.10 v1.29 - fleche explo\datapacks\Magic_FR\data\stuff\function\stuff_mage\weapon1\slot5.mcfunction", "mcfunction", 11, 0, 2, 1, 14
"c:\Users\FlowUP\AppData\Roaming\.minecraft\saves\CTF-1.21.10 v1.29 - fleche explo\datapacks\Magic_FR\data\stuff\function\stuff_mage\weapon1\slot6.mcfunction", "mcfunction", 11, 0, 2, 1, 14
"c:\Users\FlowUP\AppData\Roaming\.minecraft\saves\CTF-1.21.10 v1.29 - fleche explo\datapacks\Magic_FR\data\stuff\function\stuff_mage\weapon1\slot7.mcfunction", "mcfunction", 11, 0, 2, 1, 14
"c:\Users\FlowUP\AppData\Roaming\.minecraft\saves\CTF-1.21.10 v1.29 - fleche explo\datapacks\Magic_FR\data\stuff\function\stuff_mage\weapon1\slot8.mcfunction", "mcfunction", 11, 0, 2, 1, 14
"c:\Users\FlowUP\AppData\Roaming\.minecraft\saves\CTF-1.21.10 v1.29 - fleche explo\datapacks\Magic_FR\data\stuff\function\stuff_rogue\cooldowns_r\cooldowns_r.mcfunction", "mcfunction", 5, 0, 1, 3, 9
"c:\Users\FlowUP\AppData\Roaming\.minecraft\saves\CTF-1.21.10 v1.29 - fleche explo\datapacks\Magic_FR\data\stuff\function\stuff_rogue\cooldowns_r\spell1\spell1lvl1_r.mcfunction", "mcfunction", 12, 0, 4, 3, 19
"c:\Users\FlowUP\AppData\Roaming\.minecraft\saves\CTF-1.21.10 v1.29 - fleche explo\datapacks\Magic_FR\data\stuff\function\stuff_rogue\cooldowns_r\spell1\spell1lvl2_r.mcfunction", "mcfunction", 12, 0, 4, 3, 19
"c:\Users\FlowUP\AppData\Roaming\.minecraft\saves\CTF-1.21.10 v1.29 - fleche explo\datapacks\Magic_FR\data\stuff\function\stuff_rogue\cooldowns_r\spell1\spell1lvl3_r.mcfunction", "mcfunction", 12, 0, 4, 3, 19
"c:\Users\FlowUP\AppData\Roaming\.minecraft\saves\CTF-1.21.10 v1.29 - fleche explo\datapacks\Magic_FR\data\stuff\function\stuff_rogue\cooldowns_r\spell2\spell2lvl1_r.mcfunction", "mcfunction", 12, 0, 4, 3, 19
"c:\Users\FlowUP\AppData\Roaming\.minecraft\saves\CTF-1.21.10 v1.29 - fleche explo\datapacks\Magic_FR\data\stuff\function\stuff_rogue\cooldowns_r\spell3\spell3lvl1_r.mcfunction", "mcfunction", 12, 0, 4, 3, 19
"c:\Users\FlowUP\AppData\Roaming\.minecraft\saves\CTF-1.21.10 v1.29 - fleche explo\datapacks\Magic_FR\data\stuff\function\stuff_rogue\determine_stuff.mcfunction", "mcfunction", 100, 0, 117, 196, 413
"c:\Users\FlowUP\AppData\Roaming\.minecraft\saves\CTF-1.21.10 v1.29 - fleche explo\datapacks\Magic_FR\data\stuff\function\stuff_rogue\drop_r.mcfunction", "mcfunction", 14, 0, 5, 6, 25
"c:\Users\FlowUP\AppData\Roaming\.minecraft\saves\CTF-1.21.10 v1.29 - fleche explo\datapacks\Magic_FR\data\stuff\function\stuff_rogue\keybind1.mcfunction", "mcfunction", 32, 0, 6, 4, 42
"c:\Users\FlowUP\AppData\Roaming\.minecraft\saves\CTF-1.21.10 v1.29 - fleche explo\datapacks\Magic_FR\data\stuff\function\stuff_rogue\keybind2.mcfunction", "mcfunction", 35, 0, 6, 6, 47
"c:\Users\FlowUP\AppData\Roaming\.minecraft\saves\CTF-1.21.10 v1.29 - fleche explo\datapacks\Magic_FR\data\stuff\function\stuff_rogue\keybind3.mcfunction", "mcfunction", 36, 0, 6, 5, 47
"c:\Users\FlowUP\AppData\Roaming\.minecraft\saves\CTF-1.21.10 v1.29 - fleche explo\datapacks\Magic_FR\data\stuff\function\stuff_rogue\save_stuff_as_storage\determine_player.mcfunction", "mcfunction", 12, 0, 2, 1, 15
"c:\Users\FlowUP\AppData\Roaming\.minecraft\saves\CTF-1.21.10 v1.29 - fleche explo\datapacks\Magic_FR\data\stuff\function\stuff_rogue\save_stuff_as_storage\player1.mcfunction", "mcfunction", 21, 0, 2, 4, 27
"c:\Users\FlowUP\AppData\Roaming\.minecraft\saves\CTF-1.21.10 v1.29 - fleche explo\datapacks\Magic_FR\data\stuff\function\stuff_rogue\save_stuff_as_storage\player10.mcfunction", "mcfunction", 21, 0, 2, 4, 27
"c:\Users\FlowUP\AppData\Roaming\.minecraft\saves\CTF-1.21.10 v1.29 - fleche explo\datapacks\Magic_FR\data\stuff\function\stuff_rogue\save_stuff_as_storage\player11.mcfunction", "mcfunction", 21, 0, 2, 4, 27
"c:\Users\FlowUP\AppData\Roaming\.minecraft\saves\CTF-1.21.10 v1.29 - fleche explo\datapacks\Magic_FR\data\stuff\function\stuff_rogue\save_stuff_as_storage\player12.mcfunction", "mcfunction", 21, 0, 2, 4, 27
"c:\Users\FlowUP\AppData\Roaming\.minecraft\saves\CTF-1.21.10 v1.29 - fleche explo\datapacks\Magic_FR\data\stuff\function\stuff_rogue\save_stuff_as_storage\player2.mcfunction", "mcfunction", 21, 0, 2, 4, 27
"c:\Users\FlowUP\AppData\Roaming\.minecraft\saves\CTF-1.21.10 v1.29 - fleche explo\datapacks\Magic_FR\data\stuff\function\stuff_rogue\save_stuff_as_storage\player3.mcfunction", "mcfunction", 21, 0, 2, 4, 27
"c:\Users\FlowUP\AppData\Roaming\.minecraft\saves\CTF-1.21.10 v1.29 - fleche explo\datapacks\Magic_FR\data\stuff\function\stuff_rogue\save_stuff_as_storage\player4.mcfunction", "mcfunction", 21, 0, 2, 4, 27
"c:\Users\FlowUP\AppData\Roaming\.minecraft\saves\CTF-1.21.10 v1.29 - fleche explo\datapacks\Magic_FR\data\stuff\function\stuff_rogue\save_stuff_as_storage\player5.mcfunction", "mcfunction", 21, 0, 2, 4, 27
"c:\Users\FlowUP\AppData\Roaming\.minecraft\saves\CTF-1.21.10 v1.29 - fleche explo\datapacks\Magic_FR\data\stuff\function\stuff_rogue\save_stuff_as_storage\player6.mcfunction", "mcfunction", 21, 0, 2, 4, 27
"c:\Users\FlowUP\AppData\Roaming\.minecraft\saves\CTF-1.21.10 v1.29 - fleche explo\datapacks\Magic_FR\data\stuff\function\stuff_rogue\save_stuff_as_storage\player7.mcfunction", "mcfunction", 21, 0, 2, 4, 27
"c:\Users\FlowUP\AppData\Roaming\.minecraft\saves\CTF-1.21.10 v1.29 - fleche explo\datapacks\Magic_FR\data\stuff\function\stuff_rogue\save_stuff_as_storage\player8.mcfunction", "mcfunction", 21, 0, 2, 4, 27
"c:\Users\FlowUP\AppData\Roaming\.minecraft\saves\CTF-1.21.10 v1.29 - fleche explo\datapacks\Magic_FR\data\stuff\function\stuff_rogue\save_stuff_as_storage\player9.mcfunction", "mcfunction", 21, 0, 2, 4, 27
"c:\Users\FlowUP\AppData\Roaming\.minecraft\saves\CTF-1.21.10 v1.29 - fleche explo\datapacks\Magic_FR\data\stuff\function\stuff_rogue\stuff_invisible\spell1\slot0.mcfunction", "mcfunction", 3, 0, 2, 1, 6
"c:\Users\FlowUP\AppData\Roaming\.minecraft\saves\CTF-1.21.10 v1.29 - fleche explo\datapacks\Magic_FR\data\stuff\function\stuff_rogue\stuff_invisible\spell1\slot1.mcfunction", "mcfunction", 3, 0, 2, 1, 6
"c:\Users\FlowUP\AppData\Roaming\.minecraft\saves\CTF-1.21.10 v1.29 - fleche explo\datapacks\Magic_FR\data\stuff\function\stuff_rogue\stuff_invisible\spell1\slot2.mcfunction", "mcfunction", 3, 0, 2, 1, 6
"c:\Users\FlowUP\AppData\Roaming\.minecraft\saves\CTF-1.21.10 v1.29 - fleche explo\datapacks\Magic_FR\data\stuff\function\stuff_rogue\stuff_invisible\spell1\slot3.mcfunction", "mcfunction", 3, 0, 2, 1, 6
"c:\Users\FlowUP\AppData\Roaming\.minecraft\saves\CTF-1.21.10 v1.29 - fleche explo\datapacks\Magic_FR\data\stuff\function\stuff_rogue\stuff_invisible\spell1\slot4.mcfunction", "mcfunction", 3, 0, 2, 1, 6
"c:\Users\FlowUP\AppData\Roaming\.minecraft\saves\CTF-1.21.10 v1.29 - fleche explo\datapacks\Magic_FR\data\stuff\function\stuff_rogue\stuff_invisible\spell1\slot5.mcfunction", "mcfunction", 3, 0, 2, 1, 6
"c:\Users\FlowUP\AppData\Roaming\.minecraft\saves\CTF-1.21.10 v1.29 - fleche explo\datapacks\Magic_FR\data\stuff\function\stuff_rogue\stuff_invisible\spell1\slot6.mcfunction", "mcfunction", 3, 0, 2, 1, 6
"c:\Users\FlowUP\AppData\Roaming\.minecraft\saves\CTF-1.21.10 v1.29 - fleche explo\datapacks\Magic_FR\data\stuff\function\stuff_rogue\stuff_invisible\spell1\slot7.mcfunction", "mcfunction", 3, 0, 2, 1, 6
"c:\Users\FlowUP\AppData\Roaming\.minecraft\saves\CTF-1.21.10 v1.29 - fleche explo\datapacks\Magic_FR\data\stuff\function\stuff_rogue\stuff_invisible\spell1\slot8.mcfunction", "mcfunction", 3, 0, 2, 1, 6
"c:\Users\FlowUP\AppData\Roaming\.minecraft\saves\CTF-1.21.10 v1.29 - fleche explo\datapacks\Magic_FR\data\stuff\function\stuff_rogue\stuff_invisible\spell2\slot0.mcfunction", "mcfunction", 2, 0, 2, 1, 5
"c:\Users\FlowUP\AppData\Roaming\.minecraft\saves\CTF-1.21.10 v1.29 - fleche explo\datapacks\Magic_FR\data\stuff\function\stuff_rogue\stuff_invisible\spell2\slot1.mcfunction", "mcfunction", 2, 0, 2, 1, 5
"c:\Users\FlowUP\AppData\Roaming\.minecraft\saves\CTF-1.21.10 v1.29 - fleche explo\datapacks\Magic_FR\data\stuff\function\stuff_rogue\stuff_invisible\spell2\slot2.mcfunction", "mcfunction", 2, 0, 2, 1, 5
"c:\Users\FlowUP\AppData\Roaming\.minecraft\saves\CTF-1.21.10 v1.29 - fleche explo\datapacks\Magic_FR\data\stuff\function\stuff_rogue\stuff_invisible\spell2\slot3.mcfunction", "mcfunction", 2, 0, 2, 1, 5
"c:\Users\FlowUP\AppData\Roaming\.minecraft\saves\CTF-1.21.10 v1.29 - fleche explo\datapacks\Magic_FR\data\stuff\function\stuff_rogue\stuff_invisible\spell2\slot4.mcfunction", "mcfunction", 2, 0, 2, 1, 5
"c:\Users\FlowUP\AppData\Roaming\.minecraft\saves\CTF-1.21.10 v1.29 - fleche explo\datapacks\Magic_FR\data\stuff\function\stuff_rogue\stuff_invisible\spell2\slot5.mcfunction", "mcfunction", 2, 0, 2, 1, 5
"c:\Users\FlowUP\AppData\Roaming\.minecraft\saves\CTF-1.21.10 v1.29 - fleche explo\datapacks\Magic_FR\data\stuff\function\stuff_rogue\stuff_invisible\spell2\slot6.mcfunction", "mcfunction", 2, 0, 2, 1, 5
"c:\Users\FlowUP\AppData\Roaming\.minecraft\saves\CTF-1.21.10 v1.29 - fleche explo\datapacks\Magic_FR\data\stuff\function\stuff_rogue\stuff_invisible\spell2\slot7.mcfunction", "mcfunction", 2, 0, 2, 1, 5
"c:\Users\FlowUP\AppData\Roaming\.minecraft\saves\CTF-1.21.10 v1.29 - fleche explo\datapacks\Magic_FR\data\stuff\function\stuff_rogue\stuff_invisible\spell2\slot8.mcfunction", "mcfunction", 2, 0, 2, 1, 5
"c:\Users\FlowUP\AppData\Roaming\.minecraft\saves\CTF-1.21.10 v1.29 - fleche explo\datapacks\Magic_FR\data\stuff\function\stuff_rogue\stuff_invisible\spell3\slot0.mcfunction", "mcfunction", 1, 0, 2, 1, 4
"c:\Users\FlowUP\AppData\Roaming\.minecraft\saves\CTF-1.21.10 v1.29 - fleche explo\datapacks\Magic_FR\data\stuff\function\stuff_rogue\stuff_invisible\spell3\slot1.mcfunction", "mcfunction", 1, 0, 2, 1, 4
"c:\Users\FlowUP\AppData\Roaming\.minecraft\saves\CTF-1.21.10 v1.29 - fleche explo\datapacks\Magic_FR\data\stuff\function\stuff_rogue\stuff_invisible\spell3\slot2.mcfunction", "mcfunction", 1, 0, 2, 1, 4
"c:\Users\FlowUP\AppData\Roaming\.minecraft\saves\CTF-1.21.10 v1.29 - fleche explo\datapacks\Magic_FR\data\stuff\function\stuff_rogue\stuff_invisible\spell3\slot3.mcfunction", "mcfunction", 1, 0, 2, 1, 4
"c:\Users\FlowUP\AppData\Roaming\.minecraft\saves\CTF-1.21.10 v1.29 - fleche explo\datapacks\Magic_FR\data\stuff\function\stuff_rogue\stuff_invisible\spell3\slot4.mcfunction", "mcfunction", 1, 0, 2, 1, 4
"c:\Users\FlowUP\AppData\Roaming\.minecraft\saves\CTF-1.21.10 v1.29 - fleche explo\datapacks\Magic_FR\data\stuff\function\stuff_rogue\stuff_invisible\spell3\slot5.mcfunction", "mcfunction", 1, 0, 2, 1, 4
"c:\Users\FlowUP\AppData\Roaming\.minecraft\saves\CTF-1.21.10 v1.29 - fleche explo\datapacks\Magic_FR\data\stuff\function\stuff_rogue\stuff_invisible\spell3\slot6.mcfunction", "mcfunction", 1, 0, 2, 1, 4
"c:\Users\FlowUP\AppData\Roaming\.minecraft\saves\CTF-1.21.10 v1.29 - fleche explo\datapacks\Magic_FR\data\stuff\function\stuff_rogue\stuff_invisible\spell3\slot7.mcfunction", "mcfunction", 1, 0, 2, 1, 4
"c:\Users\FlowUP\AppData\Roaming\.minecraft\saves\CTF-1.21.10 v1.29 - fleche explo\datapacks\Magic_FR\data\stuff\function\stuff_rogue\stuff_invisible\spell3\slot8.mcfunction", "mcfunction", 1, 0, 2, 1, 4
"c:\Users\FlowUP\AppData\Roaming\.minecraft\saves\CTF-1.21.10 v1.29 - fleche explo\datapacks\Magic_FR\data\stuff\function\stuff_rogue\stuff_invisible\weapon1\slot0.mcfunction", "mcfunction", 11, 0, 2, 1, 14
"c:\Users\FlowUP\AppData\Roaming\.minecraft\saves\CTF-1.21.10 v1.29 - fleche explo\datapacks\Magic_FR\data\stuff\function\stuff_rogue\stuff_invisible\weapon1\slot1.mcfunction", "mcfunction", 11, 0, 2, 1, 14
"c:\Users\FlowUP\AppData\Roaming\.minecraft\saves\CTF-1.21.10 v1.29 - fleche explo\datapacks\Magic_FR\data\stuff\function\stuff_rogue\stuff_invisible\weapon1\slot2.mcfunction", "mcfunction", 11, 0, 2, 1, 14
"c:\Users\FlowUP\AppData\Roaming\.minecraft\saves\CTF-1.21.10 v1.29 - fleche explo\datapacks\Magic_FR\data\stuff\function\stuff_rogue\stuff_invisible\weapon1\slot3.mcfunction", "mcfunction", 11, 0, 2, 1, 14
"c:\Users\FlowUP\AppData\Roaming\.minecraft\saves\CTF-1.21.10 v1.29 - fleche explo\datapacks\Magic_FR\data\stuff\function\stuff_rogue\stuff_invisible\weapon1\slot4.mcfunction", "mcfunction", 11, 0, 2, 1, 14
"c:\Users\FlowUP\AppData\Roaming\.minecraft\saves\CTF-1.21.10 v1.29 - fleche explo\datapacks\Magic_FR\data\stuff\function\stuff_rogue\stuff_invisible\weapon1\slot5.mcfunction", "mcfunction", 11, 0, 2, 1, 14
"c:\Users\FlowUP\AppData\Roaming\.minecraft\saves\CTF-1.21.10 v1.29 - fleche explo\datapacks\Magic_FR\data\stuff\function\stuff_rogue\stuff_invisible\weapon1\slot6.mcfunction", "mcfunction", 11, 0, 2, 1, 14
"c:\Users\FlowUP\AppData\Roaming\.minecraft\saves\CTF-1.21.10 v1.29 - fleche explo\datapacks\Magic_FR\data\stuff\function\stuff_rogue\stuff_invisible\weapon1\slot7.mcfunction", "mcfunction", 11, 0, 2, 1, 14
"c:\Users\FlowUP\AppData\Roaming\.minecraft\saves\CTF-1.21.10 v1.29 - fleche explo\datapacks\Magic_FR\data\stuff\function\stuff_rogue\stuff_invisible\weapon1\slot8.mcfunction", "mcfunction", 11, 0, 2, 1, 14
"c:\Users\FlowUP\AppData\Roaming\.minecraft\saves\CTF-1.21.10 v1.29 - fleche explo\datapacks\Magic_FR\data\stuff\function\stuff_rogue\stuff_visible\spell1\slot0.mcfunction", "mcfunction", 3, 0, 2, 1, 6
"c:\Users\FlowUP\AppData\Roaming\.minecraft\saves\CTF-1.21.10 v1.29 - fleche explo\datapacks\Magic_FR\data\stuff\function\stuff_rogue\stuff_visible\spell1\slot1.mcfunction", "mcfunction", 3, 0, 2, 1, 6
"c:\Users\FlowUP\AppData\Roaming\.minecraft\saves\CTF-1.21.10 v1.29 - fleche explo\datapacks\Magic_FR\data\stuff\function\stuff_rogue\stuff_visible\spell1\slot2.mcfunction", "mcfunction", 3, 0, 2, 1, 6
"c:\Users\FlowUP\AppData\Roaming\.minecraft\saves\CTF-1.21.10 v1.29 - fleche explo\datapacks\Magic_FR\data\stuff\function\stuff_rogue\stuff_visible\spell1\slot3.mcfunction", "mcfunction", 3, 0, 2, 1, 6
"c:\Users\FlowUP\AppData\Roaming\.minecraft\saves\CTF-1.21.10 v1.29 - fleche explo\datapacks\Magic_FR\data\stuff\function\stuff_rogue\stuff_visible\spell1\slot4.mcfunction", "mcfunction", 3, 0, 2, 1, 6
"c:\Users\FlowUP\AppData\Roaming\.minecraft\saves\CTF-1.21.10 v1.29 - fleche explo\datapacks\Magic_FR\data\stuff\function\stuff_rogue\stuff_visible\spell1\slot5.mcfunction", "mcfunction", 3, 0, 2, 1, 6
"c:\Users\FlowUP\AppData\Roaming\.minecraft\saves\CTF-1.21.10 v1.29 - fleche explo\datapacks\Magic_FR\data\stuff\function\stuff_rogue\stuff_visible\spell1\slot6.mcfunction", "mcfunction", 3, 0, 2, 1, 6
"c:\Users\FlowUP\AppData\Roaming\.minecraft\saves\CTF-1.21.10 v1.29 - fleche explo\datapacks\Magic_FR\data\stuff\function\stuff_rogue\stuff_visible\spell1\slot7.mcfunction", "mcfunction", 3, 0, 2, 1, 6
"c:\Users\FlowUP\AppData\Roaming\.minecraft\saves\CTF-1.21.10 v1.29 - fleche explo\datapacks\Magic_FR\data\stuff\function\stuff_rogue\stuff_visible\spell1\slot8.mcfunction", "mcfunction", 3, 0, 2, 1, 6
"c:\Users\FlowUP\AppData\Roaming\.minecraft\saves\CTF-1.21.10 v1.29 - fleche explo\datapacks\Magic_FR\data\stuff\function\stuff_rogue\stuff_visible\spell2\slot0.mcfunction", "mcfunction", 2, 0, 2, 1, 5
"c:\Users\FlowUP\AppData\Roaming\.minecraft\saves\CTF-1.21.10 v1.29 - fleche explo\datapacks\Magic_FR\data\stuff\function\stuff_rogue\stuff_visible\spell2\slot1.mcfunction", "mcfunction", 2, 0, 2, 1, 5
"c:\Users\FlowUP\AppData\Roaming\.minecraft\saves\CTF-1.21.10 v1.29 - fleche explo\datapacks\Magic_FR\data\stuff\function\stuff_rogue\stuff_visible\spell2\slot2.mcfunction", "mcfunction", 2, 0, 2, 1, 5
"c:\Users\FlowUP\AppData\Roaming\.minecraft\saves\CTF-1.21.10 v1.29 - fleche explo\datapacks\Magic_FR\data\stuff\function\stuff_rogue\stuff_visible\spell2\slot3.mcfunction", "mcfunction", 2, 0, 2, 1, 5
"c:\Users\FlowUP\AppData\Roaming\.minecraft\saves\CTF-1.21.10 v1.29 - fleche explo\datapacks\Magic_FR\data\stuff\function\stuff_rogue\stuff_visible\spell2\slot4.mcfunction", "mcfunction", 2, 0, 2, 1, 5
"c:\Users\FlowUP\AppData\Roaming\.minecraft\saves\CTF-1.21.10 v1.29 - fleche explo\datapacks\Magic_FR\data\stuff\function\stuff_rogue\stuff_visible\spell2\slot5.mcfunction", "mcfunction", 2, 0, 2, 1, 5
"c:\Users\FlowUP\AppData\Roaming\.minecraft\saves\CTF-1.21.10 v1.29 - fleche explo\datapacks\Magic_FR\data\stuff\function\stuff_rogue\stuff_visible\spell2\slot6.mcfunction", "mcfunction", 2, 0, 2, 1, 5
"c:\Users\FlowUP\AppData\Roaming\.minecraft\saves\CTF-1.21.10 v1.29 - fleche explo\datapacks\Magic_FR\data\stuff\function\stuff_rogue\stuff_visible\spell2\slot7.mcfunction", "mcfunction", 2, 0, 2, 1, 5
"c:\Users\FlowUP\AppData\Roaming\.minecraft\saves\CTF-1.21.10 v1.29 - fleche explo\datapacks\Magic_FR\data\stuff\function\stuff_rogue\stuff_visible\spell2\slot8.mcfunction", "mcfunction", 2, 0, 2, 1, 5
"c:\Users\FlowUP\AppData\Roaming\.minecraft\saves\CTF-1.21.10 v1.29 - fleche explo\datapacks\Magic_FR\data\stuff\function\stuff_rogue\stuff_visible\spell3\slot0.mcfunction", "mcfunction", 1, 0, 2, 1, 4
"c:\Users\FlowUP\AppData\Roaming\.minecraft\saves\CTF-1.21.10 v1.29 - fleche explo\datapacks\Magic_FR\data\stuff\function\stuff_rogue\stuff_visible\spell3\slot1.mcfunction", "mcfunction", 1, 0, 2, 1, 4
"c:\Users\FlowUP\AppData\Roaming\.minecraft\saves\CTF-1.21.10 v1.29 - fleche explo\datapacks\Magic_FR\data\stuff\function\stuff_rogue\stuff_visible\spell3\slot2.mcfunction", "mcfunction", 1, 0, 2, 1, 4
"c:\Users\FlowUP\AppData\Roaming\.minecraft\saves\CTF-1.21.10 v1.29 - fleche explo\datapacks\Magic_FR\data\stuff\function\stuff_rogue\stuff_visible\spell3\slot3.mcfunction", "mcfunction", 1, 0, 2, 1, 4
"c:\Users\FlowUP\AppData\Roaming\.minecraft\saves\CTF-1.21.10 v1.29 - fleche explo\datapacks\Magic_FR\data\stuff\function\stuff_rogue\stuff_visible\spell3\slot4.mcfunction", "mcfunction", 1, 0, 2, 1, 4
"c:\Users\FlowUP\AppData\Roaming\.minecraft\saves\CTF-1.21.10 v1.29 - fleche explo\datapacks\Magic_FR\data\stuff\function\stuff_rogue\stuff_visible\spell3\slot5.mcfunction", "mcfunction", 1, 0, 2, 1, 4
"c:\Users\FlowUP\AppData\Roaming\.minecraft\saves\CTF-1.21.10 v1.29 - fleche explo\datapacks\Magic_FR\data\stuff\function\stuff_rogue\stuff_visible\spell3\slot6.mcfunction", "mcfunction", 1, 0, 2, 1, 4
"c:\Users\FlowUP\AppData\Roaming\.minecraft\saves\CTF-1.21.10 v1.29 - fleche explo\datapacks\Magic_FR\data\stuff\function\stuff_rogue\stuff_visible\spell3\slot7.mcfunction", "mcfunction", 1, 0, 2, 1, 4
"c:\Users\FlowUP\AppData\Roaming\.minecraft\saves\CTF-1.21.10 v1.29 - fleche explo\datapacks\Magic_FR\data\stuff\function\stuff_rogue\stuff_visible\spell3\slot8.mcfunction", "mcfunction", 1, 0, 2, 1, 4
"c:\Users\FlowUP\AppData\Roaming\.minecraft\saves\CTF-1.21.10 v1.29 - fleche explo\datapacks\Magic_FR\data\stuff\function\stuff_rogue\stuff_visible\weapon1\slot0.mcfunction", "mcfunction", 11, 0, 2, 1, 14
"c:\Users\FlowUP\AppData\Roaming\.minecraft\saves\CTF-1.21.10 v1.29 - fleche explo\datapacks\Magic_FR\data\stuff\function\stuff_rogue\stuff_visible\weapon1\slot1.mcfunction", "mcfunction", 11, 0, 2, 1, 14
"c:\Users\FlowUP\AppData\Roaming\.minecraft\saves\CTF-1.21.10 v1.29 - fleche explo\datapacks\Magic_FR\data\stuff\function\stuff_rogue\stuff_visible\weapon1\slot2.mcfunction", "mcfunction", 11, 0, 2, 1, 14
"c:\Users\FlowUP\AppData\Roaming\.minecraft\saves\CTF-1.21.10 v1.29 - fleche explo\datapacks\Magic_FR\data\stuff\function\stuff_rogue\stuff_visible\weapon1\slot3.mcfunction", "mcfunction", 11, 0, 2, 1, 14
"c:\Users\FlowUP\AppData\Roaming\.minecraft\saves\CTF-1.21.10 v1.29 - fleche explo\datapacks\Magic_FR\data\stuff\function\stuff_rogue\stuff_visible\weapon1\slot4.mcfunction", "mcfunction", 11, 0, 2, 1, 14
"c:\Users\FlowUP\AppData\Roaming\.minecraft\saves\CTF-1.21.10 v1.29 - fleche explo\datapacks\Magic_FR\data\stuff\function\stuff_rogue\stuff_visible\weapon1\slot5.mcfunction", "mcfunction", 11, 0, 2, 1, 14
"c:\Users\FlowUP\AppData\Roaming\.minecraft\saves\CTF-1.21.10 v1.29 - fleche explo\datapacks\Magic_FR\data\stuff\function\stuff_rogue\stuff_visible\weapon1\slot6.mcfunction", "mcfunction", 11, 0, 2, 1, 14
"c:\Users\FlowUP\AppData\Roaming\.minecraft\saves\CTF-1.21.10 v1.29 - fleche explo\datapacks\Magic_FR\data\stuff\function\stuff_rogue\stuff_visible\weapon1\slot7.mcfunction", "mcfunction", 11, 0, 2, 1, 14
"c:\Users\FlowUP\AppData\Roaming\.minecraft\saves\CTF-1.21.10 v1.29 - fleche explo\datapacks\Magic_FR\data\stuff\function\stuff_rogue\stuff_visible\weapon1\slot8.mcfunction", "mcfunction", 11, 0, 2, 1, 14
"c:\Users\FlowUP\AppData\Roaming\.minecraft\saves\CTF-1.21.10 v1.29 - fleche explo\datapacks\Magic_FR\data\stuff\function\stuff_rogue\stuffrogue.mcfunction", "mcfunction", 73, 0, 45, 26, 144
"c:\Users\FlowUP\AppData\Roaming\.minecraft\saves\CTF-1.21.10 v1.29 - fleche explo\datapacks\Magic_FR\data\stuff\function\stuff_rogue\stuffrogue_invisible.mcfunction", "mcfunction", 62, 0, 42, 20, 124
"c:\Users\FlowUP\AppData\Roaming\.minecraft\saves\CTF-1.21.10 v1.29 - fleche explo\datapacks\Magic_FR\data\stuff\function\stuff_warrior\cooldowns_w\cooldowns_w.mcfunction", "mcfunction", 9, 0, 1, 3, 13
"c:\Users\FlowUP\AppData\Roaming\.minecraft\saves\CTF-1.21.10 v1.29 - fleche explo\datapacks\Magic_FR\data\stuff\function\stuff_warrior\cooldowns_w\spell1\spell1lvl1_w.mcfunction", "mcfunction", 12, 0, 4, 3, 19
"c:\Users\FlowUP\AppData\Roaming\.minecraft\saves\CTF-1.21.10 v1.29 - fleche explo\datapacks\Magic_FR\data\stuff\function\stuff_warrior\cooldowns_w\spell1\spell1lvl2_w.mcfunction", "mcfunction", 12, 0, 4, 3, 19
"c:\Users\FlowUP\AppData\Roaming\.minecraft\saves\CTF-1.21.10 v1.29 - fleche explo\datapacks\Magic_FR\data\stuff\function\stuff_warrior\cooldowns_w\spell1\spell1lvl3_w.mcfunction", "mcfunction", 12, 0, 4, 3, 19
"c:\Users\FlowUP\AppData\Roaming\.minecraft\saves\CTF-1.21.10 v1.29 - fleche explo\datapacks\Magic_FR\data\stuff\function\stuff_warrior\cooldowns_w\spell2\spell2lvl1_w.mcfunction", "mcfunction", 12, 0, 4, 3, 19
"c:\Users\FlowUP\AppData\Roaming\.minecraft\saves\CTF-1.21.10 v1.29 - fleche explo\datapacks\Magic_FR\data\stuff\function\stuff_warrior\cooldowns_w\spell2\spell2lvl2_w.mcfunction", "mcfunction", 12, 0, 4, 3, 19
"c:\Users\FlowUP\AppData\Roaming\.minecraft\saves\CTF-1.21.10 v1.29 - fleche explo\datapacks\Magic_FR\data\stuff\function\stuff_warrior\cooldowns_w\spell2\spell2lvl3_w.mcfunction", "mcfunction", 12, 0, 4, 3, 19
"c:\Users\FlowUP\AppData\Roaming\.minecraft\saves\CTF-1.21.10 v1.29 - fleche explo\datapacks\Magic_FR\data\stuff\function\stuff_warrior\cooldowns_w\spell3\spell3lvl1_w.mcfunction", "mcfunction", 12, 0, 4, 3, 19
"c:\Users\FlowUP\AppData\Roaming\.minecraft\saves\CTF-1.21.10 v1.29 - fleche explo\datapacks\Magic_FR\data\stuff\function\stuff_warrior\cooldowns_w\spell3\spell3lvl2_w.mcfunction", "mcfunction", 12, 0, 4, 3, 19
"c:\Users\FlowUP\AppData\Roaming\.minecraft\saves\CTF-1.21.10 v1.29 - fleche explo\datapacks\Magic_FR\data\stuff\function\stuff_warrior\cooldowns_w\spell3\spell3lvl3_w.mcfunction", "mcfunction", 12, 0, 4, 3, 19
"c:\Users\FlowUP\AppData\Roaming\.minecraft\saves\CTF-1.21.10 v1.29 - fleche explo\datapacks\Magic_FR\data\stuff\function\stuff_warrior\determine_stuff.mcfunction", "mcfunction", 55, 0, 63, 99, 217
"c:\Users\FlowUP\AppData\Roaming\.minecraft\saves\CTF-1.21.10 v1.29 - fleche explo\datapacks\Magic_FR\data\stuff\function\stuff_warrior\drop_w.mcfunction", "mcfunction", 12, 0, 5, 6, 23
"c:\Users\FlowUP\AppData\Roaming\.minecraft\saves\CTF-1.21.10 v1.29 - fleche explo\datapacks\Magic_FR\data\stuff\function\stuff_warrior\keybind1.mcfunction", "mcfunction", 32, 0, 6, 4, 42
"c:\Users\FlowUP\AppData\Roaming\.minecraft\saves\CTF-1.21.10 v1.29 - fleche explo\datapacks\Magic_FR\data\stuff\function\stuff_warrior\keybind2.mcfunction", "mcfunction", 34, 0, 6, 6, 46
"c:\Users\FlowUP\AppData\Roaming\.minecraft\saves\CTF-1.21.10 v1.29 - fleche explo\datapacks\Magic_FR\data\stuff\function\stuff_warrior\keybind3.mcfunction", "mcfunction", 35, 0, 6, 5, 46
"c:\Users\FlowUP\AppData\Roaming\.minecraft\saves\CTF-1.21.10 v1.29 - fleche explo\datapacks\Magic_FR\data\stuff\function\stuff_warrior\save_stuff_as_storage\determine_player.mcfunction", "mcfunction", 12, 0, 2, 1, 15
"c:\Users\FlowUP\AppData\Roaming\.minecraft\saves\CTF-1.21.10 v1.29 - fleche explo\datapacks\Magic_FR\data\stuff\function\stuff_warrior\save_stuff_as_storage\player1.mcfunction", "mcfunction", 21, 0, 2, 4, 27
"c:\Users\FlowUP\AppData\Roaming\.minecraft\saves\CTF-1.21.10 v1.29 - fleche explo\datapacks\Magic_FR\data\stuff\function\stuff_warrior\save_stuff_as_storage\player10.mcfunction", "mcfunction", 21, 0, 2, 4, 27
"c:\Users\FlowUP\AppData\Roaming\.minecraft\saves\CTF-1.21.10 v1.29 - fleche explo\datapacks\Magic_FR\data\stuff\function\stuff_warrior\save_stuff_as_storage\player11.mcfunction", "mcfunction", 21, 0, 2, 4, 27
"c:\Users\FlowUP\AppData\Roaming\.minecraft\saves\CTF-1.21.10 v1.29 - fleche explo\datapacks\Magic_FR\data\stuff\function\stuff_warrior\save_stuff_as_storage\player12.mcfunction", "mcfunction", 21, 0, 2, 4, 27
"c:\Users\FlowUP\AppData\Roaming\.minecraft\saves\CTF-1.21.10 v1.29 - fleche explo\datapacks\Magic_FR\data\stuff\function\stuff_warrior\save_stuff_as_storage\player2.mcfunction", "mcfunction", 21, 0, 2, 4, 27
"c:\Users\FlowUP\AppData\Roaming\.minecraft\saves\CTF-1.21.10 v1.29 - fleche explo\datapacks\Magic_FR\data\stuff\function\stuff_warrior\save_stuff_as_storage\player3.mcfunction", "mcfunction", 21, 0, 2, 4, 27
"c:\Users\FlowUP\AppData\Roaming\.minecraft\saves\CTF-1.21.10 v1.29 - fleche explo\datapacks\Magic_FR\data\stuff\function\stuff_warrior\save_stuff_as_storage\player4.mcfunction", "mcfunction", 21, 0, 2, 4, 27
"c:\Users\FlowUP\AppData\Roaming\.minecraft\saves\CTF-1.21.10 v1.29 - fleche explo\datapacks\Magic_FR\data\stuff\function\stuff_warrior\save_stuff_as_storage\player5.mcfunction", "mcfunction", 21, 0, 2, 4, 27
"c:\Users\FlowUP\AppData\Roaming\.minecraft\saves\CTF-1.21.10 v1.29 - fleche explo\datapacks\Magic_FR\data\stuff\function\stuff_warrior\save_stuff_as_storage\player6.mcfunction", "mcfunction", 21, 0, 2, 4, 27
"c:\Users\FlowUP\AppData\Roaming\.minecraft\saves\CTF-1.21.10 v1.29 - fleche explo\datapacks\Magic_FR\data\stuff\function\stuff_warrior\save_stuff_as_storage\player7.mcfunction", "mcfunction", 21, 0, 2, 4, 27
"c:\Users\FlowUP\AppData\Roaming\.minecraft\saves\CTF-1.21.10 v1.29 - fleche explo\datapacks\Magic_FR\data\stuff\function\stuff_warrior\save_stuff_as_storage\player8.mcfunction", "mcfunction", 21, 0, 2, 4, 27
"c:\Users\FlowUP\AppData\Roaming\.minecraft\saves\CTF-1.21.10 v1.29 - fleche explo\datapacks\Magic_FR\data\stuff\function\stuff_warrior\save_stuff_as_storage\player9.mcfunction", "mcfunction", 21, 0, 2, 4, 27
"c:\Users\FlowUP\AppData\Roaming\.minecraft\saves\CTF-1.21.10 v1.29 - fleche explo\datapacks\Magic_FR\data\stuff\function\stuff_warrior\spell1\slot0.mcfunction", "mcfunction", 3, 0, 2, 1, 6
"c:\Users\FlowUP\AppData\Roaming\.minecraft\saves\CTF-1.21.10 v1.29 - fleche explo\datapacks\Magic_FR\data\stuff\function\stuff_warrior\spell1\slot1.mcfunction", "mcfunction", 3, 0, 2, 1, 6
"c:\Users\FlowUP\AppData\Roaming\.minecraft\saves\CTF-1.21.10 v1.29 - fleche explo\datapacks\Magic_FR\data\stuff\function\stuff_warrior\spell1\slot2.mcfunction", "mcfunction", 3, 0, 2, 1, 6
"c:\Users\FlowUP\AppData\Roaming\.minecraft\saves\CTF-1.21.10 v1.29 - fleche explo\datapacks\Magic_FR\data\stuff\function\stuff_warrior\spell1\slot3.mcfunction", "mcfunction", 3, 0, 2, 1, 6
"c:\Users\FlowUP\AppData\Roaming\.minecraft\saves\CTF-1.21.10 v1.29 - fleche explo\datapacks\Magic_FR\data\stuff\function\stuff_warrior\spell1\slot4.mcfunction", "mcfunction", 3, 0, 2, 1, 6
"c:\Users\FlowUP\AppData\Roaming\.minecraft\saves\CTF-1.21.10 v1.29 - fleche explo\datapacks\Magic_FR\data\stuff\function\stuff_warrior\spell1\slot5.mcfunction", "mcfunction", 3, 0, 2, 1, 6
"c:\Users\FlowUP\AppData\Roaming\.minecraft\saves\CTF-1.21.10 v1.29 - fleche explo\datapacks\Magic_FR\data\stuff\function\stuff_warrior\spell1\slot6.mcfunction", "mcfunction", 3, 0, 2, 1, 6
"c:\Users\FlowUP\AppData\Roaming\.minecraft\saves\CTF-1.21.10 v1.29 - fleche explo\datapacks\Magic_FR\data\stuff\function\stuff_warrior\spell1\slot7.mcfunction", "mcfunction", 3, 0, 2, 1, 6
"c:\Users\FlowUP\AppData\Roaming\.minecraft\saves\CTF-1.21.10 v1.29 - fleche explo\datapacks\Magic_FR\data\stuff\function\stuff_warrior\spell1\slot8.mcfunction", "mcfunction", 3, 0, 2, 1, 6
"c:\Users\FlowUP\AppData\Roaming\.minecraft\saves\CTF-1.21.10 v1.29 - fleche explo\datapacks\Magic_FR\data\stuff\function\stuff_warrior\spell2\slot0.mcfunction", "mcfunction", 3, 0, 2, 1, 6
"c:\Users\FlowUP\AppData\Roaming\.minecraft\saves\CTF-1.21.10 v1.29 - fleche explo\datapacks\Magic_FR\data\stuff\function\stuff_warrior\spell2\slot1.mcfunction", "mcfunction", 3, 0, 2, 1, 6
"c:\Users\FlowUP\AppData\Roaming\.minecraft\saves\CTF-1.21.10 v1.29 - fleche explo\datapacks\Magic_FR\data\stuff\function\stuff_warrior\spell2\slot2.mcfunction", "mcfunction", 3, 0, 2, 1, 6
"c:\Users\FlowUP\AppData\Roaming\.minecraft\saves\CTF-1.21.10 v1.29 - fleche explo\datapacks\Magic_FR\data\stuff\function\stuff_warrior\spell2\slot3.mcfunction", "mcfunction", 3, 0, 2, 1, 6
"c:\Users\FlowUP\AppData\Roaming\.minecraft\saves\CTF-1.21.10 v1.29 - fleche explo\datapacks\Magic_FR\data\stuff\function\stuff_warrior\spell2\slot4.mcfunction", "mcfunction", 3, 0, 2, 1, 6
"c:\Users\FlowUP\AppData\Roaming\.minecraft\saves\CTF-1.21.10 v1.29 - fleche explo\datapacks\Magic_FR\data\stuff\function\stuff_warrior\spell2\slot5.mcfunction", "mcfunction", 3, 0, 2, 1, 6
"c:\Users\FlowUP\AppData\Roaming\.minecraft\saves\CTF-1.21.10 v1.29 - fleche explo\datapacks\Magic_FR\data\stuff\function\stuff_warrior\spell2\slot6.mcfunction", "mcfunction", 3, 0, 2, 1, 6
"c:\Users\FlowUP\AppData\Roaming\.minecraft\saves\CTF-1.21.10 v1.29 - fleche explo\datapacks\Magic_FR\data\stuff\function\stuff_warrior\spell2\slot7.mcfunction", "mcfunction", 3, 0, 2, 1, 6
"c:\Users\FlowUP\AppData\Roaming\.minecraft\saves\CTF-1.21.10 v1.29 - fleche explo\datapacks\Magic_FR\data\stuff\function\stuff_warrior\spell2\slot8.mcfunction", "mcfunction", 3, 0, 2, 1, 6
"c:\Users\FlowUP\AppData\Roaming\.minecraft\saves\CTF-1.21.10 v1.29 - fleche explo\datapacks\Magic_FR\data\stuff\function\stuff_warrior\spell3\slot0.mcfunction", "mcfunction", 3, 0, 2, 1, 6
"c:\Users\FlowUP\AppData\Roaming\.minecraft\saves\CTF-1.21.10 v1.29 - fleche explo\datapacks\Magic_FR\data\stuff\function\stuff_warrior\spell3\slot1.mcfunction", "mcfunction", 3, 0, 2, 1, 6
"c:\Users\FlowUP\AppData\Roaming\.minecraft\saves\CTF-1.21.10 v1.29 - fleche explo\datapacks\Magic_FR\data\stuff\function\stuff_warrior\spell3\slot2.mcfunction", "mcfunction", 3, 0, 2, 1, 6
"c:\Users\FlowUP\AppData\Roaming\.minecraft\saves\CTF-1.21.10 v1.29 - fleche explo\datapacks\Magic_FR\data\stuff\function\stuff_warrior\spell3\slot3.mcfunction", "mcfunction", 3, 0, 2, 1, 6
"c:\Users\FlowUP\AppData\Roaming\.minecraft\saves\CTF-1.21.10 v1.29 - fleche explo\datapacks\Magic_FR\data\stuff\function\stuff_warrior\spell3\slot4.mcfunction", "mcfunction", 3, 0, 2, 1, 6
"c:\Users\FlowUP\AppData\Roaming\.minecraft\saves\CTF-1.21.10 v1.29 - fleche explo\datapacks\Magic_FR\data\stuff\function\stuff_warrior\spell3\slot5.mcfunction", "mcfunction", 3, 0, 2, 1, 6
"c:\Users\FlowUP\AppData\Roaming\.minecraft\saves\CTF-1.21.10 v1.29 - fleche explo\datapacks\Magic_FR\data\stuff\function\stuff_warrior\spell3\slot6.mcfunction", "mcfunction", 3, 0, 2, 1, 6
"c:\Users\FlowUP\AppData\Roaming\.minecraft\saves\CTF-1.21.10 v1.29 - fleche explo\datapacks\Magic_FR\data\stuff\function\stuff_warrior\spell3\slot7.mcfunction", "mcfunction", 3, 0, 2, 1, 6
"c:\Users\FlowUP\AppData\Roaming\.minecraft\saves\CTF-1.21.10 v1.29 - fleche explo\datapacks\Magic_FR\data\stuff\function\stuff_warrior\spell3\slot8.mcfunction", "mcfunction", 3, 0, 2, 1, 6
"c:\Users\FlowUP\AppData\Roaming\.minecraft\saves\CTF-1.21.10 v1.29 - fleche explo\datapacks\Magic_FR\data\stuff\function\stuff_warrior\stuffwarrior.mcfunction", "mcfunction", 73, 0, 43, 23, 139
"c:\Users\FlowUP\AppData\Roaming\.minecraft\saves\CTF-1.21.10 v1.29 - fleche explo\datapacks\Magic_FR\data\stuff\function\stuff_warrior\weapon1\slot0.mcfunction", "mcfunction", 11, 0, 13, 1, 25
"c:\Users\FlowUP\AppData\Roaming\.minecraft\saves\CTF-1.21.10 v1.29 - fleche explo\datapacks\Magic_FR\data\stuff\function\stuff_warrior\weapon1\slot1.mcfunction", "mcfunction", 11, 0, 13, 1, 25
"c:\Users\FlowUP\AppData\Roaming\.minecraft\saves\CTF-1.21.10 v1.29 - fleche explo\datapacks\Magic_FR\data\stuff\function\stuff_warrior\weapon1\slot2.mcfunction", "mcfunction", 11, 0, 13, 1, 25
"c:\Users\FlowUP\AppData\Roaming\.minecraft\saves\CTF-1.21.10 v1.29 - fleche explo\datapacks\Magic_FR\data\stuff\function\stuff_warrior\weapon1\slot3.mcfunction", "mcfunction", 11, 0, 13, 1, 25
"c:\Users\FlowUP\AppData\Roaming\.minecraft\saves\CTF-1.21.10 v1.29 - fleche explo\datapacks\Magic_FR\data\stuff\function\stuff_warrior\weapon1\slot4.mcfunction", "mcfunction", 11, 0, 13, 1, 25
"c:\Users\FlowUP\AppData\Roaming\.minecraft\saves\CTF-1.21.10 v1.29 - fleche explo\datapacks\Magic_FR\data\stuff\function\stuff_warrior\weapon1\slot5.mcfunction", "mcfunction", 11, 0, 13, 1, 25
"c:\Users\FlowUP\AppData\Roaming\.minecraft\saves\CTF-1.21.10 v1.29 - fleche explo\datapacks\Magic_FR\data\stuff\function\stuff_warrior\weapon1\slot6.mcfunction", "mcfunction", 11, 0, 13, 1, 25
"c:\Users\FlowUP\AppData\Roaming\.minecraft\saves\CTF-1.21.10 v1.29 - fleche explo\datapacks\Magic_FR\data\stuff\function\stuff_warrior\weapon1\slot7.mcfunction", "mcfunction", 11, 0, 13, 1, 25
"c:\Users\FlowUP\AppData\Roaming\.minecraft\saves\CTF-1.21.10 v1.29 - fleche explo\datapacks\Magic_FR\data\stuff\function\stuff_warrior\weapon1\slot8.mcfunction", "mcfunction", 11, 0, 13, 1, 25
"c:\Users\FlowUP\AppData\Roaming\.minecraft\saves\CTF-1.21.10 v1.29 - fleche explo\datapacks\Magic_FR\data\warrior\advancement\1_w.json", "JSON", 0, 27, 0, 0, 27
"c:\Users\FlowUP\AppData\Roaming\.minecraft\saves\CTF-1.21.10 v1.29 - fleche explo\datapacks\Magic_FR\data\warrior\advancement\2_w.json", "JSON", 0, 31, 0, 0, 31
"c:\Users\FlowUP\AppData\Roaming\.minecraft\saves\CTF-1.21.10 v1.29 - fleche explo\datapacks\Magic_FR\data\warrior\advancement\3_w.json", "JSON", 0, 41, 0, 0, 41
"c:\Users\FlowUP\AppData\Roaming\.minecraft\saves\CTF-1.21.10 v1.29 - fleche explo\datapacks\Magic_FR\data\warrior\advancement\4_w.json", "JSON", 0, 27, 0, 0, 27
"c:\Users\FlowUP\AppData\Roaming\.minecraft\saves\CTF-1.21.10 v1.29 - fleche explo\datapacks\Magic_FR\data\warrior\advancement\5_w.json", "JSON", 0, 24, 0, 0, 24
"c:\Users\FlowUP\AppData\Roaming\.minecraft\saves\CTF-1.21.10 v1.29 - fleche explo\datapacks\Magic_FR\data\warrior\advancement\6_w.json", "JSON", 0, 31, 0, 0, 31
"c:\Users\FlowUP\AppData\Roaming\.minecraft\saves\CTF-1.21.10 v1.29 - fleche explo\datapacks\Magic_FR\data\warrior\advancement\7_w.json", "JSON", 0, 23, 0, 0, 23
"c:\Users\FlowUP\AppData\Roaming\.minecraft\saves\CTF-1.21.10 v1.29 - fleche explo\datapacks\Magic_FR\data\warrior\advancement\bootlvl10_w.json", "JSON", 0, 26, 0, 0, 26
"c:\Users\FlowUP\AppData\Roaming\.minecraft\saves\CTF-1.21.10 v1.29 - fleche explo\datapacks\Magic_FR\data\warrior\advancement\bootlvl2_w.json", "JSON", 0, 26, 0, 0, 26
"c:\Users\FlowUP\AppData\Roaming\.minecraft\saves\CTF-1.21.10 v1.29 - fleche explo\datapacks\Magic_FR\data\warrior\advancement\bootlvl3_w.json", "JSON", 0, 23, 0, 0, 23
"c:\Users\FlowUP\AppData\Roaming\.minecraft\saves\CTF-1.21.10 v1.29 - fleche explo\datapacks\Magic_FR\data\warrior\advancement\bootlvl4_w.json", "JSON", 0, 26, 0, 0, 26
"c:\Users\FlowUP\AppData\Roaming\.minecraft\saves\CTF-1.21.10 v1.29 - fleche explo\datapacks\Magic_FR\data\warrior\advancement\bootlvl5_w.json", "JSON", 0, 23, 0, 0, 23
"c:\Users\FlowUP\AppData\Roaming\.minecraft\saves\CTF-1.21.10 v1.29 - fleche explo\datapacks\Magic_FR\data\warrior\advancement\bootlvl6_w.json", "JSON", 0, 26, 0, 0, 26
"c:\Users\FlowUP\AppData\Roaming\.minecraft\saves\CTF-1.21.10 v1.29 - fleche explo\datapacks\Magic_FR\data\warrior\advancement\bootlvl7_w.json", "JSON", 0, 23, 0, 0, 23
"c:\Users\FlowUP\AppData\Roaming\.minecraft\saves\CTF-1.21.10 v1.29 - fleche explo\datapacks\Magic_FR\data\warrior\advancement\bootlvl8_w.json", "JSON", 0, 26, 0, 0, 26
"c:\Users\FlowUP\AppData\Roaming\.minecraft\saves\CTF-1.21.10 v1.29 - fleche explo\datapacks\Magic_FR\data\warrior\advancement\bootlvl9_w.json", "JSON", 0, 23, 0, 0, 23
"c:\Users\FlowUP\AppData\Roaming\.minecraft\saves\CTF-1.21.10 v1.29 - fleche explo\datapacks\Magic_FR\data\warrior\advancement\chestlvl10_w.json", "JSON", 0, 30, 0, 0, 30
"c:\Users\FlowUP\AppData\Roaming\.minecraft\saves\CTF-1.21.10 v1.29 - fleche explo\datapacks\Magic_FR\data\warrior\advancement\chestlvl2_w.json", "JSON", 0, 30, 0, 0, 30
"c:\Users\FlowUP\AppData\Roaming\.minecraft\saves\CTF-1.21.10 v1.29 - fleche explo\datapacks\Magic_FR\data\warrior\advancement\chestlvl3_w.json", "JSON", 0, 27, 0, 0, 27
"c:\Users\FlowUP\AppData\Roaming\.minecraft\saves\CTF-1.21.10 v1.29 - fleche explo\datapacks\Magic_FR\data\warrior\advancement\chestlvl4_w.json", "JSON", 0, 30, 0, 0, 30
"c:\Users\FlowUP\AppData\Roaming\.minecraft\saves\CTF-1.21.10 v1.29 - fleche explo\datapacks\Magic_FR\data\warrior\advancement\chestlvl5_w.json", "JSON", 0, 27, 0, 0, 27
"c:\Users\FlowUP\AppData\Roaming\.minecraft\saves\CTF-1.21.10 v1.29 - fleche explo\datapacks\Magic_FR\data\warrior\advancement\chestlvl6_w.json", "JSON", 0, 30, 0, 0, 30
"c:\Users\FlowUP\AppData\Roaming\.minecraft\saves\CTF-1.21.10 v1.29 - fleche explo\datapacks\Magic_FR\data\warrior\advancement\chestlvl7_w.json", "JSON", 0, 27, 0, 0, 27
"c:\Users\FlowUP\AppData\Roaming\.minecraft\saves\CTF-1.21.10 v1.29 - fleche explo\datapacks\Magic_FR\data\warrior\advancement\chestlvl8_w.json", "JSON", 0, 30, 0, 0, 30
"c:\Users\FlowUP\AppData\Roaming\.minecraft\saves\CTF-1.21.10 v1.29 - fleche explo\datapacks\Magic_FR\data\warrior\advancement\chestlvl9_w.json", "JSON", 0, 27, 0, 0, 27
"c:\Users\FlowUP\AppData\Roaming\.minecraft\saves\CTF-1.21.10 v1.29 - fleche explo\datapacks\Magic_FR\data\warrior\advancement\legslvl10_w.json", "JSON", 0, 27, 0, 0, 27
"c:\Users\FlowUP\AppData\Roaming\.minecraft\saves\CTF-1.21.10 v1.29 - fleche explo\datapacks\Magic_FR\data\warrior\advancement\legslvl2_w.json", "JSON", 0, 27, 0, 0, 27
"c:\Users\FlowUP\AppData\Roaming\.minecraft\saves\CTF-1.21.10 v1.29 - fleche explo\datapacks\Magic_FR\data\warrior\advancement\legslvl3_w.json", "JSON", 0, 24, 0, 0, 24
"c:\Users\FlowUP\AppData\Roaming\.minecraft\saves\CTF-1.21.10 v1.29 - fleche explo\datapacks\Magic_FR\data\warrior\advancement\legslvl4_w.json", "JSON", 0, 27, 0, 0, 27
"c:\Users\FlowUP\AppData\Roaming\.minecraft\saves\CTF-1.21.10 v1.29 - fleche explo\datapacks\Magic_FR\data\warrior\advancement\legslvl5_w.json", "JSON", 0, 24, 0, 0, 24
"c:\Users\FlowUP\AppData\Roaming\.minecraft\saves\CTF-1.21.10 v1.29 - fleche explo\datapacks\Magic_FR\data\warrior\advancement\legslvl6_w.json", "JSON", 0, 27, 0, 0, 27
"c:\Users\FlowUP\AppData\Roaming\.minecraft\saves\CTF-1.21.10 v1.29 - fleche explo\datapacks\Magic_FR\data\warrior\advancement\legslvl7_w.json", "JSON", 0, 24, 0, 0, 24
"c:\Users\FlowUP\AppData\Roaming\.minecraft\saves\CTF-1.21.10 v1.29 - fleche explo\datapacks\Magic_FR\data\warrior\advancement\legslvl8_w.json", "JSON", 0, 27, 0, 0, 27
"c:\Users\FlowUP\AppData\Roaming\.minecraft\saves\CTF-1.21.10 v1.29 - fleche explo\datapacks\Magic_FR\data\warrior\advancement\legslvl9_w.json", "JSON", 0, 24, 0, 0, 24
"c:\Users\FlowUP\AppData\Roaming\.minecraft\saves\CTF-1.21.10 v1.29 - fleche explo\datapacks\Magic_FR\data\warrior\advancement\passif_w.json", "JSON", 0, 36, 0, 0, 36
"c:\Users\FlowUP\AppData\Roaming\.minecraft\saves\CTF-1.21.10 v1.29 - fleche explo\datapacks\Magic_FR\data\warrior\advancement\root.json", "JSON", 0, 31, 0, 0, 31
"c:\Users\FlowUP\AppData\Roaming\.minecraft\saves\CTF-1.21.10 v1.29 - fleche explo\datapacks\Magic_FR\data\warrior\advancement\spell1lvl2_w.json", "JSON", 0, 41, 0, 0, 41
"c:\Users\FlowUP\AppData\Roaming\.minecraft\saves\CTF-1.21.10 v1.29 - fleche explo\datapacks\Magic_FR\data\warrior\advancement\spell1lvl3_w.json", "JSON", 0, 41, 0, 0, 41
"c:\Users\FlowUP\AppData\Roaming\.minecraft\saves\CTF-1.21.10 v1.29 - fleche explo\datapacks\Magic_FR\data\warrior\advancement\spell2lvl2_w.json", "JSON", 0, 31, 0, 0, 31
"c:\Users\FlowUP\AppData\Roaming\.minecraft\saves\CTF-1.21.10 v1.29 - fleche explo\datapacks\Magic_FR\data\warrior\advancement\spell2lvl3_w.json", "JSON", 0, 31, 0, 0, 31
"c:\Users\FlowUP\AppData\Roaming\.minecraft\saves\CTF-1.21.10 v1.29 - fleche explo\datapacks\Magic_FR\data\warrior\advancement\weapon1lvl10_w.json", "JSON", 0, 27, 0, 0, 27
"c:\Users\FlowUP\AppData\Roaming\.minecraft\saves\CTF-1.21.10 v1.29 - fleche explo\datapacks\Magic_FR\data\warrior\advancement\weapon1lvl2_w.json", "JSON", 0, 27, 0, 0, 27
"c:\Users\FlowUP\AppData\Roaming\.minecraft\saves\CTF-1.21.10 v1.29 - fleche explo\datapacks\Magic_FR\data\warrior\advancement\weapon1lvl3_w.json", "JSON", 0, 27, 0, 0, 27
"c:\Users\FlowUP\AppData\Roaming\.minecraft\saves\CTF-1.21.10 v1.29 - fleche explo\datapacks\Magic_FR\data\warrior\advancement\weapon1lvl4_w.json", "JSON", 0, 28, 0, 0, 28
"c:\Users\FlowUP\AppData\Roaming\.minecraft\saves\CTF-1.21.10 v1.29 - fleche explo\datapacks\Magic_FR\data\warrior\advancement\weapon1lvl5_w.json", "JSON", 0, 27, 0, 0, 27
"c:\Users\FlowUP\AppData\Roaming\.minecraft\saves\CTF-1.21.10 v1.29 - fleche explo\datapacks\Magic_FR\data\warrior\advancement\weapon1lvl6_w.json", "JSON", 0, 27, 0, 0, 27
"c:\Users\FlowUP\AppData\Roaming\.minecraft\saves\CTF-1.21.10 v1.29 - fleche explo\datapacks\Magic_FR\data\warrior\advancement\weapon1lvl7_w.json", "JSON", 0, 27, 0, 0, 27
"c:\Users\FlowUP\AppData\Roaming\.minecraft\saves\CTF-1.21.10 v1.29 - fleche explo\datapacks\Magic_FR\data\warrior\advancement\weapon1lvl8_w.json", "JSON", 0, 27, 0, 0, 27
"c:\Users\FlowUP\AppData\Roaming\.minecraft\saves\CTF-1.21.10 v1.29 - fleche explo\datapacks\Magic_FR\data\warrior\advancement\weapon1lvl9_w.json", "JSON", 0, 27, 0, 0, 27
"Total", "-", 42658, 7095, 10793, 11508, 72054