"filename", "language", "MCMETA", "JSON", "mcfunction", "comment", "blank", "total"
"c:\Users\FlowUP\Documents\GitHub\Magic\datapacks\Magic_FR\data\archer\advancement\1_a.json", "JSON", 0, 33, 0, 0, 1, 34
"c:\Users\FlowUP\Documents\GitHub\Magic\datapacks\Magic_FR\data\archer\advancement\2_a.json", "JSON", 0, 26, 0, 0, 1, 27
"c:\Users\FlowUP\Documents\GitHub\Magic\datapacks\Magic_FR\data\archer\advancement\3_a.json", "JSON", 0, 33, 0, 0, 1, 34
"c:\Users\FlowUP\Documents\GitHub\Magic\datapacks\Magic_FR\data\archer\advancement\4_a.json", "JSON", 0, 33, 0, 0, 1, 34
"c:\Users\FlowUP\Documents\GitHub\Magic\datapacks\Magic_FR\data\archer\advancement\5_a.json", "JSON", 0, 26, 0, 0, 1, 27
"c:\Users\FlowUP\Documents\GitHub\Magic\datapacks\Magic_FR\data\archer\advancement\6_a.json", "JSON", 0, 26, 0, 0, 1, 27
"c:\Users\FlowUP\Documents\GitHub\Magic\datapacks\Magic_FR\data\archer\advancement\7_a.json", "JSON", 0, 26, 0, 0, 1, 27
"c:\Users\FlowUP\Documents\GitHub\Magic\datapacks\Magic_FR\data\archer\advancement\bootlvl10_a.json", "JSON", 0, 29, 0, 0, 1, 30
"c:\Users\FlowUP\Documents\GitHub\Magic\datapacks\Magic_FR\data\archer\advancement\bootlvl2_a.json", "JSON", 0, 29, 0, 0, 1, 30
"c:\Users\FlowUP\Documents\GitHub\Magic\datapacks\Magic_FR\data\archer\advancement\bootlvl3_a.json", "JSON", 0, 26, 0, 0, 1, 27
"c:\Users\FlowUP\Documents\GitHub\Magic\datapacks\Magic_FR\data\archer\advancement\bootlvl4_a.json", "JSON", 0, 29, 0, 0, 1, 30
"c:\Users\FlowUP\Documents\GitHub\Magic\datapacks\Magic_FR\data\archer\advancement\bootlvl5_a.json", "JSON", 0, 26, 0, 0, 1, 27
"c:\Users\FlowUP\Documents\GitHub\Magic\datapacks\Magic_FR\data\archer\advancement\bootlvl6_a.json", "JSON", 0, 29, 0, 0, 1, 30
"c:\Users\FlowUP\Documents\GitHub\Magic\datapacks\Magic_FR\data\archer\advancement\bootlvl7_a.json", "JSON", 0, 26, 0, 0, 1, 27
"c:\Users\FlowUP\Documents\GitHub\Magic\datapacks\Magic_FR\data\archer\advancement\bootlvl8_a.json", "JSON", 0, 29, 0, 0, 1, 30
"c:\Users\FlowUP\Documents\GitHub\Magic\datapacks\Magic_FR\data\archer\advancement\bootlvl9_a.json", "JSON", 0, 26, 0, 0, 1, 27
"c:\Users\FlowUP\Documents\GitHub\Magic\datapacks\Magic_FR\data\archer\advancement\chestlvl10_a.json", "JSON", 0, 29, 0, 0, 1, 30
"c:\Users\FlowUP\Documents\GitHub\Magic\datapacks\Magic_FR\data\archer\advancement\chestlvl2_a.json", "JSON", 0, 29, 0, 0, 1, 30
"c:\Users\FlowUP\Documents\GitHub\Magic\datapacks\Magic_FR\data\archer\advancement\chestlvl3_a.json", "JSON", 0, 26, 0, 0, 1, 27
"c:\Users\FlowUP\Documents\GitHub\Magic\datapacks\Magic_FR\data\archer\advancement\chestlvl4_a.json", "JSON", 0, 29, 0, 0, 1, 30
"c:\Users\FlowUP\Documents\GitHub\Magic\datapacks\Magic_FR\data\archer\advancement\chestlvl5_a.json", "JSON", 0, 26, 0, 0, 1, 27
"c:\Users\FlowUP\Documents\GitHub\Magic\datapacks\Magic_FR\data\archer\advancement\chestlvl6_a.json", "JSON", 0, 29, 0, 0, 1, 30
"c:\Users\FlowUP\Documents\GitHub\Magic\datapacks\Magic_FR\data\archer\advancement\chestlvl7_a.json", "JSON", 0, 26, 0, 0, 1, 27
"c:\Users\FlowUP\Documents\GitHub\Magic\datapacks\Magic_FR\data\archer\advancement\chestlvl8_a.json", "JSON", 0, 29, 0, 0, 1, 30
"c:\Users\FlowUP\Documents\GitHub\Magic\datapacks\Magic_FR\data\archer\advancement\chestlvl9_a.json", "JSON", 0, 26, 0, 0, 1, 27
"c:\Users\FlowUP\Documents\GitHub\Magic\datapacks\Magic_FR\data\archer\advancement\legslvl10_a.json", "JSON", 0, 29, 0, 0, 1, 30
"c:\Users\FlowUP\Documents\GitHub\Magic\datapacks\Magic_FR\data\archer\advancement\legslvl2_a.json", "JSON", 0, 29, 0, 0, 1, 30
"c:\Users\FlowUP\Documents\GitHub\Magic\datapacks\Magic_FR\data\archer\advancement\legslvl3_a.json", "JSON", 0, 26, 0, 0, 1, 27
"c:\Users\FlowUP\Documents\GitHub\Magic\datapacks\Magic_FR\data\archer\advancement\legslvl4_a.json", "JSON", 0, 29, 0, 0, 1, 30
"c:\Users\FlowUP\Documents\GitHub\Magic\datapacks\Magic_FR\data\archer\advancement\legslvl5_a.json", "JSON", 0, 26, 0, 0, 1, 27
"c:\Users\FlowUP\Documents\GitHub\Magic\datapacks\Magic_FR\data\archer\advancement\legslvl6_a.json", "JSON", 0, 29, 0, 0, 1, 30
"c:\Users\FlowUP\Documents\GitHub\Magic\datapacks\Magic_FR\data\archer\advancement\legslvl7_a.json", "JSON", 0, 26, 0, 0, 1, 27
"c:\Users\FlowUP\Documents\GitHub\Magic\datapacks\Magic_FR\data\archer\advancement\legslvl8_a.json", "JSON", 0, 29, 0, 0, 1, 30
"c:\Users\FlowUP\Documents\GitHub\Magic\datapacks\Magic_FR\data\archer\advancement\legslvl9_a.json", "JSON", 0, 26, 0, 0, 1, 27
"c:\Users\FlowUP\Documents\GitHub\Magic\datapacks\Magic_FR\data\archer\advancement\passif1_a.json", "JSON", 0, 27, 0, 0, 1, 28
"c:\Users\FlowUP\Documents\GitHub\Magic\datapacks\Magic_FR\data\archer\advancement\passif2_a.json", "JSON", 0, 27, 0, 0, 1, 28
"c:\Users\FlowUP\Documents\GitHub\Magic\datapacks\Magic_FR\data\archer\advancement\passif3_a.json", "JSON", 0, 30, 0, 0, 0, 30
"c:\Users\FlowUP\Documents\GitHub\Magic\datapacks\Magic_FR\data\archer\advancement\root.json", "JSON", 0, 25, 0, 0, 1, 26
"c:\Users\FlowUP\Documents\GitHub\Magic\datapacks\Magic_FR\data\archer\advancement\spell1lvl2_a.json", "JSON", 0, 33, 0, 0, 1, 34
"c:\Users\FlowUP\Documents\GitHub\Magic\datapacks\Magic_FR\data\archer\advancement\spell1lvl3_a.json", "JSON", 0, 33, 0, 0, 1, 34
"c:\Users\FlowUP\Documents\GitHub\Magic\datapacks\Magic_FR\data\archer\advancement\spell2lvl2_a.json", "JSON", 0, 33, 0, 0, 1, 34
"c:\Users\FlowUP\Documents\GitHub\Magic\datapacks\Magic_FR\data\archer\advancement\spell2lvl3_a.json", "JSON", 0, 33, 0, 0, 1, 34
"c:\Users\FlowUP\Documents\GitHub\Magic\datapacks\Magic_FR\data\archer\advancement\spell3lvl2_a.json", "JSON", 0, 33, 0, 0, 1, 34
"c:\Users\FlowUP\Documents\GitHub\Magic\datapacks\Magic_FR\data\archer\advancement\spell3lvl3_a.json", "JSON", 0, 33, 0, 0, 1, 34
"c:\Users\FlowUP\Documents\GitHub\Magic\datapacks\Magic_FR\data\archer\advancement\weapon1lvl10_a.json", "JSON", 0, 29, 0, 0, 1, 30
"c:\Users\FlowUP\Documents\GitHub\Magic\datapacks\Magic_FR\data\archer\advancement\weapon1lvl2_a.json", "JSON", 0, 29, 0, 0, 1, 30
"c:\Users\FlowUP\Documents\GitHub\Magic\datapacks\Magic_FR\data\archer\advancement\weapon1lvl3_a.json", "JSON", 0, 29, 0, 0, 1, 30
"c:\Users\FlowUP\Documents\GitHub\Magic\datapacks\Magic_FR\data\archer\advancement\weapon1lvl4_a.json", "JSON", 0, 30, 0, 0, 1, 31
"c:\Users\FlowUP\Documents\GitHub\Magic\datapacks\Magic_FR\data\archer\advancement\weapon1lvl5_a.json", "JSON", 0, 29, 0, 0, 1, 30
"c:\Users\FlowUP\Documents\GitHub\Magic\datapacks\Magic_FR\data\archer\advancement\weapon1lvl6_a.json", "JSON", 0, 29, 0, 0, 1, 30
"c:\Users\FlowUP\Documents\GitHub\Magic\datapacks\Magic_FR\data\archer\advancement\weapon1lvl7_a.json", "JSON", 0, 29, 0, 0, 1, 30
"c:\Users\FlowUP\Documents\GitHub\Magic\datapacks\Magic_FR\data\archer\advancement\weapon1lvl8_a.json", "JSON", 0, 29, 0, 0, 1, 30
"c:\Users\FlowUP\Documents\GitHub\Magic\datapacks\Magic_FR\data\archer\advancement\weapon1lvl9_a.json", "JSON", 0, 29, 0, 0, 1, 30
"c:\Users\FlowUP\Documents\GitHub\Magic\datapacks\Magic_FR\data\ctf\function\anti_spawnkill\anti_spawnkill_blue.mcfunction", "mcfunction", 0, 0, 6, 3, 2, 11
"c:\Users\FlowUP\Documents\GitHub\Magic\datapacks\Magic_FR\data\ctf\function\anti_spawnkill\anti_spawnkill_red.mcfunction", "mcfunction", 0, 0, 6, 3, 2, 11
"c:\Users\FlowUP\Documents\GitHub\Magic\datapacks\Magic_FR\data\ctf\function\anti_spawnkill\spawn\enter_own_spawn.mcfunction", "mcfunction", 0, 0, 2, 1, 2, 5
"c:\Users\FlowUP\Documents\GitHub\Magic\datapacks\Magic_FR\data\ctf\function\anti_spawnkill\spawn\leave_own_spawn.mcfunction", "mcfunction", 0, 0, 2, 1, 2, 5
"c:\Users\FlowUP\Documents\GitHub\Magic\datapacks\Magic_FR\data\ctf\function\anti_spawnkill\thunderstorm_inspawn.mcfunction", "mcfunction", 0, 0, 6, 1, 3, 10
"c:\Users\FlowUP\Documents\GitHub\Magic\datapacks\Magic_FR\data\ctf\function\anti_spawnkill\thunderstorm_inspawn_delayed.mcfunction", "mcfunction", 0, 0, 2, 2, 2, 6
"c:\Users\FlowUP\Documents\GitHub\Magic\datapacks\Magic_FR\data\ctf\function\capflag\cap_blueflag.mcfunction", "mcfunction", 0, 0, 20, 11, 10, 41
"c:\Users\FlowUP\Documents\GitHub\Magic\datapacks\Magic_FR\data\ctf\function\capflag\cap_redflag.mcfunction", "mcfunction", 0, 0, 20, 11, 10, 41
"c:\Users\FlowUP\Documents\GitHub\Magic\datapacks\Magic_FR\data\ctf\function\dropflag\dropflag_blueflag.mcfunction", "mcfunction", 0, 0, 56, 14, 15, 85
"c:\Users\FlowUP\Documents\GitHub\Magic\datapacks\Magic_FR\data\ctf\function\dropflag\dropflag_redflag.mcfunction", "mcfunction", 0, 0, 56, 14, 15, 85
"c:\Users\FlowUP\Documents\GitHub\Magic\datapacks\Magic_FR\data\ctf\function\dropflag\flag_in_water_blueflag.mcfunction", "mcfunction", 0, 0, 16, 6, 8, 30
"c:\Users\FlowUP\Documents\GitHub\Magic\datapacks\Magic_FR\data\ctf\function\dropflag\flag_in_water_redflag.mcfunction", "mcfunction", 0, 0, 16, 6, 8, 30
"c:\Users\FlowUP\Documents\GitHub\Magic\datapacks\Magic_FR\data\ctf\function\end_game\blue_win.mcfunction", "mcfunction", 0, 0, 15, 3, 7, 25
"c:\Users\FlowUP\Documents\GitHub\Magic\datapacks\Magic_FR\data\ctf\function\end_game\draw.mcfunction", "mcfunction", 0, 0, 10, 3, 5, 18
"c:\Users\FlowUP\Documents\GitHub\Magic\datapacks\Magic_FR\data\ctf\function\end_game\end_game.mcfunction", "mcfunction", 0, 0, 86, 21, 19, 126
"c:\Users\FlowUP\Documents\GitHub\Magic\datapacks\Magic_FR\data\ctf\function\end_game\red_win.mcfunction", "mcfunction", 0, 0, 15, 3, 6, 24
"c:\Users\FlowUP\Documents\GitHub\Magic\datapacks\Magic_FR\data\ctf\function\healing_out_of_fight\boost_health1.mcfunction", "mcfunction", 0, 0, 2, 2, 1, 5
"c:\Users\FlowUP\Documents\GitHub\Magic\datapacks\Magic_FR\data\ctf\function\healing_out_of_fight\boost_health2.mcfunction", "mcfunction", 0, 0, 2, 2, 1, 5
"c:\Users\FlowUP\Documents\GitHub\Magic\datapacks\Magic_FR\data\ctf\function\healing_out_of_fight\boost_health3.mcfunction", "mcfunction", 0, 0, 3, 3, 2, 8
"c:\Users\FlowUP\Documents\GitHub\Magic\datapacks\Magic_FR\data\ctf\function\healing_out_of_fight\reset_time_out_of_fight.mcfunction", "mcfunction", 0, 0, 2, 2, 2, 6
"c:\Users\FlowUP\Documents\GitHub\Magic\datapacks\Magic_FR\data\ctf\function\killfeed\_entity_killed_player.mcfunction", "mcfunction", 0, 0, 28, 5, 4, 37
"c:\Users\FlowUP\Documents\GitHub\Magic\datapacks\Magic_FR\data\ctf\function\killfeed\clear_death_message.mcfunction", "mcfunction", 0, 0, 18, 6, 4, 28
"c:\Users\FlowUP\Documents\GitHub\Magic\datapacks\Magic_FR\data\ctf\function\killfeed\killed.mcfunction", "mcfunction", 0, 0, 6, 5, 8, 19
"c:\Users\FlowUP\Documents\GitHub\Magic\datapacks\Magic_FR\data\ctf\function\killfeed\killer_boss.mcfunction", "mcfunction", 0, 0, 3, 3, 5, 11
"c:\Users\FlowUP\Documents\GitHub\Magic\datapacks\Magic_FR\data\ctf\function\killfeed\message_delay.mcfunction", "mcfunction", 0, 0, 1, 1, 1, 3
"c:\Users\FlowUP\Documents\GitHub\Magic\datapacks\Magic_FR\data\ctf\function\killfeed\message_display.mcfunction", "mcfunction", 0, 0, 14, 1, 3, 18
"c:\Users\FlowUP\Documents\GitHub\Magic\datapacks\Magic_FR\data\ctf\function\killfeed\not_another_entity\_determine_how_died.mcfunction", "mcfunction", 0, 0, 6, 3, 3, 12
"c:\Users\FlowUP\Documents\GitHub\Magic\datapacks\Magic_FR\data\ctf\function\killfeed\not_another_entity\_environement.mcfunction", "mcfunction", 0, 0, 12, 2, 3, 17
"c:\Users\FlowUP\Documents\GitHub\Magic\datapacks\Magic_FR\data\ctf\function\killfeed\not_another_entity\_get_exploded.mcfunction", "mcfunction", 0, 0, 24, 4, 2, 30
"c:\Users\FlowUP\Documents\GitHub\Magic\datapacks\Magic_FR\data\ctf\function\killfeed\not_another_entity\_killed_by_ally.mcfunction", "mcfunction", 0, 0, 24, 3, 2, 29
"c:\Users\FlowUP\Documents\GitHub\Magic\datapacks\Magic_FR\data\ctf\function\killfeed\not_another_entity\_killed_itself.mcfunction", "mcfunction", 0, 0, 12, 2, 4, 18
"c:\Users\FlowUP\Documents\GitHub\Magic\datapacks\Magic_FR\data\ctf\function\killfeed\not_another_entity\killed_by_ally\player1.mcfunction", "mcfunction", 0, 0, 12, 2, 1, 15
"c:\Users\FlowUP\Documents\GitHub\Magic\datapacks\Magic_FR\data\ctf\function\killfeed\not_another_entity\killed_by_ally\player10.mcfunction", "mcfunction", 0, 0, 12, 2, 1, 15
"c:\Users\FlowUP\Documents\GitHub\Magic\datapacks\Magic_FR\data\ctf\function\killfeed\not_another_entity\killed_by_ally\player11.mcfunction", "mcfunction", 0, 0, 12, 2, 1, 15
"c:\Users\FlowUP\Documents\GitHub\Magic\datapacks\Magic_FR\data\ctf\function\killfeed\not_another_entity\killed_by_ally\player12.mcfunction", "mcfunction", 0, 0, 12, 2, 1, 15
"c:\Users\FlowUP\Documents\GitHub\Magic\datapacks\Magic_FR\data\ctf\function\killfeed\not_another_entity\killed_by_ally\player2.mcfunction", "mcfunction", 0, 0, 12, 2, 1, 15
"c:\Users\FlowUP\Documents\GitHub\Magic\datapacks\Magic_FR\data\ctf\function\killfeed\not_another_entity\killed_by_ally\player3.mcfunction", "mcfunction", 0, 0, 12, 2, 1, 15
"c:\Users\FlowUP\Documents\GitHub\Magic\datapacks\Magic_FR\data\ctf\function\killfeed\not_another_entity\killed_by_ally\player4.mcfunction", "mcfunction", 0, 0, 12, 2, 1, 15
"c:\Users\FlowUP\Documents\GitHub\Magic\datapacks\Magic_FR\data\ctf\function\killfeed\not_another_entity\killed_by_ally\player5.mcfunction", "mcfunction", 0, 0, 12, 2, 1, 15
"c:\Users\FlowUP\Documents\GitHub\Magic\datapacks\Magic_FR\data\ctf\function\killfeed\not_another_entity\killed_by_ally\player6.mcfunction", "mcfunction", 0, 0, 12, 2, 1, 15
"c:\Users\FlowUP\Documents\GitHub\Magic\datapacks\Magic_FR\data\ctf\function\killfeed\not_another_entity\killed_by_ally\player7.mcfunction", "mcfunction", 0, 0, 12, 2, 1, 15
"c:\Users\FlowUP\Documents\GitHub\Magic\datapacks\Magic_FR\data\ctf\function\killfeed\not_another_entity\killed_by_ally\player8.mcfunction", "mcfunction", 0, 0, 12, 2, 1, 15
"c:\Users\FlowUP\Documents\GitHub\Magic\datapacks\Magic_FR\data\ctf\function\killfeed\not_another_entity\killed_by_ally\player9.mcfunction", "mcfunction", 0, 0, 12, 2, 1, 15
"c:\Users\FlowUP\Documents\GitHub\Magic\datapacks\Magic_FR\data\ctf\function\killfeed\save_player_names.mcfunction", "mcfunction", 0, 0, 28, 13, 14, 55
"c:\Users\FlowUP\Documents\GitHub\Magic\datapacks\Magic_FR\data\ctf\function\killfeed\save_player_names_arena.mcfunction", "mcfunction", 0, 0, 24, 13, 12, 49
"c:\Users\FlowUP\Documents\GitHub\Magic\datapacks\Magic_FR\data\ctf\function\load.mcfunction", "mcfunction", 0, 0, 0, 4, 1, 5
"c:\Users\FlowUP\Documents\GitHub\Magic\datapacks\Magic_FR\data\ctf\function\locator_bar_flags\flag_blue_base.mcfunction", "mcfunction", 0, 0, 3, 1, 1, 5
"c:\Users\FlowUP\Documents\GitHub\Magic\datapacks\Magic_FR\data\ctf\function\locator_bar_flags\flag_blue_carried.mcfunction", "mcfunction", 0, 0, 3, 1, 1, 5
"c:\Users\FlowUP\Documents\GitHub\Magic\datapacks\Magic_FR\data\ctf\function\locator_bar_flags\flag_blue_dropped.mcfunction", "mcfunction", 0, 0, 3, 1, 1, 5
"c:\Users\FlowUP\Documents\GitHub\Magic\datapacks\Magic_FR\data\ctf\function\locator_bar_flags\flag_red_base.mcfunction", "mcfunction", 0, 0, 3, 1, 1, 5
"c:\Users\FlowUP\Documents\GitHub\Magic\datapacks\Magic_FR\data\ctf\function\locator_bar_flags\flag_red_carried.mcfunction", "mcfunction", 0, 0, 3, 1, 1, 5
"c:\Users\FlowUP\Documents\GitHub\Magic\datapacks\Magic_FR\data\ctf\function\locator_bar_flags\flag_red_dropped.mcfunction", "mcfunction", 0, 0, 3, 1, 1, 5
"c:\Users\FlowUP\Documents\GitHub\Magic\datapacks\Magic_FR\data\ctf\function\locator_bar_flags\reset_waypoint.mcfunction", "mcfunction", 0, 0, 1, 1, 1, 3
"c:\Users\FlowUP\Documents\GitHub\Magic\datapacks\Magic_FR\data\ctf\function\loop.mcfunction", "mcfunction", 0, 0, 39, 54, 56, 149
"c:\Users\FlowUP\Documents\GitHub\Magic\datapacks\Magic_FR\data\ctf\function\maps_systems\candyworld\effect_in_water.mcfunction", "mcfunction", 0, 0, 3, 2, 2, 7
"c:\Users\FlowUP\Documents\GitHub\Magic\datapacks\Magic_FR\data\ctf\function\maps_systems\candyworld\gingerbread\blue\feet_kick\feet_kick.mcfunction", "mcfunction", 0, 0, 9, 4, 5, 18
"c:\Users\FlowUP\Documents\GitHub\Magic\datapacks\Magic_FR\data\ctf\function\maps_systems\candyworld\gingerbread\blue\feet_kick\kick_travel_timer.mcfunction", "mcfunction", 0, 0, 3, 2, 1, 6
"c:\Users\FlowUP\Documents\GitHub\Magic\datapacks\Magic_FR\data\ctf\function\maps_systems\candyworld\gingerbread\blue\non_ready\cooldown.mcfunction", "mcfunction", 0, 0, 16, 1, 3, 20
"c:\Users\FlowUP\Documents\GitHub\Magic\datapacks\Magic_FR\data\ctf\function\maps_systems\candyworld\gingerbread\blue\non_ready\gingerbread_non_ready_loop.mcfunction", "mcfunction", 0, 0, 2, 1, 1, 4
"c:\Users\FlowUP\Documents\GitHub\Magic\datapacks\Magic_FR\data\ctf\function\maps_systems\candyworld\gingerbread\blue\non_ready\launch_cooldown.mcfunction", "mcfunction", 0, 0, 7, 4, 3, 14
"c:\Users\FlowUP\Documents\GitHub\Magic\datapacks\Magic_FR\data\ctf\function\maps_systems\candyworld\gingerbread\blue\ready\cooldown_ready.mcfunction", "mcfunction", 0, 0, 6, 2, 2, 10
"c:\Users\FlowUP\Documents\GitHub\Magic\datapacks\Magic_FR\data\ctf\function\maps_systems\candyworld\gingerbread\blue\ready\gingerbread_ready_loop.mcfunction", "mcfunction", 0, 0, 4, 5, 1, 10
"c:\Users\FlowUP\Documents\GitHub\Magic\datapacks\Magic_FR\data\ctf\function\maps_systems\candyworld\gingerbread\blue\ready\particle_area.mcfunction", "mcfunction", 0, 0, 4, 1, 1, 6
"c:\Users\FlowUP\Documents\GitHub\Magic\datapacks\Magic_FR\data\ctf\function\maps_systems\candyworld\gingerbread\blue\ready\timer_before_kick\enter_area.mcfunction", "mcfunction", 0, 0, 14, 1, 2, 17
"c:\Users\FlowUP\Documents\GitHub\Magic\datapacks\Magic_FR\data\ctf\function\maps_systems\candyworld\gingerbread\blue\ready\timer_before_kick\enter_area_players\player1.mcfunction", "mcfunction", 0, 0, 2, 1, 1, 4
"c:\Users\FlowUP\Documents\GitHub\Magic\datapacks\Magic_FR\data\ctf\function\maps_systems\candyworld\gingerbread\blue\ready\timer_before_kick\enter_area_players\player10.mcfunction", "mcfunction", 0, 0, 2, 1, 1, 4
"c:\Users\FlowUP\Documents\GitHub\Magic\datapacks\Magic_FR\data\ctf\function\maps_systems\candyworld\gingerbread\blue\ready\timer_before_kick\enter_area_players\player11.mcfunction", "mcfunction", 0, 0, 2, 1, 1, 4
"c:\Users\FlowUP\Documents\GitHub\Magic\datapacks\Magic_FR\data\ctf\function\maps_systems\candyworld\gingerbread\blue\ready\timer_before_kick\enter_area_players\player12.mcfunction", "mcfunction", 0, 0, 2, 1, 1, 4
"c:\Users\FlowUP\Documents\GitHub\Magic\datapacks\Magic_FR\data\ctf\function\maps_systems\candyworld\gingerbread\blue\ready\timer_before_kick\enter_area_players\player2.mcfunction", "mcfunction", 0, 0, 2, 1, 1, 4
"c:\Users\FlowUP\Documents\GitHub\Magic\datapacks\Magic_FR\data\ctf\function\maps_systems\candyworld\gingerbread\blue\ready\timer_before_kick\enter_area_players\player3.mcfunction", "mcfunction", 0, 0, 2, 1, 1, 4
"c:\Users\FlowUP\Documents\GitHub\Magic\datapacks\Magic_FR\data\ctf\function\maps_systems\candyworld\gingerbread\blue\ready\timer_before_kick\enter_area_players\player4.mcfunction", "mcfunction", 0, 0, 2, 1, 1, 4
"c:\Users\FlowUP\Documents\GitHub\Magic\datapacks\Magic_FR\data\ctf\function\maps_systems\candyworld\gingerbread\blue\ready\timer_before_kick\enter_area_players\player5.mcfunction", "mcfunction", 0, 0, 2, 1, 1, 4
"c:\Users\FlowUP\Documents\GitHub\Magic\datapacks\Magic_FR\data\ctf\function\maps_systems\candyworld\gingerbread\blue\ready\timer_before_kick\enter_area_players\player6.mcfunction", "mcfunction", 0, 0, 2, 1, 1, 4
"c:\Users\FlowUP\Documents\GitHub\Magic\datapacks\Magic_FR\data\ctf\function\maps_systems\candyworld\gingerbread\blue\ready\timer_before_kick\enter_area_players\player7.mcfunction", "mcfunction", 0, 0, 2, 1, 1, 4
"c:\Users\FlowUP\Documents\GitHub\Magic\datapacks\Magic_FR\data\ctf\function\maps_systems\candyworld\gingerbread\blue\ready\timer_before_kick\enter_area_players\player8.mcfunction", "mcfunction", 0, 0, 2, 1, 1, 4
"c:\Users\FlowUP\Documents\GitHub\Magic\datapacks\Magic_FR\data\ctf\function\maps_systems\candyworld\gingerbread\blue\ready\timer_before_kick\enter_area_players\player9.mcfunction", "mcfunction", 0, 0, 2, 1, 1, 4
"c:\Users\FlowUP\Documents\GitHub\Magic\datapacks\Magic_FR\data\ctf\function\maps_systems\candyworld\gingerbread\blue\ready\timer_before_kick\exit_area.mcfunction", "mcfunction", 0, 0, 14, 1, 2, 17
"c:\Users\FlowUP\Documents\GitHub\Magic\datapacks\Magic_FR\data\ctf\function\maps_systems\candyworld\gingerbread\blue\ready\timer_before_kick\in_area_clock.mcfunction", "mcfunction", 0, 0, 14, 1, 3, 18
"c:\Users\FlowUP\Documents\GitHub\Magic\datapacks\Magic_FR\data\ctf\function\maps_systems\candyworld\gingerbread\blue\ready\timer_before_kick\ready_to_launch.mcfunction", "mcfunction", 0, 0, 3, 4, 3, 10
"c:\Users\FlowUP\Documents\GitHub\Magic\datapacks\Magic_FR\data\ctf\function\maps_systems\candyworld\gingerbread\clear_gingerbread_effect.mcfunction", "mcfunction", 0, 0, 2, 3, 4, 9
"c:\Users\FlowUP\Documents\GitHub\Magic\datapacks\Magic_FR\data\ctf\function\maps_systems\candyworld\gingerbread\red\feet_kick\feet_kick.mcfunction", "mcfunction", 0, 0, 9, 4, 3, 16
"c:\Users\FlowUP\Documents\GitHub\Magic\datapacks\Magic_FR\data\ctf\function\maps_systems\candyworld\gingerbread\red\feet_kick\kick_travel_timer.mcfunction", "mcfunction", 0, 0, 3, 2, 1, 6
"c:\Users\FlowUP\Documents\GitHub\Magic\datapacks\Magic_FR\data\ctf\function\maps_systems\candyworld\gingerbread\red\non_ready\cooldown.mcfunction", "mcfunction", 0, 0, 16, 1, 3, 20
"c:\Users\FlowUP\Documents\GitHub\Magic\datapacks\Magic_FR\data\ctf\function\maps_systems\candyworld\gingerbread\red\non_ready\gingerbread_non_ready_loop.mcfunction", "mcfunction", 0, 0, 2, 1, 1, 4
"c:\Users\FlowUP\Documents\GitHub\Magic\datapacks\Magic_FR\data\ctf\function\maps_systems\candyworld\gingerbread\red\non_ready\launch_cooldown.mcfunction", "mcfunction", 0, 0, 7, 4, 3, 14
"c:\Users\FlowUP\Documents\GitHub\Magic\datapacks\Magic_FR\data\ctf\function\maps_systems\candyworld\gingerbread\red\ready\cooldown_ready.mcfunction", "mcfunction", 0, 0, 5, 2, 2, 9
"c:\Users\FlowUP\Documents\GitHub\Magic\datapacks\Magic_FR\data\ctf\function\maps_systems\candyworld\gingerbread\red\ready\gingerbread_ready_loop.mcfunction", "mcfunction", 0, 0, 4, 5, 1, 10
"c:\Users\FlowUP\Documents\GitHub\Magic\datapacks\Magic_FR\data\ctf\function\maps_systems\candyworld\gingerbread\red\ready\particle_area.mcfunction", "mcfunction", 0, 0, 4, 1, 2, 7
"c:\Users\FlowUP\Documents\GitHub\Magic\datapacks\Magic_FR\data\ctf\function\maps_systems\candyworld\gingerbread\red\ready\timer_before_kick\enter_area.mcfunction", "mcfunction", 0, 0, 14, 1, 2, 17
"c:\Users\FlowUP\Documents\GitHub\Magic\datapacks\Magic_FR\data\ctf\function\maps_systems\candyworld\gingerbread\red\ready\timer_before_kick\enter_area_players\player1.mcfunction", "mcfunction", 0, 0, 2, 1, 1, 4
"c:\Users\FlowUP\Documents\GitHub\Magic\datapacks\Magic_FR\data\ctf\function\maps_systems\candyworld\gingerbread\red\ready\timer_before_kick\enter_area_players\player10.mcfunction", "mcfunction", 0, 0, 2, 1, 1, 4
"c:\Users\FlowUP\Documents\GitHub\Magic\datapacks\Magic_FR\data\ctf\function\maps_systems\candyworld\gingerbread\red\ready\timer_before_kick\enter_area_players\player11.mcfunction", "mcfunction", 0, 0, 2, 1, 1, 4
"c:\Users\FlowUP\Documents\GitHub\Magic\datapacks\Magic_FR\data\ctf\function\maps_systems\candyworld\gingerbread\red\ready\timer_before_kick\enter_area_players\player12.mcfunction", "mcfunction", 0, 0, 2, 1, 1, 4
"c:\Users\FlowUP\Documents\GitHub\Magic\datapacks\Magic_FR\data\ctf\function\maps_systems\candyworld\gingerbread\red\ready\timer_before_kick\enter_area_players\player2.mcfunction", "mcfunction", 0, 0, 2, 1, 1, 4
"c:\Users\FlowUP\Documents\GitHub\Magic\datapacks\Magic_FR\data\ctf\function\maps_systems\candyworld\gingerbread\red\ready\timer_before_kick\enter_area_players\player3.mcfunction", "mcfunction", 0, 0, 2, 1, 1, 4
"c:\Users\FlowUP\Documents\GitHub\Magic\datapacks\Magic_FR\data\ctf\function\maps_systems\candyworld\gingerbread\red\ready\timer_before_kick\enter_area_players\player4.mcfunction", "mcfunction", 0, 0, 2, 1, 1, 4
"c:\Users\FlowUP\Documents\GitHub\Magic\datapacks\Magic_FR\data\ctf\function\maps_systems\candyworld\gingerbread\red\ready\timer_before_kick\enter_area_players\player5.mcfunction", "mcfunction", 0, 0, 2, 1, 1, 4
"c:\Users\FlowUP\Documents\GitHub\Magic\datapacks\Magic_FR\data\ctf\function\maps_systems\candyworld\gingerbread\red\ready\timer_before_kick\enter_area_players\player6.mcfunction", "mcfunction", 0, 0, 2, 1, 1, 4
"c:\Users\FlowUP\Documents\GitHub\Magic\datapacks\Magic_FR\data\ctf\function\maps_systems\candyworld\gingerbread\red\ready\timer_before_kick\enter_area_players\player7.mcfunction", "mcfunction", 0, 0, 2, 1, 1, 4
"c:\Users\FlowUP\Documents\GitHub\Magic\datapacks\Magic_FR\data\ctf\function\maps_systems\candyworld\gingerbread\red\ready\timer_before_kick\enter_area_players\player8.mcfunction", "mcfunction", 0, 0, 2, 1, 1, 4
"c:\Users\FlowUP\Documents\GitHub\Magic\datapacks\Magic_FR\data\ctf\function\maps_systems\candyworld\gingerbread\red\ready\timer_before_kick\enter_area_players\player9.mcfunction", "mcfunction", 0, 0, 2, 1, 1, 4
"c:\Users\FlowUP\Documents\GitHub\Magic\datapacks\Magic_FR\data\ctf\function\maps_systems\candyworld\gingerbread\red\ready\timer_before_kick\exit_area.mcfunction", "mcfunction", 0, 0, 14, 1, 2, 17
"c:\Users\FlowUP\Documents\GitHub\Magic\datapacks\Magic_FR\data\ctf\function\maps_systems\candyworld\gingerbread\red\ready\timer_before_kick\in_area_clock.mcfunction", "mcfunction", 0, 0, 14, 1, 3, 18
"c:\Users\FlowUP\Documents\GitHub\Magic\datapacks\Magic_FR\data\ctf\function\maps_systems\candyworld\gingerbread\red\ready\timer_before_kick\ready_to_launch.mcfunction", "mcfunction", 0, 0, 3, 4, 3, 10
"c:\Users\FlowUP\Documents\GitHub\Magic\datapacks\Magic_FR\data\ctf\function\maps_systems\candyworld\loop_candyworld.mcfunction", "mcfunction", 0, 0, 9, 12, 11, 32
"c:\Users\FlowUP\Documents\GitHub\Magic\datapacks\Magic_FR\data\ctf\function\maps_systems\candyworld\sugar_way\enter_sugar_way.mcfunction", "mcfunction", 0, 0, 2, 1, 1, 4
"c:\Users\FlowUP\Documents\GitHub\Magic\datapacks\Magic_FR\data\ctf\function\maps_systems\candyworld\sugar_way\exit_sugar_way.mcfunction", "mcfunction", 0, 0, 2, 1, 1, 4
"c:\Users\FlowUP\Documents\GitHub\Magic\datapacks\Magic_FR\data\ctf\function\maps_systems\candyworld\took_water_dmg.mcfunction", "mcfunction", 0, 0, 13, 3, 2, 18
"c:\Users\FlowUP\Documents\GitHub\Magic\datapacks\Magic_FR\data\ctf\function\maps_systems\factory\conveyor_belt\blue_side\bottom_conveyor_belt\state_0.mcfunction", "mcfunction", 0, 0, 4, 8, 5, 17
"c:\Users\FlowUP\Documents\GitHub\Magic\datapacks\Magic_FR\data\ctf\function\maps_systems\factory\conveyor_belt\blue_side\bottom_conveyor_belt\state_1.mcfunction", "mcfunction", 0, 0, 4, 8, 3, 15
"c:\Users\FlowUP\Documents\GitHub\Magic\datapacks\Magic_FR\data\ctf\function\maps_systems\factory\conveyor_belt\blue_side\levers\use_state_0_bottom_lever.mcfunction", "mcfunction", 0, 0, 1, 3, 2, 6
"c:\Users\FlowUP\Documents\GitHub\Magic\datapacks\Magic_FR\data\ctf\function\maps_systems\factory\conveyor_belt\blue_side\levers\use_state_0_middle_lever.mcfunction", "mcfunction", 0, 0, 1, 3, 2, 6
"c:\Users\FlowUP\Documents\GitHub\Magic\datapacks\Magic_FR\data\ctf\function\maps_systems\factory\conveyor_belt\blue_side\levers\use_state_0_top_lever.mcfunction", "mcfunction", 0, 0, 1, 3, 2, 6
"c:\Users\FlowUP\Documents\GitHub\Magic\datapacks\Magic_FR\data\ctf\function\maps_systems\factory\conveyor_belt\blue_side\levers\use_state_1_bottom_lever.mcfunction", "mcfunction", 0, 0, 1, 3, 2, 6
"c:\Users\FlowUP\Documents\GitHub\Magic\datapacks\Magic_FR\data\ctf\function\maps_systems\factory\conveyor_belt\blue_side\levers\use_state_1_middle_lever.mcfunction", "mcfunction", 0, 0, 1, 3, 2, 6
"c:\Users\FlowUP\Documents\GitHub\Magic\datapacks\Magic_FR\data\ctf\function\maps_systems\factory\conveyor_belt\blue_side\levers\use_state_1_top_lever.mcfunction", "mcfunction", 0, 0, 1, 3, 2, 6
"c:\Users\FlowUP\Documents\GitHub\Magic\datapacks\Magic_FR\data\ctf\function\maps_systems\factory\conveyor_belt\blue_side\middle_conveyor_belt\state_0.mcfunction", "mcfunction", 0, 0, 4, 8, 3, 15
"c:\Users\FlowUP\Documents\GitHub\Magic\datapacks\Magic_FR\data\ctf\function\maps_systems\factory\conveyor_belt\blue_side\middle_conveyor_belt\state_1.mcfunction", "mcfunction", 0, 0, 4, 8, 3, 15
"c:\Users\FlowUP\Documents\GitHub\Magic\datapacks\Magic_FR\data\ctf\function\maps_systems\factory\conveyor_belt\blue_side\top_conveyor_belt\state_0.mcfunction", "mcfunction", 0, 0, 4, 8, 3, 15
"c:\Users\FlowUP\Documents\GitHub\Magic\datapacks\Magic_FR\data\ctf\function\maps_systems\factory\conveyor_belt\blue_side\top_conveyor_belt\state_1.mcfunction", "mcfunction", 0, 0, 4, 8, 3, 15
"c:\Users\FlowUP\Documents\GitHub\Magic\datapacks\Magic_FR\data\ctf\function\maps_systems\factory\conveyor_belt\clock.mcfunction", "mcfunction", 0, 0, 24, 34, 20, 78
"c:\Users\FlowUP\Documents\GitHub\Magic\datapacks\Magic_FR\data\ctf\function\maps_systems\factory\conveyor_belt\red_side\bottom_conveyor_belt\state_0.mcfunction", "mcfunction", 0, 0, 4, 8, 3, 15
"c:\Users\FlowUP\Documents\GitHub\Magic\datapacks\Magic_FR\data\ctf\function\maps_systems\factory\conveyor_belt\red_side\bottom_conveyor_belt\state_1.mcfunction", "mcfunction", 0, 0, 4, 8, 3, 15
"c:\Users\FlowUP\Documents\GitHub\Magic\datapacks\Magic_FR\data\ctf\function\maps_systems\factory\conveyor_belt\red_side\levers\use_state_0_bottom_lever.mcfunction", "mcfunction", 0, 0, 1, 3, 2, 6
"c:\Users\FlowUP\Documents\GitHub\Magic\datapacks\Magic_FR\data\ctf\function\maps_systems\factory\conveyor_belt\red_side\levers\use_state_0_middle_lever.mcfunction", "mcfunction", 0, 0, 1, 3, 2, 6
"c:\Users\FlowUP\Documents\GitHub\Magic\datapacks\Magic_FR\data\ctf\function\maps_systems\factory\conveyor_belt\red_side\levers\use_state_0_top_lever.mcfunction", "mcfunction", 0, 0, 1, 3, 3, 7
"c:\Users\FlowUP\Documents\GitHub\Magic\datapacks\Magic_FR\data\ctf\function\maps_systems\factory\conveyor_belt\red_side\levers\use_state_1_bottom_lever.mcfunction", "mcfunction", 0, 0, 1, 3, 2, 6
"c:\Users\FlowUP\Documents\GitHub\Magic\datapacks\Magic_FR\data\ctf\function\maps_systems\factory\conveyor_belt\red_side\levers\use_state_1_middle_lever.mcfunction", "mcfunction", 0, 0, 1, 3, 2, 6
"c:\Users\FlowUP\Documents\GitHub\Magic\datapacks\Magic_FR\data\ctf\function\maps_systems\factory\conveyor_belt\red_side\levers\use_state_1_top_lever.mcfunction", "mcfunction", 0, 0, 1, 3, 2, 6
"c:\Users\FlowUP\Documents\GitHub\Magic\datapacks\Magic_FR\data\ctf\function\maps_systems\factory\conveyor_belt\red_side\middle_conveyor_belt\state_0.mcfunction", "mcfunction", 0, 0, 4, 8, 3, 15
"c:\Users\FlowUP\Documents\GitHub\Magic\datapacks\Magic_FR\data\ctf\function\maps_systems\factory\conveyor_belt\red_side\middle_conveyor_belt\state_1.mcfunction", "mcfunction", 0, 0, 4, 8, 3, 15
"c:\Users\FlowUP\Documents\GitHub\Magic\datapacks\Magic_FR\data\ctf\function\maps_systems\factory\conveyor_belt\red_side\top_conveyor_belt\state_0.mcfunction", "mcfunction", 0, 0, 4, 8, 3, 15
"c:\Users\FlowUP\Documents\GitHub\Magic\datapacks\Magic_FR\data\ctf\function\maps_systems\factory\conveyor_belt\red_side\top_conveyor_belt\state_1.mcfunction", "mcfunction", 0, 0, 4, 8, 4, 16
"c:\Users\FlowUP\Documents\GitHub\Magic\datapacks\Magic_FR\data\ctf\function\maps_systems\factory\loop_factory.mcfunction", "mcfunction", 0, 0, 3, 7, 5, 15
"c:\Users\FlowUP\Documents\GitHub\Magic\datapacks\Magic_FR\data\ctf\function\maps_systems\graveyard\graveyard_path_abuse\enter_bad_path.mcfunction", "mcfunction", 0, 0, 21, 6, 6, 33
"c:\Users\FlowUP\Documents\GitHub\Magic\datapacks\Magic_FR\data\ctf\function\maps_systems\graveyard\graveyard_path_abuse\in_bad_path.mcfunction", "mcfunction", 0, 0, 11, 1, 1, 13
"c:\Users\FlowUP\Documents\GitHub\Magic\datapacks\Magic_FR\data\ctf\function\maps_systems\graveyard\graveyard_path_abuse\quit_bad_path.mcfunction", "mcfunction", 0, 0, 14, 1, 2, 17
"c:\Users\FlowUP\Documents\GitHub\Magic\datapacks\Magic_FR\data\ctf\function\maps_systems\graveyard\graveyard_path_abuse\took_bad_path_dmg.mcfunction", "mcfunction", 0, 0, 13, 3, 2, 18
"c:\Users\FlowUP\Documents\GitHub\Magic\datapacks\Magic_FR\data\ctf\function\maps_systems\graveyard\leversystem\blue_lever_down.mcfunction", "mcfunction", 0, 0, 13, 4, 2, 19
"c:\Users\FlowUP\Documents\GitHub\Magic\datapacks\Magic_FR\data\ctf\function\maps_systems\graveyard\leversystem\blue_lever_up.mcfunction", "mcfunction", 0, 0, 13, 4, 2, 19
"c:\Users\FlowUP\Documents\GitHub\Magic\datapacks\Magic_FR\data\ctf\function\maps_systems\graveyard\leversystem\red_lever_down.mcfunction", "mcfunction", 0, 0, 13, 4, 3, 20
"c:\Users\FlowUP\Documents\GitHub\Magic\datapacks\Magic_FR\data\ctf\function\maps_systems\graveyard\leversystem\red_lever_up.mcfunction", "mcfunction", 0, 0, 13, 4, 3, 20
"c:\Users\FlowUP\Documents\GitHub\Magic\datapacks\Magic_FR\data\ctf\function\maps_systems\graveyard\loop_graveyard.mcfunction", "mcfunction", 0, 0, 9, 10, 9, 28
"c:\Users\FlowUP\Documents\GitHub\Magic\datapacks\Magic_FR\data\ctf\function\maps_systems\pirate\effect_in_water.mcfunction", "mcfunction", 0, 0, 3, 2, 2, 7
"c:\Users\FlowUP\Documents\GitHub\Magic\datapacks\Magic_FR\data\ctf\function\maps_systems\pirate\loop_pirate.mcfunction", "mcfunction", 0, 0, 6, 7, 7, 20
"c:\Users\FlowUP\Documents\GitHub\Magic\datapacks\Magic_FR\data\ctf\function\maps_systems\pirate\mortars\explode_tnt_blue.mcfunction", "mcfunction", 0, 0, 7, 3, 1, 11
"c:\Users\FlowUP\Documents\GitHub\Magic\datapacks\Magic_FR\data\ctf\function\maps_systems\pirate\mortars\explode_tnt_red.mcfunction", "mcfunction", 0, 0, 7, 3, 1, 11
"c:\Users\FlowUP\Documents\GitHub\Magic\datapacks\Magic_FR\data\ctf\function\maps_systems\pirate\mortars\loop_mortars.mcfunction", "mcfunction", 0, 0, 9, 1, 4, 14
"c:\Users\FlowUP\Documents\GitHub\Magic\datapacks\Magic_FR\data\ctf\function\maps_systems\pirate\mortars\new_lever_blue.mcfunction", "mcfunction", 0, 0, 3, 4, 1, 8
"c:\Users\FlowUP\Documents\GitHub\Magic\datapacks\Magic_FR\data\ctf\function\maps_systems\pirate\mortars\new_lever_red.mcfunction", "mcfunction", 0, 0, 3, 4, 1, 8
"c:\Users\FlowUP\Documents\GitHub\Magic\datapacks\Magic_FR\data\ctf\function\maps_systems\pirate\mortars\put_bridge_back_blue.mcfunction", "mcfunction", 0, 0, 2, 4, 1, 7
"c:\Users\FlowUP\Documents\GitHub\Magic\datapacks\Magic_FR\data\ctf\function\maps_systems\pirate\mortars\put_bridge_back_red.mcfunction", "mcfunction", 0, 0, 2, 4, 1, 7
"c:\Users\FlowUP\Documents\GitHub\Magic\datapacks\Magic_FR\data\ctf\function\maps_systems\pirate\mortars\refresh_lever_timing.mcfunction", "mcfunction", 0, 0, 74, 1, 10, 85
"c:\Users\FlowUP\Documents\GitHub\Magic\datapacks\Magic_FR\data\ctf\function\maps_systems\pirate\mortars\use_mortar_blue.mcfunction", "mcfunction", 0, 0, 6, 5, 1, 12
"c:\Users\FlowUP\Documents\GitHub\Magic\datapacks\Magic_FR\data\ctf\function\maps_systems\pirate\mortars\use_mortar_red.mcfunction", "mcfunction", 0, 0, 6, 5, 1, 12
"c:\Users\FlowUP\Documents\GitHub\Magic\datapacks\Magic_FR\data\ctf\function\maps_systems\pirate\took_water_dmg.mcfunction", "mcfunction", 0, 0, 13, 3, 2, 18
"c:\Users\FlowUP\Documents\GitHub\Magic\datapacks\Magic_FR\data\ctf\function\maps_systems\ruin\effect_in_water.mcfunction", "mcfunction", 0, 0, 3, 2, 2, 7
"c:\Users\FlowUP\Documents\GitHub\Magic\datapacks\Magic_FR\data\ctf\function\maps_systems\ruin\loop_ruin.mcfunction", "mcfunction", 0, 0, 3, 6, 5, 14
"c:\Users\FlowUP\Documents\GitHub\Magic\datapacks\Magic_FR\data\ctf\function\maps_systems\ruin\traps_ruin\stakes\blue_side\stake_in.mcfunction", "mcfunction", 0, 0, 2, 1, 2, 5
"c:\Users\FlowUP\Documents\GitHub\Magic\datapacks\Magic_FR\data\ctf\function\maps_systems\ruin\traps_ruin\stakes\blue_side\stake_out.mcfunction", "mcfunction", 0, 0, 2, 1, 2, 5
"c:\Users\FlowUP\Documents\GitHub\Magic\datapacks\Magic_FR\data\ctf\function\maps_systems\ruin\traps_ruin\stakes\red_side\stake_in.mcfunction", "mcfunction", 0, 0, 2, 1, 2, 5
"c:\Users\FlowUP\Documents\GitHub\Magic\datapacks\Magic_FR\data\ctf\function\maps_systems\ruin\traps_ruin\stakes\red_side\stake_out.mcfunction", "mcfunction", 0, 0, 2, 1, 2, 5
"c:\Users\FlowUP\Documents\GitHub\Magic\datapacks\Magic_FR\data\ctf\function\maps_systems\volcano\effect_in_lava.mcfunction", "mcfunction", 0, 0, 2, 2, 2, 6
"c:\Users\FlowUP\Documents\GitHub\Magic\datapacks\Magic_FR\data\ctf\function\maps_systems\volcano\is_jumping.mcfunction", "mcfunction", 0, 0, 3, 3, 2, 8
"c:\Users\FlowUP\Documents\GitHub\Magic\datapacks\Magic_FR\data\ctf\function\maps_systems\volcano\loop_volcano.mcfunction", "mcfunction", 0, 0, 18, 13, 14, 45
"c:\Users\FlowUP\Documents\GitHub\Magic\datapacks\Magic_FR\data\ctf\function\maps_systems\volcano\steam\button_blue\button_activated.mcfunction", "mcfunction", 0, 0, 7, 6, 6, 19
"c:\Users\FlowUP\Documents\GitHub\Magic\datapacks\Magic_FR\data\ctf\function\maps_systems\volcano\steam\button_blue\refresh_button_timer.mcfunction", "mcfunction", 0, 0, 30, 2, 3, 35
"c:\Users\FlowUP\Documents\GitHub\Magic\datapacks\Magic_FR\data\ctf\function\maps_systems\volcano\steam\button_blue\steam_system.mcfunction", "mcfunction", 0, 0, 6, 4, 3, 13
"c:\Users\FlowUP\Documents\GitHub\Magic\datapacks\Magic_FR\data\ctf\function\maps_systems\volcano\steam\button_blue\timer_over.mcfunction", "mcfunction", 0, 0, 3, 5, 3, 11
"c:\Users\FlowUP\Documents\GitHub\Magic\datapacks\Magic_FR\data\ctf\function\maps_systems\volcano\steam\button_red\button_activated.mcfunction", "mcfunction", 0, 0, 7, 6, 5, 18
"c:\Users\FlowUP\Documents\GitHub\Magic\datapacks\Magic_FR\data\ctf\function\maps_systems\volcano\steam\button_red\refresh_button_timer.mcfunction", "mcfunction", 0, 0, 30, 2, 3, 35
"c:\Users\FlowUP\Documents\GitHub\Magic\datapacks\Magic_FR\data\ctf\function\maps_systems\volcano\steam\button_red\steam_system.mcfunction", "mcfunction", 0, 0, 6, 4, 3, 13
"c:\Users\FlowUP\Documents\GitHub\Magic\datapacks\Magic_FR\data\ctf\function\maps_systems\volcano\steam\button_red\timer_over.mcfunction", "mcfunction", 0, 0, 3, 5, 3, 11
"c:\Users\FlowUP\Documents\GitHub\Magic\datapacks\Magic_FR\data\ctf\function\maps_systems\volcano\took_lava_dmg.mcfunction", "mcfunction", 0, 0, 13, 3, 2, 18
"c:\Users\FlowUP\Documents\GitHub\Magic\datapacks\Magic_FR\data\ctf\function\poseflag\poseflag_blueflag.mcfunction", "mcfunction", 0, 0, 29, 17, 18, 64
"c:\Users\FlowUP\Documents\GitHub\Magic\datapacks\Magic_FR\data\ctf\function\poseflag\poseflag_redflag.mcfunction", "mcfunction", 0, 0, 29, 14, 18, 61
"c:\Users\FlowUP\Documents\GitHub\Magic\datapacks\Magic_FR\data\ctf\function\respawns\bossbar\refreshbossbar.mcfunction", "mcfunction", 0, 0, 16, 16, 6, 38
"c:\Users\FlowUP\Documents\GitHub\Magic\datapacks\Magic_FR\data\ctf\function\respawns\bossbar\refreshbossbar\refreshbossbar_player1.mcfunction", "mcfunction", 0, 0, 3, 1, 4, 8
"c:\Users\FlowUP\Documents\GitHub\Magic\datapacks\Magic_FR\data\ctf\function\respawns\bossbar\refreshbossbar\refreshbossbar_player10.mcfunction", "mcfunction", 0, 0, 3, 1, 4, 8
"c:\Users\FlowUP\Documents\GitHub\Magic\datapacks\Magic_FR\data\ctf\function\respawns\bossbar\refreshbossbar\refreshbossbar_player11.mcfunction", "mcfunction", 0, 0, 3, 1, 5, 9
"c:\Users\FlowUP\Documents\GitHub\Magic\datapacks\Magic_FR\data\ctf\function\respawns\bossbar\refreshbossbar\refreshbossbar_player12.mcfunction", "mcfunction", 0, 0, 3, 1, 4, 8
"c:\Users\FlowUP\Documents\GitHub\Magic\datapacks\Magic_FR\data\ctf\function\respawns\bossbar\refreshbossbar\refreshbossbar_player2.mcfunction", "mcfunction", 0, 0, 3, 1, 3, 7
"c:\Users\FlowUP\Documents\GitHub\Magic\datapacks\Magic_FR\data\ctf\function\respawns\bossbar\refreshbossbar\refreshbossbar_player3.mcfunction", "mcfunction", 0, 0, 3, 1, 3, 7
"c:\Users\FlowUP\Documents\GitHub\Magic\datapacks\Magic_FR\data\ctf\function\respawns\bossbar\refreshbossbar\refreshbossbar_player4.mcfunction", "mcfunction", 0, 0, 3, 1, 3, 7
"c:\Users\FlowUP\Documents\GitHub\Magic\datapacks\Magic_FR\data\ctf\function\respawns\bossbar\refreshbossbar\refreshbossbar_player5.mcfunction", "mcfunction", 0, 0, 3, 1, 3, 7
"c:\Users\FlowUP\Documents\GitHub\Magic\datapacks\Magic_FR\data\ctf\function\respawns\bossbar\refreshbossbar\refreshbossbar_player6.mcfunction", "mcfunction", 0, 0, 3, 1, 3, 7
"c:\Users\FlowUP\Documents\GitHub\Magic\datapacks\Magic_FR\data\ctf\function\respawns\bossbar\refreshbossbar\refreshbossbar_player7.mcfunction", "mcfunction", 0, 0, 3, 1, 4, 8
"c:\Users\FlowUP\Documents\GitHub\Magic\datapacks\Magic_FR\data\ctf\function\respawns\bossbar\refreshbossbar\refreshbossbar_player8.mcfunction", "mcfunction", 0, 0, 3, 1, 4, 8
"c:\Users\FlowUP\Documents\GitHub\Magic\datapacks\Magic_FR\data\ctf\function\respawns\bossbar\refreshbossbar\refreshbossbar_player9.mcfunction", "mcfunction", 0, 0, 3, 1, 3, 7
"c:\Users\FlowUP\Documents\GitHub\Magic\datapacks\Magic_FR\data\ctf\function\respawns\bossbar\teamkill\teamkill_blue.mcfunction", "mcfunction", 0, 0, 11, 1, 1, 13
"c:\Users\FlowUP\Documents\GitHub\Magic\datapacks\Magic_FR\data\ctf\function\respawns\bossbar\teamkill\teamkill_red.mcfunction", "mcfunction", 0, 0, 11, 1, 1, 13
"c:\Users\FlowUP\Documents\GitHub\Magic\datapacks\Magic_FR\data\ctf\function\respawns\calculate_respawn_time_blue.mcfunction", "mcfunction", 0, 0, 16, 4, 2, 22
"c:\Users\FlowUP\Documents\GitHub\Magic\datapacks\Magic_FR\data\ctf\function\respawns\calculate_respawn_time_red.mcfunction", "mcfunction", 0, 0, 16, 4, 2, 22
"c:\Users\FlowUP\Documents\GitHub\Magic\datapacks\Magic_FR\data\ctf\function\respawns\no_more_respawn_time.mcfunction", "mcfunction", 0, 0, 35, 11, 8, 54
"c:\Users\FlowUP\Documents\GitHub\Magic\datapacks\Magic_FR\data\ctf\function\respawns\respawn.mcfunction", "mcfunction", 0, 0, 38, 19, 20, 77
"c:\Users\FlowUP\Documents\GitHub\Magic\datapacks\Magic_FR\data\ctf\function\respawns\respawn_hasflag.mcfunction", "mcfunction", 0, 0, 38, 19, 17, 74
"c:\Users\FlowUP\Documents\GitHub\Magic\datapacks\Magic_FR\data\ctf\function\round_over.mcfunction", "mcfunction", 0, 0, 6, 7, 5, 18
"c:\Users\FlowUP\Documents\GitHub\Magic\datapacks\Magic_FR\data\ctf\function\saveflag\bossbar\detect_player_number.mcfunction", "mcfunction", 0, 0, 12, 1, 2, 15
"c:\Users\FlowUP\Documents\GitHub\Magic\datapacks\Magic_FR\data\ctf\function\saveflag\bossbar\refresh_bossbar\player1.mcfunction", "mcfunction", 0, 0, 7, 1, 0, 8
"c:\Users\FlowUP\Documents\GitHub\Magic\datapacks\Magic_FR\data\ctf\function\saveflag\bossbar\refresh_bossbar\player10.mcfunction", "mcfunction", 0, 0, 7, 1, 1, 9
"c:\Users\FlowUP\Documents\GitHub\Magic\datapacks\Magic_FR\data\ctf\function\saveflag\bossbar\refresh_bossbar\player11.mcfunction", "mcfunction", 0, 0, 7, 1, 1, 9
"c:\Users\FlowUP\Documents\GitHub\Magic\datapacks\Magic_FR\data\ctf\function\saveflag\bossbar\refresh_bossbar\player12.mcfunction", "mcfunction", 0, 0, 7, 1, 1, 9
"c:\Users\FlowUP\Documents\GitHub\Magic\datapacks\Magic_FR\data\ctf\function\saveflag\bossbar\refresh_bossbar\player2.mcfunction", "mcfunction", 0, 0, 7, 1, 1, 9
"c:\Users\FlowUP\Documents\GitHub\Magic\datapacks\Magic_FR\data\ctf\function\saveflag\bossbar\refresh_bossbar\player3.mcfunction", "mcfunction", 0, 0, 7, 1, 1, 9
"c:\Users\FlowUP\Documents\GitHub\Magic\datapacks\Magic_FR\data\ctf\function\saveflag\bossbar\refresh_bossbar\player4.mcfunction", "mcfunction", 0, 0, 7, 1, 1, 9
"c:\Users\FlowUP\Documents\GitHub\Magic\datapacks\Magic_FR\data\ctf\function\saveflag\bossbar\refresh_bossbar\player5.mcfunction", "mcfunction", 0, 0, 7, 1, 1, 9
"c:\Users\FlowUP\Documents\GitHub\Magic\datapacks\Magic_FR\data\ctf\function\saveflag\bossbar\refresh_bossbar\player6.mcfunction", "mcfunction", 0, 0, 7, 1, 1, 9
"c:\Users\FlowUP\Documents\GitHub\Magic\datapacks\Magic_FR\data\ctf\function\saveflag\bossbar\refresh_bossbar\player7.mcfunction", "mcfunction", 0, 0, 7, 1, 1, 9
"c:\Users\FlowUP\Documents\GitHub\Magic\datapacks\Magic_FR\data\ctf\function\saveflag\bossbar\refresh_bossbar\player8.mcfunction", "mcfunction", 0, 0, 7, 1, 1, 9
"c:\Users\FlowUP\Documents\GitHub\Magic\datapacks\Magic_FR\data\ctf\function\saveflag\bossbar\refresh_bossbar\player9.mcfunction", "mcfunction", 0, 0, 7, 1, 1, 9
"c:\Users\FlowUP\Documents\GitHub\Magic\datapacks\Magic_FR\data\ctf\function\saveflag\saveflag_blueflag.mcfunction", "mcfunction", 0, 0, 20, 7, 11, 38
"c:\Users\FlowUP\Documents\GitHub\Magic\datapacks\Magic_FR\data\ctf\function\saveflag\saveflag_redflag.mcfunction", "mcfunction", 0, 0, 20, 7, 12, 39
"c:\Users\FlowUP\Documents\GitHub\Magic\datapacks\Magic_FR\data\ctf\function\saveflag\stop_saving.mcfunction", "mcfunction", 0, 0, 25, 1, 1, 27
"c:\Users\FlowUP\Documents\GitHub\Magic\datapacks\Magic_FR\data\ctf\function\secondary_objectives\blue_won.mcfunction", "mcfunction", 0, 0, 6, 2, 1, 9
"c:\Users\FlowUP\Documents\GitHub\Magic\datapacks\Magic_FR\data\ctf\function\secondary_objectives\bossfight\candyworld_map\ai\cherry_out_of_zone.mcfunction", "mcfunction", 0, 0, 3, 5, 2, 10
"c:\Users\FlowUP\Documents\GitHub\Magic\datapacks\Magic_FR\data\ctf\function\secondary_objectives\bossfight\candyworld_map\ai\chose_spell.mcfunction", "mcfunction", 0, 0, 10, 8, 7, 25
"c:\Users\FlowUP\Documents\GitHub\Magic\datapacks\Magic_FR\data\ctf\function\secondary_objectives\bossfight\candyworld_map\ai\make_invulnerable_and_noai.mcfunction", "mcfunction", 0, 0, 3, 1, 1, 5
"c:\Users\FlowUP\Documents\GitHub\Magic\datapacks\Magic_FR\data\ctf\function\secondary_objectives\bossfight\candyworld_map\ai\make_living_cherry_invulnerable.mcfunction", "mcfunction", 0, 0, 6, 1, 1, 8
"c:\Users\FlowUP\Documents\GitHub\Magic\datapacks\Magic_FR\data\ctf\function\secondary_objectives\bossfight\candyworld_map\ai\no_more_invulnerability.mcfunction", "mcfunction", 0, 0, 4, 2, 1, 7
"c:\Users\FlowUP\Documents\GitHub\Magic\datapacks\Magic_FR\data\ctf\function\secondary_objectives\bossfight\candyworld_map\bossfight_loop.mcfunction", "mcfunction", 0, 0, 10, 12, 11, 33
"c:\Users\FlowUP\Documents\GitHub\Magic\datapacks\Magic_FR\data\ctf\function\secondary_objectives\bossfight\candyworld_map\determine_targetable.mcfunction", "mcfunction", 0, 0, 4, 5, 1, 10
"c:\Users\FlowUP\Documents\GitHub\Magic\datapacks\Magic_FR\data\ctf\function\secondary_objectives\bossfight\candyworld_map\display_bossbar.mcfunction", "mcfunction", 0, 0, 1, 2, 1, 4
"c:\Users\FlowUP\Documents\GitHub\Magic\datapacks\Magic_FR\data\ctf\function\secondary_objectives\bossfight\candyworld_map\living_cherry_death.mcfunction", "mcfunction", 0, 0, 5, 6, 5, 16
"c:\Users\FlowUP\Documents\GitHub\Magic\datapacks\Magic_FR\data\ctf\function\secondary_objectives\bossfight\candyworld_map\objective_complete.mcfunction", "mcfunction", 0, 0, 2, 4, 3, 9
"c:\Users\FlowUP\Documents\GitHub\Magic\datapacks\Magic_FR\data\ctf\function\secondary_objectives\bossfight\candyworld_map\picked_up_item.mcfunction", "mcfunction", 0, 0, 8, 4, 5, 17
"c:\Users\FlowUP\Documents\GitHub\Magic\datapacks\Magic_FR\data\ctf\function\secondary_objectives\bossfight\candyworld_map\summon_cherry\round1\summon_cherry_round_1.mcfunction", "mcfunction", 0, 0, 13, 8, 7, 28
"c:\Users\FlowUP\Documents\GitHub\Magic\datapacks\Magic_FR\data\ctf\function\secondary_objectives\bossfight\candyworld_map\summon_cherry\round2\summon_cherry_round_2.mcfunction", "mcfunction", 0, 0, 13, 8, 7, 28
"c:\Users\FlowUP\Documents\GitHub\Magic\datapacks\Magic_FR\data\ctf\function\secondary_objectives\bossfight\candyworld_map\summon_cherry\round3\summon_cherry_round_3.mcfunction", "mcfunction", 0, 0, 13, 8, 7, 28
"c:\Users\FlowUP\Documents\GitHub\Magic\datapacks\Magic_FR\data\ctf\function\secondary_objectives\bossfight\candyworld_map\summon_cherry\summon_cherry.mcfunction", "mcfunction", 0, 0, 15, 11, 8, 34
"c:\Users\FlowUP\Documents\GitHub\Magic\datapacks\Magic_FR\data\ctf\function\secondary_objectives\bossfight\candyworld_map\tp_residual_slimes.mcfunction", "mcfunction", 0, 0, 4, 2, 1, 7
"c:\Users\FlowUP\Documents\GitHub\Magic\datapacks\Magic_FR\data\ctf\function\secondary_objectives\bossfight\candyworld_map\win\blue_win.mcfunction", "mcfunction", 0, 0, 6, 5, 3, 14
"c:\Users\FlowUP\Documents\GitHub\Magic\datapacks\Magic_FR\data\ctf\function\secondary_objectives\bossfight\candyworld_map\win\red_win.mcfunction", "mcfunction", 0, 0, 6, 5, 3, 14
"c:\Users\FlowUP\Documents\GitHub\Magic\datapacks\Magic_FR\data\ctf\function\secondary_objectives\bossfight\graveyard_map\bossfight_loop.mcfunction", "mcfunction", 0, 0, 18, 21, 13, 52
"c:\Users\FlowUP\Documents\GitHub\Magic\datapacks\Magic_FR\data\ctf\function\secondary_objectives\bossfight\graveyard_map\determine_targetable.mcfunction", "mcfunction", 0, 0, 3, 5, 1, 9
"c:\Users\FlowUP\Documents\GitHub\Magic\datapacks\Magic_FR\data\ctf\function\secondary_objectives\bossfight\graveyard_map\display_bossbar.mcfunction", "mcfunction", 0, 0, 1, 2, 1, 4
"c:\Users\FlowUP\Documents\GitHub\Magic\datapacks\Magic_FR\data\ctf\function\secondary_objectives\bossfight\graveyard_map\invulnerable\become_invulnerable.mcfunction", "mcfunction", 0, 0, 4, 2, 1, 7
"c:\Users\FlowUP\Documents\GitHub\Magic\datapacks\Magic_FR\data\ctf\function\secondary_objectives\bossfight\graveyard_map\invulnerable\no_more_invulnerability.mcfunction", "mcfunction", 0, 0, 4, 2, 1, 7
"c:\Users\FlowUP\Documents\GitHub\Magic\datapacks\Magic_FR\data\ctf\function\secondary_objectives\bossfight\graveyard_map\lich_death.mcfunction", "mcfunction", 0, 0, 8, 7, 6, 21
"c:\Users\FlowUP\Documents\GitHub\Magic\datapacks\Magic_FR\data\ctf\function\secondary_objectives\bossfight\graveyard_map\objective_complete.mcfunction", "mcfunction", 0, 0, 2, 4, 3, 9
"c:\Users\FlowUP\Documents\GitHub\Magic\datapacks\Magic_FR\data\ctf\function\secondary_objectives\bossfight\graveyard_map\picked_up_item.mcfunction", "mcfunction", 0, 0, 7, 3, 4, 14
"c:\Users\FlowUP\Documents\GitHub\Magic\datapacks\Magic_FR\data\ctf\function\secondary_objectives\bossfight\graveyard_map\spells\animation_flame\part1.mcfunction", "mcfunction", 0, 0, 2, 0, 1, 3
"c:\Users\FlowUP\Documents\GitHub\Magic\datapacks\Magic_FR\data\ctf\function\secondary_objectives\bossfight\graveyard_map\spells\animation_flame\part2.mcfunction", "mcfunction", 0, 0, 2, 0, 0, 2
"c:\Users\FlowUP\Documents\GitHub\Magic\datapacks\Magic_FR\data\ctf\function\secondary_objectives\bossfight\graveyard_map\spells\animation_flame\part3.mcfunction", "mcfunction", 0, 0, 2, 0, 0, 2
"c:\Users\FlowUP\Documents\GitHub\Magic\datapacks\Magic_FR\data\ctf\function\secondary_objectives\bossfight\graveyard_map\spells\animation_flame\part4.mcfunction", "mcfunction", 0, 0, 2, 0, 0, 2
"c:\Users\FlowUP\Documents\GitHub\Magic\datapacks\Magic_FR\data\ctf\function\secondary_objectives\bossfight\graveyard_map\spells\animation_flame\part5.mcfunction", "mcfunction", 0, 0, 2, 0, 0, 2
"c:\Users\FlowUP\Documents\GitHub\Magic\datapacks\Magic_FR\data\ctf\function\secondary_objectives\bossfight\graveyard_map\spells\animation_flame\part6.mcfunction", "mcfunction", 0, 0, 2, 0, 0, 2
"c:\Users\FlowUP\Documents\GitHub\Magic\datapacks\Magic_FR\data\ctf\function\secondary_objectives\bossfight\graveyard_map\spells\animation_flame\part7.mcfunction", "mcfunction", 0, 0, 2, 0, 0, 2
"c:\Users\FlowUP\Documents\GitHub\Magic\datapacks\Magic_FR\data\ctf\function\secondary_objectives\bossfight\graveyard_map\spells\animation_flame\part8.mcfunction", "mcfunction", 0, 0, 2, 0, 0, 2
"c:\Users\FlowUP\Documents\GitHub\Magic\datapacks\Magic_FR\data\ctf\function\secondary_objectives\bossfight\graveyard_map\spells\animation_flame\part9.mcfunction", "mcfunction", 0, 0, 1, 0, 0, 1
"c:\Users\FlowUP\Documents\GitHub\Magic\datapacks\Magic_FR\data\ctf\function\secondary_objectives\bossfight\graveyard_map\spells\cast_spell.mcfunction", "mcfunction", 0, 0, 6, 6, 4, 16
"c:\Users\FlowUP\Documents\GitHub\Magic\datapacks\Magic_FR\data\ctf\function\secondary_objectives\bossfight\graveyard_map\spells\cooldown_end.mcfunction", "mcfunction", 0, 0, 3, 2, 1, 6
"c:\Users\FlowUP\Documents\GitHub\Magic\datapacks\Magic_FR\data\ctf\function\secondary_objectives\bossfight\graveyard_map\spells\launch_spell.mcfunction", "mcfunction", 0, 0, 6, 4, 3, 13
"c:\Users\FlowUP\Documents\GitHub\Magic\datapacks\Magic_FR\data\ctf\function\secondary_objectives\bossfight\graveyard_map\spells\set_spell_cast_time\set_cast_time.mcfunction", "mcfunction", 0, 0, 3, 1, 1, 5
"c:\Users\FlowUP\Documents\GitHub\Magic\datapacks\Magic_FR\data\ctf\function\secondary_objectives\bossfight\graveyard_map\spells\set_spell_cast_time\spell1.mcfunction", "mcfunction", 0, 0, 2, 3, 1, 6
"c:\Users\FlowUP\Documents\GitHub\Magic\datapacks\Magic_FR\data\ctf\function\secondary_objectives\bossfight\graveyard_map\spells\set_spell_cast_time\spell2.mcfunction", "mcfunction", 0, 0, 2, 3, 1, 6
"c:\Users\FlowUP\Documents\GitHub\Magic\datapacks\Magic_FR\data\ctf\function\secondary_objectives\bossfight\graveyard_map\spells\set_spell_cast_time\spell3.mcfunction", "mcfunction", 0, 0, 2, 3, 1, 6
"c:\Users\FlowUP\Documents\GitHub\Magic\datapacks\Magic_FR\data\ctf\function\secondary_objectives\bossfight\graveyard_map\spells\spell1\cast_spell1.mcfunction", "mcfunction", 0, 0, 2, 2, 1, 5
"c:\Users\FlowUP\Documents\GitHub\Magic\datapacks\Magic_FR\data\ctf\function\secondary_objectives\bossfight\graveyard_map\spells\spell1\system\death_trail.mcfunction", "mcfunction", 0, 0, 4, 2, 1, 7
"c:\Users\FlowUP\Documents\GitHub\Magic\datapacks\Magic_FR\data\ctf\function\secondary_objectives\bossfight\graveyard_map\spells\spell1\system\death_trail_hit.mcfunction", "mcfunction", 0, 0, 3, 6, 4, 13
"c:\Users\FlowUP\Documents\GitHub\Magic\datapacks\Magic_FR\data\ctf\function\secondary_objectives\bossfight\graveyard_map\spells\spell1\system\took_death_trail.mcfunction", "mcfunction", 0, 0, 13, 4, 2, 19
"c:\Users\FlowUP\Documents\GitHub\Magic\datapacks\Magic_FR\data\ctf\function\secondary_objectives\bossfight\graveyard_map\spells\spell2\cast_spell2.mcfunction", "mcfunction", 0, 0, 2, 2, 1, 5
"c:\Users\FlowUP\Documents\GitHub\Magic\datapacks\Magic_FR\data\ctf\function\secondary_objectives\bossfight\graveyard_map\spells\spell2\system\darkness_trail.mcfunction", "mcfunction", 0, 0, 4, 2, 3, 9
"c:\Users\FlowUP\Documents\GitHub\Magic\datapacks\Magic_FR\data\ctf\function\secondary_objectives\bossfight\graveyard_map\spells\spell2\system\darkness_trail_hit.mcfunction", "mcfunction", 0, 0, 5, 6, 5, 16
"c:\Users\FlowUP\Documents\GitHub\Magic\datapacks\Magic_FR\data\ctf\function\secondary_objectives\bossfight\graveyard_map\spells\spell2\system\took_darkness_trail.mcfunction", "mcfunction", 0, 0, 13, 3, 1, 17
"c:\Users\FlowUP\Documents\GitHub\Magic\datapacks\Magic_FR\data\ctf\function\secondary_objectives\bossfight\graveyard_map\spells\spell3\cast_spell3.mcfunction", "mcfunction", 0, 0, 6, 4, 4, 14
"c:\Users\FlowUP\Documents\GitHub\Magic\datapacks\Magic_FR\data\ctf\function\secondary_objectives\bossfight\graveyard_map\spells\spell3\soul_drainer_hit.mcfunction", "mcfunction", 0, 0, 2, 5, 3, 10
"c:\Users\FlowUP\Documents\GitHub\Magic\datapacks\Magic_FR\data\ctf\function\secondary_objectives\bossfight\graveyard_map\spells\spell3\took_soul_drainer.mcfunction", "mcfunction", 0, 0, 13, 4, 2, 19
"c:\Users\FlowUP\Documents\GitHub\Magic\datapacks\Magic_FR\data\ctf\function\secondary_objectives\bossfight\graveyard_map\spells\spell3\update_aoe.mcfunction", "mcfunction", 0, 0, 17, 3, 7, 27
"c:\Users\FlowUP\Documents\GitHub\Magic\datapacks\Magic_FR\data\ctf\function\secondary_objectives\bossfight\graveyard_map\spells\spell_randomizer\with_blind.mcfunction", "mcfunction", 0, 0, 3, 2, 1, 6
"c:\Users\FlowUP\Documents\GitHub\Magic\datapacks\Magic_FR\data\ctf\function\secondary_objectives\bossfight\graveyard_map\spells\spell_randomizer\without_blind.mcfunction", "mcfunction", 0, 0, 2, 2, 1, 5
"c:\Users\FlowUP\Documents\GitHub\Magic\datapacks\Magic_FR\data\ctf\function\secondary_objectives\bossfight\graveyard_map\summon_lich\round1\summon_lich_round_1.mcfunction", "mcfunction", 0, 0, 12, 8, 6, 26
"c:\Users\FlowUP\Documents\GitHub\Magic\datapacks\Magic_FR\data\ctf\function\secondary_objectives\bossfight\graveyard_map\summon_lich\round2\summon_lich_round_2.mcfunction", "mcfunction", 0, 0, 12, 8, 6, 26
"c:\Users\FlowUP\Documents\GitHub\Magic\datapacks\Magic_FR\data\ctf\function\secondary_objectives\bossfight\graveyard_map\summon_lich\round3\summon_lich_round_3.mcfunction", "mcfunction", 0, 0, 12, 8, 6, 26
"c:\Users\FlowUP\Documents\GitHub\Magic\datapacks\Magic_FR\data\ctf\function\secondary_objectives\bossfight\graveyard_map\summon_lich\summon_lich.mcfunction", "mcfunction", 0, 0, 17, 11, 8, 36
"c:\Users\FlowUP\Documents\GitHub\Magic\datapacks\Magic_FR\data\ctf\function\secondary_objectives\bossfight\graveyard_map\win\blue_win.mcfunction", "mcfunction", 0, 0, 7, 6, 4, 17
"c:\Users\FlowUP\Documents\GitHub\Magic\datapacks\Magic_FR\data\ctf\function\secondary_objectives\bossfight\graveyard_map\win\red_win.mcfunction", "mcfunction", 0, 0, 7, 6, 4, 17
"c:\Users\FlowUP\Documents\GitHub\Magic\datapacks\Magic_FR\data\ctf\function\secondary_objectives\bossfight\ruin_map\ai\chose_spell.mcfunction", "mcfunction", 0, 0, 9, 4, 10, 23
"c:\Users\FlowUP\Documents\GitHub\Magic\datapacks\Magic_FR\data\ctf\function\secondary_objectives\bossfight\ruin_map\ai\freeze_golem.mcfunction", "mcfunction", 0, 0, 5, 0, 1, 6
"c:\Users\FlowUP\Documents\GitHub\Magic\datapacks\Magic_FR\data\ctf\function\secondary_objectives\bossfight\ruin_map\ai\go_to_middle.mcfunction", "mcfunction", 0, 0, 6, 0, 1, 7
"c:\Users\FlowUP\Documents\GitHub\Magic\datapacks\Magic_FR\data\ctf\function\secondary_objectives\bossfight\ruin_map\ai\make_golem_invulnerable.mcfunction", "mcfunction", 0, 0, 4, 1, 1, 6
"c:\Users\FlowUP\Documents\GitHub\Magic\datapacks\Magic_FR\data\ctf\function\secondary_objectives\bossfight\ruin_map\ai\no_more_invulnerability.mcfunction", "mcfunction", 0, 0, 4, 2, 1, 7
"c:\Users\FlowUP\Documents\GitHub\Magic\datapacks\Magic_FR\data\ctf\function\secondary_objectives\bossfight\ruin_map\ai\reset_aggro.mcfunction", "mcfunction", 0, 0, 5, 2, 3, 10
"c:\Users\FlowUP\Documents\GitHub\Magic\datapacks\Magic_FR\data\ctf\function\secondary_objectives\bossfight\ruin_map\bossfight_loop.mcfunction", "mcfunction", 0, 0, 10, 14, 12, 36
"c:\Users\FlowUP\Documents\GitHub\Magic\datapacks\Magic_FR\data\ctf\function\secondary_objectives\bossfight\ruin_map\determine_targetable.mcfunction", "mcfunction", 0, 0, 3, 5, 1, 9
"c:\Users\FlowUP\Documents\GitHub\Magic\datapacks\Magic_FR\data\ctf\function\secondary_objectives\bossfight\ruin_map\display_bossbar.mcfunction", "mcfunction", 0, 0, 1, 1, 1, 3
"c:\Users\FlowUP\Documents\GitHub\Magic\datapacks\Magic_FR\data\ctf\function\secondary_objectives\bossfight\ruin_map\golem_death.mcfunction", "mcfunction", 0, 0, 5, 6, 5, 16
"c:\Users\FlowUP\Documents\GitHub\Magic\datapacks\Magic_FR\data\ctf\function\secondary_objectives\bossfight\ruin_map\objective_complete.mcfunction", "mcfunction", 0, 0, 2, 4, 3, 9
"c:\Users\FlowUP\Documents\GitHub\Magic\datapacks\Magic_FR\data\ctf\function\secondary_objectives\bossfight\ruin_map\picked_up_item.mcfunction", "mcfunction", 0, 0, 7, 3, 4, 14
"c:\Users\FlowUP\Documents\GitHub\Magic\datapacks\Magic_FR\data\ctf\function\secondary_objectives\bossfight\ruin_map\summon_golem\round1\summon_golem_round_1.mcfunction", "mcfunction", 0, 0, 12, 8, 6, 26
"c:\Users\FlowUP\Documents\GitHub\Magic\datapacks\Magic_FR\data\ctf\function\secondary_objectives\bossfight\ruin_map\summon_golem\round2\summon_golem_round_2.mcfunction", "mcfunction", 0, 0, 12, 8, 5, 25
"c:\Users\FlowUP\Documents\GitHub\Magic\datapacks\Magic_FR\data\ctf\function\secondary_objectives\bossfight\ruin_map\summon_golem\round3\summon_golem_round_3.mcfunction", "mcfunction", 0, 0, 12, 8, 6, 26
"c:\Users\FlowUP\Documents\GitHub\Magic\datapacks\Magic_FR\data\ctf\function\secondary_objectives\bossfight\ruin_map\summon_golem\summon_golem.mcfunction", "mcfunction", 0, 0, 22, 11, 10, 43
"c:\Users\FlowUP\Documents\GitHub\Magic\datapacks\Magic_FR\data\ctf\function\secondary_objectives\bossfight\ruin_map\win\blue_win.mcfunction", "mcfunction", 0, 0, 7, 6, 4, 17
"c:\Users\FlowUP\Documents\GitHub\Magic\datapacks\Magic_FR\data\ctf\function\secondary_objectives\bossfight\ruin_map\win\red_win.mcfunction", "mcfunction", 0, 0, 7, 6, 4, 17
"c:\Users\FlowUP\Documents\GitHub\Magic\datapacks\Magic_FR\data\ctf\function\secondary_objectives\capture_point\factory_map\capture_point_loop.mcfunction", "mcfunction", 0, 0, 17, 23, 17, 57
"c:\Users\FlowUP\Documents\GitHub\Magic\datapacks\Magic_FR\data\ctf\function\secondary_objectives\capture_point\objective_complete.mcfunction", "mcfunction", 0, 0, 13, 6, 4, 23
"c:\Users\FlowUP\Documents\GitHub\Magic\datapacks\Magic_FR\data\ctf\function\secondary_objectives\capture_point\pirate_map\capture_point_loop.mcfunction", "mcfunction", 0, 0, 17, 23, 15, 55
"c:\Users\FlowUP\Documents\GitHub\Magic\datapacks\Magic_FR\data\ctf\function\secondary_objectives\capture_point\point_state_0\blue_cap.mcfunction", "mcfunction", 0, 0, 2, 3, 4, 9
"c:\Users\FlowUP\Documents\GitHub\Magic\datapacks\Magic_FR\data\ctf\function\secondary_objectives\capture_point\point_state_0\make_point_blue.mcfunction", "mcfunction", 0, 0, 22, 6, 9, 37
"c:\Users\FlowUP\Documents\GitHub\Magic\datapacks\Magic_FR\data\ctf\function\secondary_objectives\capture_point\point_state_0\make_point_red.mcfunction", "mcfunction", 0, 0, 22, 6, 10, 38
"c:\Users\FlowUP\Documents\GitHub\Magic\datapacks\Magic_FR\data\ctf\function\secondary_objectives\capture_point\point_state_0\no_more_blue_on_point.mcfunction", "mcfunction", 0, 0, 2, 1, 2, 5
"c:\Users\FlowUP\Documents\GitHub\Magic\datapacks\Magic_FR\data\ctf\function\secondary_objectives\capture_point\point_state_0\no_more_red_on_point.mcfunction", "mcfunction", 0, 0, 2, 1, 2, 5
"c:\Users\FlowUP\Documents\GitHub\Magic\datapacks\Magic_FR\data\ctf\function\secondary_objectives\capture_point\point_state_0\red_cap.mcfunction", "mcfunction", 0, 0, 2, 3, 3, 8
"c:\Users\FlowUP\Documents\GitHub\Magic\datapacks\Magic_FR\data\ctf\function\secondary_objectives\capture_point\point_state_1\blue_cap_point.mcfunction", "mcfunction", 0, 0, 2, 3, 2, 7
"c:\Users\FlowUP\Documents\GitHub\Magic\datapacks\Magic_FR\data\ctf\function\secondary_objectives\capture_point\point_state_1\blue_win_objective.mcfunction", "mcfunction", 0, 0, 7, 5, 4, 16
"c:\Users\FlowUP\Documents\GitHub\Magic\datapacks\Magic_FR\data\ctf\function\secondary_objectives\capture_point\point_state_1\calculate_percentage_blue.mcfunction", "mcfunction", 0, 0, 3, 1, 1, 5
"c:\Users\FlowUP\Documents\GitHub\Magic\datapacks\Magic_FR\data\ctf\function\secondary_objectives\capture_point\point_state_1\no_more_blue_on_point.mcfunction", "mcfunction", 0, 0, 2, 3, 2, 7
"c:\Users\FlowUP\Documents\GitHub\Magic\datapacks\Magic_FR\data\ctf\function\secondary_objectives\capture_point\point_state_2\calculate_percentage_red.mcfunction", "mcfunction", 0, 0, 3, 1, 1, 5
"c:\Users\FlowUP\Documents\GitHub\Magic\datapacks\Magic_FR\data\ctf\function\secondary_objectives\capture_point\point_state_2\no_more_red_on_point.mcfunction", "mcfunction", 0, 0, 2, 3, 2, 7
"c:\Users\FlowUP\Documents\GitHub\Magic\datapacks\Magic_FR\data\ctf\function\secondary_objectives\capture_point\point_state_2\red_cap_point.mcfunction", "mcfunction", 0, 0, 2, 3, 2, 7
"c:\Users\FlowUP\Documents\GitHub\Magic\datapacks\Magic_FR\data\ctf\function\secondary_objectives\capture_point\point_state_2\red_win_objective.mcfunction", "mcfunction", 0, 0, 6, 5, 5, 16
"c:\Users\FlowUP\Documents\GitHub\Magic\datapacks\Magic_FR\data\ctf\function\secondary_objectives\capture_point\refresh_bossbar.mcfunction", "mcfunction", 0, 0, 6, 1, 3, 10
"c:\Users\FlowUP\Documents\GitHub\Magic\datapacks\Magic_FR\data\ctf\function\secondary_objectives\capture_point\volcano_map\capture_point_loop.mcfunction", "mcfunction", 0, 0, 17, 23, 18, 58
"c:\Users\FlowUP\Documents\GitHub\Magic\datapacks\Magic_FR\data\ctf\function\secondary_objectives\launch_secondary_objective\candyworld_map\launch_candyworld_objective.mcfunction", "mcfunction", 0, 0, 14, 7, 5, 26
"c:\Users\FlowUP\Documents\GitHub\Magic\datapacks\Magic_FR\data\ctf\function\secondary_objectives\launch_secondary_objective\factory_map\launch_factory_objective.mcfunction", "mcfunction", 0, 0, 77, 16, 13, 106
"c:\Users\FlowUP\Documents\GitHub\Magic\datapacks\Magic_FR\data\ctf\function\secondary_objectives\launch_secondary_objective\graveyard_map\launch_graveyard_objective.mcfunction", "mcfunction", 0, 0, 8, 5, 4, 17
"c:\Users\FlowUP\Documents\GitHub\Magic\datapacks\Magic_FR\data\ctf\function\secondary_objectives\launch_secondary_objective\launch_secondary_objectives.mcfunction", "mcfunction", 0, 0, 7, 2, 2, 11
"c:\Users\FlowUP\Documents\GitHub\Magic\datapacks\Magic_FR\data\ctf\function\secondary_objectives\launch_secondary_objective\pirate_map\launch_pirate_objective.mcfunction", "mcfunction", 0, 0, 73, 16, 15, 104
"c:\Users\FlowUP\Documents\GitHub\Magic\datapacks\Magic_FR\data\ctf\function\secondary_objectives\launch_secondary_objective\ruin_map\launch_ruin_objective.mcfunction", "mcfunction", 0, 0, 7, 5, 4, 16
"c:\Users\FlowUP\Documents\GitHub\Magic\datapacks\Magic_FR\data\ctf\function\secondary_objectives\launch_secondary_objective\volcano_map\launch_volcano_objective.mcfunction", "mcfunction", 0, 0, 56, 14, 10, 80
"c:\Users\FlowUP\Documents\GitHub\Magic\datapacks\Magic_FR\data\ctf\function\secondary_objectives\red_won.mcfunction", "mcfunction", 0, 0, 6, 2, 1, 9
"c:\Users\FlowUP\Documents\GitHub\Magic\datapacks\Magic_FR\data\ctf\function\summon_fireworks.mcfunction", "mcfunction", 0, 0, 3, 1, 2, 6
"c:\Users\FlowUP\Documents\GitHub\Magic\datapacks\Magic_FR\data\ctf\function\timer\objective_decount_timer.mcfunction", "mcfunction", 0, 0, 2, 4, 2, 8
"c:\Users\FlowUP\Documents\GitHub\Magic\datapacks\Magic_FR\data\ctf\function\timer\refresh_timer.mcfunction", "mcfunction", 0, 0, 12, 10, 10, 32
"c:\Users\FlowUP\Documents\GitHub\Magic\datapacks\Magic_FR\data\ctf\function\timer\timer_actualise\green.mcfunction", "mcfunction", 0, 0, 4, 2, 1, 7
"c:\Users\FlowUP\Documents\GitHub\Magic\datapacks\Magic_FR\data\ctf\function\timer\timer_actualise\red.mcfunction", "mcfunction", 0, 0, 4, 2, 1, 7
"c:\Users\FlowUP\Documents\GitHub\Magic\datapacks\Magic_FR\data\ctf\function\timer\timer_actualise\timer_actualise.mcfunction", "mcfunction", 0, 0, 32, 6, 14, 52
"c:\Users\FlowUP\Documents\GitHub\Magic\datapacks\Magic_FR\data\ctf\function\timer\timer_actualise\yellow.mcfunction", "mcfunction", 0, 0, 4, 2, 1, 7
"c:\Users\FlowUP\Documents\GitHub\Magic\datapacks\Magic_FR\data\ctf\function\used_bed\detect_map.mcfunction", "mcfunction", 0, 0, 4, 1, 1, 6
"c:\Users\FlowUP\Documents\GitHub\Magic\datapacks\Magic_FR\data\ctf\function\used_bed\pirate.mcfunction", "mcfunction", 0, 0, 12, 2, 1, 15
"c:\Users\FlowUP\Documents\GitHub\Magic\datapacks\Magic_FR\data\ctf\function\used_bed\ruin.mcfunction", "mcfunction", 0, 0, 12, 2, 3, 17
"c:\Users\FlowUP\Documents\GitHub\Magic\datapacks\Magic_FR\data\ctf\function\used_bed\volcano.mcfunction", "mcfunction", 0, 0, 12, 2, 3, 17
"c:\Users\FlowUP\Documents\GitHub\Magic\datapacks\Magic_FR\data\ctf\function\usespellwithflag\usespell_blueflag.mcfunction", "mcfunction", 0, 0, 56, 15, 14, 85
"c:\Users\FlowUP\Documents\GitHub\Magic\datapacks\Magic_FR\data\ctf\function\usespellwithflag\usespell_redflag.mcfunction", "mcfunction", 0, 0, 56, 14, 13, 83
"c:\Users\FlowUP\Documents\GitHub\Magic\datapacks\Magic_FR\data\custom_biomes\worldgen\biome\candyworld_chocolate.json", "JSON", 0, 19, 0, 0, 0, 19
"c:\Users\FlowUP\Documents\GitHub\Magic\datapacks\Magic_FR\data\custom_biomes\worldgen\biome\candyworld_milk.json", "JSON", 0, 19, 0, 0, 0, 19
"c:\Users\FlowUP\Documents\GitHub\Magic\datapacks\Magic_FR\data\custom_biomes\worldgen\biome\pirate.json", "JSON", 0, 18, 0, 0, 0, 18
"c:\Users\FlowUP\Documents\GitHub\Magic\datapacks\Magic_FR\data\custom_biomes\worldgen\biome\ruin.json", "JSON", 0, 18, 0, 0, 0, 18
"c:\Users\FlowUP\Documents\GitHub\Magic\datapacks\Magic_FR\data\lobby\function\arena\clear_fire.mcfunction", "mcfunction", 0, 0, 1, 2, 1, 4
"c:\Users\FlowUP\Documents\GitHub\Magic\datapacks\Magic_FR\data\lobby\function\arena\give_player_number.mcfunction", "mcfunction", 0, 0, 24, 2, 1, 27
"c:\Users\FlowUP\Documents\GitHub\Magic\datapacks\Magic_FR\data\lobby\function\arena\in_lava.mcfunction", "mcfunction", 0, 0, 14, 4, 4, 22
"c:\Users\FlowUP\Documents\GitHub\Magic\datapacks\Magic_FR\data\lobby\function\arena\join_arena\cant_join\disabled.mcfunction", "mcfunction", 0, 0, 2, 2, 2, 6
"c:\Users\FlowUP\Documents\GitHub\Magic\datapacks\Magic_FR\data\lobby\function\arena\join_arena\cant_join\no_class.mcfunction", "mcfunction", 0, 0, 2, 2, 2, 6
"c:\Users\FlowUP\Documents\GitHub\Magic\datapacks\Magic_FR\data\lobby\function\arena\join_arena\cant_join\too_many_players.mcfunction", "mcfunction", 0, 0, 2, 2, 2, 6
"c:\Users\FlowUP\Documents\GitHub\Magic\datapacks\Magic_FR\data\lobby\function\arena\join_arena\check_join.mcfunction", "mcfunction", 0, 0, 5, 7, 5, 17
"c:\Users\FlowUP\Documents\GitHub\Magic\datapacks\Magic_FR\data\lobby\function\arena\join_arena\join_arena.mcfunction", "mcfunction", 0, 0, 80, 13, 19, 112
"c:\Users\FlowUP\Documents\GitHub\Magic\datapacks\Magic_FR\data\lobby\function\arena\join_arena\join_arena_spectator.mcfunction", "mcfunction", 0, 0, 7, 7, 8, 22
"c:\Users\FlowUP\Documents\GitHub\Magic\datapacks\Magic_FR\data\lobby\function\arena\join_arena\start_sneak.mcfunction", "mcfunction", 0, 0, 2, 2, 1, 5
"c:\Users\FlowUP\Documents\GitHub\Magic\datapacks\Magic_FR\data\lobby\function\arena\join_arena\stop_sneak.mcfunction", "mcfunction", 0, 0, 1, 2, 1, 4
"c:\Users\FlowUP\Documents\GitHub\Magic\datapacks\Magic_FR\data\lobby\function\arena\jump_pad.mcfunction", "mcfunction", 0, 0, 3, 3, 2, 8
"c:\Users\FlowUP\Documents\GitHub\Magic\datapacks\Magic_FR\data\lobby\function\arena\leaderboard\refresh_leaderboard.mcfunction", "mcfunction", 0, 0, 5, 6, 4, 15
"c:\Users\FlowUP\Documents\GitHub\Magic\datapacks\Magic_FR\data\lobby\function\arena\leaderboard\setup_leaderboard.mcfunction", "mcfunction", 0, 0, 26, 2, 13, 41
"c:\Users\FlowUP\Documents\GitHub\Magic\datapacks\Magic_FR\data\lobby\function\arena\leaderboard\sort\save_place\rank1.mcfunction", "mcfunction", 0, 0, 13, 2, 2, 17
"c:\Users\FlowUP\Documents\GitHub\Magic\datapacks\Magic_FR\data\lobby\function\arena\leaderboard\sort\save_place\rank10.mcfunction", "mcfunction", 0, 0, 13, 2, 2, 17
"c:\Users\FlowUP\Documents\GitHub\Magic\datapacks\Magic_FR\data\lobby\function\arena\leaderboard\sort\save_place\rank11.mcfunction", "mcfunction", 0, 0, 13, 2, 2, 17
"c:\Users\FlowUP\Documents\GitHub\Magic\datapacks\Magic_FR\data\lobby\function\arena\leaderboard\sort\save_place\rank12.mcfunction", "mcfunction", 0, 0, 13, 2, 2, 17
"c:\Users\FlowUP\Documents\GitHub\Magic\datapacks\Magic_FR\data\lobby\function\arena\leaderboard\sort\save_place\rank2.mcfunction", "mcfunction", 0, 0, 13, 2, 2, 17
"c:\Users\FlowUP\Documents\GitHub\Magic\datapacks\Magic_FR\data\lobby\function\arena\leaderboard\sort\save_place\rank3.mcfunction", "mcfunction", 0, 0, 13, 2, 2, 17
"c:\Users\FlowUP\Documents\GitHub\Magic\datapacks\Magic_FR\data\lobby\function\arena\leaderboard\sort\save_place\rank4.mcfunction", "mcfunction", 0, 0, 13, 2, 2, 17
"c:\Users\FlowUP\Documents\GitHub\Magic\datapacks\Magic_FR\data\lobby\function\arena\leaderboard\sort\save_place\rank5.mcfunction", "mcfunction", 0, 0, 13, 2, 2, 17
"c:\Users\FlowUP\Documents\GitHub\Magic\datapacks\Magic_FR\data\lobby\function\arena\leaderboard\sort\save_place\rank6.mcfunction", "mcfunction", 0, 0, 13, 2, 2, 17
"c:\Users\FlowUP\Documents\GitHub\Magic\datapacks\Magic_FR\data\lobby\function\arena\leaderboard\sort\save_place\rank7.mcfunction", "mcfunction", 0, 0, 13, 2, 2, 17
"c:\Users\FlowUP\Documents\GitHub\Magic\datapacks\Magic_FR\data\lobby\function\arena\leaderboard\sort\save_place\rank8.mcfunction", "mcfunction", 0, 0, 13, 2, 2, 17
"c:\Users\FlowUP\Documents\GitHub\Magic\datapacks\Magic_FR\data\lobby\function\arena\leaderboard\sort\save_place\rank9.mcfunction", "mcfunction", 0, 0, 13, 2, 2, 17
"c:\Users\FlowUP\Documents\GitHub\Magic\datapacks\Magic_FR\data\lobby\function\arena\leaderboard\sort\save_place\save_place.mcfunction", "mcfunction", 0, 0, 13, 4, 3, 20
"c:\Users\FlowUP\Documents\GitHub\Magic\datapacks\Magic_FR\data\lobby\function\arena\leaderboard\sort\sorting_clock.mcfunction", "mcfunction", 0, 0, 9, 8, 8, 25
"c:\Users\FlowUP\Documents\GitHub\Magic\datapacks\Magic_FR\data\lobby\function\arena\leaderboard\sort\sorting_clock_over.mcfunction", "mcfunction", 0, 0, 25, 3, 14, 42
"c:\Users\FlowUP\Documents\GitHub\Magic\datapacks\Magic_FR\data\lobby\function\arena\quit_arena.mcfunction", "mcfunction", 0, 0, 18, 11, 13, 42
"c:\Users\FlowUP\Documents\GitHub\Magic\datapacks\Magic_FR\data\lobby\function\arena\quit_arena_spec.mcfunction", "mcfunction", 0, 0, 5, 5, 5, 15
"c:\Users\FlowUP\Documents\GitHub\Magic\datapacks\Magic_FR\data\lobby\function\arena\respawn\respawn.mcfunction", "mcfunction", 0, 0, 67, 26, 31, 124
"c:\Users\FlowUP\Documents\GitHub\Magic\datapacks\Magic_FR\data\lobby\function\arena\respawn\respawn_at_good_spot.mcfunction", "mcfunction", 0, 0, 21, 7, 7, 35
"c:\Users\FlowUP\Documents\GitHub\Magic\datapacks\Magic_FR\data\lobby\function\arena\setup_respawn_points.mcfunction", "mcfunction", 0, 0, 14, 2, 3, 19
"c:\Users\FlowUP\Documents\GitHub\Magic\datapacks\Magic_FR\data\lobby\function\arena\stuff_give_max\archer.mcfunction", "mcfunction", 0, 0, 35, 5, 9, 49
"c:\Users\FlowUP\Documents\GitHub\Magic\datapacks\Magic_FR\data\lobby\function\arena\stuff_give_max\mage.mcfunction", "mcfunction", 0, 0, 24, 5, 10, 39
"c:\Users\FlowUP\Documents\GitHub\Magic\datapacks\Magic_FR\data\lobby\function\arena\stuff_give_max\rogue.mcfunction", "mcfunction", 0, 0, 21, 3, 6, 30
"c:\Users\FlowUP\Documents\GitHub\Magic\datapacks\Magic_FR\data\lobby\function\arena\stuff_give_max\warrior.mcfunction", "mcfunction", 0, 0, 21, 3, 6, 30
"c:\Users\FlowUP\Documents\GitHub\Magic\datapacks\Magic_FR\data\lobby\function\arena\tp.mcfunction", "mcfunction", 0, 0, 2, 2, 3, 7
"c:\Users\FlowUP\Documents\GitHub\Magic\datapacks\Magic_FR\data\lobby\function\cant_start\need_at_least_one_player_by_team.mcfunction", "mcfunction", 0, 0, 3, 3, 2, 8
"c:\Users\FlowUP\Documents\GitHub\Magic\datapacks\Magic_FR\data\lobby\function\cant_start\player_with_noclass.mcfunction", "mcfunction", 0, 0, 5, 4, 3, 12
"c:\Users\FlowUP\Documents\GitHub\Magic\datapacks\Magic_FR\data\lobby\function\cant_start\player_with_noteam.mcfunction", "mcfunction", 0, 0, 6, 5, 6, 17
"c:\Users\FlowUP\Documents\GitHub\Magic\datapacks\Magic_FR\data\lobby\function\cant_start\toomanyplayers.mcfunction", "mcfunction", 0, 0, 3, 3, 2, 8
"c:\Users\FlowUP\Documents\GitHub\Magic\datapacks\Magic_FR\data\lobby\function\check_game_startable\check_startable.mcfunction", "mcfunction", 0, 0, 8, 7, 10, 25
"c:\Users\FlowUP\Documents\GitHub\Magic\datapacks\Magic_FR\data\lobby\function\check_game_startable\matchmaking\attribution\assign_one_player.mcfunction", "mcfunction", 0, 0, 6, 8, 7, 21
"c:\Users\FlowUP\Documents\GitHub\Magic\datapacks\Magic_FR\data\lobby\function\check_game_startable\matchmaking\attribution\attribution_loop.mcfunction", "mcfunction", 0, 0, 3, 5, 6, 14
"c:\Users\FlowUP\Documents\GitHub\Magic\datapacks\Magic_FR\data\lobby\function\check_game_startable\matchmaking\attribution\pick_class.mcfunction", "mcfunction", 0, 0, 43, 7, 12, 62
"c:\Users\FlowUP\Documents\GitHub\Magic\datapacks\Magic_FR\data\lobby\function\check_game_startable\matchmaking\attribution\pick_team.mcfunction", "mcfunction", 0, 0, 11, 6, 3, 20
"c:\Users\FlowUP\Documents\GitHub\Magic\datapacks\Magic_FR\data\lobby\function\check_game_startable\matchmaking\check_enough_players.mcfunction", "mcfunction", 0, 0, 5, 4, 2, 11
"c:\Users\FlowUP\Documents\GitHub\Magic\datapacks\Magic_FR\data\lobby\function\check_game_startable\matchmaking\refresh_counts.mcfunction", "mcfunction", 0, 0, 24, 8, 5, 37
"c:\Users\FlowUP\Documents\GitHub\Magic\datapacks\Magic_FR\data\lobby\function\check_game_startable\matchmaking\save_class_and_team.mcfunction", "mcfunction", 0, 0, 3, 4, 2, 9
"c:\Users\FlowUP\Documents\GitHub\Magic\datapacks\Magic_FR\data\lobby\function\check_game_startable\matchmaking\setup_count.mcfunction", "mcfunction", 0, 0, 20, 5, 6, 31
"c:\Users\FlowUP\Documents\GitHub\Magic\datapacks\Magic_FR\data\lobby\function\check_game_startable\matchmaking\start_matchmaking.mcfunction", "mcfunction", 0, 0, 6, 6, 8, 20
"c:\Users\FlowUP\Documents\GitHub\Magic\datapacks\Magic_FR\data\lobby\function\check_game_startable\no_matchmaking.mcfunction", "mcfunction", 0, 0, 6, 5, 6, 17
"c:\Users\FlowUP\Documents\GitHub\Magic\datapacks\Magic_FR\data\lobby\function\class_selector\already_archer.mcfunction", "mcfunction", 0, 0, 2, 2, 2, 6
"c:\Users\FlowUP\Documents\GitHub\Magic\datapacks\Magic_FR\data\lobby\function\class_selector\already_mage.mcfunction", "mcfunction", 0, 0, 2, 2, 2, 6
"c:\Users\FlowUP\Documents\GitHub\Magic\datapacks\Magic_FR\data\lobby\function\class_selector\already_random.mcfunction", "mcfunction", 0, 0, 2, 2, 2, 6
"c:\Users\FlowUP\Documents\GitHub\Magic\datapacks\Magic_FR\data\lobby\function\class_selector\already_rogue.mcfunction", "mcfunction", 0, 0, 2, 2, 2, 6
"c:\Users\FlowUP\Documents\GitHub\Magic\datapacks\Magic_FR\data\lobby\function\class_selector\already_warrior.mcfunction", "mcfunction", 0, 0, 2, 2, 2, 6
"c:\Users\FlowUP\Documents\GitHub\Magic\datapacks\Magic_FR\data\lobby\function\class_selector\archer\check_clicked_button.mcfunction", "mcfunction", 0, 0, 11, 2, 5, 18
"c:\Users\FlowUP\Documents\GitHub\Magic\datapacks\Magic_FR\data\lobby\function\class_selector\archer\interact_with_menu.mcfunction", "mcfunction", 0, 0, 2, 2, 3, 7
"c:\Users\FlowUP\Documents\GitHub\Magic\datapacks\Magic_FR\data\lobby\function\class_selector\archer\pages\levels\decrease_level.mcfunction", "mcfunction", 0, 0, 4, 2, 1, 7
"c:\Users\FlowUP\Documents\GitHub\Magic\datapacks\Magic_FR\data\lobby\function\class_selector\archer\pages\levels\increase_level.mcfunction", "mcfunction", 0, 0, 4, 2, 1, 7
"c:\Users\FlowUP\Documents\GitHub\Magic\datapacks\Magic_FR\data\lobby\function\class_selector\archer\pages\passive\main.mcfunction", "mcfunction", 0, 0, 14, 12, 9, 35
"c:\Users\FlowUP\Documents\GitHub\Magic\datapacks\Magic_FR\data\lobby\function\class_selector\archer\pages\reset_pages.mcfunction", "mcfunction", 0, 0, 7, 3, 1, 11
"c:\Users\FlowUP\Documents\GitHub\Magic\datapacks\Magic_FR\data\lobby\function\class_selector\archer\pages\spell1\decrease_level.mcfunction", "mcfunction", 0, 0, 3, 3, 2, 8
"c:\Users\FlowUP\Documents\GitHub\Magic\datapacks\Magic_FR\data\lobby\function\class_selector\archer\pages\spell1\increase_level.mcfunction", "mcfunction", 0, 0, 3, 3, 2, 8
"c:\Users\FlowUP\Documents\GitHub\Magic\datapacks\Magic_FR\data\lobby\function\class_selector\archer\pages\spell1\levels\display_current_level.mcfunction", "mcfunction", 0, 0, 3, 2, 1, 6
"c:\Users\FlowUP\Documents\GitHub\Magic\datapacks\Magic_FR\data\lobby\function\class_selector\archer\pages\spell1\levels\level1.mcfunction", "mcfunction", 0, 0, 2, 5, 3, 10
"c:\Users\FlowUP\Documents\GitHub\Magic\datapacks\Magic_FR\data\lobby\function\class_selector\archer\pages\spell1\levels\level2.mcfunction", "mcfunction", 0, 0, 2, 5, 6, 13
"c:\Users\FlowUP\Documents\GitHub\Magic\datapacks\Magic_FR\data\lobby\function\class_selector\archer\pages\spell1\levels\level3.mcfunction", "mcfunction", 0, 0, 2, 5, 6, 13
"c:\Users\FlowUP\Documents\GitHub\Magic\datapacks\Magic_FR\data\lobby\function\class_selector\archer\pages\spell1\main.mcfunction", "mcfunction", 0, 0, 15, 13, 8, 36
"c:\Users\FlowUP\Documents\GitHub\Magic\datapacks\Magic_FR\data\lobby\function\class_selector\archer\pages\spell2\decrease_level.mcfunction", "mcfunction", 0, 0, 3, 3, 2, 8
"c:\Users\FlowUP\Documents\GitHub\Magic\datapacks\Magic_FR\data\lobby\function\class_selector\archer\pages\spell2\increase_level.mcfunction", "mcfunction", 0, 0, 3, 3, 2, 8
"c:\Users\FlowUP\Documents\GitHub\Magic\datapacks\Magic_FR\data\lobby\function\class_selector\archer\pages\spell2\levels\display_current_level.mcfunction", "mcfunction", 0, 0, 3, 2, 1, 6
"c:\Users\FlowUP\Documents\GitHub\Magic\datapacks\Magic_FR\data\lobby\function\class_selector\archer\pages\spell2\levels\level1.mcfunction", "mcfunction", 0, 0, 2, 5, 4, 11
"c:\Users\FlowUP\Documents\GitHub\Magic\datapacks\Magic_FR\data\lobby\function\class_selector\archer\pages\spell2\levels\level2.mcfunction", "mcfunction", 0, 0, 2, 5, 6, 13
"c:\Users\FlowUP\Documents\GitHub\Magic\datapacks\Magic_FR\data\lobby\function\class_selector\archer\pages\spell2\levels\level3.mcfunction", "mcfunction", 0, 0, 2, 5, 5, 12
"c:\Users\FlowUP\Documents\GitHub\Magic\datapacks\Magic_FR\data\lobby\function\class_selector\archer\pages\spell2\main.mcfunction", "mcfunction", 0, 0, 15, 13, 8, 36
"c:\Users\FlowUP\Documents\GitHub\Magic\datapacks\Magic_FR\data\lobby\function\class_selector\archer\pages\spell3\decrease_level.mcfunction", "mcfunction", 0, 0, 3, 3, 2, 8
"c:\Users\FlowUP\Documents\GitHub\Magic\datapacks\Magic_FR\data\lobby\function\class_selector\archer\pages\spell3\increase_level.mcfunction", "mcfunction", 0, 0, 3, 3, 2, 8
"c:\Users\FlowUP\Documents\GitHub\Magic\datapacks\Magic_FR\data\lobby\function\class_selector\archer\pages\spell3\levels\display_current_level.mcfunction", "mcfunction", 0, 0, 3, 2, 1, 6
"c:\Users\FlowUP\Documents\GitHub\Magic\datapacks\Magic_FR\data\lobby\function\class_selector\archer\pages\spell3\levels\level1.mcfunction", "mcfunction", 0, 0, 2, 5, 3, 10
"c:\Users\FlowUP\Documents\GitHub\Magic\datapacks\Magic_FR\data\lobby\function\class_selector\archer\pages\spell3\levels\level2.mcfunction", "mcfunction", 0, 0, 2, 5, 3, 10
"c:\Users\FlowUP\Documents\GitHub\Magic\datapacks\Magic_FR\data\lobby\function\class_selector\archer\pages\spell3\levels\level3.mcfunction", "mcfunction", 0, 0, 2, 5, 3, 10
"c:\Users\FlowUP\Documents\GitHub\Magic\datapacks\Magic_FR\data\lobby\function\class_selector\archer\pages\spell3\main.mcfunction", "mcfunction", 0, 0, 15, 13, 8, 36
"c:\Users\FlowUP\Documents\GitHub\Magic\datapacks\Magic_FR\data\lobby\function\class_selector\archer\pages\weapon1\decrease_level.mcfunction", "mcfunction", 0, 0, 3, 3, 2, 8
"c:\Users\FlowUP\Documents\GitHub\Magic\datapacks\Magic_FR\data\lobby\function\class_selector\archer\pages\weapon1\increase_level.mcfunction", "mcfunction", 0, 0, 3, 3, 2, 8
"c:\Users\FlowUP\Documents\GitHub\Magic\datapacks\Magic_FR\data\lobby\function\class_selector\archer\pages\weapon1\levels\display_current_level.mcfunction", "mcfunction", 0, 0, 11, 2, 1, 14
"c:\Users\FlowUP\Documents\GitHub\Magic\datapacks\Magic_FR\data\lobby\function\class_selector\archer\pages\weapon1\levels\level0.mcfunction", "mcfunction", 0, 0, 2, 5, 4, 11
"c:\Users\FlowUP\Documents\GitHub\Magic\datapacks\Magic_FR\data\lobby\function\class_selector\archer\pages\weapon1\levels\level1.mcfunction", "mcfunction", 0, 0, 2, 5, 4, 11
"c:\Users\FlowUP\Documents\GitHub\Magic\datapacks\Magic_FR\data\lobby\function\class_selector\archer\pages\weapon1\levels\level10.mcfunction", "mcfunction", 0, 0, 2, 5, 5, 12
"c:\Users\FlowUP\Documents\GitHub\Magic\datapacks\Magic_FR\data\lobby\function\class_selector\archer\pages\weapon1\levels\level2.mcfunction", "mcfunction", 0, 0, 2, 5, 5, 12
"c:\Users\FlowUP\Documents\GitHub\Magic\datapacks\Magic_FR\data\lobby\function\class_selector\archer\pages\weapon1\levels\level3.mcfunction", "mcfunction", 0, 0, 2, 5, 5, 12
"c:\Users\FlowUP\Documents\GitHub\Magic\datapacks\Magic_FR\data\lobby\function\class_selector\archer\pages\weapon1\levels\level4.mcfunction", "mcfunction", 0, 0, 2, 5, 5, 12
"c:\Users\FlowUP\Documents\GitHub\Magic\datapacks\Magic_FR\data\lobby\function\class_selector\archer\pages\weapon1\levels\level5.mcfunction", "mcfunction", 0, 0, 2, 5, 5, 12
"c:\Users\FlowUP\Documents\GitHub\Magic\datapacks\Magic_FR\data\lobby\function\class_selector\archer\pages\weapon1\levels\level6.mcfunction", "mcfunction", 0, 0, 2, 5, 5, 12
"c:\Users\FlowUP\Documents\GitHub\Magic\datapacks\Magic_FR\data\lobby\function\class_selector\archer\pages\weapon1\levels\level7.mcfunction", "mcfunction", 0, 0, 2, 5, 5, 12
"c:\Users\FlowUP\Documents\GitHub\Magic\datapacks\Magic_FR\data\lobby\function\class_selector\archer\pages\weapon1\levels\level8.mcfunction", "mcfunction", 0, 0, 2, 5, 5, 12
"c:\Users\FlowUP\Documents\GitHub\Magic\datapacks\Magic_FR\data\lobby\function\class_selector\archer\pages\weapon1\levels\level9.mcfunction", "mcfunction", 0, 0, 2, 5, 5, 12
"c:\Users\FlowUP\Documents\GitHub\Magic\datapacks\Magic_FR\data\lobby\function\class_selector\archer\pages\weapon1\main.mcfunction", "mcfunction", 0, 0, 15, 13, 8, 36
"c:\Users\FlowUP\Documents\GitHub\Magic\datapacks\Magic_FR\data\lobby\function\class_selector\archer\setup_statue.mcfunction", "mcfunction", 0, 0, 27, 33, 13, 73
"c:\Users\FlowUP\Documents\GitHub\Magic\datapacks\Magic_FR\data\lobby\function\class_selector\become_archer.mcfunction", "mcfunction", 0, 0, 11, 3, 7, 21
"c:\Users\FlowUP\Documents\GitHub\Magic\datapacks\Magic_FR\data\lobby\function\class_selector\become_mage.mcfunction", "mcfunction", 0, 0, 11, 3, 7, 21
"c:\Users\FlowUP\Documents\GitHub\Magic\datapacks\Magic_FR\data\lobby\function\class_selector\become_rogue.mcfunction", "mcfunction", 0, 0, 11, 3, 7, 21
"c:\Users\FlowUP\Documents\GitHub\Magic\datapacks\Magic_FR\data\lobby\function\class_selector\become_warrior.mcfunction", "mcfunction", 0, 0, 11, 3, 7, 21
"c:\Users\FlowUP\Documents\GitHub\Magic\datapacks\Magic_FR\data\lobby\function\class_selector\mage\check_clicked_button.mcfunction", "mcfunction", 0, 0, 11, 2, 5, 18
"c:\Users\FlowUP\Documents\GitHub\Magic\datapacks\Magic_FR\data\lobby\function\class_selector\mage\interact_with_menu.mcfunction", "mcfunction", 0, 0, 2, 2, 3, 7
"c:\Users\FlowUP\Documents\GitHub\Magic\datapacks\Magic_FR\data\lobby\function\class_selector\mage\pages\levels\decrease_level.mcfunction", "mcfunction", 0, 0, 4, 2, 1, 7
"c:\Users\FlowUP\Documents\GitHub\Magic\datapacks\Magic_FR\data\lobby\function\class_selector\mage\pages\levels\increase_level.mcfunction", "mcfunction", 0, 0, 4, 2, 1, 7
"c:\Users\FlowUP\Documents\GitHub\Magic\datapacks\Magic_FR\data\lobby\function\class_selector\mage\pages\passive\main.mcfunction", "mcfunction", 0, 0, 14, 12, 9, 35
"c:\Users\FlowUP\Documents\GitHub\Magic\datapacks\Magic_FR\data\lobby\function\class_selector\mage\pages\reset_pages.mcfunction", "mcfunction", 0, 0, 7, 3, 1, 11
"c:\Users\FlowUP\Documents\GitHub\Magic\datapacks\Magic_FR\data\lobby\function\class_selector\mage\pages\spell1\decrease_level.mcfunction", "mcfunction", 0, 0, 3, 3, 2, 8
"c:\Users\FlowUP\Documents\GitHub\Magic\datapacks\Magic_FR\data\lobby\function\class_selector\mage\pages\spell1\increase_level.mcfunction", "mcfunction", 0, 0, 3, 3, 2, 8
"c:\Users\FlowUP\Documents\GitHub\Magic\datapacks\Magic_FR\data\lobby\function\class_selector\mage\pages\spell1\levels\display_current_level.mcfunction", "mcfunction", 0, 0, 3, 2, 1, 6
"c:\Users\FlowUP\Documents\GitHub\Magic\datapacks\Magic_FR\data\lobby\function\class_selector\mage\pages\spell1\levels\level1.mcfunction", "mcfunction", 0, 0, 2, 5, 4, 11
"c:\Users\FlowUP\Documents\GitHub\Magic\datapacks\Magic_FR\data\lobby\function\class_selector\mage\pages\spell1\levels\level2.mcfunction", "mcfunction", 0, 0, 2, 5, 4, 11
"c:\Users\FlowUP\Documents\GitHub\Magic\datapacks\Magic_FR\data\lobby\function\class_selector\mage\pages\spell1\levels\level3.mcfunction", "mcfunction", 0, 0, 2, 5, 5, 12
"c:\Users\FlowUP\Documents\GitHub\Magic\datapacks\Magic_FR\data\lobby\function\class_selector\mage\pages\spell1\main.mcfunction", "mcfunction", 0, 0, 15, 13, 8, 36
"c:\Users\FlowUP\Documents\GitHub\Magic\datapacks\Magic_FR\data\lobby\function\class_selector\mage\pages\spell2\decrease_level.mcfunction", "mcfunction", 0, 0, 3, 3, 2, 8
"c:\Users\FlowUP\Documents\GitHub\Magic\datapacks\Magic_FR\data\lobby\function\class_selector\mage\pages\spell2\increase_level.mcfunction", "mcfunction", 0, 0, 3, 3, 2, 8
"c:\Users\FlowUP\Documents\GitHub\Magic\datapacks\Magic_FR\data\lobby\function\class_selector\mage\pages\spell2\levels\display_current_level.mcfunction", "mcfunction", 0, 0, 3, 2, 1, 6
"c:\Users\FlowUP\Documents\GitHub\Magic\datapacks\Magic_FR\data\lobby\function\class_selector\mage\pages\spell2\levels\level1.mcfunction", "mcfunction", 0, 0, 2, 5, 4, 11
"c:\Users\FlowUP\Documents\GitHub\Magic\datapacks\Magic_FR\data\lobby\function\class_selector\mage\pages\spell2\levels\level2.mcfunction", "mcfunction", 0, 0, 2, 5, 6, 13
"c:\Users\FlowUP\Documents\GitHub\Magic\datapacks\Magic_FR\data\lobby\function\class_selector\mage\pages\spell2\levels\level3.mcfunction", "mcfunction", 0, 0, 2, 5, 5, 12
"c:\Users\FlowUP\Documents\GitHub\Magic\datapacks\Magic_FR\data\lobby\function\class_selector\mage\pages\spell2\main.mcfunction", "mcfunction", 0, 0, 15, 13, 8, 36
"c:\Users\FlowUP\Documents\GitHub\Magic\datapacks\Magic_FR\data\lobby\function\class_selector\mage\pages\spell3\decrease_level.mcfunction", "mcfunction", 0, 0, 3, 3, 2, 8
"c:\Users\FlowUP\Documents\GitHub\Magic\datapacks\Magic_FR\data\lobby\function\class_selector\mage\pages\spell3\increase_level.mcfunction", "mcfunction", 0, 0, 3, 3, 2, 8
"c:\Users\FlowUP\Documents\GitHub\Magic\datapacks\Magic_FR\data\lobby\function\class_selector\mage\pages\spell3\levels\display_current_level.mcfunction", "mcfunction", 0, 0, 1, 2, 1, 4
"c:\Users\FlowUP\Documents\GitHub\Magic\datapacks\Magic_FR\data\lobby\function\class_selector\mage\pages\spell3\levels\level1.mcfunction", "mcfunction", 0, 0, 1, 3, 2, 6
"c:\Users\FlowUP\Documents\GitHub\Magic\datapacks\Magic_FR\data\lobby\function\class_selector\mage\pages\spell3\main.mcfunction", "mcfunction", 0, 0, 14, 12, 8, 34
"c:\Users\FlowUP\Documents\GitHub\Magic\datapacks\Magic_FR\data\lobby\function\class_selector\mage\pages\weapon1\decrease_level.mcfunction", "mcfunction", 0, 0, 3, 3, 2, 8
"c:\Users\FlowUP\Documents\GitHub\Magic\datapacks\Magic_FR\data\lobby\function\class_selector\mage\pages\weapon1\increase_level.mcfunction", "mcfunction", 0, 0, 3, 3, 2, 8
"c:\Users\FlowUP\Documents\GitHub\Magic\datapacks\Magic_FR\data\lobby\function\class_selector\mage\pages\weapon1\levels\display_current_level.mcfunction", "mcfunction", 0, 0, 11, 2, 1, 14
"c:\Users\FlowUP\Documents\GitHub\Magic\datapacks\Magic_FR\data\lobby\function\class_selector\mage\pages\weapon1\levels\level0.mcfunction", "mcfunction", 0, 0, 2, 5, 4, 11
"c:\Users\FlowUP\Documents\GitHub\Magic\datapacks\Magic_FR\data\lobby\function\class_selector\mage\pages\weapon1\levels\level1.mcfunction", "mcfunction", 0, 0, 2, 5, 4, 11
"c:\Users\FlowUP\Documents\GitHub\Magic\datapacks\Magic_FR\data\lobby\function\class_selector\mage\pages\weapon1\levels\level10.mcfunction", "mcfunction", 0, 0, 2, 5, 5, 12
"c:\Users\FlowUP\Documents\GitHub\Magic\datapacks\Magic_FR\data\lobby\function\class_selector\mage\pages\weapon1\levels\level2.mcfunction", "mcfunction", 0, 0, 2, 5, 5, 12
"c:\Users\FlowUP\Documents\GitHub\Magic\datapacks\Magic_FR\data\lobby\function\class_selector\mage\pages\weapon1\levels\level3.mcfunction", "mcfunction", 0, 0, 2, 5, 5, 12
"c:\Users\FlowUP\Documents\GitHub\Magic\datapacks\Magic_FR\data\lobby\function\class_selector\mage\pages\weapon1\levels\level4.mcfunction", "mcfunction", 0, 0, 2, 5, 5, 12
"c:\Users\FlowUP\Documents\GitHub\Magic\datapacks\Magic_FR\data\lobby\function\class_selector\mage\pages\weapon1\levels\level5.mcfunction", "mcfunction", 0, 0, 2, 5, 5, 12
"c:\Users\FlowUP\Documents\GitHub\Magic\datapacks\Magic_FR\data\lobby\function\class_selector\mage\pages\weapon1\levels\level6.mcfunction", "mcfunction", 0, 0, 2, 5, 5, 12
"c:\Users\FlowUP\Documents\GitHub\Magic\datapacks\Magic_FR\data\lobby\function\class_selector\mage\pages\weapon1\levels\level7.mcfunction", "mcfunction", 0, 0, 2, 5, 5, 12
"c:\Users\FlowUP\Documents\GitHub\Magic\datapacks\Magic_FR\data\lobby\function\class_selector\mage\pages\weapon1\levels\level8.mcfunction", "mcfunction", 0, 0, 2, 5, 5, 12
"c:\Users\FlowUP\Documents\GitHub\Magic\datapacks\Magic_FR\data\lobby\function\class_selector\mage\pages\weapon1\levels\level9.mcfunction", "mcfunction", 0, 0, 2, 5, 5, 12
"c:\Users\FlowUP\Documents\GitHub\Magic\datapacks\Magic_FR\data\lobby\function\class_selector\mage\pages\weapon1\main.mcfunction", "mcfunction", 0, 0, 15, 13, 8, 36
"c:\Users\FlowUP\Documents\GitHub\Magic\datapacks\Magic_FR\data\lobby\function\class_selector\mage\setup_statue.mcfunction", "mcfunction", 0, 0, 27, 33, 13, 73
"c:\Users\FlowUP\Documents\GitHub\Magic\datapacks\Magic_FR\data\lobby\function\class_selector\rogue\check_clicked_button.mcfunction", "mcfunction", 0, 0, 11, 2, 5, 18
"c:\Users\FlowUP\Documents\GitHub\Magic\datapacks\Magic_FR\data\lobby\function\class_selector\rogue\interact_with_menu.mcfunction", "mcfunction", 0, 0, 2, 2, 3, 7
"c:\Users\FlowUP\Documents\GitHub\Magic\datapacks\Magic_FR\data\lobby\function\class_selector\rogue\pages\levels\decrease_level.mcfunction", "mcfunction", 0, 0, 4, 2, 1, 7
"c:\Users\FlowUP\Documents\GitHub\Magic\datapacks\Magic_FR\data\lobby\function\class_selector\rogue\pages\levels\increase_level.mcfunction", "mcfunction", 0, 0, 4, 2, 1, 7
"c:\Users\FlowUP\Documents\GitHub\Magic\datapacks\Magic_FR\data\lobby\function\class_selector\rogue\pages\passive\main.mcfunction", "mcfunction", 0, 0, 14, 12, 9, 35
"c:\Users\FlowUP\Documents\GitHub\Magic\datapacks\Magic_FR\data\lobby\function\class_selector\rogue\pages\reset_pages.mcfunction", "mcfunction", 0, 0, 7, 3, 1, 11
"c:\Users\FlowUP\Documents\GitHub\Magic\datapacks\Magic_FR\data\lobby\function\class_selector\rogue\pages\spell1\decrease_level.mcfunction", "mcfunction", 0, 0, 3, 3, 2, 8
"c:\Users\FlowUP\Documents\GitHub\Magic\datapacks\Magic_FR\data\lobby\function\class_selector\rogue\pages\spell1\increase_level.mcfunction", "mcfunction", 0, 0, 3, 3, 2, 8
"c:\Users\FlowUP\Documents\GitHub\Magic\datapacks\Magic_FR\data\lobby\function\class_selector\rogue\pages\spell1\levels\display_current_level.mcfunction", "mcfunction", 0, 0, 3, 2, 1, 6
"c:\Users\FlowUP\Documents\GitHub\Magic\datapacks\Magic_FR\data\lobby\function\class_selector\rogue\pages\spell1\levels\level1.mcfunction", "mcfunction", 0, 0, 2, 5, 5, 12
"c:\Users\FlowUP\Documents\GitHub\Magic\datapacks\Magic_FR\data\lobby\function\class_selector\rogue\pages\spell1\levels\level2.mcfunction", "mcfunction", 0, 0, 2, 5, 5, 12
"c:\Users\FlowUP\Documents\GitHub\Magic\datapacks\Magic_FR\data\lobby\function\class_selector\rogue\pages\spell1\levels\level3.mcfunction", "mcfunction", 0, 0, 2, 5, 6, 13
"c:\Users\FlowUP\Documents\GitHub\Magic\datapacks\Magic_FR\data\lobby\function\class_selector\rogue\pages\spell1\main.mcfunction", "mcfunction", 0, 0, 15, 13, 8, 36
"c:\Users\FlowUP\Documents\GitHub\Magic\datapacks\Magic_FR\data\lobby\function\class_selector\rogue\pages\spell2\decrease_level.mcfunction", "mcfunction", 0, 0, 3, 3, 2, 8
"c:\Users\FlowUP\Documents\GitHub\Magic\datapacks\Magic_FR\data\lobby\function\class_selector\rogue\pages\spell2\increase_level.mcfunction", "mcfunction", 0, 0, 3, 3, 2, 8
"c:\Users\FlowUP\Documents\GitHub\Magic\datapacks\Magic_FR\data\lobby\function\class_selector\rogue\pages\spell2\levels\display_current_level.mcfunction", "mcfunction", 0, 0, 1, 2, 1, 4
"c:\Users\FlowUP\Documents\GitHub\Magic\datapacks\Magic_FR\data\lobby\function\class_selector\rogue\pages\spell2\levels\level1.mcfunction", "mcfunction", 0, 0, 1, 3, 1, 5
"c:\Users\FlowUP\Documents\GitHub\Magic\datapacks\Magic_FR\data\lobby\function\class_selector\rogue\pages\spell2\main.mcfunction", "mcfunction", 0, 0, 14, 12, 8, 34
"c:\Users\FlowUP\Documents\GitHub\Magic\datapacks\Magic_FR\data\lobby\function\class_selector\rogue\pages\spell3\decrease_level.mcfunction", "mcfunction", 0, 0, 3, 3, 2, 8
"c:\Users\FlowUP\Documents\GitHub\Magic\datapacks\Magic_FR\data\lobby\function\class_selector\rogue\pages\spell3\increase_level.mcfunction", "mcfunction", 0, 0, 3, 3, 2, 8
"c:\Users\FlowUP\Documents\GitHub\Magic\datapacks\Magic_FR\data\lobby\function\class_selector\rogue\pages\spell3\levels\display_current_level.mcfunction", "mcfunction", 0, 0, 1, 2, 1, 4
"c:\Users\FlowUP\Documents\GitHub\Magic\datapacks\Magic_FR\data\lobby\function\class_selector\rogue\pages\spell3\levels\level1.mcfunction", "mcfunction", 0, 0, 1, 3, 2, 6
"c:\Users\FlowUP\Documents\GitHub\Magic\datapacks\Magic_FR\data\lobby\function\class_selector\rogue\pages\spell3\main.mcfunction", "mcfunction", 0, 0, 14, 12, 8, 34
"c:\Users\FlowUP\Documents\GitHub\Magic\datapacks\Magic_FR\data\lobby\function\class_selector\rogue\pages\weapon1\decrease_level.mcfunction", "mcfunction", 0, 0, 3, 3, 2, 8
"c:\Users\FlowUP\Documents\GitHub\Magic\datapacks\Magic_FR\data\lobby\function\class_selector\rogue\pages\weapon1\increase_level.mcfunction", "mcfunction", 0, 0, 3, 3, 2, 8
"c:\Users\FlowUP\Documents\GitHub\Magic\datapacks\Magic_FR\data\lobby\function\class_selector\rogue\pages\weapon1\levels\display_current_level.mcfunction", "mcfunction", 0, 0, 11, 2, 1, 14
"c:\Users\FlowUP\Documents\GitHub\Magic\datapacks\Magic_FR\data\lobby\function\class_selector\rogue\pages\weapon1\levels\level0.mcfunction", "mcfunction", 0, 0, 2, 5, 4, 11
"c:\Users\FlowUP\Documents\GitHub\Magic\datapacks\Magic_FR\data\lobby\function\class_selector\rogue\pages\weapon1\levels\level1.mcfunction", "mcfunction", 0, 0, 2, 5, 4, 11
"c:\Users\FlowUP\Documents\GitHub\Magic\datapacks\Magic_FR\data\lobby\function\class_selector\rogue\pages\weapon1\levels\level10.mcfunction", "mcfunction", 0, 0, 2, 5, 5, 12
"c:\Users\FlowUP\Documents\GitHub\Magic\datapacks\Magic_FR\data\lobby\function\class_selector\rogue\pages\weapon1\levels\level2.mcfunction", "mcfunction", 0, 0, 2, 5, 5, 12
"c:\Users\FlowUP\Documents\GitHub\Magic\datapacks\Magic_FR\data\lobby\function\class_selector\rogue\pages\weapon1\levels\level3.mcfunction", "mcfunction", 0, 0, 2, 5, 5, 12
"c:\Users\FlowUP\Documents\GitHub\Magic\datapacks\Magic_FR\data\lobby\function\class_selector\rogue\pages\weapon1\levels\level4.mcfunction", "mcfunction", 0, 0, 2, 5, 5, 12
"c:\Users\FlowUP\Documents\GitHub\Magic\datapacks\Magic_FR\data\lobby\function\class_selector\rogue\pages\weapon1\levels\level5.mcfunction", "mcfunction", 0, 0, 2, 5, 5, 12
"c:\Users\FlowUP\Documents\GitHub\Magic\datapacks\Magic_FR\data\lobby\function\class_selector\rogue\pages\weapon1\levels\level6.mcfunction", "mcfunction", 0, 0, 2, 5, 5, 12
"c:\Users\FlowUP\Documents\GitHub\Magic\datapacks\Magic_FR\data\lobby\function\class_selector\rogue\pages\weapon1\levels\level7.mcfunction", "mcfunction", 0, 0, 2, 5, 5, 12
"c:\Users\FlowUP\Documents\GitHub\Magic\datapacks\Magic_FR\data\lobby\function\class_selector\rogue\pages\weapon1\levels\level8.mcfunction", "mcfunction", 0, 0, 2, 5, 5, 12
"c:\Users\FlowUP\Documents\GitHub\Magic\datapacks\Magic_FR\data\lobby\function\class_selector\rogue\pages\weapon1\levels\level9.mcfunction", "mcfunction", 0, 0, 2, 5, 5, 12
"c:\Users\FlowUP\Documents\GitHub\Magic\datapacks\Magic_FR\data\lobby\function\class_selector\rogue\pages\weapon1\main.mcfunction", "mcfunction", 0, 0, 15, 13, 8, 36
"c:\Users\FlowUP\Documents\GitHub\Magic\datapacks\Magic_FR\data\lobby\function\class_selector\rogue\setup_statue.mcfunction", "mcfunction", 0, 0, 27, 33, 13, 73
"c:\Users\FlowUP\Documents\GitHub\Magic\datapacks\Magic_FR\data\lobby\function\class_selector\setup_statues.mcfunction", "mcfunction", 0, 0, 38, 16, 20, 74
"c:\Users\FlowUP\Documents\GitHub\Magic\datapacks\Magic_FR\data\lobby\function\class_selector\warrior\check_clicked_button.mcfunction", "mcfunction", 0, 0, 11, 2, 5, 18
"c:\Users\FlowUP\Documents\GitHub\Magic\datapacks\Magic_FR\data\lobby\function\class_selector\warrior\interact_with_menu.mcfunction", "mcfunction", 0, 0, 2, 2, 3, 7
"c:\Users\FlowUP\Documents\GitHub\Magic\datapacks\Magic_FR\data\lobby\function\class_selector\warrior\pages\levels\decrease_level.mcfunction", "mcfunction", 0, 0, 4, 2, 1, 7
"c:\Users\FlowUP\Documents\GitHub\Magic\datapacks\Magic_FR\data\lobby\function\class_selector\warrior\pages\levels\increase_level.mcfunction", "mcfunction", 0, 0, 4, 2, 1, 7
"c:\Users\FlowUP\Documents\GitHub\Magic\datapacks\Magic_FR\data\lobby\function\class_selector\warrior\pages\passive\main.mcfunction", "mcfunction", 0, 0, 14, 12, 9, 35
"c:\Users\FlowUP\Documents\GitHub\Magic\datapacks\Magic_FR\data\lobby\function\class_selector\warrior\pages\reset_pages.mcfunction", "mcfunction", 0, 0, 7, 3, 1, 11
"c:\Users\FlowUP\Documents\GitHub\Magic\datapacks\Magic_FR\data\lobby\function\class_selector\warrior\pages\spell1\decrease_level.mcfunction", "mcfunction", 0, 0, 3, 3, 2, 8
"c:\Users\FlowUP\Documents\GitHub\Magic\datapacks\Magic_FR\data\lobby\function\class_selector\warrior\pages\spell1\increase_level.mcfunction", "mcfunction", 0, 0, 3, 3, 2, 8
"c:\Users\FlowUP\Documents\GitHub\Magic\datapacks\Magic_FR\data\lobby\function\class_selector\warrior\pages\spell1\levels\display_current_level.mcfunction", "mcfunction", 0, 0, 3, 2, 1, 6
"c:\Users\FlowUP\Documents\GitHub\Magic\datapacks\Magic_FR\data\lobby\function\class_selector\warrior\pages\spell1\levels\level1.mcfunction", "mcfunction", 0, 0, 2, 5, 4, 11
"c:\Users\FlowUP\Documents\GitHub\Magic\datapacks\Magic_FR\data\lobby\function\class_selector\warrior\pages\spell1\levels\level2.mcfunction", "mcfunction", 0, 0, 2, 5, 6, 13
"c:\Users\FlowUP\Documents\GitHub\Magic\datapacks\Magic_FR\data\lobby\function\class_selector\warrior\pages\spell1\levels\level3.mcfunction", "mcfunction", 0, 0, 2, 5, 6, 13
"c:\Users\FlowUP\Documents\GitHub\Magic\datapacks\Magic_FR\data\lobby\function\class_selector\warrior\pages\spell1\main.mcfunction", "mcfunction", 0, 0, 15, 13, 8, 36
"c:\Users\FlowUP\Documents\GitHub\Magic\datapacks\Magic_FR\data\lobby\function\class_selector\warrior\pages\spell2\decrease_level.mcfunction", "mcfunction", 0, 0, 3, 3, 2, 8
"c:\Users\FlowUP\Documents\GitHub\Magic\datapacks\Magic_FR\data\lobby\function\class_selector\warrior\pages\spell2\increase_level.mcfunction", "mcfunction", 0, 0, 3, 3, 2, 8
"c:\Users\FlowUP\Documents\GitHub\Magic\datapacks\Magic_FR\data\lobby\function\class_selector\warrior\pages\spell2\levels\display_current_level.mcfunction", "mcfunction", 0, 0, 3, 2, 1, 6
"c:\Users\FlowUP\Documents\GitHub\Magic\datapacks\Magic_FR\data\lobby\function\class_selector\warrior\pages\spell2\levels\level1.mcfunction", "mcfunction", 0, 0, 2, 5, 4, 11
"c:\Users\FlowUP\Documents\GitHub\Magic\datapacks\Magic_FR\data\lobby\function\class_selector\warrior\pages\spell2\levels\level2.mcfunction", "mcfunction", 0, 0, 2, 5, 6, 13
"c:\Users\FlowUP\Documents\GitHub\Magic\datapacks\Magic_FR\data\lobby\function\class_selector\warrior\pages\spell2\levels\level3.mcfunction", "mcfunction", 0, 0, 2, 5, 5, 12
"c:\Users\FlowUP\Documents\GitHub\Magic\datapacks\Magic_FR\data\lobby\function\class_selector\warrior\pages\spell2\main.mcfunction", "mcfunction", 0, 0, 15, 13, 8, 36
"c:\Users\FlowUP\Documents\GitHub\Magic\datapacks\Magic_FR\data\lobby\function\class_selector\warrior\pages\spell3\decrease_level.mcfunction", "mcfunction", 0, 0, 3, 3, 2, 8
"c:\Users\FlowUP\Documents\GitHub\Magic\datapacks\Magic_FR\data\lobby\function\class_selector\warrior\pages\spell3\increase_level.mcfunction", "mcfunction", 0, 0, 3, 3, 2, 8
"c:\Users\FlowUP\Documents\GitHub\Magic\datapacks\Magic_FR\data\lobby\function\class_selector\warrior\pages\spell3\levels\display_current_level.mcfunction", "mcfunction", 0, 0, 1, 2, 1, 4
"c:\Users\FlowUP\Documents\GitHub\Magic\datapacks\Magic_FR\data\lobby\function\class_selector\warrior\pages\spell3\levels\level1.mcfunction", "mcfunction", 0, 0, 1, 3, 2, 6
"c:\Users\FlowUP\Documents\GitHub\Magic\datapacks\Magic_FR\data\lobby\function\class_selector\warrior\pages\spell3\main.mcfunction", "mcfunction", 0, 0, 14, 12, 8, 34
"c:\Users\FlowUP\Documents\GitHub\Magic\datapacks\Magic_FR\data\lobby\function\class_selector\warrior\pages\weapon1\decrease_level.mcfunction", "mcfunction", 0, 0, 3, 3, 2, 8
"c:\Users\FlowUP\Documents\GitHub\Magic\datapacks\Magic_FR\data\lobby\function\class_selector\warrior\pages\weapon1\increase_level.mcfunction", "mcfunction", 0, 0, 3, 3, 2, 8
"c:\Users\FlowUP\Documents\GitHub\Magic\datapacks\Magic_FR\data\lobby\function\class_selector\warrior\pages\weapon1\levels\display_current_level.mcfunction", "mcfunction", 0, 0, 11, 2, 1, 14
"c:\Users\FlowUP\Documents\GitHub\Magic\datapacks\Magic_FR\data\lobby\function\class_selector\warrior\pages\weapon1\levels\level0.mcfunction", "mcfunction", 0, 0, 2, 5, 4, 11
"c:\Users\FlowUP\Documents\GitHub\Magic\datapacks\Magic_FR\data\lobby\function\class_selector\warrior\pages\weapon1\levels\level1.mcfunction", "mcfunction", 0, 0, 2, 5, 4, 11
"c:\Users\FlowUP\Documents\GitHub\Magic\datapacks\Magic_FR\data\lobby\function\class_selector\warrior\pages\weapon1\levels\level10.mcfunction", "mcfunction", 0, 0, 2, 5, 5, 12
"c:\Users\FlowUP\Documents\GitHub\Magic\datapacks\Magic_FR\data\lobby\function\class_selector\warrior\pages\weapon1\levels\level2.mcfunction", "mcfunction", 0, 0, 2, 5, 5, 12
"c:\Users\FlowUP\Documents\GitHub\Magic\datapacks\Magic_FR\data\lobby\function\class_selector\warrior\pages\weapon1\levels\level3.mcfunction", "mcfunction", 0, 0, 2, 5, 5, 12
"c:\Users\FlowUP\Documents\GitHub\Magic\datapacks\Magic_FR\data\lobby\function\class_selector\warrior\pages\weapon1\levels\level4.mcfunction", "mcfunction", 0, 0, 2, 5, 5, 12
"c:\Users\FlowUP\Documents\GitHub\Magic\datapacks\Magic_FR\data\lobby\function\class_selector\warrior\pages\weapon1\levels\level5.mcfunction", "mcfunction", 0, 0, 2, 5, 5, 12
"c:\Users\FlowUP\Documents\GitHub\Magic\datapacks\Magic_FR\data\lobby\function\class_selector\warrior\pages\weapon1\levels\level6.mcfunction", "mcfunction", 0, 0, 2, 5, 5, 12
"c:\Users\FlowUP\Documents\GitHub\Magic\datapacks\Magic_FR\data\lobby\function\class_selector\warrior\pages\weapon1\levels\level7.mcfunction", "mcfunction", 0, 0, 2, 5, 5, 12
"c:\Users\FlowUP\Documents\GitHub\Magic\datapacks\Magic_FR\data\lobby\function\class_selector\warrior\pages\weapon1\levels\level8.mcfunction", "mcfunction", 0, 0, 2, 5, 5, 12
"c:\Users\FlowUP\Documents\GitHub\Magic\datapacks\Magic_FR\data\lobby\function\class_selector\warrior\pages\weapon1\levels\level9.mcfunction", "mcfunction", 0, 0, 2, 5, 5, 12
"c:\Users\FlowUP\Documents\GitHub\Magic\datapacks\Magic_FR\data\lobby\function\class_selector\warrior\pages\weapon1\main.mcfunction", "mcfunction", 0, 0, 15, 13, 8, 36
"c:\Users\FlowUP\Documents\GitHub\Magic\datapacks\Magic_FR\data\lobby\function\class_selector\warrior\setup_statue.mcfunction", "mcfunction", 0, 0, 27, 33, 13, 73
"c:\Users\FlowUP\Documents\GitHub\Magic\datapacks\Magic_FR\data\lobby\function\felt_lobby.mcfunction", "mcfunction", 0, 0, 7, 6, 1, 14
"c:\Users\FlowUP\Documents\GitHub\Magic\datapacks\Magic_FR\data\lobby\function\hotbar_menu\check_rightclick.mcfunction", "mcfunction", 0, 0, 33, 2, 11, 46
"c:\Users\FlowUP\Documents\GitHub\Magic\datapacks\Magic_FR\data\lobby\function\hotbar_menu\class_selector\become_archer.mcfunction", "mcfunction", 0, 0, 2, 0, 1, 3
"c:\Users\FlowUP\Documents\GitHub\Magic\datapacks\Magic_FR\data\lobby\function\hotbar_menu\class_selector\become_mage.mcfunction", "mcfunction", 0, 0, 2, 0, 1, 3
"c:\Users\FlowUP\Documents\GitHub\Magic\datapacks\Magic_FR\data\lobby\function\hotbar_menu\class_selector\become_random.mcfunction", "mcfunction", 0, 0, 12, 3, 5, 20
"c:\Users\FlowUP\Documents\GitHub\Magic\datapacks\Magic_FR\data\lobby\function\hotbar_menu\class_selector\become_rogue.mcfunction", "mcfunction", 0, 0, 2, 0, 1, 3
"c:\Users\FlowUP\Documents\GitHub\Magic\datapacks\Magic_FR\data\lobby\function\hotbar_menu\class_selector\become_warrior.mcfunction", "mcfunction", 0, 0, 2, 0, 1, 3
"c:\Users\FlowUP\Documents\GitHub\Magic\datapacks\Magic_FR\data\lobby\function\hotbar_menu\class_selector\give_items.mcfunction", "mcfunction", 0, 0, 10, 2, 4, 16
"c:\Users\FlowUP\Documents\GitHub\Magic\datapacks\Magic_FR\data\lobby\function\hotbar_menu\drop_item.mcfunction", "mcfunction", 0, 0, 7, 2, 3, 12
"c:\Users\FlowUP\Documents\GitHub\Magic\datapacks\Magic_FR\data\lobby\function\hotbar_menu\island_selector\give_items.mcfunction", "mcfunction", 0, 0, 9, 2, 5, 16
"c:\Users\FlowUP\Documents\GitHub\Magic\datapacks\Magic_FR\data\lobby\function\hotbar_menu\island_selector\jump_island\check_join.mcfunction", "mcfunction", 0, 0, 2, 2, 1, 5
"c:\Users\FlowUP\Documents\GitHub\Magic\datapacks\Magic_FR\data\lobby\function\hotbar_menu\island_selector\jump_island\disabled.mcfunction", "mcfunction", 0, 0, 2, 2, 2, 6
"c:\Users\FlowUP\Documents\GitHub\Magic\datapacks\Magic_FR\data\lobby\function\hotbar_menu\island_selector\jump_island\jump_island.mcfunction", "mcfunction", 0, 0, 7, 6, 4, 17
"c:\Users\FlowUP\Documents\GitHub\Magic\datapacks\Magic_FR\data\lobby\function\hotbar_menu\island_selector\main_island.mcfunction", "mcfunction", 0, 0, 7, 7, 4, 18
"c:\Users\FlowUP\Documents\GitHub\Magic\datapacks\Magic_FR\data\lobby\function\hotbar_menu\island_selector\map_island\check_join.mcfunction", "mcfunction", 0, 0, 2, 2, 1, 5
"c:\Users\FlowUP\Documents\GitHub\Magic\datapacks\Magic_FR\data\lobby\function\hotbar_menu\island_selector\map_island\disabled.mcfunction", "mcfunction", 0, 0, 2, 2, 2, 6
"c:\Users\FlowUP\Documents\GitHub\Magic\datapacks\Magic_FR\data\lobby\function\hotbar_menu\island_selector\map_island\map_island.mcfunction", "mcfunction", 0, 0, 7, 6, 4, 17
"c:\Users\FlowUP\Documents\GitHub\Magic\datapacks\Magic_FR\data\lobby\function\hotbar_menu\island_selector\stats_island.mcfunction", "mcfunction", 0, 0, 7, 6, 4, 17
"c:\Users\FlowUP\Documents\GitHub\Magic\datapacks\Magic_FR\data\lobby\function\hotbar_menu\jump\give_items.mcfunction", "mcfunction", 0, 0, 6, 4, 7, 17
"c:\Users\FlowUP\Documents\GitHub\Magic\datapacks\Magic_FR\data\lobby\function\hotbar_menu\jump\reset_jump.mcfunction", "mcfunction", 0, 0, 3, 1, 2, 6
"c:\Users\FlowUP\Documents\GitHub\Magic\datapacks\Magic_FR\data\lobby\function\hotbar_menu\jump\tp_checkpoint.mcfunction", "mcfunction", 0, 0, 3, 1, 2, 6
"c:\Users\FlowUP\Documents\GitHub\Magic\datapacks\Magic_FR\data\lobby\function\hotbar_menu\main\cant_use_in_spec.mcfunction", "mcfunction", 0, 0, 2, 1, 2, 5
"c:\Users\FlowUP\Documents\GitHub\Magic\datapacks\Magic_FR\data\lobby\function\hotbar_menu\main\give_items.mcfunction", "mcfunction", 0, 0, 27, 12, 11, 50
"c:\Users\FlowUP\Documents\GitHub\Magic\datapacks\Magic_FR\data\lobby\function\hotbar_menu\main\give_spectator_item.mcfunction", "mcfunction", 0, 0, 3, 4, 6, 13
"c:\Users\FlowUP\Documents\GitHub\Magic\datapacks\Magic_FR\data\lobby\function\hotbar_menu\main\join_spectator.mcfunction", "mcfunction", 0, 0, 16, 5, 10, 31
"c:\Users\FlowUP\Documents\GitHub\Magic\datapacks\Magic_FR\data\lobby\function\hotbar_menu\main\leave_spectator.mcfunction", "mcfunction", 0, 0, 22, 8, 11, 41
"c:\Users\FlowUP\Documents\GitHub\Magic\datapacks\Magic_FR\data\lobby\function\hotbar_menu\map_visit\give_items.mcfunction", "mcfunction", 0, 0, 9, 4, 7, 20
"c:\Users\FlowUP\Documents\GitHub\Magic\datapacks\Magic_FR\data\lobby\function\hotbar_menu\team_selector\give_items.mcfunction", "mcfunction", 0, 0, 8, 2, 4, 14
"c:\Users\FlowUP\Documents\GitHub\Magic\datapacks\Magic_FR\data\lobby\function\hotbar_menu\team_selector\join_blueteam.mcfunction", "mcfunction", 0, 0, 10, 4, 7, 21
"c:\Users\FlowUP\Documents\GitHub\Magic\datapacks\Magic_FR\data\lobby\function\hotbar_menu\team_selector\join_randomteam.mcfunction", "mcfunction", 0, 0, 12, 4, 4, 20
"c:\Users\FlowUP\Documents\GitHub\Magic\datapacks\Magic_FR\data\lobby\function\hotbar_menu\team_selector\join_redteam.mcfunction", "mcfunction", 0, 0, 10, 4, 5, 19
"c:\Users\FlowUP\Documents\GitHub\Magic\datapacks\Magic_FR\data\lobby\function\is_ready.mcfunction", "mcfunction", 0, 0, 17, 14, 14, 45
"c:\Users\FlowUP\Documents\GitHub\Magic\datapacks\Magic_FR\data\lobby\function\jump\check_checkpoint.mcfunction", "mcfunction", 0, 0, 16, 20, 16, 52
"c:\Users\FlowUP\Documents\GitHub\Magic\datapacks\Magic_FR\data\lobby\function\jump\hide_close_player\invisible.mcfunction", "mcfunction", 0, 0, 2, 2, 1, 5
"c:\Users\FlowUP\Documents\GitHub\Magic\datapacks\Magic_FR\data\lobby\function\jump\hide_close_player\no_more_invisible.mcfunction", "mcfunction", 0, 0, 2, 2, 1, 5
"c:\Users\FlowUP\Documents\GitHub\Magic\datapacks\Magic_FR\data\lobby\function\jump\interact_with_interaction\check_clicked_button.mcfunction", "mcfunction", 0, 0, 23, 2, 7, 32
"c:\Users\FlowUP\Documents\GitHub\Magic\datapacks\Magic_FR\data\lobby\function\jump\interact_with_interaction\interact_with_interaction.mcfunction", "mcfunction", 0, 0, 2, 2, 3, 7
"c:\Users\FlowUP\Documents\GitHub\Magic\datapacks\Magic_FR\data\lobby\function\jump\jump1\checkpoint1.mcfunction", "mcfunction", 0, 0, 5, 4, 4, 13
"c:\Users\FlowUP\Documents\GitHub\Magic\datapacks\Magic_FR\data\lobby\function\jump\jump1\checkpoint2.mcfunction", "mcfunction", 0, 0, 4, 3, 3, 10
"c:\Users\FlowUP\Documents\GitHub\Magic\datapacks\Magic_FR\data\lobby\function\jump\jump1\finish.mcfunction", "mcfunction", 0, 0, 10, 8, 8, 26
"c:\Users\FlowUP\Documents\GitHub\Magic\datapacks\Magic_FR\data\lobby\function\jump\jump1\pr\convert_checkpoint.mcfunction", "mcfunction", 0, 0, 46, 31, 23, 100
"c:\Users\FlowUP\Documents\GitHub\Magic\datapacks\Magic_FR\data\lobby\function\jump\jump1\pr\display_leaderboard_pr\rank1.mcfunction", "mcfunction", 0, 0, 11, 3, 9, 23
"c:\Users\FlowUP\Documents\GitHub\Magic\datapacks\Magic_FR\data\lobby\function\jump\jump1\pr\display_leaderboard_pr\rank2.mcfunction", "mcfunction", 0, 0, 11, 3, 9, 23
"c:\Users\FlowUP\Documents\GitHub\Magic\datapacks\Magic_FR\data\lobby\function\jump\jump1\pr\display_leaderboard_pr\rank3.mcfunction", "mcfunction", 0, 0, 11, 3, 8, 22
"c:\Users\FlowUP\Documents\GitHub\Magic\datapacks\Magic_FR\data\lobby\function\jump\jump1\pr\display_leaderboard_pr\rank4.mcfunction", "mcfunction", 0, 0, 11, 3, 8, 22
"c:\Users\FlowUP\Documents\GitHub\Magic\datapacks\Magic_FR\data\lobby\function\jump\jump1\pr\display_leaderboard_pr\rank5.mcfunction", "mcfunction", 0, 0, 11, 3, 8, 22
"c:\Users\FlowUP\Documents\GitHub\Magic\datapacks\Magic_FR\data\lobby\function\jump\jump1\pr\display_leaderboard_pr\rank6.mcfunction", "mcfunction", 0, 0, 11, 3, 8, 22
"c:\Users\FlowUP\Documents\GitHub\Magic\datapacks\Magic_FR\data\lobby\function\jump\jump1\pr\display_pr.mcfunction", "mcfunction", 0, 0, 17, 2, 6, 25
"c:\Users\FlowUP\Documents\GitHub\Magic\datapacks\Magic_FR\data\lobby\function\jump\jump1\pr\new_pr.mcfunction", "mcfunction", 0, 0, 3, 3, 3, 9
"c:\Users\FlowUP\Documents\GitHub\Magic\datapacks\Magic_FR\data\lobby\function\jump\jump1\pr\save_pr.mcfunction", "mcfunction", 0, 0, 21, 5, 5, 31
"c:\Users\FlowUP\Documents\GitHub\Magic\datapacks\Magic_FR\data\lobby\function\jump\jump1\reset_jump.mcfunction", "mcfunction", 0, 0, 4, 3, 3, 10
"c:\Users\FlowUP\Documents\GitHub\Magic\datapacks\Magic_FR\data\lobby\function\jump\jump1\reset_leaderboard.mcfunction", "mcfunction", 0, 0, 57, 2, 22, 81
"c:\Users\FlowUP\Documents\GitHub\Magic\datapacks\Magic_FR\data\lobby\function\jump\jump1\setup_jump.mcfunction", "mcfunction", 0, 0, 70, 13, 22, 105
"c:\Users\FlowUP\Documents\GitHub\Magic\datapacks\Magic_FR\data\lobby\function\jump\jump1\sort_leaderboard\add_to_gstats.mcfunction", "mcfunction", 0, 0, 39, 9, 14, 62
"c:\Users\FlowUP\Documents\GitHub\Magic\datapacks\Magic_FR\data\lobby\function\jump\jump1\sort_leaderboard\swap_2_1.mcfunction", "mcfunction", 0, 0, 60, 6, 15, 81
"c:\Users\FlowUP\Documents\GitHub\Magic\datapacks\Magic_FR\data\lobby\function\jump\jump1\sort_leaderboard\swap_3_2.mcfunction", "mcfunction", 0, 0, 60, 6, 16, 82
"c:\Users\FlowUP\Documents\GitHub\Magic\datapacks\Magic_FR\data\lobby\function\jump\jump1\sort_leaderboard\swap_4_3.mcfunction", "mcfunction", 0, 0, 60, 6, 16, 82
"c:\Users\FlowUP\Documents\GitHub\Magic\datapacks\Magic_FR\data\lobby\function\jump\jump1\sort_leaderboard\swap_5_4.mcfunction", "mcfunction", 0, 0, 60, 6, 16, 82
"c:\Users\FlowUP\Documents\GitHub\Magic\datapacks\Magic_FR\data\lobby\function\jump\jump1\sort_leaderboard\swap_6_5.mcfunction", "mcfunction", 0, 0, 60, 6, 16, 82
"c:\Users\FlowUP\Documents\GitHub\Magic\datapacks\Magic_FR\data\lobby\function\jump\jump1\start_jump.mcfunction", "mcfunction", 0, 0, 9, 6, 6, 21
"c:\Users\FlowUP\Documents\GitHub\Magic\datapacks\Magic_FR\data\lobby\function\jump\jump1\tp_checkpoint.mcfunction", "mcfunction", 0, 0, 8, 5, 3, 16
"c:\Users\FlowUP\Documents\GitHub\Magic\datapacks\Magic_FR\data\lobby\function\jump\jump2\checkpoint1.mcfunction", "mcfunction", 0, 0, 5, 4, 3, 12
"c:\Users\FlowUP\Documents\GitHub\Magic\datapacks\Magic_FR\data\lobby\function\jump\jump2\checkpoint2.mcfunction", "mcfunction", 0, 0, 5, 4, 4, 13
"c:\Users\FlowUP\Documents\GitHub\Magic\datapacks\Magic_FR\data\lobby\function\jump\jump2\checkpoint3.mcfunction", "mcfunction", 0, 0, 5, 4, 4, 13
"c:\Users\FlowUP\Documents\GitHub\Magic\datapacks\Magic_FR\data\lobby\function\jump\jump2\checkpoint4.mcfunction", "mcfunction", 0, 0, 5, 4, 4, 13
"c:\Users\FlowUP\Documents\GitHub\Magic\datapacks\Magic_FR\data\lobby\function\jump\jump2\finish.mcfunction", "mcfunction", 0, 0, 10, 8, 8, 26
"c:\Users\FlowUP\Documents\GitHub\Magic\datapacks\Magic_FR\data\lobby\function\jump\jump2\pr\convert_checkpoint.mcfunction", "mcfunction", 0, 0, 92, 62, 48, 202
"c:\Users\FlowUP\Documents\GitHub\Magic\datapacks\Magic_FR\data\lobby\function\jump\jump2\pr\display_leaderboard_pr\rank1.mcfunction", "mcfunction", 0, 0, 17, 3, 9, 29
"c:\Users\FlowUP\Documents\GitHub\Magic\datapacks\Magic_FR\data\lobby\function\jump\jump2\pr\display_leaderboard_pr\rank2.mcfunction", "mcfunction", 0, 0, 17, 3, 9, 29
"c:\Users\FlowUP\Documents\GitHub\Magic\datapacks\Magic_FR\data\lobby\function\jump\jump2\pr\display_leaderboard_pr\rank3.mcfunction", "mcfunction", 0, 0, 17, 3, 9, 29
"c:\Users\FlowUP\Documents\GitHub\Magic\datapacks\Magic_FR\data\lobby\function\jump\jump2\pr\display_leaderboard_pr\rank4.mcfunction", "mcfunction", 0, 0, 17, 3, 9, 29
"c:\Users\FlowUP\Documents\GitHub\Magic\datapacks\Magic_FR\data\lobby\function\jump\jump2\pr\display_leaderboard_pr\rank5.mcfunction", "mcfunction", 0, 0, 17, 3, 9, 29
"c:\Users\FlowUP\Documents\GitHub\Magic\datapacks\Magic_FR\data\lobby\function\jump\jump2\pr\display_leaderboard_pr\rank6.mcfunction", "mcfunction", 0, 0, 17, 3, 9, 29
"c:\Users\FlowUP\Documents\GitHub\Magic\datapacks\Magic_FR\data\lobby\function\jump\jump2\pr\display_pr.mcfunction", "mcfunction", 0, 0, 21, 2, 9, 32
"c:\Users\FlowUP\Documents\GitHub\Magic\datapacks\Magic_FR\data\lobby\function\jump\jump2\pr\new_pr.mcfunction", "mcfunction", 0, 0, 3, 3, 3, 9
"c:\Users\FlowUP\Documents\GitHub\Magic\datapacks\Magic_FR\data\lobby\function\jump\jump2\pr\save_pr.mcfunction", "mcfunction", 0, 0, 35, 4, 7, 46
"c:\Users\FlowUP\Documents\GitHub\Magic\datapacks\Magic_FR\data\lobby\function\jump\jump2\reset_jump.mcfunction", "mcfunction", 0, 0, 4, 3, 3, 10
"c:\Users\FlowUP\Documents\GitHub\Magic\datapacks\Magic_FR\data\lobby\function\jump\jump2\reset_leaderboard.mcfunction", "mcfunction", 0, 0, 57, 2, 22, 81
"c:\Users\FlowUP\Documents\GitHub\Magic\datapacks\Magic_FR\data\lobby\function\jump\jump2\setup_jump.mcfunction", "mcfunction", 0, 0, 64, 13, 23, 100
"c:\Users\FlowUP\Documents\GitHub\Magic\datapacks\Magic_FR\data\lobby\function\jump\jump2\sort_leaderboard\add_to_gstats.mcfunction", "mcfunction", 0, 0, 53, 9, 15, 77
"c:\Users\FlowUP\Documents\GitHub\Magic\datapacks\Magic_FR\data\lobby\function\jump\jump2\sort_leaderboard\swap_2_1.mcfunction", "mcfunction", 0, 0, 88, 6, 19, 113
"c:\Users\FlowUP\Documents\GitHub\Magic\datapacks\Magic_FR\data\lobby\function\jump\jump2\sort_leaderboard\swap_3_2.mcfunction", "mcfunction", 0, 0, 88, 6, 20, 114
"c:\Users\FlowUP\Documents\GitHub\Magic\datapacks\Magic_FR\data\lobby\function\jump\jump2\sort_leaderboard\swap_4_3.mcfunction", "mcfunction", 0, 0, 88, 6, 20, 114
"c:\Users\FlowUP\Documents\GitHub\Magic\datapacks\Magic_FR\data\lobby\function\jump\jump2\sort_leaderboard\swap_5_4.mcfunction", "mcfunction", 0, 0, 88, 6, 20, 114
"c:\Users\FlowUP\Documents\GitHub\Magic\datapacks\Magic_FR\data\lobby\function\jump\jump2\sort_leaderboard\swap_6_5.mcfunction", "mcfunction", 0, 0, 88, 6, 20, 114
"c:\Users\FlowUP\Documents\GitHub\Magic\datapacks\Magic_FR\data\lobby\function\jump\jump2\start_jump.mcfunction", "mcfunction", 0, 0, 11, 6, 6, 23
"c:\Users\FlowUP\Documents\GitHub\Magic\datapacks\Magic_FR\data\lobby\function\jump\jump2\tp_checkpoint.mcfunction", "mcfunction", 0, 0, 10, 5, 3, 18
"c:\Users\FlowUP\Documents\GitHub\Magic\datapacks\Magic_FR\data\lobby\function\jump\jump3\checkpoint1.mcfunction", "mcfunction", 0, 0, 5, 4, 4, 13
"c:\Users\FlowUP\Documents\GitHub\Magic\datapacks\Magic_FR\data\lobby\function\jump\jump3\checkpoint2.mcfunction", "mcfunction", 0, 0, 5, 4, 4, 13
"c:\Users\FlowUP\Documents\GitHub\Magic\datapacks\Magic_FR\data\lobby\function\jump\jump3\checkpoint3.mcfunction", "mcfunction", 0, 0, 5, 4, 4, 13
"c:\Users\FlowUP\Documents\GitHub\Magic\datapacks\Magic_FR\data\lobby\function\jump\jump3\checkpoint4.mcfunction", "mcfunction", 0, 0, 5, 4, 4, 13
"c:\Users\FlowUP\Documents\GitHub\Magic\datapacks\Magic_FR\data\lobby\function\jump\jump3\finish.mcfunction", "mcfunction", 0, 0, 11, 9, 9, 29
"c:\Users\FlowUP\Documents\GitHub\Magic\datapacks\Magic_FR\data\lobby\function\jump\jump3\pr\convert_checkpoint.mcfunction", "mcfunction", 0, 0, 92, 62, 48, 202
"c:\Users\FlowUP\Documents\GitHub\Magic\datapacks\Magic_FR\data\lobby\function\jump\jump3\pr\display_leaderboard_pr\rank1.mcfunction", "mcfunction", 0, 0, 17, 3, 9, 29
"c:\Users\FlowUP\Documents\GitHub\Magic\datapacks\Magic_FR\data\lobby\function\jump\jump3\pr\display_leaderboard_pr\rank2.mcfunction", "mcfunction", 0, 0, 17, 3, 9, 29
"c:\Users\FlowUP\Documents\GitHub\Magic\datapacks\Magic_FR\data\lobby\function\jump\jump3\pr\display_leaderboard_pr\rank3.mcfunction", "mcfunction", 0, 0, 17, 3, 9, 29
"c:\Users\FlowUP\Documents\GitHub\Magic\datapacks\Magic_FR\data\lobby\function\jump\jump3\pr\display_leaderboard_pr\rank4.mcfunction", "mcfunction", 0, 0, 17, 3, 9, 29
"c:\Users\FlowUP\Documents\GitHub\Magic\datapacks\Magic_FR\data\lobby\function\jump\jump3\pr\display_leaderboard_pr\rank5.mcfunction", "mcfunction", 0, 0, 17, 3, 9, 29
"c:\Users\FlowUP\Documents\GitHub\Magic\datapacks\Magic_FR\data\lobby\function\jump\jump3\pr\display_leaderboard_pr\rank6.mcfunction", "mcfunction", 0, 0, 17, 3, 9, 29
"c:\Users\FlowUP\Documents\GitHub\Magic\datapacks\Magic_FR\data\lobby\function\jump\jump3\pr\display_pr.mcfunction", "mcfunction", 0, 0, 21, 2, 9, 32
"c:\Users\FlowUP\Documents\GitHub\Magic\datapacks\Magic_FR\data\lobby\function\jump\jump3\pr\new_pr.mcfunction", "mcfunction", 0, 0, 3, 3, 3, 9
"c:\Users\FlowUP\Documents\GitHub\Magic\datapacks\Magic_FR\data\lobby\function\jump\jump3\pr\save_pr.mcfunction", "mcfunction", 0, 0, 35, 4, 7, 46
"c:\Users\FlowUP\Documents\GitHub\Magic\datapacks\Magic_FR\data\lobby\function\jump\jump3\reset_jump.mcfunction", "mcfunction", 0, 0, 5, 4, 4, 13
"c:\Users\FlowUP\Documents\GitHub\Magic\datapacks\Magic_FR\data\lobby\function\jump\jump3\reset_leaderboard.mcfunction", "mcfunction", 0, 0, 57, 2, 22, 81
"c:\Users\FlowUP\Documents\GitHub\Magic\datapacks\Magic_FR\data\lobby\function\jump\jump3\setup_jump.mcfunction", "mcfunction", 0, 0, 76, 13, 23, 112
"c:\Users\FlowUP\Documents\GitHub\Magic\datapacks\Magic_FR\data\lobby\function\jump\jump3\sort_leaderboard\add_to_gstats.mcfunction", "mcfunction", 0, 0, 53, 9, 15, 77
"c:\Users\FlowUP\Documents\GitHub\Magic\datapacks\Magic_FR\data\lobby\function\jump\jump3\sort_leaderboard\swap_2_1.mcfunction", "mcfunction", 0, 0, 88, 6, 20, 114
"c:\Users\FlowUP\Documents\GitHub\Magic\datapacks\Magic_FR\data\lobby\function\jump\jump3\sort_leaderboard\swap_3_2.mcfunction", "mcfunction", 0, 0, 88, 6, 19, 113
"c:\Users\FlowUP\Documents\GitHub\Magic\datapacks\Magic_FR\data\lobby\function\jump\jump3\sort_leaderboard\swap_4_3.mcfunction", "mcfunction", 0, 0, 88, 6, 19, 113
"c:\Users\FlowUP\Documents\GitHub\Magic\datapacks\Magic_FR\data\lobby\function\jump\jump3\sort_leaderboard\swap_5_4.mcfunction", "mcfunction", 0, 0, 88, 6, 19, 113
"c:\Users\FlowUP\Documents\GitHub\Magic\datapacks\Magic_FR\data\lobby\function\jump\jump3\sort_leaderboard\swap_6_5.mcfunction", "mcfunction", 0, 0, 88, 6, 19, 113
"c:\Users\FlowUP\Documents\GitHub\Magic\datapacks\Magic_FR\data\lobby\function\jump\jump3\start_jump.mcfunction", "mcfunction", 0, 0, 11, 6, 6, 23
"c:\Users\FlowUP\Documents\GitHub\Magic\datapacks\Magic_FR\data\lobby\function\jump\jump3\tp_checkpoint.mcfunction", "mcfunction", 0, 0, 10, 5, 3, 18
"c:\Users\FlowUP\Documents\GitHub\Magic\datapacks\Magic_FR\data\lobby\function\jump\jump_pads\disabled.mcfunction", "mcfunction", 0, 0, 2, 2, 2, 6
"c:\Users\FlowUP\Documents\GitHub\Magic\datapacks\Magic_FR\data\lobby\function\jump\jump_pads\launch_in.mcfunction", "mcfunction", 0, 0, 4, 2, 1, 7
"c:\Users\FlowUP\Documents\GitHub\Magic\datapacks\Magic_FR\data\lobby\function\jump\jump_pads\launch_out.mcfunction", "mcfunction", 0, 0, 4, 2, 1, 7
"c:\Users\FlowUP\Documents\GitHub\Magic\datapacks\Magic_FR\data\lobby\function\jump\jump_timer.mcfunction", "mcfunction", 0, 0, 28, 18, 13, 59
"c:\Users\FlowUP\Documents\GitHub\Magic\datapacks\Magic_FR\data\lobby\function\jump\quit_jump.mcfunction", "mcfunction", 0, 0, 7, 3, 1, 11
"c:\Users\FlowUP\Documents\GitHub\Magic\datapacks\Magic_FR\data\lobby\function\jump\reset_leaderboard.mcfunction", "mcfunction", 0, 0, 4, 2, 3, 9
"c:\Users\FlowUP\Documents\GitHub\Magic\datapacks\Magic_FR\data\lobby\function\jump\wrong_jump.mcfunction", "mcfunction", 0, 0, 8, 2, 4, 14
"c:\Users\FlowUP\Documents\GitHub\Magic\datapacks\Magic_FR\data\lobby\function\jump\wrong_start.mcfunction", "mcfunction", 0, 0, 5, 2, 3, 10
"c:\Users\FlowUP\Documents\GitHub\Magic\datapacks\Magic_FR\data\lobby\function\leaderboard\display_titles\display_death_title.mcfunction", "mcfunction", 0, 0, 1, 2, 1, 4
"c:\Users\FlowUP\Documents\GitHub\Magic\datapacks\Magic_FR\data\lobby\function\leaderboard\display_titles\display_dmg_taken.mcfunction", "mcfunction", 0, 0, 1, 2, 1, 4
"c:\Users\FlowUP\Documents\GitHub\Magic\datapacks\Magic_FR\data\lobby\function\leaderboard\display_titles\display_final_score_title.mcfunction", "mcfunction", 0, 0, 1, 2, 1, 4
"c:\Users\FlowUP\Documents\GitHub\Magic\datapacks\Magic_FR\data\lobby\function\leaderboard\display_titles\display_flag_earned_title.mcfunction", "mcfunction", 0, 0, 1, 2, 1, 4
"c:\Users\FlowUP\Documents\GitHub\Magic\datapacks\Magic_FR\data\lobby\function\leaderboard\display_titles\display_kill_title.mcfunction", "mcfunction", 0, 0, 1, 2, 1, 4
"c:\Users\FlowUP\Documents\GitHub\Magic\datapacks\Magic_FR\data\lobby\function\leaderboard\display_titles\display_obj_score_title.mcfunction", "mcfunction", 0, 0, 1, 2, 1, 4
"c:\Users\FlowUP\Documents\GitHub\Magic\datapacks\Magic_FR\data\lobby\function\leaderboard\display_titles\display_ratio_title.mcfunction", "mcfunction", 0, 0, 1, 2, 1, 4
"c:\Users\FlowUP\Documents\GitHub\Magic\datapacks\Magic_FR\data\lobby\function\leaderboard\display_titles\display_total_dmg_title.mcfunction", "mcfunction", 0, 0, 1, 2, 1, 4
"c:\Users\FlowUP\Documents\GitHub\Magic\datapacks\Magic_FR\data\lobby\function\leaderboard\jump_pads\launch_in.mcfunction", "mcfunction", 0, 0, 4, 2, 1, 7
"c:\Users\FlowUP\Documents\GitHub\Magic\datapacks\Magic_FR\data\lobby\function\leaderboard\jump_pads\launch_out.mcfunction", "mcfunction", 0, 0, 4, 2, 1, 7
"c:\Users\FlowUP\Documents\GitHub\Magic\datapacks\Magic_FR\data\lobby\function\leaderboard\left_arrow.mcfunction", "mcfunction", 0, 0, 12, 5, 4, 21
"c:\Users\FlowUP\Documents\GitHub\Magic\datapacks\Magic_FR\data\lobby\function\leaderboard\right_arrow.mcfunction", "mcfunction", 0, 0, 12, 5, 4, 21
"c:\Users\FlowUP\Documents\GitHub\Magic\datapacks\Magic_FR\data\lobby\function\load.mcfunction", "mcfunction", 0, 0, 0, 4, 1, 5
"c:\Users\FlowUP\Documents\GitHub\Magic\datapacks\Magic_FR\data\lobby\function\loop.mcfunction", "mcfunction", 0, 0, 56, 34, 35, 125
"c:\Users\FlowUP\Documents\GitHub\Magic\datapacks\Magic_FR\data\lobby\function\map_island\clear_fire.mcfunction", "mcfunction", 0, 0, 1, 2, 1, 4
"c:\Users\FlowUP\Documents\GitHub\Magic\datapacks\Magic_FR\data\lobby\function\map_island\commands\gamemode.mcfunction", "mcfunction", 0, 0, 4, 2, 2, 8
"c:\Users\FlowUP\Documents\GitHub\Magic\datapacks\Magic_FR\data\lobby\function\map_island\commands\quit_map.mcfunction", "mcfunction", 0, 0, 30, 5, 11, 46
"c:\Users\FlowUP\Documents\GitHub\Magic\datapacks\Magic_FR\data\lobby\function\map_island\commands\tp_blue_flag.mcfunction", "mcfunction", 0, 0, 14, 2, 2, 18
"c:\Users\FlowUP\Documents\GitHub\Magic\datapacks\Magic_FR\data\lobby\function\map_island\commands\tp_blue_spawn.mcfunction", "mcfunction", 0, 0, 15, 2, 2, 19
"c:\Users\FlowUP\Documents\GitHub\Magic\datapacks\Magic_FR\data\lobby\function\map_island\commands\tp_red_flag.mcfunction", "mcfunction", 0, 0, 15, 2, 2, 19
"c:\Users\FlowUP\Documents\GitHub\Magic\datapacks\Magic_FR\data\lobby\function\map_island\commands\tp_red_spawn.mcfunction", "mcfunction", 0, 0, 15, 2, 2, 19
"c:\Users\FlowUP\Documents\GitHub\Magic\datapacks\Magic_FR\data\lobby\function\map_island\display\rotate_left.mcfunction", "mcfunction", 0, 0, 5, 2, 3, 10
"c:\Users\FlowUP\Documents\GitHub\Magic\datapacks\Magic_FR\data\lobby\function\map_island\display\rotate_maps.mcfunction", "mcfunction", 0, 0, 12, 4, 2, 18
"c:\Users\FlowUP\Documents\GitHub\Magic\datapacks\Magic_FR\data\lobby\function\map_island\display\rotate_right.mcfunction", "mcfunction", 0, 0, 5, 2, 3, 10
"c:\Users\FlowUP\Documents\GitHub\Magic\datapacks\Magic_FR\data\lobby\function\map_island\interact_with_interaction\check_clicked_button.mcfunction", "mcfunction", 0, 0, 5, 2, 5, 12
"c:\Users\FlowUP\Documents\GitHub\Magic\datapacks\Magic_FR\data\lobby\function\map_island\interact_with_interaction\interact_with_interaction.mcfunction", "mcfunction", 0, 0, 2, 2, 2, 6
"c:\Users\FlowUP\Documents\GitHub\Magic\datapacks\Magic_FR\data\lobby\function\map_island\jump_pads\disabled.mcfunction", "mcfunction", 0, 0, 2, 2, 2, 6
"c:\Users\FlowUP\Documents\GitHub\Magic\datapacks\Magic_FR\data\lobby\function\map_island\jump_pads\launch_in.mcfunction", "mcfunction", 0, 0, 4, 2, 3, 9
"c:\Users\FlowUP\Documents\GitHub\Magic\datapacks\Magic_FR\data\lobby\function\map_island\jump_pads\launch_out.mcfunction", "mcfunction", 0, 0, 4, 2, 2, 8
"c:\Users\FlowUP\Documents\GitHub\Magic\datapacks\Magic_FR\data\lobby\function\map_island\loops\map1_loop.mcfunction", "mcfunction", 0, 0, 2, 4, 2, 8
"c:\Users\FlowUP\Documents\GitHub\Magic\datapacks\Magic_FR\data\lobby\function\map_island\loops\map2_loop.mcfunction", "mcfunction", 0, 0, 2, 4, 2, 8
"c:\Users\FlowUP\Documents\GitHub\Magic\datapacks\Magic_FR\data\lobby\function\map_island\loops\map3_loop.mcfunction", "mcfunction", 0, 0, 2, 4, 2, 8
"c:\Users\FlowUP\Documents\GitHub\Magic\datapacks\Magic_FR\data\lobby\function\map_island\loops\map4_loop.mcfunction", "mcfunction", 0, 0, 2, 4, 2, 8
"c:\Users\FlowUP\Documents\GitHub\Magic\datapacks\Magic_FR\data\lobby\function\map_island\loops\map5_loop.mcfunction", "mcfunction", 0, 0, 2, 4, 2, 8
"c:\Users\FlowUP\Documents\GitHub\Magic\datapacks\Magic_FR\data\lobby\function\map_island\loops\map6_loop.mcfunction", "mcfunction", 0, 0, 2, 4, 2, 8
"c:\Users\FlowUP\Documents\GitHub\Magic\datapacks\Magic_FR\data\lobby\function\map_island\quit_maps.mcfunction", "mcfunction", 0, 0, 3, 4, 1, 8
"c:\Users\FlowUP\Documents\GitHub\Magic\datapacks\Magic_FR\data\lobby\function\map_island\reset_maps.mcfunction", "mcfunction", 0, 0, 28, 4, 5, 37
"c:\Users\FlowUP\Documents\GitHub\Magic\datapacks\Magic_FR\data\lobby\function\map_island\setup_display\setup_map1.mcfunction", "mcfunction", 0, 0, 3, 2, 2, 7
"c:\Users\FlowUP\Documents\GitHub\Magic\datapacks\Magic_FR\data\lobby\function\map_island\setup_display\setup_map2.mcfunction", "mcfunction", 0, 0, 3, 2, 3, 8
"c:\Users\FlowUP\Documents\GitHub\Magic\datapacks\Magic_FR\data\lobby\function\map_island\setup_display\setup_map3.mcfunction", "mcfunction", 0, 0, 3, 2, 2, 7
"c:\Users\FlowUP\Documents\GitHub\Magic\datapacks\Magic_FR\data\lobby\function\map_island\setup_display\setup_map4.mcfunction", "mcfunction", 0, 0, 3, 2, 2, 7
"c:\Users\FlowUP\Documents\GitHub\Magic\datapacks\Magic_FR\data\lobby\function\map_island\setup_display\setup_map5.mcfunction", "mcfunction", 0, 0, 3, 2, 2, 7
"c:\Users\FlowUP\Documents\GitHub\Magic\datapacks\Magic_FR\data\lobby\function\map_island\setup_display\setup_map6.mcfunction", "mcfunction", 0, 0, 3, 2, 2, 7
"c:\Users\FlowUP\Documents\GitHub\Magic\datapacks\Magic_FR\data\lobby\function\map_island\setup_display\setup_maps_display.mcfunction", "mcfunction", 0, 0, 71, 9, 7, 87
"c:\Users\FlowUP\Documents\GitHub\Magic\datapacks\Magic_FR\data\lobby\function\map_island\setup_maps_info.mcfunction", "mcfunction", 0, 0, 36, 26, 7, 69
"c:\Users\FlowUP\Documents\GitHub\Magic\datapacks\Magic_FR\data\lobby\function\map_island\spec_map\map1.mcfunction", "mcfunction", 0, 0, 15, 5, 5, 25
"c:\Users\FlowUP\Documents\GitHub\Magic\datapacks\Magic_FR\data\lobby\function\map_island\spec_map\map2.mcfunction", "mcfunction", 0, 0, 15, 5, 5, 25
"c:\Users\FlowUP\Documents\GitHub\Magic\datapacks\Magic_FR\data\lobby\function\map_island\spec_map\map3.mcfunction", "mcfunction", 0, 0, 15, 5, 5, 25
"c:\Users\FlowUP\Documents\GitHub\Magic\datapacks\Magic_FR\data\lobby\function\map_island\spec_map\map4.mcfunction", "mcfunction", 0, 0, 15, 5, 4, 24
"c:\Users\FlowUP\Documents\GitHub\Magic\datapacks\Magic_FR\data\lobby\function\map_island\spec_map\map5.mcfunction", "mcfunction", 0, 0, 15, 5, 4, 24
"c:\Users\FlowUP\Documents\GitHub\Magic\datapacks\Magic_FR\data\lobby\function\map_island\spec_map\map6.mcfunction", "mcfunction", 0, 0, 15, 5, 4, 24
"c:\Users\FlowUP\Documents\GitHub\Magic\datapacks\Magic_FR\data\lobby\function\map_island\spec_map\spec_map.mcfunction", "mcfunction", 0, 0, 6, 2, 1, 9
"c:\Users\FlowUP\Documents\GitHub\Magic\datapacks\Magic_FR\data\lobby\function\operator\admins_are_op\becomeop.mcfunction", "mcfunction", 0, 0, 6, 3, 2, 11
"c:\Users\FlowUP\Documents\GitHub\Magic\datapacks\Magic_FR\data\lobby\function\operator\leave_op.mcfunction", "mcfunction", 0, 0, 6, 5, 4, 15
"c:\Users\FlowUP\Documents\GitHub\Magic\datapacks\Magic_FR\data\lobby\function\operator\players_are_op\becomeop.mcfunction", "mcfunction", 0, 0, 7, 5, 4, 16
"c:\Users\FlowUP\Documents\GitHub\Magic\datapacks\Magic_FR\data\lobby\function\operator\players_are_op\cant_bybass_map.mcfunction", "mcfunction", 0, 0, 3, 1, 1, 5
"c:\Users\FlowUP\Documents\GitHub\Magic\datapacks\Magic_FR\data\lobby\function\operator\triggers\enable_op_triggers.mcfunction", "mcfunction", 0, 0, 6, 3, 1, 10
"c:\Users\FlowUP\Documents\GitHub\Magic\datapacks\Magic_FR\data\lobby\function\operator\triggers\reset_op_triggers.mcfunction", "mcfunction", 0, 0, 6, 3, 1, 10
"c:\Users\FlowUP\Documents\GitHub\Magic\datapacks\Magic_FR\data\lobby\function\option_panel\interact_with_menu\check_clicked_button.mcfunction", "mcfunction", 0, 0, 58, 19, 21, 98
"c:\Users\FlowUP\Documents\GitHub\Magic\datapacks\Magic_FR\data\lobby\function\option_panel\interact_with_menu\check_left_clicked_button.mcfunction", "mcfunction", 0, 0, 10, 9, 13, 32
"c:\Users\FlowUP\Documents\GitHub\Magic\datapacks\Magic_FR\data\lobby\function\option_panel\interact_with_menu\interact_with_menu.mcfunction", "mcfunction", 0, 0, 4, 3, 3, 10
"c:\Users\FlowUP\Documents\GitHub\Magic\datapacks\Magic_FR\data\lobby\function\option_panel\interact_with_menu\left_click_on_menu.mcfunction", "mcfunction", 0, 0, 2, 2, 1, 5
"c:\Users\FlowUP\Documents\GitHub\Magic\datapacks\Magic_FR\data\lobby\function\option_panel\interact_with_menu\not_allowed.mcfunction", "mcfunction", 0, 0, 3, 3, 2, 8
"c:\Users\FlowUP\Documents\GitHub\Magic\datapacks\Magic_FR\data\lobby\function\option_panel\interact_with_menu\not_allowed_admin.mcfunction", "mcfunction", 0, 0, 5, 4, 3, 12
"c:\Users\FlowUP\Documents\GitHub\Magic\datapacks\Magic_FR\data\lobby\function\option_panel\pages\fun\display_fun_tab.mcfunction", "mcfunction", 0, 0, 9, 5, 5, 19
"c:\Users\FlowUP\Documents\GitHub\Magic\datapacks\Magic_FR\data\lobby\function\option_panel\pages\fun\infinite_money\infinite_money_off.mcfunction", "mcfunction", 0, 0, 7, 2, 3, 12
"c:\Users\FlowUP\Documents\GitHub\Magic\datapacks\Magic_FR\data\lobby\function\option_panel\pages\fun\infinite_money\infinite_money_on.mcfunction", "mcfunction", 0, 0, 7, 2, 2, 11
"c:\Users\FlowUP\Documents\GitHub\Magic\datapacks\Magic_FR\data\lobby\function\option_panel\pages\fun\no_cooldowns\no_cooldowns_off.mcfunction", "mcfunction", 0, 0, 7, 2, 3, 12
"c:\Users\FlowUP\Documents\GitHub\Magic\datapacks\Magic_FR\data\lobby\function\option_panel\pages\fun\no_cooldowns\no_cooldowns_on.mcfunction", "mcfunction", 0, 0, 7, 2, 2, 11
"c:\Users\FlowUP\Documents\GitHub\Magic\datapacks\Magic_FR\data\lobby\function\option_panel\pages\gamemode\capture_the_flag\secondary_objectives\secondary_objectives_off.mcfunction", "mcfunction", 0, 0, 7, 2, 3, 12
"c:\Users\FlowUP\Documents\GitHub\Magic\datapacks\Magic_FR\data\lobby\function\option_panel\pages\gamemode\capture_the_flag\secondary_objectives\secondary_objectives_on.mcfunction", "mcfunction", 0, 0, 7, 2, 2, 11
"c:\Users\FlowUP\Documents\GitHub\Magic\datapacks\Magic_FR\data\lobby\function\option_panel\pages\gamemode\capture_the_flag\shop_timer\display.mcfunction", "mcfunction", 0, 0, 9, 2, 1, 12
"c:\Users\FlowUP\Documents\GitHub\Magic\datapacks\Magic_FR\data\lobby\function\option_panel\pages\gamemode\capture_the_flag\shop_timer\shop_timer_decrease.mcfunction", "mcfunction", 0, 0, 11, 5, 3, 19
"c:\Users\FlowUP\Documents\GitHub\Magic\datapacks\Magic_FR\data\lobby\function\option_panel\pages\gamemode\capture_the_flag\shop_timer\shop_timer_increase.mcfunction", "mcfunction", 0, 0, 11, 5, 3, 19
"c:\Users\FlowUP\Documents\GitHub\Magic\datapacks\Magic_FR\data\lobby\function\option_panel\pages\gamemode\capture_the_flag\show_next_map\show_next_map_off.mcfunction", "mcfunction", 0, 0, 7, 2, 2, 11
"c:\Users\FlowUP\Documents\GitHub\Magic\datapacks\Magic_FR\data\lobby\function\option_panel\pages\gamemode\capture_the_flag\show_next_map\show_next_map_on.mcfunction", "mcfunction", 0, 0, 7, 2, 2, 11
"c:\Users\FlowUP\Documents\GitHub\Magic\datapacks\Magic_FR\data\lobby\function\option_panel\pages\gamemode\capture_the_flag\teamkill\teamkill_off.mcfunction", "mcfunction", 0, 0, 7, 2, 2, 11
"c:\Users\FlowUP\Documents\GitHub\Magic\datapacks\Magic_FR\data\lobby\function\option_panel\pages\gamemode\capture_the_flag\teamkill\teamkill_on.mcfunction", "mcfunction", 0, 0, 7, 2, 2, 11
"c:\Users\FlowUP\Documents\GitHub\Magic\datapacks\Magic_FR\data\lobby\function\option_panel\pages\gamemode\display_gamemode_tab.mcfunction", "mcfunction", 0, 0, 22, 10, 12, 44
"c:\Users\FlowUP\Documents\GitHub\Magic\datapacks\Magic_FR\data\lobby\function\option_panel\pages\lobby\arena\arena_off.mcfunction", "mcfunction", 0, 0, 9, 4, 3, 16
"c:\Users\FlowUP\Documents\GitHub\Magic\datapacks\Magic_FR\data\lobby\function\option_panel\pages\lobby\arena\arena_on.mcfunction", "mcfunction", 0, 0, 7, 2, 3, 12
"c:\Users\FlowUP\Documents\GitHub\Magic\datapacks\Magic_FR\data\lobby\function\option_panel\pages\lobby\display_lobby_tab.mcfunction", "mcfunction", 0, 0, 27, 9, 16, 52
"c:\Users\FlowUP\Documents\GitHub\Magic\datapacks\Magic_FR\data\lobby\function\option_panel\pages\lobby\force_launch\force_launch_off.mcfunction", "mcfunction", 0, 0, 7, 2, 3, 12
"c:\Users\FlowUP\Documents\GitHub\Magic\datapacks\Magic_FR\data\lobby\function\option_panel\pages\lobby\force_launch\force_launch_on.mcfunction", "mcfunction", 0, 0, 7, 2, 3, 12
"c:\Users\FlowUP\Documents\GitHub\Magic\datapacks\Magic_FR\data\lobby\function\option_panel\pages\lobby\jump\jump_off.mcfunction", "mcfunction", 0, 0, 9, 3, 4, 16
"c:\Users\FlowUP\Documents\GitHub\Magic\datapacks\Magic_FR\data\lobby\function\option_panel\pages\lobby\jump\jump_on.mcfunction", "mcfunction", 0, 0, 7, 2, 3, 12
"c:\Users\FlowUP\Documents\GitHub\Magic\datapacks\Magic_FR\data\lobby\function\option_panel\pages\lobby\maps\maps_off.mcfunction", "mcfunction", 0, 0, 9, 3, 4, 16
"c:\Users\FlowUP\Documents\GitHub\Magic\datapacks\Magic_FR\data\lobby\function\option_panel\pages\lobby\maps\maps_on.mcfunction", "mcfunction", 0, 0, 7, 2, 3, 12
"c:\Users\FlowUP\Documents\GitHub\Magic\datapacks\Magic_FR\data\lobby\function\option_panel\pages\lobby\matchmaking\matchmaking_off.mcfunction", "mcfunction", 0, 0, 7, 2, 3, 12
"c:\Users\FlowUP\Documents\GitHub\Magic\datapacks\Magic_FR\data\lobby\function\option_panel\pages\lobby\matchmaking\matchmaking_on.mcfunction", "mcfunction", 0, 0, 7, 2, 3, 12
"c:\Users\FlowUP\Documents\GitHub\Magic\datapacks\Magic_FR\data\lobby\function\option_panel\pages\lobby\operator_access\op_are_admin.mcfunction", "mcfunction", 0, 0, 18, 4, 5, 27
"c:\Users\FlowUP\Documents\GitHub\Magic\datapacks\Magic_FR\data\lobby\function\option_panel\pages\lobby\operator_access\players_are_admin.mcfunction", "mcfunction", 0, 0, 10, 3, 3, 16
"c:\Users\FlowUP\Documents\GitHub\Magic\datapacks\Magic_FR\data\lobby\function\option_panel\pages\main\check_recommended_options.mcfunction", "mcfunction", 0, 0, 20, 8, 7, 35
"c:\Users\FlowUP\Documents\GitHub\Magic\datapacks\Magic_FR\data\lobby\function\option_panel\pages\main\display_main_tab.mcfunction", "mcfunction", 0, 0, 18, 5, 6, 29
"c:\Users\FlowUP\Documents\GitHub\Magic\datapacks\Magic_FR\data\lobby\function\option_panel\pages\main\enable_recommended_options.mcfunction", "mcfunction", 0, 0, 20, 8, 6, 34
"c:\Users\FlowUP\Documents\GitHub\Magic\datapacks\Magic_FR\data\lobby\function\option_panel\pages\main\recommended_options.mcfunction", "mcfunction", 0, 0, 9, 4, 4, 17
"c:\Users\FlowUP\Documents\GitHub\Magic\datapacks\Magic_FR\data\lobby\function\option_panel\pages\maps\display_maps_tab.mcfunction", "mcfunction", 0, 0, 43, 12, 13, 68
"c:\Users\FlowUP\Documents\GitHub\Magic\datapacks\Magic_FR\data\lobby\function\option_panel\pages\maps\map_1\display.mcfunction", "mcfunction", 0, 0, 7, 2, 2, 11
"c:\Users\FlowUP\Documents\GitHub\Magic\datapacks\Magic_FR\data\lobby\function\option_panel\pages\maps\map_1\go_down.mcfunction", "mcfunction", 0, 0, 3, 2, 3, 8
"c:\Users\FlowUP\Documents\GitHub\Magic\datapacks\Magic_FR\data\lobby\function\option_panel\pages\maps\map_1\go_up.mcfunction", "mcfunction", 0, 0, 3, 2, 2, 7
"c:\Users\FlowUP\Documents\GitHub\Magic\datapacks\Magic_FR\data\lobby\function\option_panel\pages\maps\map_2\display.mcfunction", "mcfunction", 0, 0, 7, 2, 2, 11
"c:\Users\FlowUP\Documents\GitHub\Magic\datapacks\Magic_FR\data\lobby\function\option_panel\pages\maps\map_2\go_down.mcfunction", "mcfunction", 0, 0, 3, 2, 3, 8
"c:\Users\FlowUP\Documents\GitHub\Magic\datapacks\Magic_FR\data\lobby\function\option_panel\pages\maps\map_2\go_up.mcfunction", "mcfunction", 0, 0, 3, 2, 2, 7
"c:\Users\FlowUP\Documents\GitHub\Magic\datapacks\Magic_FR\data\lobby\function\option_panel\pages\maps\map_3\display.mcfunction", "mcfunction", 0, 0, 7, 2, 3, 12
"c:\Users\FlowUP\Documents\GitHub\Magic\datapacks\Magic_FR\data\lobby\function\option_panel\pages\maps\map_3\go_down.mcfunction", "mcfunction", 0, 0, 3, 2, 3, 8
"c:\Users\FlowUP\Documents\GitHub\Magic\datapacks\Magic_FR\data\lobby\function\option_panel\pages\maps\map_3\go_up.mcfunction", "mcfunction", 0, 0, 3, 2, 2, 7
"c:\Users\FlowUP\Documents\GitHub\Magic\datapacks\Magic_FR\data\lobby\function\option_panel\pages\maps\map_4\display.mcfunction", "mcfunction", 0, 0, 7, 2, 2, 11
"c:\Users\FlowUP\Documents\GitHub\Magic\datapacks\Magic_FR\data\lobby\function\option_panel\pages\maps\map_4\go_down.mcfunction", "mcfunction", 0, 0, 3, 2, 3, 8
"c:\Users\FlowUP\Documents\GitHub\Magic\datapacks\Magic_FR\data\lobby\function\option_panel\pages\maps\map_4\go_up.mcfunction", "mcfunction", 0, 0, 3, 2, 2, 7
"c:\Users\FlowUP\Documents\GitHub\Magic\datapacks\Magic_FR\data\lobby\function\option_panel\pages\maps\map_selection\predefined_maps.mcfunction", "mcfunction", 0, 0, 68, 10, 11, 89
"c:\Users\FlowUP\Documents\GitHub\Magic\datapacks\Magic_FR\data\lobby\function\option_panel\pages\maps\map_selection\random_maps.mcfunction", "mcfunction", 0, 0, 16, 10, 6, 32
"c:\Users\FlowUP\Documents\GitHub\Magic\datapacks\Magic_FR\data\lobby\function\option_panel\pages\maps\rng_lvl\can_play_twice.mcfunction", "mcfunction", 0, 0, 6, 5, 4, 15
"c:\Users\FlowUP\Documents\GitHub\Magic\datapacks\Magic_FR\data\lobby\function\option_panel\pages\maps\rng_lvl\cant_play_twice.mcfunction", "mcfunction", 0, 0, 6, 5, 4, 15
"c:\Users\FlowUP\Documents\GitHub\Magic\datapacks\Magic_FR\data\lobby\function\option_panel\pages\maps\time_change\off.mcfunction", "mcfunction", 0, 0, 6, 5, 3, 14
"c:\Users\FlowUP\Documents\GitHub\Magic\datapacks\Magic_FR\data\lobby\function\option_panel\pages\maps\time_change\on.mcfunction", "mcfunction", 0, 0, 6, 5, 2, 13
"c:\Users\FlowUP\Documents\GitHub\Magic\datapacks\Magic_FR\data\lobby\function\option_panel\pages\setup_clickable.mcfunction", "mcfunction", 0, 0, 37, 8, 2, 47
"c:\Users\FlowUP\Documents\GitHub\Magic\datapacks\Magic_FR\data\lobby\function\option_panel\pages\shop\build_reset\build_reset_game.mcfunction", "mcfunction", 0, 0, 10, 4, 4, 18
"c:\Users\FlowUP\Documents\GitHub\Magic\datapacks\Magic_FR\data\lobby\function\option_panel\pages\shop\build_reset\build_reset_never.mcfunction", "mcfunction", 0, 0, 10, 4, 4, 18
"c:\Users\FlowUP\Documents\GitHub\Magic\datapacks\Magic_FR\data\lobby\function\option_panel\pages\shop\build_reset\build_reset_round_only.mcfunction", "mcfunction", 0, 0, 9, 4, 5, 18
"c:\Users\FlowUP\Documents\GitHub\Magic\datapacks\Magic_FR\data\lobby\function\option_panel\pages\shop\display_shop_tab.mcfunction", "mcfunction", 0, 0, 37, 16, 16, 69
"c:\Users\FlowUP\Documents\GitHub\Magic\datapacks\Magic_FR\data\lobby\function\option_panel\pages\shop\ph_per_obj\display.mcfunction", "mcfunction", 0, 0, 15, 2, 1, 18
"c:\Users\FlowUP\Documents\GitHub\Magic\datapacks\Magic_FR\data\lobby\function\option_panel\pages\shop\ph_per_obj\ph_per_obj_decrease.mcfunction", "mcfunction", 0, 0, 17, 5, 2, 24
"c:\Users\FlowUP\Documents\GitHub\Magic\datapacks\Magic_FR\data\lobby\function\option_panel\pages\shop\ph_per_obj\ph_per_obj_increase.mcfunction", "mcfunction", 0, 0, 17, 5, 3, 25
"c:\Users\FlowUP\Documents\GitHub\Magic\datapacks\Magic_FR\data\lobby\function\option_panel\pages\shop\ph_per_round\display.mcfunction", "mcfunction", 0, 0, 15, 2, 1, 18
"c:\Users\FlowUP\Documents\GitHub\Magic\datapacks\Magic_FR\data\lobby\function\option_panel\pages\shop\ph_per_round\ph_per_round_decrease.mcfunction", "mcfunction", 0, 0, 17, 5, 2, 24
"c:\Users\FlowUP\Documents\GitHub\Magic\datapacks\Magic_FR\data\lobby\function\option_panel\pages\shop\ph_per_round\ph_per_round_increase.mcfunction", "mcfunction", 0, 0, 17, 5, 3, 25
"c:\Users\FlowUP\Documents\GitHub\Magic\datapacks\Magic_FR\data\lobby\function\option_panel\pages\shop\ph_start\display.mcfunction", "mcfunction", 0, 0, 15, 2, 1, 18
"c:\Users\FlowUP\Documents\GitHub\Magic\datapacks\Magic_FR\data\lobby\function\option_panel\pages\shop\ph_start\ph_start_decrease.mcfunction", "mcfunction", 0, 0, 17, 5, 2, 24
"c:\Users\FlowUP\Documents\GitHub\Magic\datapacks\Magic_FR\data\lobby\function\option_panel\pages\shop\ph_start\ph_start_increase.mcfunction", "mcfunction", 0, 0, 17, 5, 3, 25
"c:\Users\FlowUP\Documents\GitHub\Magic\datapacks\Magic_FR\data\lobby\function\option_panel\setup_optn_panel.mcfunction", "mcfunction", 0, 0, 3, 2, 4, 9
"c:\Users\FlowUP\Documents\GitHub\Magic\datapacks\Magic_FR\data\lobby\function\setup_slime_pads.mcfunction", "mcfunction", 0, 0, 19, 5, 14, 38
"c:\Users\FlowUP\Documents\GitHub\Magic\datapacks\Magic_FR\data\lobby\function\slime_pads.mcfunction", "mcfunction", 0, 0, 8, 2, 4, 14
"c:\Users\FlowUP\Documents\GitHub\Magic\datapacks\Magic_FR\data\lobby\function\team_selector\display_team_members\blue\new_member.mcfunction", "mcfunction", 0, 0, 16, 4, 5, 25
"c:\Users\FlowUP\Documents\GitHub\Magic\datapacks\Magic_FR\data\lobby\function\team_selector\display_team_members\blue\remove_member.mcfunction", "mcfunction", 0, 0, 19, 4, 3, 26
"c:\Users\FlowUP\Documents\GitHub\Magic\datapacks\Magic_FR\data\lobby\function\team_selector\display_team_members\blue\spawn_members\member1.mcfunction", "mcfunction", 0, 0, 7, 3, 2, 12
"c:\Users\FlowUP\Documents\GitHub\Magic\datapacks\Magic_FR\data\lobby\function\team_selector\display_team_members\blue\spawn_members\member10.mcfunction", "mcfunction", 0, 0, 7, 3, 2, 12
"c:\Users\FlowUP\Documents\GitHub\Magic\datapacks\Magic_FR\data\lobby\function\team_selector\display_team_members\blue\spawn_members\member11.mcfunction", "mcfunction", 0, 0, 7, 3, 2, 12
"c:\Users\FlowUP\Documents\GitHub\Magic\datapacks\Magic_FR\data\lobby\function\team_selector\display_team_members\blue\spawn_members\member12.mcfunction", "mcfunction", 0, 0, 7, 3, 2, 12
"c:\Users\FlowUP\Documents\GitHub\Magic\datapacks\Magic_FR\data\lobby\function\team_selector\display_team_members\blue\spawn_members\member2.mcfunction", "mcfunction", 0, 0, 7, 3, 2, 12
"c:\Users\FlowUP\Documents\GitHub\Magic\datapacks\Magic_FR\data\lobby\function\team_selector\display_team_members\blue\spawn_members\member3.mcfunction", "mcfunction", 0, 0, 7, 3, 2, 12
"c:\Users\FlowUP\Documents\GitHub\Magic\datapacks\Magic_FR\data\lobby\function\team_selector\display_team_members\blue\spawn_members\member4.mcfunction", "mcfunction", 0, 0, 7, 3, 2, 12
"c:\Users\FlowUP\Documents\GitHub\Magic\datapacks\Magic_FR\data\lobby\function\team_selector\display_team_members\blue\spawn_members\member5.mcfunction", "mcfunction", 0, 0, 7, 3, 2, 12
"c:\Users\FlowUP\Documents\GitHub\Magic\datapacks\Magic_FR\data\lobby\function\team_selector\display_team_members\blue\spawn_members\member6.mcfunction", "mcfunction", 0, 0, 7, 3, 2, 12
"c:\Users\FlowUP\Documents\GitHub\Magic\datapacks\Magic_FR\data\lobby\function\team_selector\display_team_members\blue\spawn_members\member7.mcfunction", "mcfunction", 0, 0, 7, 3, 2, 12
"c:\Users\FlowUP\Documents\GitHub\Magic\datapacks\Magic_FR\data\lobby\function\team_selector\display_team_members\blue\spawn_members\member8.mcfunction", "mcfunction", 0, 0, 7, 3, 2, 12
"c:\Users\FlowUP\Documents\GitHub\Magic\datapacks\Magic_FR\data\lobby\function\team_selector\display_team_members\blue\spawn_members\member9.mcfunction", "mcfunction", 0, 0, 7, 3, 2, 12
"c:\Users\FlowUP\Documents\GitHub\Magic\datapacks\Magic_FR\data\lobby\function\team_selector\display_team_members\red\new_member.mcfunction", "mcfunction", 0, 0, 16, 4, 4, 24
"c:\Users\FlowUP\Documents\GitHub\Magic\datapacks\Magic_FR\data\lobby\function\team_selector\display_team_members\red\remove_member.mcfunction", "mcfunction", 0, 0, 19, 4, 3, 26
"c:\Users\FlowUP\Documents\GitHub\Magic\datapacks\Magic_FR\data\lobby\function\team_selector\display_team_members\red\spawn_members\member1.mcfunction", "mcfunction", 0, 0, 7, 3, 2, 12
"c:\Users\FlowUP\Documents\GitHub\Magic\datapacks\Magic_FR\data\lobby\function\team_selector\display_team_members\red\spawn_members\member10.mcfunction", "mcfunction", 0, 0, 7, 3, 2, 12
"c:\Users\FlowUP\Documents\GitHub\Magic\datapacks\Magic_FR\data\lobby\function\team_selector\display_team_members\red\spawn_members\member11.mcfunction", "mcfunction", 0, 0, 7, 3, 2, 12
"c:\Users\FlowUP\Documents\GitHub\Magic\datapacks\Magic_FR\data\lobby\function\team_selector\display_team_members\red\spawn_members\member12.mcfunction", "mcfunction", 0, 0, 7, 3, 2, 12
"c:\Users\FlowUP\Documents\GitHub\Magic\datapacks\Magic_FR\data\lobby\function\team_selector\display_team_members\red\spawn_members\member2.mcfunction", "mcfunction", 0, 0, 7, 3, 2, 12
"c:\Users\FlowUP\Documents\GitHub\Magic\datapacks\Magic_FR\data\lobby\function\team_selector\display_team_members\red\spawn_members\member3.mcfunction", "mcfunction", 0, 0, 7, 3, 2, 12
"c:\Users\FlowUP\Documents\GitHub\Magic\datapacks\Magic_FR\data\lobby\function\team_selector\display_team_members\red\spawn_members\member4.mcfunction", "mcfunction", 0, 0, 7, 3, 2, 12
"c:\Users\FlowUP\Documents\GitHub\Magic\datapacks\Magic_FR\data\lobby\function\team_selector\display_team_members\red\spawn_members\member5.mcfunction", "mcfunction", 0, 0, 7, 3, 2, 12
"c:\Users\FlowUP\Documents\GitHub\Magic\datapacks\Magic_FR\data\lobby\function\team_selector\display_team_members\red\spawn_members\member6.mcfunction", "mcfunction", 0, 0, 7, 3, 2, 12
"c:\Users\FlowUP\Documents\GitHub\Magic\datapacks\Magic_FR\data\lobby\function\team_selector\display_team_members\red\spawn_members\member7.mcfunction", "mcfunction", 0, 0, 7, 3, 2, 12
"c:\Users\FlowUP\Documents\GitHub\Magic\datapacks\Magic_FR\data\lobby\function\team_selector\display_team_members\red\spawn_members\member8.mcfunction", "mcfunction", 0, 0, 7, 3, 2, 12
"c:\Users\FlowUP\Documents\GitHub\Magic\datapacks\Magic_FR\data\lobby\function\team_selector\display_team_members\red\spawn_members\member9.mcfunction", "mcfunction", 0, 0, 7, 3, 2, 12
"c:\Users\FlowUP\Documents\GitHub\Magic\datapacks\Magic_FR\data\lobby\function\team_selector\display_team_members\setup_heads.mcfunction", "mcfunction", 0, 0, 3, 2, 3, 8
"c:\Users\FlowUP\Documents\GitHub\Magic\datapacks\Magic_FR\data\lobby\function\team_selector\give_lobby_team.mcfunction", "mcfunction", 0, 0, 36, 3, 4, 43
"c:\Users\FlowUP\Documents\GitHub\Magic\datapacks\Magic_FR\data\lobby\function\team_selector\join_blueteam.mcfunction", "mcfunction", 0, 0, 9, 4, 6, 19
"c:\Users\FlowUP\Documents\GitHub\Magic\datapacks\Magic_FR\data\lobby\function\team_selector\join_redteam.mcfunction", "mcfunction", 0, 0, 9, 4, 8, 21
"c:\Users\FlowUP\Documents\GitHub\Magic\datapacks\Magic_FR\data\lobby\function\team_selector\join_spectator.mcfunction", "mcfunction", 0, 0, 15, 5, 6, 26
"c:\Users\FlowUP\Documents\GitHub\Magic\datapacks\Magic_FR\data\lobby\function\team_selector\leave_spectator.mcfunction", "mcfunction", 0, 0, 13, 4, 7, 24
"c:\Users\FlowUP\Documents\GitHub\Magic\datapacks\Magic_FR\data\mage\advancement\1_m.json", "JSON", 0, 24, 0, 0, 0, 24
"c:\Users\FlowUP\Documents\GitHub\Magic\datapacks\Magic_FR\data\mage\advancement\2_m.json", "JSON", 0, 31, 0, 0, 0, 31
"c:\Users\FlowUP\Documents\GitHub\Magic\datapacks\Magic_FR\data\mage\advancement\3_m.json", "JSON", 0, 24, 0, 0, 0, 24
"c:\Users\FlowUP\Documents\GitHub\Magic\datapacks\Magic_FR\data\mage\advancement\4_m.json", "JSON", 0, 24, 0, 0, 0, 24
"c:\Users\FlowUP\Documents\GitHub\Magic\datapacks\Magic_FR\data\mage\advancement\5_m.json", "JSON", 0, 31, 0, 0, 0, 31
"c:\Users\FlowUP\Documents\GitHub\Magic\datapacks\Magic_FR\data\mage\advancement\6_m.json", "JSON", 0, 31, 0, 0, 0, 31
"c:\Users\FlowUP\Documents\GitHub\Magic\datapacks\Magic_FR\data\mage\advancement\7_m.json", "JSON", 0, 24, 0, 0, 0, 24
"c:\Users\FlowUP\Documents\GitHub\Magic\datapacks\Magic_FR\data\mage\advancement\bootlvl10_m.json", "JSON", 0, 27, 0, 0, 0, 27
"c:\Users\FlowUP\Documents\GitHub\Magic\datapacks\Magic_FR\data\mage\advancement\bootlvl2_m.json", "JSON", 0, 27, 0, 0, 0, 27
"c:\Users\FlowUP\Documents\GitHub\Magic\datapacks\Magic_FR\data\mage\advancement\bootlvl3_m.json", "JSON", 0, 24, 0, 0, 0, 24
"c:\Users\FlowUP\Documents\GitHub\Magic\datapacks\Magic_FR\data\mage\advancement\bootlvl4_m.json", "JSON", 0, 27, 0, 0, 0, 27
"c:\Users\FlowUP\Documents\GitHub\Magic\datapacks\Magic_FR\data\mage\advancement\bootlvl5_m.json", "JSON", 0, 24, 0, 0, 0, 24
"c:\Users\FlowUP\Documents\GitHub\Magic\datapacks\Magic_FR\data\mage\advancement\bootlvl6_m.json", "JSON", 0, 27, 0, 0, 0, 27
"c:\Users\FlowUP\Documents\GitHub\Magic\datapacks\Magic_FR\data\mage\advancement\bootlvl7_m.json", "JSON", 0, 24, 0, 0, 0, 24
"c:\Users\FlowUP\Documents\GitHub\Magic\datapacks\Magic_FR\data\mage\advancement\bootlvl8_m.json", "JSON", 0, 27, 0, 0, 0, 27
"c:\Users\FlowUP\Documents\GitHub\Magic\datapacks\Magic_FR\data\mage\advancement\bootlvl9_m.json", "JSON", 0, 24, 0, 0, 0, 24
"c:\Users\FlowUP\Documents\GitHub\Magic\datapacks\Magic_FR\data\mage\advancement\chestlvl10_m.json", "JSON", 0, 27, 0, 0, 0, 27
"c:\Users\FlowUP\Documents\GitHub\Magic\datapacks\Magic_FR\data\mage\advancement\chestlvl2_m.json", "JSON", 0, 27, 0, 0, 0, 27
"c:\Users\FlowUP\Documents\GitHub\Magic\datapacks\Magic_FR\data\mage\advancement\chestlvl3_m.json", "JSON", 0, 24, 0, 0, 0, 24
"c:\Users\FlowUP\Documents\GitHub\Magic\datapacks\Magic_FR\data\mage\advancement\chestlvl4_m.json", "JSON", 0, 27, 0, 0, 0, 27
"c:\Users\FlowUP\Documents\GitHub\Magic\datapacks\Magic_FR\data\mage\advancement\chestlvl5_m.json", "JSON", 0, 24, 0, 0, 0, 24
"c:\Users\FlowUP\Documents\GitHub\Magic\datapacks\Magic_FR\data\mage\advancement\chestlvl6_m.json", "JSON", 0, 27, 0, 0, 0, 27
"c:\Users\FlowUP\Documents\GitHub\Magic\datapacks\Magic_FR\data\mage\advancement\chestlvl7_m.json", "JSON", 0, 24, 0, 0, 0, 24
"c:\Users\FlowUP\Documents\GitHub\Magic\datapacks\Magic_FR\data\mage\advancement\chestlvl8_m.json", "JSON", 0, 27, 0, 0, 0, 27
"c:\Users\FlowUP\Documents\GitHub\Magic\datapacks\Magic_FR\data\mage\advancement\chestlvl9_m.json", "JSON", 0, 24, 0, 0, 0, 24
"c:\Users\FlowUP\Documents\GitHub\Magic\datapacks\Magic_FR\data\mage\advancement\legslvl10_m.json", "JSON", 0, 27, 0, 0, 0, 27
"c:\Users\FlowUP\Documents\GitHub\Magic\datapacks\Magic_FR\data\mage\advancement\legslvl2_m.json", "JSON", 0, 27, 0, 0, 0, 27
"c:\Users\FlowUP\Documents\GitHub\Magic\datapacks\Magic_FR\data\mage\advancement\legslvl3_m.json", "JSON", 0, 24, 0, 0, 0, 24
"c:\Users\FlowUP\Documents\GitHub\Magic\datapacks\Magic_FR\data\mage\advancement\legslvl4_m.json", "JSON", 0, 27, 0, 0, 0, 27
"c:\Users\FlowUP\Documents\GitHub\Magic\datapacks\Magic_FR\data\mage\advancement\legslvl5_m.json", "JSON", 0, 24, 0, 0, 0, 24
"c:\Users\FlowUP\Documents\GitHub\Magic\datapacks\Magic_FR\data\mage\advancement\legslvl6_m.json", "JSON", 0, 27, 0, 0, 0, 27
"c:\Users\FlowUP\Documents\GitHub\Magic\datapacks\Magic_FR\data\mage\advancement\legslvl7_m.json", "JSON", 0, 24, 0, 0, 0, 24
"c:\Users\FlowUP\Documents\GitHub\Magic\datapacks\Magic_FR\data\mage\advancement\legslvl8_m.json", "JSON", 0, 27, 0, 0, 0, 27
"c:\Users\FlowUP\Documents\GitHub\Magic\datapacks\Magic_FR\data\mage\advancement\legslvl9_m.json", "JSON", 0, 24, 0, 0, 0, 24
"c:\Users\FlowUP\Documents\GitHub\Magic\datapacks\Magic_FR\data\mage\advancement\passif_m.json", "JSON", 0, 25, 0, 0, 0, 25
"c:\Users\FlowUP\Documents\GitHub\Magic\datapacks\Magic_FR\data\mage\advancement\root.json", "JSON", 0, 28, 0, 0, 0, 28
"c:\Users\FlowUP\Documents\GitHub\Magic\datapacks\Magic_FR\data\mage\advancement\spell1lvl2_m.json", "JSON", 0, 31, 0, 0, 0, 31
"c:\Users\FlowUP\Documents\GitHub\Magic\datapacks\Magic_FR\data\mage\advancement\spell1lvl3_m.json", "JSON", 0, 31, 0, 0, 0, 31
"c:\Users\FlowUP\Documents\GitHub\Magic\datapacks\Magic_FR\data\mage\advancement\spell2lvl2_m.json", "JSON", 0, 31, 0, 0, 0, 31
"c:\Users\FlowUP\Documents\GitHub\Magic\datapacks\Magic_FR\data\mage\advancement\spell2lvl3_m.json", "JSON", 0, 31, 0, 0, 0, 31
"c:\Users\FlowUP\Documents\GitHub\Magic\datapacks\Magic_FR\data\mage\advancement\weapon1lvl10_m.json", "JSON", 0, 24, 0, 0, 0, 24
"c:\Users\FlowUP\Documents\GitHub\Magic\datapacks\Magic_FR\data\mage\advancement\weapon1lvl2_m.json", "JSON", 0, 24, 0, 0, 0, 24
"c:\Users\FlowUP\Documents\GitHub\Magic\datapacks\Magic_FR\data\mage\advancement\weapon1lvl3_m.json", "JSON", 0, 24, 0, 0, 0, 24
"c:\Users\FlowUP\Documents\GitHub\Magic\datapacks\Magic_FR\data\mage\advancement\weapon1lvl4_m.json", "JSON", 0, 25, 0, 0, 0, 25
"c:\Users\FlowUP\Documents\GitHub\Magic\datapacks\Magic_FR\data\mage\advancement\weapon1lvl5_m.json", "JSON", 0, 24, 0, 0, 0, 24
"c:\Users\FlowUP\Documents\GitHub\Magic\datapacks\Magic_FR\data\mage\advancement\weapon1lvl6_m.json", "JSON", 0, 24, 0, 0, 0, 24
"c:\Users\FlowUP\Documents\GitHub\Magic\datapacks\Magic_FR\data\mage\advancement\weapon1lvl7_m.json", "JSON", 0, 24, 0, 0, 0, 24
"c:\Users\FlowUP\Documents\GitHub\Magic\datapacks\Magic_FR\data\mage\advancement\weapon1lvl8_m.json", "JSON", 0, 24, 0, 0, 0, 24
"c:\Users\FlowUP\Documents\GitHub\Magic\datapacks\Magic_FR\data\mage\advancement\weapon1lvl9_m.json", "JSON", 0, 24, 0, 0, 0, 24
"c:\Users\FlowUP\Documents\GitHub\Magic\datapacks\Magic_FR\data\main\advancement\bow\hit.json", "JSON", 0, 16, 0, 0, 0, 16
"c:\Users\FlowUP\Documents\GitHub\Magic\datapacks\Magic_FR\data\main\advancement\bow\kill.json", "JSON", 0, 14, 0, 0, 0, 14
"c:\Users\FlowUP\Documents\GitHub\Magic\datapacks\Magic_FR\data\main\advancement\bow\victim_hit.json", "JSON", 0, 15, 0, 0, 0, 15
"c:\Users\FlowUP\Documents\GitHub\Magic\datapacks\Magic_FR\data\main\advancement\class_selector\interact_with_archer_menu.json", "JSON", 0, 16, 0, 0, 0, 16
"c:\Users\FlowUP\Documents\GitHub\Magic\datapacks\Magic_FR\data\main\advancement\class_selector\interact_with_mage_menu.json", "JSON", 0, 16, 0, 0, 0, 16
"c:\Users\FlowUP\Documents\GitHub\Magic\datapacks\Magic_FR\data\main\advancement\class_selector\interact_with_rogue_menu.json", "JSON", 0, 16, 0, 0, 0, 16
"c:\Users\FlowUP\Documents\GitHub\Magic\datapacks\Magic_FR\data\main\advancement\class_selector\interact_with_warrior_menu.json", "JSON", 0, 16, 0, 0, 0, 16
"c:\Users\FlowUP\Documents\GitHub\Magic\datapacks\Magic_FR\data\main\advancement\hurt.json", "JSON", 0, 10, 0, 0, 0, 10
"c:\Users\FlowUP\Documents\GitHub\Magic\datapacks\Magic_FR\data\main\advancement\interact_with_menu.json", "JSON", 0, 16, 0, 0, 0, 16
"c:\Users\FlowUP\Documents\GitHub\Magic\datapacks\Magic_FR\data\main\advancement\item_save_system.json", "JSON", 0, 22, 0, 0, 0, 22
"c:\Users\FlowUP\Documents\GitHub\Magic\datapacks\Magic_FR\data\main\advancement\jump\interact_with_jump_right.json", "JSON", 0, 16, 0, 0, 0, 16
"c:\Users\FlowUP\Documents\GitHub\Magic\datapacks\Magic_FR\data\main\advancement\killfeed\killed.json", "JSON", 0, 8, 0, 0, 0, 8
"c:\Users\FlowUP\Documents\GitHub\Magic\datapacks\Magic_FR\data\main\advancement\killfeed\killer_boss.json", "JSON", 0, 14, 0, 0, 0, 14
"c:\Users\FlowUP\Documents\GitHub\Magic\datapacks\Magic_FR\data\main\advancement\leaderboard\interact_with_leaderboard_title_left.json", "JSON", 0, 16, 0, 0, 0, 16
"c:\Users\FlowUP\Documents\GitHub\Magic\datapacks\Magic_FR\data\main\advancement\leaderboard\interact_with_leaderboard_title_right.json", "JSON", 0, 16, 0, 0, 0, 16
"c:\Users\FlowUP\Documents\GitHub\Magic\datapacks\Magic_FR\data\main\advancement\map_display\interact_with_map_display_right.json", "JSON", 0, 16, 0, 0, 0, 16
"c:\Users\FlowUP\Documents\GitHub\Magic\datapacks\Magic_FR\data\main\advancement\used_bed.json", "JSON", 0, 20, 0, 0, 0, 20
"c:\Users\FlowUP\Documents\GitHub\Magic\datapacks\Magic_FR\data\main\dialog\initialised\main.json", "JSON", 0, 44, 0, 0, 0, 44
"c:\Users\FlowUP\Documents\GitHub\Magic\datapacks\Magic_FR\data\main\dialog\main_menu\main.json", "JSON", 0, 61, 0, 0, 0, 61
"c:\Users\FlowUP\Documents\GitHub\Magic\datapacks\Magic_FR\data\main\dialog\option_panel\confirm_admin_are_op.json", "JSON", 0, 78, 0, 0, 0, 78
"c:\Users\FlowUP\Documents\GitHub\Magic\datapacks\Magic_FR\data\main\dialog\options\options_main.json", "JSON", 0, 56, 0, 0, 0, 56
"c:\Users\FlowUP\Documents\GitHub\Magic\datapacks\Magic_FR\data\main\dialog\options\options_wip.json", "JSON", 0, 56, 0, 0, 0, 56
"c:\Users\FlowUP\Documents\GitHub\Magic\datapacks\Magic_FR\data\main\dialog\tutorial\main.json", "JSON", 0, 53, 0, 0, 0, 53
"c:\Users\FlowUP\Documents\GitHub\Magic\datapacks\Magic_FR\data\main\dialog\tutorial\page1\page1_main.json", "JSON", 0, 90, 0, 0, 0, 90
"c:\Users\FlowUP\Documents\GitHub\Magic\datapacks\Magic_FR\data\main\dialog\tutorial\page2\classes_details.json", "JSON", 0, 95, 0, 0, 0, 95
"c:\Users\FlowUP\Documents\GitHub\Magic\datapacks\Magic_FR\data\main\dialog\tutorial\page2\page2_main.json", "JSON", 0, 103, 0, 0, 0, 103
"c:\Users\FlowUP\Documents\GitHub\Magic\datapacks\Magic_FR\data\main\dialog\tutorial\page3\page3_main.json", "JSON", 0, 56, 0, 0, 0, 56
"c:\Users\FlowUP\Documents\GitHub\Magic\datapacks\Magic_FR\data\main\dialog\tutorial\page3\stuff_details.json", "JSON", 0, 87, 0, 0, 0, 87
"c:\Users\FlowUP\Documents\GitHub\Magic\datapacks\Magic_FR\data\main\dialog\tutorial\page4\arena_details.json", "JSON", 0, 47, 0, 0, 0, 47
"c:\Users\FlowUP\Documents\GitHub\Magic\datapacks\Magic_FR\data\main\dialog\tutorial\page4\page4_main.json", "JSON", 0, 63, 0, 0, 0, 63
"c:\Users\FlowUP\Documents\GitHub\Magic\datapacks\Magic_FR\data\main\dialog\tutorial\page5\page5_main.json", "JSON", 0, 64, 0, 0, 0, 64
"c:\Users\FlowUP\Documents\GitHub\Magic\datapacks\Magic_FR\data\main\dialog\tutorial\page5\secondary_objectives_details.json", "JSON", 0, 73, 0, 0, 0, 73
"c:\Users\FlowUP\Documents\GitHub\Magic\datapacks\Magic_FR\data\main\dialog\tutorial\page6\page6_main.json", "JSON", 0, 93, 0, 0, 0, 93
"c:\Users\FlowUP\Documents\GitHub\Magic\datapacks\Magic_FR\data\main\function\admin\book_commands\all_ready.mcfunction", "mcfunction", 0, 0, 5, 6, 4, 15
"c:\Users\FlowUP\Documents\GitHub\Magic\datapacks\Magic_FR\data\main\function\admin\book_commands\quit_admin.mcfunction", "mcfunction", 0, 0, 5, 6, 4, 15
"c:\Users\FlowUP\Documents\GitHub\Magic\datapacks\Magic_FR\data\main\function\admin\book_commands\randomize_class.mcfunction", "mcfunction", 0, 0, 5, 6, 6, 17
"c:\Users\FlowUP\Documents\GitHub\Magic\datapacks\Magic_FR\data\main\function\admin\book_commands\randomize_team.mcfunction", "mcfunction", 0, 0, 5, 6, 4, 15
"c:\Users\FlowUP\Documents\GitHub\Magic\datapacks\Magic_FR\data\main\function\admin\book_commands\round_over.mcfunction", "mcfunction", 0, 0, 5, 6, 6, 17
"c:\Users\FlowUP\Documents\GitHub\Magic\datapacks\Magic_FR\data\main\function\admin\book_commands\stop_game.mcfunction", "mcfunction", 0, 0, 3, 5, 3, 11
"c:\Users\FlowUP\Documents\GitHub\Magic\datapacks\Magic_FR\data\main\function\admin\getplayerstats\getplayerstats.mcfunction", "mcfunction", 0, 0, 1, 1, 1, 3
"c:\Users\FlowUP\Documents\GitHub\Magic\datapacks\Magic_FR\data\main\function\admin\getplayerstats\getplayerstats2.mcfunction", "mcfunction", 0, 0, 28, 9, 15, 52
"c:\Users\FlowUP\Documents\GitHub\Magic\datapacks\Magic_FR\data\main\function\admin\randomize_class\randomize_classes.mcfunction", "mcfunction", 0, 0, 41, 4, 6, 51
"c:\Users\FlowUP\Documents\GitHub\Magic\datapacks\Magic_FR\data\main\function\admin\randomizeteam\become_blue.mcfunction", "mcfunction", 0, 0, 6, 5, 5, 16
"c:\Users\FlowUP\Documents\GitHub\Magic\datapacks\Magic_FR\data\main\function\admin\randomizeteam\become_red.mcfunction", "mcfunction", 0, 0, 6, 5, 5, 16
"c:\Users\FlowUP\Documents\GitHub\Magic\datapacks\Magic_FR\data\main\function\admin\randomizeteam\randomize_team.mcfunction", "mcfunction", 0, 0, 23, 5, 17, 45
"c:\Users\FlowUP\Documents\GitHub\Magic\datapacks\Magic_FR\data\main\function\admin\stopgame.mcfunction", "mcfunction", 0, 0, 186, 44, 37, 267
"c:\Users\FlowUP\Documents\GitHub\Magic\datapacks\Magic_FR\data\main\function\disconnected\someone_disconnected.mcfunction", "mcfunction", 0, 0, 13, 4, 3, 20
"c:\Users\FlowUP\Documents\GitHub\Magic\datapacks\Magic_FR\data\main\function\fix_health\clear_and_fix_health.mcfunction", "mcfunction", 0, 0, 11, 1, 1, 13
"c:\Users\FlowUP\Documents\GitHub\Magic\datapacks\Magic_FR\data\main\function\fix_health\stop_health_timer.mcfunction", "mcfunction", 0, 0, 5, 2, 2, 9
"c:\Users\FlowUP\Documents\GitHub\Magic\datapacks\Magic_FR\data\main\function\gui\actionbar_timer.mcfunction", "mcfunction", 0, 0, 2, 4, 2, 8
"c:\Users\FlowUP\Documents\GitHub\Magic\datapacks\Magic_FR\data\main\function\gui\clear\clear_actionbar_bar.mcfunction", "mcfunction", 0, 0, 36, 2, 3, 41
"c:\Users\FlowUP\Documents\GitHub\Magic\datapacks\Magic_FR\data\main\function\gui\display\actionbar_clear.mcfunction", "mcfunction", 0, 0, 13, 4, 2, 19
"c:\Users\FlowUP\Documents\GitHub\Magic\datapacks\Magic_FR\data\main\function\gui\display\in_game\ingame_non_red.mcfunction", "mcfunction", 0, 0, 14, 2, 14, 30
"c:\Users\FlowUP\Documents\GitHub\Magic\datapacks\Magic_FR\data\main\function\gui\display\in_game\ingame_red.mcfunction", "mcfunction", 0, 0, 12, 2, 12, 26
"c:\Users\FlowUP\Documents\GitHub\Magic\datapacks\Magic_FR\data\main\function\gui\display\in_game\refresh_gui.mcfunction", "mcfunction", 0, 0, 2, 5, 1, 8
"c:\Users\FlowUP\Documents\GitHub\Magic\datapacks\Magic_FR\data\main\function\gui\display\in_lobby\in_jump\jumping_non_red.mcfunction", "mcfunction", 0, 0, 2, 3, 2, 7
"c:\Users\FlowUP\Documents\GitHub\Magic\datapacks\Magic_FR\data\main\function\gui\display\in_lobby\in_jump\jumping_red.mcfunction", "mcfunction", 0, 0, 2, 3, 2, 7
"c:\Users\FlowUP\Documents\GitHub\Magic\datapacks\Magic_FR\data\main\function\gui\display\in_lobby\inarena.mcfunction", "mcfunction", 0, 0, 13, 2, 13, 28
"c:\Users\FlowUP\Documents\GitHub\Magic\datapacks\Magic_FR\data\main\function\gui\display\in_lobby\inlobby_non_red.mcfunction", "mcfunction", 0, 0, 3, 5, 3, 11
"c:\Users\FlowUP\Documents\GitHub\Magic\datapacks\Magic_FR\data\main\function\gui\display\in_lobby\inlobby_red.mcfunction", "mcfunction", 0, 0, 3, 5, 3, 11
"c:\Users\FlowUP\Documents\GitHub\Magic\datapacks\Magic_FR\data\main\function\gui\display\in_lobby\refresh_gui.mcfunction", "mcfunction", 0, 0, 3, 5, 1, 9
"c:\Users\FlowUP\Documents\GitHub\Magic\datapacks\Magic_FR\data\main\function\gui\display\in_lobby\setup_top_bar.mcfunction", "mcfunction", 0, 0, 9, 7, 6, 22
"c:\Users\FlowUP\Documents\GitHub\Magic\datapacks\Magic_FR\data\main\function\gui\display\refresh_gui.mcfunction", "mcfunction", 0, 0, 4, 6, 4, 14
"c:\Users\FlowUP\Documents\GitHub\Magic\datapacks\Magic_FR\data\main\function\gui\reset_actionbar_bars.mcfunction", "mcfunction", 0, 0, 24, 3, 2, 29
"c:\Users\FlowUP\Documents\GitHub\Magic\datapacks\Magic_FR\data\main\function\gui\scoreboard_test.mcfunction", "mcfunction", 0, 0, 1, 2, 1, 4
"c:\Users\FlowUP\Documents\GitHub\Magic\datapacks\Magic_FR\data\main\function\gui\setup_empty_storage.mcfunction", "mcfunction", 0, 0, 36, 2, 3, 41
"c:\Users\FlowUP\Documents\GitHub\Magic\datapacks\Magic_FR\data\main\function\gui\setup_full_storage.mcfunction", "mcfunction", 0, 0, 24, 2, 2, 28
"c:\Users\FlowUP\Documents\GitHub\Magic\datapacks\Magic_FR\data\main\function\gui\temp_setup.mcfunction", "mcfunction", 0, 0, 48, 0, 7, 55
"c:\Users\FlowUP\Documents\GitHub\Magic\datapacks\Magic_FR\data\main\function\gui\test_gui.mcfunction", "mcfunction", 0, 0, 23, 9, 30, 62
"c:\Users\FlowUP\Documents\GitHub\Magic\datapacks\Magic_FR\data\main\function\items_positions\archers\check_items_positions.mcfunction", "mcfunction", 0, 0, 37, 1, 4, 42
"c:\Users\FlowUP\Documents\GitHub\Magic\datapacks\Magic_FR\data\main\function\items_positions\archers\item_conflict\spell1\detect_conflict_spell1.mcfunction", "mcfunction", 0, 0, 6, 2, 2, 10
"c:\Users\FlowUP\Documents\GitHub\Magic\datapacks\Magic_FR\data\main\function\items_positions\archers\item_conflict\spell1\fix_conflict.mcfunction", "mcfunction", 0, 0, 3, 1, 1, 5
"c:\Users\FlowUP\Documents\GitHub\Magic\datapacks\Magic_FR\data\main\function\items_positions\archers\item_conflict\spell2\detect_conflict_spell2.mcfunction", "mcfunction", 0, 0, 6, 2, 2, 10
"c:\Users\FlowUP\Documents\GitHub\Magic\datapacks\Magic_FR\data\main\function\items_positions\archers\item_conflict\spell2\fix_conflict.mcfunction", "mcfunction", 0, 0, 3, 1, 1, 5
"c:\Users\FlowUP\Documents\GitHub\Magic\datapacks\Magic_FR\data\main\function\items_positions\archers\item_conflict\spell3\detect_conflict_spell3.mcfunction", "mcfunction", 0, 0, 6, 2, 2, 10
"c:\Users\FlowUP\Documents\GitHub\Magic\datapacks\Magic_FR\data\main\function\items_positions\archers\item_conflict\spell3\fix_conflict.mcfunction", "mcfunction", 0, 0, 3, 1, 1, 5
"c:\Users\FlowUP\Documents\GitHub\Magic\datapacks\Magic_FR\data\main\function\items_positions\archers\save_item_positions.mcfunction", "mcfunction", 0, 0, 7, 2, 2, 11
"c:\Users\FlowUP\Documents\GitHub\Magic\datapacks\Magic_FR\data\main\function\items_positions\determine_spell_order.mcfunction", "mcfunction", 0, 0, 151, 19, 49, 219
"c:\Users\FlowUP\Documents\GitHub\Magic\datapacks\Magic_FR\data\main\function\items_positions\item_save_system.mcfunction", "mcfunction", 0, 0, 13, 4, 7, 24
"c:\Users\FlowUP\Documents\GitHub\Magic\datapacks\Magic_FR\data\main\function\items_positions\mages\check_items_positions.mcfunction", "mcfunction", 0, 0, 35, 1, 4, 40
"c:\Users\FlowUP\Documents\GitHub\Magic\datapacks\Magic_FR\data\main\function\items_positions\mages\item_conflict\spell1\detect_conflict_spell1.mcfunction", "mcfunction", 0, 0, 5, 2, 2, 9
"c:\Users\FlowUP\Documents\GitHub\Magic\datapacks\Magic_FR\data\main\function\items_positions\mages\item_conflict\spell1\fix_conflict.mcfunction", "mcfunction", 0, 0, 3, 1, 1, 5
"c:\Users\FlowUP\Documents\GitHub\Magic\datapacks\Magic_FR\data\main\function\items_positions\mages\item_conflict\spell2\detect_conflict_spell2.mcfunction", "mcfunction", 0, 0, 5, 2, 2, 9
"c:\Users\FlowUP\Documents\GitHub\Magic\datapacks\Magic_FR\data\main\function\items_positions\mages\item_conflict\spell2\fix_conflict.mcfunction", "mcfunction", 0, 0, 3, 1, 1, 5
"c:\Users\FlowUP\Documents\GitHub\Magic\datapacks\Magic_FR\data\main\function\items_positions\mages\item_conflict\spell3\detect_conflict_spell3.mcfunction", "mcfunction", 0, 0, 5, 2, 2, 9
"c:\Users\FlowUP\Documents\GitHub\Magic\datapacks\Magic_FR\data\main\function\items_positions\mages\item_conflict\spell3\fix_conflict.mcfunction", "mcfunction", 0, 0, 3, 1, 1, 5
"c:\Users\FlowUP\Documents\GitHub\Magic\datapacks\Magic_FR\data\main\function\items_positions\mages\save_item_positions.mcfunction", "mcfunction", 0, 0, 6, 2, 2, 10
"c:\Users\FlowUP\Documents\GitHub\Magic\datapacks\Magic_FR\data\main\function\items_positions\rogues\check_items_positions.mcfunction", "mcfunction", 0, 0, 35, 1, 4, 40
"c:\Users\FlowUP\Documents\GitHub\Magic\datapacks\Magic_FR\data\main\function\items_positions\rogues\item_conflict\spell1\detect_conflict_spell1.mcfunction", "mcfunction", 0, 0, 5, 2, 2, 9
"c:\Users\FlowUP\Documents\GitHub\Magic\datapacks\Magic_FR\data\main\function\items_positions\rogues\item_conflict\spell1\fix_conflict.mcfunction", "mcfunction", 0, 0, 3, 1, 1, 5
"c:\Users\FlowUP\Documents\GitHub\Magic\datapacks\Magic_FR\data\main\function\items_positions\rogues\item_conflict\spell2\detect_conflict_spell2.mcfunction", "mcfunction", 0, 0, 5, 2, 2, 9
"c:\Users\FlowUP\Documents\GitHub\Magic\datapacks\Magic_FR\data\main\function\items_positions\rogues\item_conflict\spell2\fix_conflict.mcfunction", "mcfunction", 0, 0, 3, 1, 1, 5
"c:\Users\FlowUP\Documents\GitHub\Magic\datapacks\Magic_FR\data\main\function\items_positions\rogues\item_conflict\spell3\detect_conflict_spell3.mcfunction", "mcfunction", 0, 0, 5, 2, 2, 9
"c:\Users\FlowUP\Documents\GitHub\Magic\datapacks\Magic_FR\data\main\function\items_positions\rogues\item_conflict\spell3\fix_conflict.mcfunction", "mcfunction", 0, 0, 3, 1, 1, 5
"c:\Users\FlowUP\Documents\GitHub\Magic\datapacks\Magic_FR\data\main\function\items_positions\rogues\save_item_positions.mcfunction", "mcfunction", 0, 0, 6, 2, 2, 10
"c:\Users\FlowUP\Documents\GitHub\Magic\datapacks\Magic_FR\data\main\function\items_positions\used_keybind2.mcfunction", "mcfunction", 0, 0, 17, 4, 5, 26
"c:\Users\FlowUP\Documents\GitHub\Magic\datapacks\Magic_FR\data\main\function\items_positions\warriors\check_items_positions.mcfunction", "mcfunction", 0, 0, 35, 1, 4, 40
"c:\Users\FlowUP\Documents\GitHub\Magic\datapacks\Magic_FR\data\main\function\items_positions\warriors\item_conflict\spell1\detect_conflict_spell1.mcfunction", "mcfunction", 0, 0, 5, 2, 2, 9
"c:\Users\FlowUP\Documents\GitHub\Magic\datapacks\Magic_FR\data\main\function\items_positions\warriors\item_conflict\spell1\fix_conflict.mcfunction", "mcfunction", 0, 0, 3, 1, 1, 5
"c:\Users\FlowUP\Documents\GitHub\Magic\datapacks\Magic_FR\data\main\function\items_positions\warriors\item_conflict\spell2\detect_conflict_spell2.mcfunction", "mcfunction", 0, 0, 5, 2, 2, 9
"c:\Users\FlowUP\Documents\GitHub\Magic\datapacks\Magic_FR\data\main\function\items_positions\warriors\item_conflict\spell2\fix_conflict.mcfunction", "mcfunction", 0, 0, 3, 1, 1, 5
"c:\Users\FlowUP\Documents\GitHub\Magic\datapacks\Magic_FR\data\main\function\items_positions\warriors\item_conflict\spell3\detect_conflict_spell3.mcfunction", "mcfunction", 0, 0, 5, 2, 2, 9
"c:\Users\FlowUP\Documents\GitHub\Magic\datapacks\Magic_FR\data\main\function\items_positions\warriors\item_conflict\spell3\fix_conflict.mcfunction", "mcfunction", 0, 0, 3, 1, 1, 5
"c:\Users\FlowUP\Documents\GitHub\Magic\datapacks\Magic_FR\data\main\function\items_positions\warriors\save_item_positions.mcfunction", "mcfunction", 0, 0, 6, 3, 2, 11
"c:\Users\FlowUP\Documents\GitHub\Magic\datapacks\Magic_FR\data\main\function\launch_arena\all_ready.mcfunction", "mcfunction", 0, 0, 126, 23, 31, 180
"c:\Users\FlowUP\Documents\GitHub\Magic\datapacks\Magic_FR\data\main\function\launch_arena\countdown\animation_down.mcfunction", "mcfunction", 0, 0, 1, 1, 1, 3
"c:\Users\FlowUP\Documents\GitHub\Magic\datapacks\Magic_FR\data\main\function\launch_arena\countdown\animation_up.mcfunction", "mcfunction", 0, 0, 1, 1, 1, 3
"c:\Users\FlowUP\Documents\GitHub\Magic\datapacks\Magic_FR\data\main\function\launch_arena\countdown\cant_usespell.mcfunction", "mcfunction", 0, 0, 20, 4, 4, 28
"c:\Users\FlowUP\Documents\GitHub\Magic\datapacks\Magic_FR\data\main\function\launch_arena\countdown\reset_countdown.mcfunction", "mcfunction", 0, 0, 9, 4, 1, 14
"c:\Users\FlowUP\Documents\GitHub\Magic\datapacks\Magic_FR\data\main\function\launch_arena\countdown\spawn_timer.mcfunction", "mcfunction", 0, 0, 5, 3, 2, 10
"c:\Users\FlowUP\Documents\GitHub\Magic\datapacks\Magic_FR\data\main\function\launch_arena\countdown\start_countdown.mcfunction", "mcfunction", 0, 0, 2, 3, 2, 7
"c:\Users\FlowUP\Documents\GitHub\Magic\datapacks\Magic_FR\data\main\function\launch_arena\countdown\timer1.mcfunction", "mcfunction", 0, 0, 4, 4, 4, 12
"c:\Users\FlowUP\Documents\GitHub\Magic\datapacks\Magic_FR\data\main\function\launch_arena\countdown\timer2.mcfunction", "mcfunction", 0, 0, 5, 4, 3, 12
"c:\Users\FlowUP\Documents\GitHub\Magic\datapacks\Magic_FR\data\main\function\launch_arena\countdown\timer3.mcfunction", "mcfunction", 0, 0, 11, 5, 7, 23
"c:\Users\FlowUP\Documents\GitHub\Magic\datapacks\Magic_FR\data\main\function\launch_arena\countdown\timer_end.mcfunction", "mcfunction", 0, 0, 20, 5, 10, 35
"c:\Users\FlowUP\Documents\GitHub\Magic\datapacks\Magic_FR\data\main\function\launch_arena\launch_map_candyworld.mcfunction", "mcfunction", 0, 0, 18, 7, 9, 34
"c:\Users\FlowUP\Documents\GitHub\Magic\datapacks\Magic_FR\data\main\function\launch_arena\launch_map_factory.mcfunction", "mcfunction", 0, 0, 17, 6, 9, 32
"c:\Users\FlowUP\Documents\GitHub\Magic\datapacks\Magic_FR\data\main\function\launch_arena\launch_map_graveyard.mcfunction", "mcfunction", 0, 0, 46, 8, 17, 71
"c:\Users\FlowUP\Documents\GitHub\Magic\datapacks\Magic_FR\data\main\function\launch_arena\launch_map_pirate.mcfunction", "mcfunction", 0, 0, 17, 6, 10, 33
"c:\Users\FlowUP\Documents\GitHub\Magic\datapacks\Magic_FR\data\main\function\launch_arena\launch_map_ruin.mcfunction", "mcfunction", 0, 0, 16, 7, 10, 33
"c:\Users\FlowUP\Documents\GitHub\Magic\datapacks\Magic_FR\data\main\function\launch_arena\launch_map_volcano.mcfunction", "mcfunction", 0, 0, 16, 7, 10, 33
"c:\Users\FlowUP\Documents\GitHub\Magic\datapacks\Magic_FR\data\main\function\launch_arena\setspawn_and_tp\candyworld.mcfunction", "mcfunction", 0, 0, 15, 15, 3, 33
"c:\Users\FlowUP\Documents\GitHub\Magic\datapacks\Magic_FR\data\main\function\launch_arena\setspawn_and_tp\factory.mcfunction", "mcfunction", 0, 0, 15, 15, 2, 32
"c:\Users\FlowUP\Documents\GitHub\Magic\datapacks\Magic_FR\data\main\function\launch_arena\setspawn_and_tp\graveyard.mcfunction", "mcfunction", 0, 0, 15, 15, 2, 32
"c:\Users\FlowUP\Documents\GitHub\Magic\datapacks\Magic_FR\data\main\function\launch_arena\setspawn_and_tp\pirate.mcfunction", "mcfunction", 0, 0, 15, 15, 4, 34
"c:\Users\FlowUP\Documents\GitHub\Magic\datapacks\Magic_FR\data\main\function\launch_arena\setspawn_and_tp\ruin.mcfunction", "mcfunction", 0, 0, 15, 15, 3, 33
"c:\Users\FlowUP\Documents\GitHub\Magic\datapacks\Magic_FR\data\main\function\launch_arena\setspawn_and_tp\volcano.mcfunction", "mcfunction", 0, 0, 15, 15, 3, 33
"c:\Users\FlowUP\Documents\GitHub\Magic\datapacks\Magic_FR\data\main\function\launch_arena\setup_bossbar.mcfunction", "mcfunction", 0, 0, 8, 4, 2, 14
"c:\Users\FlowUP\Documents\GitHub\Magic\datapacks\Magic_FR\data\main\function\load.mcfunction", "mcfunction", 0, 0, 0, 4, 0, 4
"c:\Users\FlowUP\Documents\GitHub\Magic\datapacks\Magic_FR\data\main\function\loop.mcfunction", "mcfunction", 0, 0, 26, 19, 19, 64
"c:\Users\FlowUP\Documents\GitHub\Magic\datapacks\Magic_FR\data\main\function\map_randomizer\full_randomization\full_randomization.mcfunction", "mcfunction", 0, 0, 2, 3, 1, 6
"c:\Users\FlowUP\Documents\GitHub\Magic\datapacks\Magic_FR\data\main\function\map_randomizer\limited_randomization\limited_randomization.mcfunction", "mcfunction", 0, 0, 4, 6, 3, 13
"c:\Users\FlowUP\Documents\GitHub\Magic\datapacks\Magic_FR\data\main\function\map_randomizer\limited_randomization\round1\round1.mcfunction", "mcfunction", 0, 0, 3, 4, 3, 10
"c:\Users\FlowUP\Documents\GitHub\Magic\datapacks\Magic_FR\data\main\function\map_randomizer\limited_randomization\round2\round2.mcfunction", "mcfunction", 0, 0, 2, 4, 3, 9
"c:\Users\FlowUP\Documents\GitHub\Magic\datapacks\Magic_FR\data\main\function\map_randomizer\limited_randomization\round2\round2_clock.mcfunction", "mcfunction", 0, 0, 3, 4, 2, 9
"c:\Users\FlowUP\Documents\GitHub\Magic\datapacks\Magic_FR\data\main\function\map_randomizer\limited_randomization\round3\round3.mcfunction", "mcfunction", 0, 0, 2, 4, 3, 9
"c:\Users\FlowUP\Documents\GitHub\Magic\datapacks\Magic_FR\data\main\function\map_randomizer\limited_randomization\round3\round3_clock.mcfunction", "mcfunction", 0, 0, 4, 5, 2, 11
"c:\Users\FlowUP\Documents\GitHub\Magic\datapacks\Magic_FR\data\main\function\map_randomizer\limited_randomization\round4\round4.mcfunction", "mcfunction", 0, 0, 1, 3, 2, 6
"c:\Users\FlowUP\Documents\GitHub\Magic\datapacks\Magic_FR\data\main\function\map_randomizer\limited_randomization\round4\round4_clock.mcfunction", "mcfunction", 0, 0, 5, 6, 2, 13
"c:\Users\FlowUP\Documents\GitHub\Magic\datapacks\Magic_FR\data\main\function\map_randomizer\predefined_map\predefined_map.mcfunction", "mcfunction", 0, 0, 16, 11, 7, 34
"c:\Users\FlowUP\Documents\GitHub\Magic\datapacks\Magic_FR\data\main\function\map_randomizer\predefined_map\randomize_map1.mcfunction", "mcfunction", 0, 0, 8, 9, 4, 21
"c:\Users\FlowUP\Documents\GitHub\Magic\datapacks\Magic_FR\data\main\function\map_randomizer\predefined_map\randomize_map2.mcfunction", "mcfunction", 0, 0, 8, 9, 4, 21
"c:\Users\FlowUP\Documents\GitHub\Magic\datapacks\Magic_FR\data\main\function\map_randomizer\predefined_map\randomize_map3.mcfunction", "mcfunction", 0, 0, 8, 9, 4, 21
"c:\Users\FlowUP\Documents\GitHub\Magic\datapacks\Magic_FR\data\main\function\map_randomizer\predefined_map\randomize_map4.mcfunction", "mcfunction", 0, 0, 8, 9, 4, 21
"c:\Users\FlowUP\Documents\GitHub\Magic\datapacks\Magic_FR\data\main\function\options\display_jump_timer.mcfunction", "mcfunction", 0, 0, 5, 2, 3, 10
"c:\Users\FlowUP\Documents\GitHub\Magic\datapacks\Magic_FR\data\main\function\options\keybind_order.mcfunction", "mcfunction", 0, 0, 6, 3, 4, 13
"c:\Users\FlowUP\Documents\GitHub\Magic\datapacks\Magic_FR\data\main\function\options\open_options.mcfunction", "mcfunction", 0, 0, 9, 9, 10, 28
"c:\Users\FlowUP\Documents\GitHub\Magic\datapacks\Magic_FR\data\main\function\options\options_main.mcfunction", "mcfunction", 0, 0, 1, 2, 2, 5
"c:\Users\FlowUP\Documents\GitHub\Magic\datapacks\Magic_FR\data\main\function\reconnect\display_secondary_objective\display.mcfunction", "mcfunction", 0, 0, 3, 2, 2, 7
"c:\Users\FlowUP\Documents\GitHub\Magic\datapacks\Magic_FR\data\main\function\reconnect\leave_arena.mcfunction", "mcfunction", 0, 0, 5, 3, 5, 13
"c:\Users\FlowUP\Documents\GitHub\Magic\datapacks\Magic_FR\data\main\function\reconnect\put_back_in_lobby.mcfunction", "mcfunction", 0, 0, 31, 10, 17, 58
"c:\Users\FlowUP\Documents\GitHub\Magic\datapacks\Magic_FR\data\main\function\reconnect\reconnect_in_shop.mcfunction", "mcfunction", 0, 0, 76, 15, 21, 112
"c:\Users\FlowUP\Documents\GitHub\Magic\datapacks\Magic_FR\data\main\function\reconnect\refresh_leaderboard\give_stat_book.mcfunction", "mcfunction", 0, 0, 12, 1, 12, 25
"c:\Users\FlowUP\Documents\GitHub\Magic\datapacks\Magic_FR\data\main\function\reconnect\refresh_leaderboard\refresh_leaderboard.mcfunction", "mcfunction", 0, 0, 8, 5, 6, 19
"c:\Users\FlowUP\Documents\GitHub\Magic\datapacks\Magic_FR\data\main\function\reconnect\someone_joined_during_match.mcfunction", "mcfunction", 0, 0, 50, 6, 10, 66
"c:\Users\FlowUP\Documents\GitHub\Magic\datapacks\Magic_FR\data\main\function\reconnect\someone_reconnected.mcfunction", "mcfunction", 0, 0, 20, 14, 11, 45
"c:\Users\FlowUP\Documents\GitHub\Magic\datapacks\Magic_FR\data\main\function\reset\inisialisation.mcfunction", "mcfunction", 0, 0, 99, 23, 23, 145
"c:\Users\FlowUP\Documents\GitHub\Magic\datapacks\Magic_FR\data\main\function\reset\reset_arena.mcfunction", "mcfunction", 0, 0, 7, 4, 3, 14
"c:\Users\FlowUP\Documents\GitHub\Magic\datapacks\Magic_FR\data\main\function\reset\reset_control_point.mcfunction", "mcfunction", 0, 0, 20, 6, 4, 30
"c:\Users\FlowUP\Documents\GitHub\Magic\datapacks\Magic_FR\data\main\function\reset\reset_golem.mcfunction", "mcfunction", 0, 0, 9, 6, 4, 19
"c:\Users\FlowUP\Documents\GitHub\Magic\datapacks\Magic_FR\data\main\function\reset\reset_lich.mcfunction", "mcfunction", 0, 0, 13, 8, 6, 27
"c:\Users\FlowUP\Documents\GitHub\Magic\datapacks\Magic_FR\data\main\function\reset\reset_living_cherry.mcfunction", "mcfunction", 0, 0, 12, 8, 5, 25
"c:\Users\FlowUP\Documents\GitHub\Magic\datapacks\Magic_FR\data\main\function\reset\reset_map\reset_map_candyworld.mcfunction", "mcfunction", 0, 0, 32, 12, 10, 54
"c:\Users\FlowUP\Documents\GitHub\Magic\datapacks\Magic_FR\data\main\function\reset\reset_map\reset_map_factory.mcfunction", "mcfunction", 0, 0, 84, 24, 64, 172
"c:\Users\FlowUP\Documents\GitHub\Magic\datapacks\Magic_FR\data\main\function\reset\reset_map\reset_map_graveyard.mcfunction", "mcfunction", 0, 0, 46, 12, 7, 65
"c:\Users\FlowUP\Documents\GitHub\Magic\datapacks\Magic_FR\data\main\function\reset\reset_map\reset_map_pirate.mcfunction", "mcfunction", 0, 0, 27, 12, 8, 47
"c:\Users\FlowUP\Documents\GitHub\Magic\datapacks\Magic_FR\data\main\function\reset\reset_map\reset_map_ruin.mcfunction", "mcfunction", 0, 0, 7, 5, 5, 17
"c:\Users\FlowUP\Documents\GitHub\Magic\datapacks\Magic_FR\data\main\function\reset\reset_map\reset_map_volcano.mcfunction", "mcfunction", 0, 0, 11, 7, 4, 22
"c:\Users\FlowUP\Documents\GitHub\Magic\datapacks\Magic_FR\data\main\function\reset\reset_map\reset_movable_blocs\pirate_map.mcfunction", "mcfunction", 0, 0, 12, 3, 6, 21
"c:\Users\FlowUP\Documents\GitHub\Magic\datapacks\Magic_FR\data\main\function\reset\reset_slime.mcfunction", "mcfunction", 0, 0, 2, 1, 1, 4
"c:\Users\FlowUP\Documents\GitHub\Magic\datapacks\Magic_FR\data\main\function\reset\resetachats.mcfunction", "mcfunction", 0, 0, 11, 1, 2, 14
"c:\Users\FlowUP\Documents\GitHub\Magic\datapacks\Magic_FR\data\main\function\reset\resetadv.mcfunction", "mcfunction", 0, 0, 6, 1, 2, 9
"c:\Users\FlowUP\Documents\GitHub\Magic\datapacks\Magic_FR\data\main\function\reset\resetclass.mcfunction", "mcfunction", 0, 0, 5, 1, 2, 8
"c:\Users\FlowUP\Documents\GitHub\Magic\datapacks\Magic_FR\data\main\function\reset\resetctf.mcfunction", "mcfunction", 0, 0, 3, 1, 1, 5
"c:\Users\FlowUP\Documents\GitHub\Magic\datapacks\Magic_FR\data\main\function\reset\resetframeroom.mcfunction", "mcfunction", 0, 0, 130, 151, 168, 449
"c:\Users\FlowUP\Documents\GitHub\Magic\datapacks\Magic_FR\data\main\function\reset\resetspells\generic.mcfunction", "mcfunction", 0, 0, 94, 27, 37, 158
"c:\Users\FlowUP\Documents\GitHub\Magic\datapacks\Magic_FR\data\main\function\reset\resetspells\player1.mcfunction", "mcfunction", 0, 0, 18, 19, 29, 66
"c:\Users\FlowUP\Documents\GitHub\Magic\datapacks\Magic_FR\data\main\function\reset\resetspells\player10.mcfunction", "mcfunction", 0, 0, 18, 19, 28, 65
"c:\Users\FlowUP\Documents\GitHub\Magic\datapacks\Magic_FR\data\main\function\reset\resetspells\player11.mcfunction", "mcfunction", 0, 0, 18, 19, 28, 65
"c:\Users\FlowUP\Documents\GitHub\Magic\datapacks\Magic_FR\data\main\function\reset\resetspells\player12.mcfunction", "mcfunction", 0, 0, 18, 19, 28, 65
"c:\Users\FlowUP\Documents\GitHub\Magic\datapacks\Magic_FR\data\main\function\reset\resetspells\player2.mcfunction", "mcfunction", 0, 0, 18, 19, 28, 65
"c:\Users\FlowUP\Documents\GitHub\Magic\datapacks\Magic_FR\data\main\function\reset\resetspells\player3.mcfunction", "mcfunction", 0, 0, 18, 19, 28, 65
"c:\Users\FlowUP\Documents\GitHub\Magic\datapacks\Magic_FR\data\main\function\reset\resetspells\player4.mcfunction", "mcfunction", 0, 0, 18, 19, 28, 65
"c:\Users\FlowUP\Documents\GitHub\Magic\datapacks\Magic_FR\data\main\function\reset\resetspells\player5.mcfunction", "mcfunction", 0, 0, 18, 19, 28, 65
"c:\Users\FlowUP\Documents\GitHub\Magic\datapacks\Magic_FR\data\main\function\reset\resetspells\player6.mcfunction", "mcfunction", 0, 0, 18, 19, 28, 65
"c:\Users\FlowUP\Documents\GitHub\Magic\datapacks\Magic_FR\data\main\function\reset\resetspells\player7.mcfunction", "mcfunction", 0, 0, 18, 19, 28, 65
"c:\Users\FlowUP\Documents\GitHub\Magic\datapacks\Magic_FR\data\main\function\reset\resetspells\player8.mcfunction", "mcfunction", 0, 0, 18, 19, 28, 65
"c:\Users\FlowUP\Documents\GitHub\Magic\datapacks\Magic_FR\data\main\function\reset\resetspells\player9.mcfunction", "mcfunction", 0, 0, 18, 19, 28, 65
"c:\Users\FlowUP\Documents\GitHub\Magic\datapacks\Magic_FR\data\main\function\reset\resetspells\resetspells.mcfunction", "mcfunction", 0, 0, 15, 21, 31, 67
"c:\Users\FlowUP\Documents\GitHub\Magic\datapacks\Magic_FR\data\main\function\reset\setup_stuff.mcfunction", "mcfunction", 0, 0, 5, 1, 1, 7
"c:\Users\FlowUP\Documents\GitHub\Magic\datapacks\Magic_FR\data\main\function\reset\setupbossbar.mcfunction", "mcfunction", 0, 0, 655, 12, 23, 690
"c:\Users\FlowUP\Documents\GitHub\Magic\datapacks\Magic_FR\data\main\function\reset\setupforceload.mcfunction", "mcfunction", 0, 0, 11, 12, 9, 32
"c:\Users\FlowUP\Documents\GitHub\Magic\datapacks\Magic_FR\data\main\function\reset\setupscoreboard.mcfunction", "mcfunction", 0, 0, 580, 62, 89, 731
"c:\Users\FlowUP\Documents\GitHub\Magic\datapacks\Magic_FR\data\main\function\reset\setupspells.mcfunction", "mcfunction", 0, 0, 32, 1, 2, 35
"c:\Users\FlowUP\Documents\GitHub\Magic\datapacks\Magic_FR\data\main\function\reset\setupstorage.mcfunction", "mcfunction", 0, 0, 141, 14, 37, 192
"c:\Users\FlowUP\Documents\GitHub\Magic\datapacks\Magic_FR\data\main\function\reset\setupteam.mcfunction", "mcfunction", 0, 0, 183, 20, 24, 227
"c:\Users\FlowUP\Documents\GitHub\Magic\datapacks\Magic_FR\data\main\function\ressource_pack_detector\display_something_else\show_another_message.mcfunction", "mcfunction", 0, 0, 2, 1, 1, 4
"c:\Users\FlowUP\Documents\GitHub\Magic\datapacks\Magic_FR\data\main\function\ressource_pack_detector\display_something_else\show_message_again.mcfunction", "mcfunction", 0, 0, 2, 1, 1, 4
"c:\Users\FlowUP\Documents\GitHub\Magic\datapacks\Magic_FR\data\main\function\ressource_pack_detector\ressource_pack_detector.mcfunction", "mcfunction", 0, 0, 3, 4, 4, 11
"c:\Users\FlowUP\Documents\GitHub\Magic\datapacks\Magic_FR\data\main\function\round_end\blue_completed_objective.mcfunction", "mcfunction", 0, 0, 4, 2, 1, 7
"c:\Users\FlowUP\Documents\GitHub\Magic\datapacks\Magic_FR\data\main\function\round_end\go_to_shop.mcfunction", "mcfunction", 0, 0, 115, 34, 30, 179
"c:\Users\FlowUP\Documents\GitHub\Magic\datapacks\Magic_FR\data\main\function\round_end\red_completed_objective.mcfunction", "mcfunction", 0, 0, 4, 2, 1, 7
"c:\Users\FlowUP\Documents\GitHub\Magic\datapacks\Magic_FR\data\main\function\round_end\tp_and_set_spawnpoint.mcfunction", "mcfunction", 0, 0, 2, 1, 1, 4
"c:\Users\FlowUP\Documents\GitHub\Magic\datapacks\Magic_FR\data\main\function\start_game\make_frameroom_blue.mcfunction", "mcfunction", 0, 0, 6, 1, 1, 8
"c:\Users\FlowUP\Documents\GitHub\Magic\datapacks\Magic_FR\data\main\function\start_game\make_frameroom_red.mcfunction", "mcfunction", 0, 0, 6, 1, 1, 8
"c:\Users\FlowUP\Documents\GitHub\Magic\datapacks\Magic_FR\data\main\function\start_game\players\player_1.mcfunction", "mcfunction", 0, 0, 9, 3, 2, 14
"c:\Users\FlowUP\Documents\GitHub\Magic\datapacks\Magic_FR\data\main\function\start_game\players\player_10.mcfunction", "mcfunction", 0, 0, 9, 3, 2, 14
"c:\Users\FlowUP\Documents\GitHub\Magic\datapacks\Magic_FR\data\main\function\start_game\players\player_11.mcfunction", "mcfunction", 0, 0, 9, 3, 2, 14
"c:\Users\FlowUP\Documents\GitHub\Magic\datapacks\Magic_FR\data\main\function\start_game\players\player_12.mcfunction", "mcfunction", 0, 0, 9, 3, 2, 14
"c:\Users\FlowUP\Documents\GitHub\Magic\datapacks\Magic_FR\data\main\function\start_game\players\player_2.mcfunction", "mcfunction", 0, 0, 9, 3, 2, 14
"c:\Users\FlowUP\Documents\GitHub\Magic\datapacks\Magic_FR\data\main\function\start_game\players\player_3.mcfunction", "mcfunction", 0, 0, 9, 3, 2, 14
"c:\Users\FlowUP\Documents\GitHub\Magic\datapacks\Magic_FR\data\main\function\start_game\players\player_4.mcfunction", "mcfunction", 0, 0, 9, 3, 2, 14
"c:\Users\FlowUP\Documents\GitHub\Magic\datapacks\Magic_FR\data\main\function\start_game\players\player_5.mcfunction", "mcfunction", 0, 0, 9, 3, 2, 14
"c:\Users\FlowUP\Documents\GitHub\Magic\datapacks\Magic_FR\data\main\function\start_game\players\player_6.mcfunction", "mcfunction", 0, 0, 9, 3, 2, 14
"c:\Users\FlowUP\Documents\GitHub\Magic\datapacks\Magic_FR\data\main\function\start_game\players\player_7.mcfunction", "mcfunction", 0, 0, 9, 3, 2, 14
"c:\Users\FlowUP\Documents\GitHub\Magic\datapacks\Magic_FR\data\main\function\start_game\players\player_8.mcfunction", "mcfunction", 0, 0, 9, 3, 2, 14
"c:\Users\FlowUP\Documents\GitHub\Magic\datapacks\Magic_FR\data\main\function\start_game\players\player_9.mcfunction", "mcfunction", 0, 0, 9, 3, 2, 14
"c:\Users\FlowUP\Documents\GitHub\Magic\datapacks\Magic_FR\data\main\function\start_game\start_game.mcfunction", "mcfunction", 0, 0, 169, 55, 57, 281
"c:\Users\FlowUP\Documents\GitHub\Magic\datapacks\Magic_FR\data\main\function\stats\bow\bow_damage\hit.mcfunction", "mcfunction", 0, 0, 2, 1, 2, 5
"c:\Users\FlowUP\Documents\GitHub\Magic\datapacks\Magic_FR\data\main\function\stats\bow\bow_damage\store_hp_before.mcfunction", "mcfunction", 0, 0, 5, 2, 1, 8
"c:\Users\FlowUP\Documents\GitHub\Magic\datapacks\Magic_FR\data\main\function\stats\bow\bow_damage\victim_hit.mcfunction", "mcfunction", 0, 0, 32, 11, 13, 56
"c:\Users\FlowUP\Documents\GitHub\Magic\datapacks\Magic_FR\data\main\function\stats\bow\bow_kill\bow_kill.mcfunction", "mcfunction", 0, 0, 2, 1, 2, 5
"c:\Users\FlowUP\Documents\GitHub\Magic\datapacks\Magic_FR\data\main\function\stats\calculate_dmg_dealth\calculate_dmg_taken.mcfunction", "mcfunction", 0, 0, 46, 14, 6, 66
"c:\Users\FlowUP\Documents\GitHub\Magic\datapacks\Magic_FR\data\main\function\stats\calculate_dmg_dealth\calculate_dmg_taken_arrow.mcfunction", "mcfunction", 0, 0, 35, 13, 7, 55
"c:\Users\FlowUP\Documents\GitHub\Magic\datapacks\Magic_FR\data\main\function\stats\calculate_dmg_dealth\calculate_dmg_taken_dead.mcfunction", "mcfunction", 0, 0, 41, 8, 5, 54
"c:\Users\FlowUP\Documents\GitHub\Magic\datapacks\Magic_FR\data\main\function\stats\calculate_dmg_dealth\calculate_dmg_taken_dead_arrow.mcfunction", "mcfunction", 0, 0, 30, 7, 5, 42
"c:\Users\FlowUP\Documents\GitHub\Magic\datapacks\Magic_FR\data\main\function\stats\calculate_dmg_dealth\store_hp_after.mcfunction", "mcfunction", 0, 0, 2, 2, 1, 5
"c:\Users\FlowUP\Documents\GitHub\Magic\datapacks\Magic_FR\data\main\function\stats\calculate_dmg_dealth\store_hp_before.mcfunction", "mcfunction", 0, 0, 5, 7, 2, 14
"c:\Users\FlowUP\Documents\GitHub\Magic\datapacks\Magic_FR\data\main\function\stats\calculate_dmg_taken\died.mcfunction", "mcfunction", 0, 0, 2, 4, 2, 8
"c:\Users\FlowUP\Documents\GitHub\Magic\datapacks\Magic_FR\data\main\function\stats\calculate_dmg_taken\took_dmg.mcfunction", "mcfunction", 0, 0, 4, 3, 3, 10
"c:\Users\FlowUP\Documents\GitHub\Magic\datapacks\Magic_FR\data\main\function\stats\leaderboard\clear_leaderboard.mcfunction", "mcfunction", 0, 0, 9, 4, 3, 16
"c:\Users\FlowUP\Documents\GitHub\Magic\datapacks\Magic_FR\data\main\function\stats\leaderboard\display\deathcount.mcfunction", "mcfunction", 0, 0, 157, 3, 13, 173
"c:\Users\FlowUP\Documents\GitHub\Magic\datapacks\Magic_FR\data\main\function\stats\leaderboard\display\dmg_taken.mcfunction", "mcfunction", 0, 0, 157, 3, 13, 173
"c:\Users\FlowUP\Documents\GitHub\Magic\datapacks\Magic_FR\data\main\function\stats\leaderboard\display\final_score.mcfunction", "mcfunction", 0, 0, 157, 3, 13, 173
"c:\Users\FlowUP\Documents\GitHub\Magic\datapacks\Magic_FR\data\main\function\stats\leaderboard\display\flag_earned.mcfunction", "mcfunction", 0, 0, 157, 3, 13, 173
"c:\Users\FlowUP\Documents\GitHub\Magic\datapacks\Magic_FR\data\main\function\stats\leaderboard\display\give_equipement\archer.mcfunction", "mcfunction", 0, 0, 41, 46, 5, 92
"c:\Users\FlowUP\Documents\GitHub\Magic\datapacks\Magic_FR\data\main\function\stats\leaderboard\display\give_equipement\give_equipement.mcfunction", "mcfunction", 0, 0, 4, 2, 1, 7
"c:\Users\FlowUP\Documents\GitHub\Magic\datapacks\Magic_FR\data\main\function\stats\leaderboard\display\give_equipement\mage.mcfunction", "mcfunction", 0, 0, 41, 35, 4, 80
"c:\Users\FlowUP\Documents\GitHub\Magic\datapacks\Magic_FR\data\main\function\stats\leaderboard\display\give_equipement\rogue.mcfunction", "mcfunction", 0, 0, 41, 36, 11, 88
"c:\Users\FlowUP\Documents\GitHub\Magic\datapacks\Magic_FR\data\main\function\stats\leaderboard\display\give_equipement\warrior.mcfunction", "mcfunction", 0, 0, 41, 47, 11, 99
"c:\Users\FlowUP\Documents\GitHub\Magic\datapacks\Magic_FR\data\main\function\stats\leaderboard\display\god_statues.mcfunction", "mcfunction", 0, 0, 36, 2, 4, 42
"c:\Users\FlowUP\Documents\GitHub\Magic\datapacks\Magic_FR\data\main\function\stats\leaderboard\display\kd_ratio.mcfunction", "mcfunction", 0, 0, 181, 5, 15, 201
"c:\Users\FlowUP\Documents\GitHub\Magic\datapacks\Magic_FR\data\main\function\stats\leaderboard\display\killcount.mcfunction", "mcfunction", 0, 0, 157, 3, 13, 173
"c:\Users\FlowUP\Documents\GitHub\Magic\datapacks\Magic_FR\data\main\function\stats\leaderboard\display\obj_score.mcfunction", "mcfunction", 0, 0, 157, 3, 13, 173
"c:\Users\FlowUP\Documents\GitHub\Magic\datapacks\Magic_FR\data\main\function\stats\leaderboard\display\total_dmg.mcfunction", "mcfunction", 0, 0, 157, 3, 13, 173
"c:\Users\FlowUP\Documents\GitHub\Magic\datapacks\Magic_FR\data\main\function\stats\leaderboard\setup_leaderboard_endgame.mcfunction", "mcfunction", 0, 0, 5, 5, 4, 14
"c:\Users\FlowUP\Documents\GitHub\Magic\datapacks\Magic_FR\data\main\function\stats\leaderboard\sort_gstats\sort_final_score\archer\add_to_gstats.mcfunction", "mcfunction", 0, 0, 30, 7, 6, 43
"c:\Users\FlowUP\Documents\GitHub\Magic\datapacks\Magic_FR\data\main\function\stats\leaderboard\sort_gstats\sort_final_score\archer\check_score.mcfunction", "mcfunction", 0, 0, 12, 2, 2, 16
"c:\Users\FlowUP\Documents\GitHub\Magic\datapacks\Magic_FR\data\main\function\stats\leaderboard\sort_gstats\sort_final_score\archer\swap_2_1.mcfunction", "mcfunction", 0, 0, 30, 4, 4, 38
"c:\Users\FlowUP\Documents\GitHub\Magic\datapacks\Magic_FR\data\main\function\stats\leaderboard\sort_gstats\sort_final_score\archer\swap_3_2.mcfunction", "mcfunction", 0, 0, 30, 4, 4, 38
"c:\Users\FlowUP\Documents\GitHub\Magic\datapacks\Magic_FR\data\main\function\stats\leaderboard\sort_gstats\sort_final_score\archer\swap_4_3.mcfunction", "mcfunction", 0, 0, 30, 4, 4, 38
"c:\Users\FlowUP\Documents\GitHub\Magic\datapacks\Magic_FR\data\main\function\stats\leaderboard\sort_gstats\sort_final_score\archer\swap_5_4.mcfunction", "mcfunction", 0, 0, 30, 4, 5, 39
"c:\Users\FlowUP\Documents\GitHub\Magic\datapacks\Magic_FR\data\main\function\stats\leaderboard\sort_gstats\sort_final_score\mage\add_to_gstats.mcfunction", "mcfunction", 0, 0, 30, 7, 6, 43
"c:\Users\FlowUP\Documents\GitHub\Magic\datapacks\Magic_FR\data\main\function\stats\leaderboard\sort_gstats\sort_final_score\mage\check_score.mcfunction", "mcfunction", 0, 0, 12, 2, 2, 16
"c:\Users\FlowUP\Documents\GitHub\Magic\datapacks\Magic_FR\data\main\function\stats\leaderboard\sort_gstats\sort_final_score\mage\swap_2_1.mcfunction", "mcfunction", 0, 0, 30, 4, 4, 38
"c:\Users\FlowUP\Documents\GitHub\Magic\datapacks\Magic_FR\data\main\function\stats\leaderboard\sort_gstats\sort_final_score\mage\swap_3_2.mcfunction", "mcfunction", 0, 0, 30, 4, 4, 38
"c:\Users\FlowUP\Documents\GitHub\Magic\datapacks\Magic_FR\data\main\function\stats\leaderboard\sort_gstats\sort_final_score\mage\swap_4_3.mcfunction", "mcfunction", 0, 0, 30, 4, 4, 38
"c:\Users\FlowUP\Documents\GitHub\Magic\datapacks\Magic_FR\data\main\function\stats\leaderboard\sort_gstats\sort_final_score\mage\swap_5_4.mcfunction", "mcfunction", 0, 0, 30, 4, 5, 39
"c:\Users\FlowUP\Documents\GitHub\Magic\datapacks\Magic_FR\data\main\function\stats\leaderboard\sort_gstats\sort_final_score\refresh_gstat_leaderboard.mcfunction", "mcfunction", 0, 0, 4, 6, 4, 14
"c:\Users\FlowUP\Documents\GitHub\Magic\datapacks\Magic_FR\data\main\function\stats\leaderboard\sort_gstats\sort_final_score\rogue\add_to_gstats.mcfunction", "mcfunction", 0, 0, 30, 7, 6, 43
"c:\Users\FlowUP\Documents\GitHub\Magic\datapacks\Magic_FR\data\main\function\stats\leaderboard\sort_gstats\sort_final_score\rogue\check_score.mcfunction", "mcfunction", 0, 0, 12, 2, 2, 16
"c:\Users\FlowUP\Documents\GitHub\Magic\datapacks\Magic_FR\data\main\function\stats\leaderboard\sort_gstats\sort_final_score\rogue\swap_2_1.mcfunction", "mcfunction", 0, 0, 30, 4, 4, 38
"c:\Users\FlowUP\Documents\GitHub\Magic\datapacks\Magic_FR\data\main\function\stats\leaderboard\sort_gstats\sort_final_score\rogue\swap_3_2.mcfunction", "mcfunction", 0, 0, 30, 4, 4, 38
"c:\Users\FlowUP\Documents\GitHub\Magic\datapacks\Magic_FR\data\main\function\stats\leaderboard\sort_gstats\sort_final_score\rogue\swap_4_3.mcfunction", "mcfunction", 0, 0, 30, 4, 4, 38
"c:\Users\FlowUP\Documents\GitHub\Magic\datapacks\Magic_FR\data\main\function\stats\leaderboard\sort_gstats\sort_final_score\rogue\swap_5_4.mcfunction", "mcfunction", 0, 0, 30, 4, 5, 39
"c:\Users\FlowUP\Documents\GitHub\Magic\datapacks\Magic_FR\data\main\function\stats\leaderboard\sort_gstats\sort_final_score\warrior\add_to_gstats.mcfunction", "mcfunction", 0, 0, 30, 7, 6, 43
"c:\Users\FlowUP\Documents\GitHub\Magic\datapacks\Magic_FR\data\main\function\stats\leaderboard\sort_gstats\sort_final_score\warrior\check_score.mcfunction", "mcfunction", 0, 0, 12, 2, 2, 16
"c:\Users\FlowUP\Documents\GitHub\Magic\datapacks\Magic_FR\data\main\function\stats\leaderboard\sort_gstats\sort_final_score\warrior\swap_2_1.mcfunction", "mcfunction", 0, 0, 30, 4, 4, 38
"c:\Users\FlowUP\Documents\GitHub\Magic\datapacks\Magic_FR\data\main\function\stats\leaderboard\sort_gstats\sort_final_score\warrior\swap_3_2.mcfunction", "mcfunction", 0, 0, 30, 4, 4, 38
"c:\Users\FlowUP\Documents\GitHub\Magic\datapacks\Magic_FR\data\main\function\stats\leaderboard\sort_gstats\sort_final_score\warrior\swap_4_3.mcfunction", "mcfunction", 0, 0, 30, 4, 4, 38
"c:\Users\FlowUP\Documents\GitHub\Magic\datapacks\Magic_FR\data\main\function\stats\leaderboard\sort_gstats\sort_final_score\warrior\swap_5_4.mcfunction", "mcfunction", 0, 0, 30, 4, 5, 39
"c:\Users\FlowUP\Documents\GitHub\Magic\datapacks\Magic_FR\data\main\function\stats\leaderboard\sort_stats\sort_bow_dmg\save_place.mcfunction", "mcfunction", 0, 0, 14, 4, 3, 21
"c:\Users\FlowUP\Documents\GitHub\Magic\datapacks\Magic_FR\data\main\function\stats\leaderboard\sort_stats\sort_bow_dmg\save_player_stats\rank1.mcfunction", "mcfunction", 0, 0, 13, 3, 2, 18
"c:\Users\FlowUP\Documents\GitHub\Magic\datapacks\Magic_FR\data\main\function\stats\leaderboard\sort_stats\sort_bow_dmg\save_player_stats\rank10.mcfunction", "mcfunction", 0, 0, 13, 3, 2, 18
"c:\Users\FlowUP\Documents\GitHub\Magic\datapacks\Magic_FR\data\main\function\stats\leaderboard\sort_stats\sort_bow_dmg\save_player_stats\rank11.mcfunction", "mcfunction", 0, 0, 13, 3, 2, 18
"c:\Users\FlowUP\Documents\GitHub\Magic\datapacks\Magic_FR\data\main\function\stats\leaderboard\sort_stats\sort_bow_dmg\save_player_stats\rank12.mcfunction", "mcfunction", 0, 0, 13, 3, 2, 18
"c:\Users\FlowUP\Documents\GitHub\Magic\datapacks\Magic_FR\data\main\function\stats\leaderboard\sort_stats\sort_bow_dmg\save_player_stats\rank2.mcfunction", "mcfunction", 0, 0, 13, 3, 2, 18
"c:\Users\FlowUP\Documents\GitHub\Magic\datapacks\Magic_FR\data\main\function\stats\leaderboard\sort_stats\sort_bow_dmg\save_player_stats\rank3.mcfunction", "mcfunction", 0, 0, 13, 3, 2, 18
"c:\Users\FlowUP\Documents\GitHub\Magic\datapacks\Magic_FR\data\main\function\stats\leaderboard\sort_stats\sort_bow_dmg\save_player_stats\rank4.mcfunction", "mcfunction", 0, 0, 13, 3, 2, 18
"c:\Users\FlowUP\Documents\GitHub\Magic\datapacks\Magic_FR\data\main\function\stats\leaderboard\sort_stats\sort_bow_dmg\save_player_stats\rank5.mcfunction", "mcfunction", 0, 0, 13, 3, 2, 18
"c:\Users\FlowUP\Documents\GitHub\Magic\datapacks\Magic_FR\data\main\function\stats\leaderboard\sort_stats\sort_bow_dmg\save_player_stats\rank6.mcfunction", "mcfunction", 0, 0, 13, 3, 2, 18
"c:\Users\FlowUP\Documents\GitHub\Magic\datapacks\Magic_FR\data\main\function\stats\leaderboard\sort_stats\sort_bow_dmg\save_player_stats\rank7.mcfunction", "mcfunction", 0, 0, 13, 3, 2, 18
"c:\Users\FlowUP\Documents\GitHub\Magic\datapacks\Magic_FR\data\main\function\stats\leaderboard\sort_stats\sort_bow_dmg\save_player_stats\rank8.mcfunction", "mcfunction", 0, 0, 13, 3, 2, 18
"c:\Users\FlowUP\Documents\GitHub\Magic\datapacks\Magic_FR\data\main\function\stats\leaderboard\sort_stats\sort_bow_dmg\save_player_stats\rank9.mcfunction", "mcfunction", 0, 0, 13, 3, 2, 18
"c:\Users\FlowUP\Documents\GitHub\Magic\datapacks\Magic_FR\data\main\function\stats\leaderboard\sort_stats\sort_bow_dmg\sort_bow_dmg.mcfunction", "mcfunction", 0, 0, 5, 5, 5, 15
"c:\Users\FlowUP\Documents\GitHub\Magic\datapacks\Magic_FR\data\main\function\stats\leaderboard\sort_stats\sort_bow_dmg\sorting_clock.mcfunction", "mcfunction", 0, 0, 7, 8, 8, 23
"c:\Users\FlowUP\Documents\GitHub\Magic\datapacks\Magic_FR\data\main\function\stats\leaderboard\sort_stats\sort_deathcount\save_place.mcfunction", "mcfunction", 0, 0, 14, 4, 3, 21
"c:\Users\FlowUP\Documents\GitHub\Magic\datapacks\Magic_FR\data\main\function\stats\leaderboard\sort_stats\sort_deathcount\save_player_stats\rank1.mcfunction", "mcfunction", 0, 0, 13, 3, 2, 18
"c:\Users\FlowUP\Documents\GitHub\Magic\datapacks\Magic_FR\data\main\function\stats\leaderboard\sort_stats\sort_deathcount\save_player_stats\rank10.mcfunction", "mcfunction", 0, 0, 13, 3, 2, 18
"c:\Users\FlowUP\Documents\GitHub\Magic\datapacks\Magic_FR\data\main\function\stats\leaderboard\sort_stats\sort_deathcount\save_player_stats\rank11.mcfunction", "mcfunction", 0, 0, 13, 3, 2, 18
"c:\Users\FlowUP\Documents\GitHub\Magic\datapacks\Magic_FR\data\main\function\stats\leaderboard\sort_stats\sort_deathcount\save_player_stats\rank12.mcfunction", "mcfunction", 0, 0, 13, 3, 2, 18
"c:\Users\FlowUP\Documents\GitHub\Magic\datapacks\Magic_FR\data\main\function\stats\leaderboard\sort_stats\sort_deathcount\save_player_stats\rank2.mcfunction", "mcfunction", 0, 0, 13, 3, 2, 18
"c:\Users\FlowUP\Documents\GitHub\Magic\datapacks\Magic_FR\data\main\function\stats\leaderboard\sort_stats\sort_deathcount\save_player_stats\rank3.mcfunction", "mcfunction", 0, 0, 13, 3, 2, 18
"c:\Users\FlowUP\Documents\GitHub\Magic\datapacks\Magic_FR\data\main\function\stats\leaderboard\sort_stats\sort_deathcount\save_player_stats\rank4.mcfunction", "mcfunction", 0, 0, 13, 3, 2, 18
"c:\Users\FlowUP\Documents\GitHub\Magic\datapacks\Magic_FR\data\main\function\stats\leaderboard\sort_stats\sort_deathcount\save_player_stats\rank5.mcfunction", "mcfunction", 0, 0, 13, 3, 2, 18
"c:\Users\FlowUP\Documents\GitHub\Magic\datapacks\Magic_FR\data\main\function\stats\leaderboard\sort_stats\sort_deathcount\save_player_stats\rank6.mcfunction", "mcfunction", 0, 0, 13, 3, 2, 18
"c:\Users\FlowUP\Documents\GitHub\Magic\datapacks\Magic_FR\data\main\function\stats\leaderboard\sort_stats\sort_deathcount\save_player_stats\rank7.mcfunction", "mcfunction", 0, 0, 13, 3, 2, 18
"c:\Users\FlowUP\Documents\GitHub\Magic\datapacks\Magic_FR\data\main\function\stats\leaderboard\sort_stats\sort_deathcount\save_player_stats\rank8.mcfunction", "mcfunction", 0, 0, 13, 3, 2, 18
"c:\Users\FlowUP\Documents\GitHub\Magic\datapacks\Magic_FR\data\main\function\stats\leaderboard\sort_stats\sort_deathcount\save_player_stats\rank9.mcfunction", "mcfunction", 0, 0, 13, 3, 2, 18
"c:\Users\FlowUP\Documents\GitHub\Magic\datapacks\Magic_FR\data\main\function\stats\leaderboard\sort_stats\sort_deathcount\sort_deathcount.mcfunction", "mcfunction", 0, 0, 5, 5, 5, 15
"c:\Users\FlowUP\Documents\GitHub\Magic\datapacks\Magic_FR\data\main\function\stats\leaderboard\sort_stats\sort_deathcount\sorting_clock.mcfunction", "mcfunction", 0, 0, 7, 8, 8, 23
"c:\Users\FlowUP\Documents\GitHub\Magic\datapacks\Magic_FR\data\main\function\stats\leaderboard\sort_stats\sort_dmg_taken\save_place.mcfunction", "mcfunction", 0, 0, 14, 4, 3, 21
"c:\Users\FlowUP\Documents\GitHub\Magic\datapacks\Magic_FR\data\main\function\stats\leaderboard\sort_stats\sort_dmg_taken\save_player_stats\rank1.mcfunction", "mcfunction", 0, 0, 13, 3, 2, 18
"c:\Users\FlowUP\Documents\GitHub\Magic\datapacks\Magic_FR\data\main\function\stats\leaderboard\sort_stats\sort_dmg_taken\save_player_stats\rank10.mcfunction", "mcfunction", 0, 0, 13, 3, 2, 18
"c:\Users\FlowUP\Documents\GitHub\Magic\datapacks\Magic_FR\data\main\function\stats\leaderboard\sort_stats\sort_dmg_taken\save_player_stats\rank11.mcfunction", "mcfunction", 0, 0, 13, 3, 2, 18
"c:\Users\FlowUP\Documents\GitHub\Magic\datapacks\Magic_FR\data\main\function\stats\leaderboard\sort_stats\sort_dmg_taken\save_player_stats\rank12.mcfunction", "mcfunction", 0, 0, 13, 3, 2, 18
"c:\Users\FlowUP\Documents\GitHub\Magic\datapacks\Magic_FR\data\main\function\stats\leaderboard\sort_stats\sort_dmg_taken\save_player_stats\rank2.mcfunction", "mcfunction", 0, 0, 13, 3, 2, 18
"c:\Users\FlowUP\Documents\GitHub\Magic\datapacks\Magic_FR\data\main\function\stats\leaderboard\sort_stats\sort_dmg_taken\save_player_stats\rank3.mcfunction", "mcfunction", 0, 0, 13, 3, 2, 18
"c:\Users\FlowUP\Documents\GitHub\Magic\datapacks\Magic_FR\data\main\function\stats\leaderboard\sort_stats\sort_dmg_taken\save_player_stats\rank4.mcfunction", "mcfunction", 0, 0, 13, 3, 2, 18
"c:\Users\FlowUP\Documents\GitHub\Magic\datapacks\Magic_FR\data\main\function\stats\leaderboard\sort_stats\sort_dmg_taken\save_player_stats\rank5.mcfunction", "mcfunction", 0, 0, 13, 3, 3, 19
"c:\Users\FlowUP\Documents\GitHub\Magic\datapacks\Magic_FR\data\main\function\stats\leaderboard\sort_stats\sort_dmg_taken\save_player_stats\rank6.mcfunction", "mcfunction", 0, 0, 13, 3, 2, 18
"c:\Users\FlowUP\Documents\GitHub\Magic\datapacks\Magic_FR\data\main\function\stats\leaderboard\sort_stats\sort_dmg_taken\save_player_stats\rank7.mcfunction", "mcfunction", 0, 0, 13, 3, 2, 18
"c:\Users\FlowUP\Documents\GitHub\Magic\datapacks\Magic_FR\data\main\function\stats\leaderboard\sort_stats\sort_dmg_taken\save_player_stats\rank8.mcfunction", "mcfunction", 0, 0, 13, 3, 2, 18
"c:\Users\FlowUP\Documents\GitHub\Magic\datapacks\Magic_FR\data\main\function\stats\leaderboard\sort_stats\sort_dmg_taken\save_player_stats\rank9.mcfunction", "mcfunction", 0, 0, 13, 3, 2, 18
"c:\Users\FlowUP\Documents\GitHub\Magic\datapacks\Magic_FR\data\main\function\stats\leaderboard\sort_stats\sort_dmg_taken\sort_dmg_taken.mcfunction", "mcfunction", 0, 0, 5, 5, 5, 15
"c:\Users\FlowUP\Documents\GitHub\Magic\datapacks\Magic_FR\data\main\function\stats\leaderboard\sort_stats\sort_dmg_taken\sorting_clock.mcfunction", "mcfunction", 0, 0, 7, 8, 8, 23
"c:\Users\FlowUP\Documents\GitHub\Magic\datapacks\Magic_FR\data\main\function\stats\leaderboard\sort_stats\sort_final_score\calculate_final_score.mcfunction", "mcfunction", 0, 0, 13, 6, 4, 23
"c:\Users\FlowUP\Documents\GitHub\Magic\datapacks\Magic_FR\data\main\function\stats\leaderboard\sort_stats\sort_final_score\save_place.mcfunction", "mcfunction", 0, 0, 14, 4, 3, 21
"c:\Users\FlowUP\Documents\GitHub\Magic\datapacks\Magic_FR\data\main\function\stats\leaderboard\sort_stats\sort_final_score\save_player_stats\rank1.mcfunction", "mcfunction", 0, 0, 13, 3, 2, 18
"c:\Users\FlowUP\Documents\GitHub\Magic\datapacks\Magic_FR\data\main\function\stats\leaderboard\sort_stats\sort_final_score\save_player_stats\rank10.mcfunction", "mcfunction", 0, 0, 13, 3, 2, 18
"c:\Users\FlowUP\Documents\GitHub\Magic\datapacks\Magic_FR\data\main\function\stats\leaderboard\sort_stats\sort_final_score\save_player_stats\rank11.mcfunction", "mcfunction", 0, 0, 13, 3, 2, 18
"c:\Users\FlowUP\Documents\GitHub\Magic\datapacks\Magic_FR\data\main\function\stats\leaderboard\sort_stats\sort_final_score\save_player_stats\rank12.mcfunction", "mcfunction", 0, 0, 13, 3, 2, 18
"c:\Users\FlowUP\Documents\GitHub\Magic\datapacks\Magic_FR\data\main\function\stats\leaderboard\sort_stats\sort_final_score\save_player_stats\rank2.mcfunction", "mcfunction", 0, 0, 13, 3, 2, 18
"c:\Users\FlowUP\Documents\GitHub\Magic\datapacks\Magic_FR\data\main\function\stats\leaderboard\sort_stats\sort_final_score\save_player_stats\rank3.mcfunction", "mcfunction", 0, 0, 13, 3, 2, 18
"c:\Users\FlowUP\Documents\GitHub\Magic\datapacks\Magic_FR\data\main\function\stats\leaderboard\sort_stats\sort_final_score\save_player_stats\rank4.mcfunction", "mcfunction", 0, 0, 13, 3, 2, 18
"c:\Users\FlowUP\Documents\GitHub\Magic\datapacks\Magic_FR\data\main\function\stats\leaderboard\sort_stats\sort_final_score\save_player_stats\rank5.mcfunction", "mcfunction", 0, 0, 13, 3, 2, 18
"c:\Users\FlowUP\Documents\GitHub\Magic\datapacks\Magic_FR\data\main\function\stats\leaderboard\sort_stats\sort_final_score\save_player_stats\rank6.mcfunction", "mcfunction", 0, 0, 13, 3, 2, 18
"c:\Users\FlowUP\Documents\GitHub\Magic\datapacks\Magic_FR\data\main\function\stats\leaderboard\sort_stats\sort_final_score\save_player_stats\rank7.mcfunction", "mcfunction", 0, 0, 13, 3, 2, 18
"c:\Users\FlowUP\Documents\GitHub\Magic\datapacks\Magic_FR\data\main\function\stats\leaderboard\sort_stats\sort_final_score\save_player_stats\rank8.mcfunction", "mcfunction", 0, 0, 13, 3, 2, 18
"c:\Users\FlowUP\Documents\GitHub\Magic\datapacks\Magic_FR\data\main\function\stats\leaderboard\sort_stats\sort_final_score\save_player_stats\rank9.mcfunction", "mcfunction", 0, 0, 13, 3, 2, 18
"c:\Users\FlowUP\Documents\GitHub\Magic\datapacks\Magic_FR\data\main\function\stats\leaderboard\sort_stats\sort_final_score\sort_final_score.mcfunction", "mcfunction", 0, 0, 5, 6, 6, 17
"c:\Users\FlowUP\Documents\GitHub\Magic\datapacks\Magic_FR\data\main\function\stats\leaderboard\sort_stats\sort_final_score\sorting_clock.mcfunction", "mcfunction", 0, 0, 7, 8, 8, 23
"c:\Users\FlowUP\Documents\GitHub\Magic\datapacks\Magic_FR\data\main\function\stats\leaderboard\sort_stats\sort_flag_earned\save_place.mcfunction", "mcfunction", 0, 0, 14, 4, 3, 21
"c:\Users\FlowUP\Documents\GitHub\Magic\datapacks\Magic_FR\data\main\function\stats\leaderboard\sort_stats\sort_flag_earned\save_player_stats\rank1.mcfunction", "mcfunction", 0, 0, 13, 3, 2, 18
"c:\Users\FlowUP\Documents\GitHub\Magic\datapacks\Magic_FR\data\main\function\stats\leaderboard\sort_stats\sort_flag_earned\save_player_stats\rank10.mcfunction", "mcfunction", 0, 0, 13, 3, 2, 18
"c:\Users\FlowUP\Documents\GitHub\Magic\datapacks\Magic_FR\data\main\function\stats\leaderboard\sort_stats\sort_flag_earned\save_player_stats\rank11.mcfunction", "mcfunction", 0, 0, 13, 3, 2, 18
"c:\Users\FlowUP\Documents\GitHub\Magic\datapacks\Magic_FR\data\main\function\stats\leaderboard\sort_stats\sort_flag_earned\save_player_stats\rank12.mcfunction", "mcfunction", 0, 0, 13, 3, 2, 18
"c:\Users\FlowUP\Documents\GitHub\Magic\datapacks\Magic_FR\data\main\function\stats\leaderboard\sort_stats\sort_flag_earned\save_player_stats\rank2.mcfunction", "mcfunction", 0, 0, 13, 3, 2, 18
"c:\Users\FlowUP\Documents\GitHub\Magic\datapacks\Magic_FR\data\main\function\stats\leaderboard\sort_stats\sort_flag_earned\save_player_stats\rank3.mcfunction", "mcfunction", 0, 0, 13, 3, 2, 18
"c:\Users\FlowUP\Documents\GitHub\Magic\datapacks\Magic_FR\data\main\function\stats\leaderboard\sort_stats\sort_flag_earned\save_player_stats\rank4.mcfunction", "mcfunction", 0, 0, 13, 3, 2, 18
"c:\Users\FlowUP\Documents\GitHub\Magic\datapacks\Magic_FR\data\main\function\stats\leaderboard\sort_stats\sort_flag_earned\save_player_stats\rank5.mcfunction", "mcfunction", 0, 0, 13, 3, 2, 18
"c:\Users\FlowUP\Documents\GitHub\Magic\datapacks\Magic_FR\data\main\function\stats\leaderboard\sort_stats\sort_flag_earned\save_player_stats\rank6.mcfunction", "mcfunction", 0, 0, 13, 3, 2, 18
"c:\Users\FlowUP\Documents\GitHub\Magic\datapacks\Magic_FR\data\main\function\stats\leaderboard\sort_stats\sort_flag_earned\save_player_stats\rank7.mcfunction", "mcfunction", 0, 0, 13, 3, 2, 18
"c:\Users\FlowUP\Documents\GitHub\Magic\datapacks\Magic_FR\data\main\function\stats\leaderboard\sort_stats\sort_flag_earned\save_player_stats\rank8.mcfunction", "mcfunction", 0, 0, 13, 3, 2, 18
"c:\Users\FlowUP\Documents\GitHub\Magic\datapacks\Magic_FR\data\main\function\stats\leaderboard\sort_stats\sort_flag_earned\save_player_stats\rank9.mcfunction", "mcfunction", 0, 0, 13, 3, 2, 18
"c:\Users\FlowUP\Documents\GitHub\Magic\datapacks\Magic_FR\data\main\function\stats\leaderboard\sort_stats\sort_flag_earned\sort_flag_earned.mcfunction", "mcfunction", 0, 0, 5, 5, 5, 15
"c:\Users\FlowUP\Documents\GitHub\Magic\datapacks\Magic_FR\data\main\function\stats\leaderboard\sort_stats\sort_flag_earned\sorting_clock.mcfunction", "mcfunction", 0, 0, 7, 8, 8, 23
"c:\Users\FlowUP\Documents\GitHub\Magic\datapacks\Magic_FR\data\main\function\stats\leaderboard\sort_stats\sort_kd_ratio1000\calculate_ratio.mcfunction", "mcfunction", 0, 0, 6, 4, 5, 15
"c:\Users\FlowUP\Documents\GitHub\Magic\datapacks\Magic_FR\data\main\function\stats\leaderboard\sort_stats\sort_kd_ratio1000\save_place.mcfunction", "mcfunction", 0, 0, 14, 4, 3, 21
"c:\Users\FlowUP\Documents\GitHub\Magic\datapacks\Magic_FR\data\main\function\stats\leaderboard\sort_stats\sort_kd_ratio1000\save_player_stats\rank1.mcfunction", "mcfunction", 0, 0, 118, 13, 23, 154
"c:\Users\FlowUP\Documents\GitHub\Magic\datapacks\Magic_FR\data\main\function\stats\leaderboard\sort_stats\sort_kd_ratio1000\save_player_stats\rank10.mcfunction", "mcfunction", 0, 0, 118, 13, 23, 154
"c:\Users\FlowUP\Documents\GitHub\Magic\datapacks\Magic_FR\data\main\function\stats\leaderboard\sort_stats\sort_kd_ratio1000\save_player_stats\rank11.mcfunction", "mcfunction", 0, 0, 118, 13, 22, 153
"c:\Users\FlowUP\Documents\GitHub\Magic\datapacks\Magic_FR\data\main\function\stats\leaderboard\sort_stats\sort_kd_ratio1000\save_player_stats\rank12.mcfunction", "mcfunction", 0, 0, 118, 13, 21, 152
"c:\Users\FlowUP\Documents\GitHub\Magic\datapacks\Magic_FR\data\main\function\stats\leaderboard\sort_stats\sort_kd_ratio1000\save_player_stats\rank2.mcfunction", "mcfunction", 0, 0, 118, 13, 21, 152
"c:\Users\FlowUP\Documents\GitHub\Magic\datapacks\Magic_FR\data\main\function\stats\leaderboard\sort_stats\sort_kd_ratio1000\save_player_stats\rank3.mcfunction", "mcfunction", 0, 0, 118, 13, 21, 152
"c:\Users\FlowUP\Documents\GitHub\Magic\datapacks\Magic_FR\data\main\function\stats\leaderboard\sort_stats\sort_kd_ratio1000\save_player_stats\rank4.mcfunction", "mcfunction", 0, 0, 118, 13, 21, 152
"c:\Users\FlowUP\Documents\GitHub\Magic\datapacks\Magic_FR\data\main\function\stats\leaderboard\sort_stats\sort_kd_ratio1000\save_player_stats\rank5.mcfunction", "mcfunction", 0, 0, 118, 13, 21, 152
"c:\Users\FlowUP\Documents\GitHub\Magic\datapacks\Magic_FR\data\main\function\stats\leaderboard\sort_stats\sort_kd_ratio1000\save_player_stats\rank6.mcfunction", "mcfunction", 0, 0, 118, 13, 21, 152
"c:\Users\FlowUP\Documents\GitHub\Magic\datapacks\Magic_FR\data\main\function\stats\leaderboard\sort_stats\sort_kd_ratio1000\save_player_stats\rank7.mcfunction", "mcfunction", 0, 0, 118, 13, 22, 153
"c:\Users\FlowUP\Documents\GitHub\Magic\datapacks\Magic_FR\data\main\function\stats\leaderboard\sort_stats\sort_kd_ratio1000\save_player_stats\rank8.mcfunction", "mcfunction", 0, 0, 118, 13, 22, 153
"c:\Users\FlowUP\Documents\GitHub\Magic\datapacks\Magic_FR\data\main\function\stats\leaderboard\sort_stats\sort_kd_ratio1000\save_player_stats\rank9.mcfunction", "mcfunction", 0, 0, 118, 13, 23, 154
"c:\Users\FlowUP\Documents\GitHub\Magic\datapacks\Magic_FR\data\main\function\stats\leaderboard\sort_stats\sort_kd_ratio1000\sort_kd_ratio1000.mcfunction", "mcfunction", 0, 0, 6, 5, 6, 17
"c:\Users\FlowUP\Documents\GitHub\Magic\datapacks\Magic_FR\data\main\function\stats\leaderboard\sort_stats\sort_kd_ratio1000\sorting_clock.mcfunction", "mcfunction", 0, 0, 7, 8, 8, 23
"c:\Users\FlowUP\Documents\GitHub\Magic\datapacks\Magic_FR\data\main\function\stats\leaderboard\sort_stats\sort_killcount\save_place.mcfunction", "mcfunction", 0, 0, 14, 4, 3, 21
"c:\Users\FlowUP\Documents\GitHub\Magic\datapacks\Magic_FR\data\main\function\stats\leaderboard\sort_stats\sort_killcount\save_player_stats\rank1.mcfunction", "mcfunction", 0, 0, 13, 3, 2, 18
"c:\Users\FlowUP\Documents\GitHub\Magic\datapacks\Magic_FR\data\main\function\stats\leaderboard\sort_stats\sort_killcount\save_player_stats\rank10.mcfunction", "mcfunction", 0, 0, 13, 3, 2, 18
"c:\Users\FlowUP\Documents\GitHub\Magic\datapacks\Magic_FR\data\main\function\stats\leaderboard\sort_stats\sort_killcount\save_player_stats\rank11.mcfunction", "mcfunction", 0, 0, 13, 3, 2, 18
"c:\Users\FlowUP\Documents\GitHub\Magic\datapacks\Magic_FR\data\main\function\stats\leaderboard\sort_stats\sort_killcount\save_player_stats\rank12.mcfunction", "mcfunction", 0, 0, 13, 3, 2, 18
"c:\Users\FlowUP\Documents\GitHub\Magic\datapacks\Magic_FR\data\main\function\stats\leaderboard\sort_stats\sort_killcount\save_player_stats\rank2.mcfunction", "mcfunction", 0, 0, 13, 3, 3, 19
"c:\Users\FlowUP\Documents\GitHub\Magic\datapacks\Magic_FR\data\main\function\stats\leaderboard\sort_stats\sort_killcount\save_player_stats\rank3.mcfunction", "mcfunction", 0, 0, 13, 3, 2, 18
"c:\Users\FlowUP\Documents\GitHub\Magic\datapacks\Magic_FR\data\main\function\stats\leaderboard\sort_stats\sort_killcount\save_player_stats\rank4.mcfunction", "mcfunction", 0, 0, 13, 3, 2, 18
"c:\Users\FlowUP\Documents\GitHub\Magic\datapacks\Magic_FR\data\main\function\stats\leaderboard\sort_stats\sort_killcount\save_player_stats\rank5.mcfunction", "mcfunction", 0, 0, 13, 3, 2, 18
"c:\Users\FlowUP\Documents\GitHub\Magic\datapacks\Magic_FR\data\main\function\stats\leaderboard\sort_stats\sort_killcount\save_player_stats\rank6.mcfunction", "mcfunction", 0, 0, 13, 3, 2, 18
"c:\Users\FlowUP\Documents\GitHub\Magic\datapacks\Magic_FR\data\main\function\stats\leaderboard\sort_stats\sort_killcount\save_player_stats\rank7.mcfunction", "mcfunction", 0, 0, 13, 3, 2, 18
"c:\Users\FlowUP\Documents\GitHub\Magic\datapacks\Magic_FR\data\main\function\stats\leaderboard\sort_stats\sort_killcount\save_player_stats\rank8.mcfunction", "mcfunction", 0, 0, 13, 3, 2, 18
"c:\Users\FlowUP\Documents\GitHub\Magic\datapacks\Magic_FR\data\main\function\stats\leaderboard\sort_stats\sort_killcount\save_player_stats\rank9.mcfunction", "mcfunction", 0, 0, 13, 3, 2, 18
"c:\Users\FlowUP\Documents\GitHub\Magic\datapacks\Magic_FR\data\main\function\stats\leaderboard\sort_stats\sort_killcount\sort_killcount.mcfunction", "mcfunction", 0, 0, 5, 5, 5, 15
"c:\Users\FlowUP\Documents\GitHub\Magic\datapacks\Magic_FR\data\main\function\stats\leaderboard\sort_stats\sort_killcount\sorting_clock.mcfunction", "mcfunction", 0, 0, 7, 8, 8, 23
"c:\Users\FlowUP\Documents\GitHub\Magic\datapacks\Magic_FR\data\main\function\stats\leaderboard\sort_stats\sort_obj_score\calculate_obj_score.mcfunction", "mcfunction", 0, 0, 18, 8, 6, 32
"c:\Users\FlowUP\Documents\GitHub\Magic\datapacks\Magic_FR\data\main\function\stats\leaderboard\sort_stats\sort_obj_score\save_place.mcfunction", "mcfunction", 0, 0, 14, 4, 3, 21
"c:\Users\FlowUP\Documents\GitHub\Magic\datapacks\Magic_FR\data\main\function\stats\leaderboard\sort_stats\sort_obj_score\save_player_stats\rank1.mcfunction", "mcfunction", 0, 0, 13, 3, 2, 18
"c:\Users\FlowUP\Documents\GitHub\Magic\datapacks\Magic_FR\data\main\function\stats\leaderboard\sort_stats\sort_obj_score\save_player_stats\rank10.mcfunction", "mcfunction", 0, 0, 13, 3, 2, 18
"c:\Users\FlowUP\Documents\GitHub\Magic\datapacks\Magic_FR\data\main\function\stats\leaderboard\sort_stats\sort_obj_score\save_player_stats\rank11.mcfunction", "mcfunction", 0, 0, 13, 3, 2, 18
"c:\Users\FlowUP\Documents\GitHub\Magic\datapacks\Magic_FR\data\main\function\stats\leaderboard\sort_stats\sort_obj_score\save_player_stats\rank12.mcfunction", "mcfunction", 0, 0, 13, 3, 2, 18
"c:\Users\FlowUP\Documents\GitHub\Magic\datapacks\Magic_FR\data\main\function\stats\leaderboard\sort_stats\sort_obj_score\save_player_stats\rank2.mcfunction", "mcfunction", 0, 0, 13, 3, 2, 18
"c:\Users\FlowUP\Documents\GitHub\Magic\datapacks\Magic_FR\data\main\function\stats\leaderboard\sort_stats\sort_obj_score\save_player_stats\rank3.mcfunction", "mcfunction", 0, 0, 13, 3, 2, 18
"c:\Users\FlowUP\Documents\GitHub\Magic\datapacks\Magic_FR\data\main\function\stats\leaderboard\sort_stats\sort_obj_score\save_player_stats\rank4.mcfunction", "mcfunction", 0, 0, 13, 3, 2, 18
"c:\Users\FlowUP\Documents\GitHub\Magic\datapacks\Magic_FR\data\main\function\stats\leaderboard\sort_stats\sort_obj_score\save_player_stats\rank5.mcfunction", "mcfunction", 0, 0, 13, 3, 2, 18
"c:\Users\FlowUP\Documents\GitHub\Magic\datapacks\Magic_FR\data\main\function\stats\leaderboard\sort_stats\sort_obj_score\save_player_stats\rank6.mcfunction", "mcfunction", 0, 0, 13, 3, 2, 18
"c:\Users\FlowUP\Documents\GitHub\Magic\datapacks\Magic_FR\data\main\function\stats\leaderboard\sort_stats\sort_obj_score\save_player_stats\rank7.mcfunction", "mcfunction", 0, 0, 13, 3, 2, 18
"c:\Users\FlowUP\Documents\GitHub\Magic\datapacks\Magic_FR\data\main\function\stats\leaderboard\sort_stats\sort_obj_score\save_player_stats\rank8.mcfunction", "mcfunction", 0, 0, 13, 3, 2, 18
"c:\Users\FlowUP\Documents\GitHub\Magic\datapacks\Magic_FR\data\main\function\stats\leaderboard\sort_stats\sort_obj_score\save_player_stats\rank9.mcfunction", "mcfunction", 0, 0, 13, 3, 2, 18
"c:\Users\FlowUP\Documents\GitHub\Magic\datapacks\Magic_FR\data\main\function\stats\leaderboard\sort_stats\sort_obj_score\sort_obj_score.mcfunction", "mcfunction", 0, 0, 5, 6, 6, 17
"c:\Users\FlowUP\Documents\GitHub\Magic\datapacks\Magic_FR\data\main\function\stats\leaderboard\sort_stats\sort_obj_score\sorting_clock.mcfunction", "mcfunction", 0, 0, 7, 8, 8, 23
"c:\Users\FlowUP\Documents\GitHub\Magic\datapacks\Magic_FR\data\main\function\stats\leaderboard\sort_stats\sort_stats.mcfunction", "mcfunction", 0, 0, 28, 18, 18, 64
"c:\Users\FlowUP\Documents\GitHub\Magic\datapacks\Magic_FR\data\main\function\stats\leaderboard\sort_stats\sort_total_dmg\save_place.mcfunction", "mcfunction", 0, 0, 14, 4, 3, 21
"c:\Users\FlowUP\Documents\GitHub\Magic\datapacks\Magic_FR\data\main\function\stats\leaderboard\sort_stats\sort_total_dmg\save_player_stats\rank1.mcfunction", "mcfunction", 0, 0, 13, 3, 2, 18
"c:\Users\FlowUP\Documents\GitHub\Magic\datapacks\Magic_FR\data\main\function\stats\leaderboard\sort_stats\sort_total_dmg\save_player_stats\rank10.mcfunction", "mcfunction", 0, 0, 13, 3, 2, 18
"c:\Users\FlowUP\Documents\GitHub\Magic\datapacks\Magic_FR\data\main\function\stats\leaderboard\sort_stats\sort_total_dmg\save_player_stats\rank11.mcfunction", "mcfunction", 0, 0, 13, 3, 3, 19
"c:\Users\FlowUP\Documents\GitHub\Magic\datapacks\Magic_FR\data\main\function\stats\leaderboard\sort_stats\sort_total_dmg\save_player_stats\rank12.mcfunction", "mcfunction", 0, 0, 13, 3, 2, 18
"c:\Users\FlowUP\Documents\GitHub\Magic\datapacks\Magic_FR\data\main\function\stats\leaderboard\sort_stats\sort_total_dmg\save_player_stats\rank2.mcfunction", "mcfunction", 0, 0, 13, 3, 2, 18
"c:\Users\FlowUP\Documents\GitHub\Magic\datapacks\Magic_FR\data\main\function\stats\leaderboard\sort_stats\sort_total_dmg\save_player_stats\rank3.mcfunction", "mcfunction", 0, 0, 13, 3, 3, 19
"c:\Users\FlowUP\Documents\GitHub\Magic\datapacks\Magic_FR\data\main\function\stats\leaderboard\sort_stats\sort_total_dmg\save_player_stats\rank4.mcfunction", "mcfunction", 0, 0, 13, 3, 2, 18
"c:\Users\FlowUP\Documents\GitHub\Magic\datapacks\Magic_FR\data\main\function\stats\leaderboard\sort_stats\sort_total_dmg\save_player_stats\rank5.mcfunction", "mcfunction", 0, 0, 13, 3, 2, 18
"c:\Users\FlowUP\Documents\GitHub\Magic\datapacks\Magic_FR\data\main\function\stats\leaderboard\sort_stats\sort_total_dmg\save_player_stats\rank6.mcfunction", "mcfunction", 0, 0, 13, 3, 2, 18
"c:\Users\FlowUP\Documents\GitHub\Magic\datapacks\Magic_FR\data\main\function\stats\leaderboard\sort_stats\sort_total_dmg\save_player_stats\rank7.mcfunction", "mcfunction", 0, 0, 13, 3, 2, 18
"c:\Users\FlowUP\Documents\GitHub\Magic\datapacks\Magic_FR\data\main\function\stats\leaderboard\sort_stats\sort_total_dmg\save_player_stats\rank8.mcfunction", "mcfunction", 0, 0, 13, 3, 2, 18
"c:\Users\FlowUP\Documents\GitHub\Magic\datapacks\Magic_FR\data\main\function\stats\leaderboard\sort_stats\sort_total_dmg\save_player_stats\rank9.mcfunction", "mcfunction", 0, 0, 13, 3, 2, 18
"c:\Users\FlowUP\Documents\GitHub\Magic\datapacks\Magic_FR\data\main\function\stats\leaderboard\sort_stats\sort_total_dmg\sort_total_dmg.mcfunction", "mcfunction", 0, 0, 5, 6, 6, 17
"c:\Users\FlowUP\Documents\GitHub\Magic\datapacks\Magic_FR\data\main\function\stats\leaderboard\sort_stats\sort_total_dmg\sorting_clock.mcfunction", "mcfunction", 0, 0, 7, 8, 8, 23
"c:\Users\FlowUP\Documents\GitHub\Magic\datapacks\Magic_FR\data\main\function\stats\leaderboard\summon_leaderboard\marker_leaderboard\classes\archer_statue.mcfunction", "mcfunction", 0, 0, 1, 2, 1, 4
"c:\Users\FlowUP\Documents\GitHub\Magic\datapacks\Magic_FR\data\main\function\stats\leaderboard\summon_leaderboard\marker_leaderboard\classes\mage_statue.mcfunction", "mcfunction", 0, 0, 1, 2, 1, 4
"c:\Users\FlowUP\Documents\GitHub\Magic\datapacks\Magic_FR\data\main\function\stats\leaderboard\summon_leaderboard\marker_leaderboard\classes\rogue_statue.mcfunction", "mcfunction", 0, 0, 1, 2, 1, 4
"c:\Users\FlowUP\Documents\GitHub\Magic\datapacks\Magic_FR\data\main\function\stats\leaderboard\summon_leaderboard\marker_leaderboard\classes\summon_statues.mcfunction", "mcfunction", 0, 0, 5, 2, 1, 8
"c:\Users\FlowUP\Documents\GitHub\Magic\datapacks\Magic_FR\data\main\function\stats\leaderboard\summon_leaderboard\marker_leaderboard\classes\warrior_statue.mcfunction", "mcfunction", 0, 0, 1, 2, 1, 4
"c:\Users\FlowUP\Documents\GitHub\Magic\datapacks\Magic_FR\data\main\function\stats\leaderboard\summon_leaderboard\marker_leaderboard\gods\hades_statue.mcfunction", "mcfunction", 0, 0, 1, 2, 1, 4
"c:\Users\FlowUP\Documents\GitHub\Magic\datapacks\Magic_FR\data\main\function\stats\leaderboard\summon_leaderboard\marker_leaderboard\gods\posseidon_statue.mcfunction", "mcfunction", 0, 0, 1, 2, 2, 5
"c:\Users\FlowUP\Documents\GitHub\Magic\datapacks\Magic_FR\data\main\function\stats\leaderboard\summon_leaderboard\marker_leaderboard\gods\zeus_statue.mcfunction", "mcfunction", 0, 0, 1, 2, 1, 4
"c:\Users\FlowUP\Documents\GitHub\Magic\datapacks\Magic_FR\data\main\function\stats\leaderboard\summon_leaderboard\marker_leaderboard\place1.mcfunction", "mcfunction", 0, 0, 1, 2, 1, 4
"c:\Users\FlowUP\Documents\GitHub\Magic\datapacks\Magic_FR\data\main\function\stats\leaderboard\summon_leaderboard\marker_leaderboard\place10.mcfunction", "mcfunction", 0, 0, 1, 2, 1, 4
"c:\Users\FlowUP\Documents\GitHub\Magic\datapacks\Magic_FR\data\main\function\stats\leaderboard\summon_leaderboard\marker_leaderboard\place11.mcfunction", "mcfunction", 0, 0, 1, 2, 1, 4
"c:\Users\FlowUP\Documents\GitHub\Magic\datapacks\Magic_FR\data\main\function\stats\leaderboard\summon_leaderboard\marker_leaderboard\place12.mcfunction", "mcfunction", 0, 0, 1, 2, 1, 4
"c:\Users\FlowUP\Documents\GitHub\Magic\datapacks\Magic_FR\data\main\function\stats\leaderboard\summon_leaderboard\marker_leaderboard\place2.mcfunction", "mcfunction", 0, 0, 1, 2, 1, 4
"c:\Users\FlowUP\Documents\GitHub\Magic\datapacks\Magic_FR\data\main\function\stats\leaderboard\summon_leaderboard\marker_leaderboard\place3.mcfunction", "mcfunction", 0, 0, 1, 2, 1, 4
"c:\Users\FlowUP\Documents\GitHub\Magic\datapacks\Magic_FR\data\main\function\stats\leaderboard\summon_leaderboard\marker_leaderboard\place4.mcfunction", "mcfunction", 0, 0, 1, 2, 1, 4
"c:\Users\FlowUP\Documents\GitHub\Magic\datapacks\Magic_FR\data\main\function\stats\leaderboard\summon_leaderboard\marker_leaderboard\place5.mcfunction", "mcfunction", 0, 0, 1, 2, 1, 4
"c:\Users\FlowUP\Documents\GitHub\Magic\datapacks\Magic_FR\data\main\function\stats\leaderboard\summon_leaderboard\marker_leaderboard\place6.mcfunction", "mcfunction", 0, 0, 1, 2, 1, 4
"c:\Users\FlowUP\Documents\GitHub\Magic\datapacks\Magic_FR\data\main\function\stats\leaderboard\summon_leaderboard\marker_leaderboard\place7.mcfunction", "mcfunction", 0, 0, 1, 2, 1, 4
"c:\Users\FlowUP\Documents\GitHub\Magic\datapacks\Magic_FR\data\main\function\stats\leaderboard\summon_leaderboard\marker_leaderboard\place8.mcfunction", "mcfunction", 0, 0, 1, 2, 1, 4
"c:\Users\FlowUP\Documents\GitHub\Magic\datapacks\Magic_FR\data\main\function\stats\leaderboard\summon_leaderboard\marker_leaderboard\place9.mcfunction", "mcfunction", 0, 0, 1, 2, 1, 4
"c:\Users\FlowUP\Documents\GitHub\Magic\datapacks\Magic_FR\data\main\function\stats\leaderboard\summon_leaderboard\marker_leaderboard\place_deadliest_player.mcfunction", "mcfunction", 0, 0, 1, 2, 1, 4
"c:\Users\FlowUP\Documents\GitHub\Magic\datapacks\Magic_FR\data\main\function\stats\leaderboard\summon_leaderboard\marker_leaderboard\place_mvp.mcfunction", "mcfunction", 0, 0, 1, 2, 1, 4
"c:\Users\FlowUP\Documents\GitHub\Magic\datapacks\Magic_FR\data\main\function\stats\leaderboard\summon_leaderboard\marker_leaderboard\place_objectives_player.mcfunction", "mcfunction", 0, 0, 1, 2, 1, 4
"c:\Users\FlowUP\Documents\GitHub\Magic\datapacks\Magic_FR\data\main\function\stats\leaderboard\summon_leaderboard\marker_leaderboard\place_view_point.mcfunction", "mcfunction", 0, 0, 1, 2, 1, 4
"c:\Users\FlowUP\Documents\GitHub\Magic\datapacks\Magic_FR\data\main\function\stats\leaderboard\summon_leaderboard\marker_leaderboard\titles\titles.mcfunction", "mcfunction", 0, 0, 1, 2, 1, 4
"c:\Users\FlowUP\Documents\GitHub\Magic\datapacks\Magic_FR\data\main\function\stats\leaderboard\summon_leaderboard\statues\1.mcfunction", "mcfunction", 0, 0, 5, 4, 2, 11
"c:\Users\FlowUP\Documents\GitHub\Magic\datapacks\Magic_FR\data\main\function\stats\leaderboard\summon_leaderboard\statues\10.mcfunction", "mcfunction", 0, 0, 5, 4, 2, 11
"c:\Users\FlowUP\Documents\GitHub\Magic\datapacks\Magic_FR\data\main\function\stats\leaderboard\summon_leaderboard\statues\11.mcfunction", "mcfunction", 0, 0, 5, 4, 2, 11
"c:\Users\FlowUP\Documents\GitHub\Magic\datapacks\Magic_FR\data\main\function\stats\leaderboard\summon_leaderboard\statues\12.mcfunction", "mcfunction", 0, 0, 5, 4, 2, 11
"c:\Users\FlowUP\Documents\GitHub\Magic\datapacks\Magic_FR\data\main\function\stats\leaderboard\summon_leaderboard\statues\2.mcfunction", "mcfunction", 0, 0, 5, 4, 2, 11
"c:\Users\FlowUP\Documents\GitHub\Magic\datapacks\Magic_FR\data\main\function\stats\leaderboard\summon_leaderboard\statues\3.mcfunction", "mcfunction", 0, 0, 5, 4, 2, 11
"c:\Users\FlowUP\Documents\GitHub\Magic\datapacks\Magic_FR\data\main\function\stats\leaderboard\summon_leaderboard\statues\4.mcfunction", "mcfunction", 0, 0, 5, 4, 2, 11
"c:\Users\FlowUP\Documents\GitHub\Magic\datapacks\Magic_FR\data\main\function\stats\leaderboard\summon_leaderboard\statues\5.mcfunction", "mcfunction", 0, 0, 5, 4, 2, 11
"c:\Users\FlowUP\Documents\GitHub\Magic\datapacks\Magic_FR\data\main\function\stats\leaderboard\summon_leaderboard\statues\6.mcfunction", "mcfunction", 0, 0, 5, 4, 2, 11
"c:\Users\FlowUP\Documents\GitHub\Magic\datapacks\Magic_FR\data\main\function\stats\leaderboard\summon_leaderboard\statues\7.mcfunction", "mcfunction", 0, 0, 5, 4, 2, 11
"c:\Users\FlowUP\Documents\GitHub\Magic\datapacks\Magic_FR\data\main\function\stats\leaderboard\summon_leaderboard\statues\8.mcfunction", "mcfunction", 0, 0, 5, 4, 2, 11
"c:\Users\FlowUP\Documents\GitHub\Magic\datapacks\Magic_FR\data\main\function\stats\leaderboard\summon_leaderboard\statues\9.mcfunction", "mcfunction", 0, 0, 5, 4, 2, 11
"c:\Users\FlowUP\Documents\GitHub\Magic\datapacks\Magic_FR\data\main\function\stats\leaderboard\summon_leaderboard\statues\classes\archer.mcfunction", "mcfunction", 0, 0, 8, 5, 3, 16
"c:\Users\FlowUP\Documents\GitHub\Magic\datapacks\Magic_FR\data\main\function\stats\leaderboard\summon_leaderboard\statues\classes\mage.mcfunction", "mcfunction", 0, 0, 8, 5, 3, 16
"c:\Users\FlowUP\Documents\GitHub\Magic\datapacks\Magic_FR\data\main\function\stats\leaderboard\summon_leaderboard\statues\classes\rogue.mcfunction", "mcfunction", 0, 0, 8, 5, 3, 16
"c:\Users\FlowUP\Documents\GitHub\Magic\datapacks\Magic_FR\data\main\function\stats\leaderboard\summon_leaderboard\statues\classes\warrior.mcfunction", "mcfunction", 0, 0, 8, 5, 3, 16
"c:\Users\FlowUP\Documents\GitHub\Magic\datapacks\Magic_FR\data\main\function\stats\leaderboard\summon_leaderboard\statues\deadliest_player.mcfunction", "mcfunction", 0, 0, 4, 4, 2, 10
"c:\Users\FlowUP\Documents\GitHub\Magic\datapacks\Magic_FR\data\main\function\stats\leaderboard\summon_leaderboard\statues\mvp.mcfunction", "mcfunction", 0, 0, 5, 4, 2, 11
"c:\Users\FlowUP\Documents\GitHub\Magic\datapacks\Magic_FR\data\main\function\stats\leaderboard\summon_leaderboard\statues\objectives_player.mcfunction", "mcfunction", 0, 0, 4, 4, 2, 10
"c:\Users\FlowUP\Documents\GitHub\Magic\datapacks\Magic_FR\data\main\function\stats\leaderboard\summon_leaderboard\summon_leaderboard.mcfunction", "mcfunction", 0, 0, 22, 11, 8, 41
"c:\Users\FlowUP\Documents\GitHub\Magic\datapacks\Magic_FR\data\main\function\stats\reset_gstats.mcfunction", "mcfunction", 0, 0, 61, 2, 14, 77
"c:\Users\FlowUP\Documents\GitHub\Magic\datapacks\Magic_FR\data\main\function\stats\reset_stats.mcfunction", "mcfunction", 0, 0, 30, 2, 1, 33
"c:\Users\FlowUP\Documents\GitHub\Magic\datapacks\Magic_FR\data\main\function\stats\save_player_data.mcfunction", "mcfunction", 0, 0, 149, 50, 31, 230
"c:\Users\FlowUP\Documents\GitHub\Magic\datapacks\Magic_FR\data\main\function\stats\save_player_equipement.mcfunction", "mcfunction", 0, 0, 84, 37, 13, 134
"c:\Users\FlowUP\Documents\GitHub\Magic\datapacks\Magic_FR\data\main\function\stats\scoreboard\blue_team_info\claimed_place\place1.mcfunction", "mcfunction", 0, 0, 3, 4, 4, 11
"c:\Users\FlowUP\Documents\GitHub\Magic\datapacks\Magic_FR\data\main\function\stats\scoreboard\blue_team_info\claimed_place\place2.mcfunction", "mcfunction", 0, 0, 3, 4, 4, 11
"c:\Users\FlowUP\Documents\GitHub\Magic\datapacks\Magic_FR\data\main\function\stats\scoreboard\blue_team_info\claimed_place\place3.mcfunction", "mcfunction", 0, 0, 3, 4, 4, 11
"c:\Users\FlowUP\Documents\GitHub\Magic\datapacks\Magic_FR\data\main\function\stats\scoreboard\blue_team_info\claimed_place\place4.mcfunction", "mcfunction", 0, 0, 3, 4, 4, 11
"c:\Users\FlowUP\Documents\GitHub\Magic\datapacks\Magic_FR\data\main\function\stats\scoreboard\blue_team_info\claimed_place\place5.mcfunction", "mcfunction", 0, 0, 3, 4, 4, 11
"c:\Users\FlowUP\Documents\GitHub\Magic\datapacks\Magic_FR\data\main\function\stats\scoreboard\blue_team_info\claimed_place\place6.mcfunction", "mcfunction", 0, 0, 3, 4, 4, 11
"c:\Users\FlowUP\Documents\GitHub\Magic\datapacks\Magic_FR\data\main\function\stats\scoreboard\blue_team_info\clear_place\clear_place.mcfunction", "mcfunction", 0, 0, 6, 2, 1, 9
"c:\Users\FlowUP\Documents\GitHub\Magic\datapacks\Magic_FR\data\main\function\stats\scoreboard\blue_team_info\clear_place\place1.mcfunction", "mcfunction", 0, 0, 6, 3, 2, 11
"c:\Users\FlowUP\Documents\GitHub\Magic\datapacks\Magic_FR\data\main\function\stats\scoreboard\blue_team_info\clear_place\place2.mcfunction", "mcfunction", 0, 0, 6, 3, 1, 10
"c:\Users\FlowUP\Documents\GitHub\Magic\datapacks\Magic_FR\data\main\function\stats\scoreboard\blue_team_info\clear_place\place3.mcfunction", "mcfunction", 0, 0, 6, 3, 1, 10
"c:\Users\FlowUP\Documents\GitHub\Magic\datapacks\Magic_FR\data\main\function\stats\scoreboard\blue_team_info\clear_place\place4.mcfunction", "mcfunction", 0, 0, 6, 3, 1, 10
"c:\Users\FlowUP\Documents\GitHub\Magic\datapacks\Magic_FR\data\main\function\stats\scoreboard\blue_team_info\clear_place\place5.mcfunction", "mcfunction", 0, 0, 6, 3, 1, 10
"c:\Users\FlowUP\Documents\GitHub\Magic\datapacks\Magic_FR\data\main\function\stats\scoreboard\blue_team_info\clear_place\place6.mcfunction", "mcfunction", 0, 0, 4, 2, 1, 7
"c:\Users\FlowUP\Documents\GitHub\Magic\datapacks\Magic_FR\data\main\function\stats\scoreboard\blue_team_info\empty_place\place1.mcfunction", "mcfunction", 0, 0, 3, 4, 3, 10
"c:\Users\FlowUP\Documents\GitHub\Magic\datapacks\Magic_FR\data\main\function\stats\scoreboard\blue_team_info\empty_place\place2.mcfunction", "mcfunction", 0, 0, 3, 4, 3, 10
"c:\Users\FlowUP\Documents\GitHub\Magic\datapacks\Magic_FR\data\main\function\stats\scoreboard\blue_team_info\empty_place\place3.mcfunction", "mcfunction", 0, 0, 3, 4, 3, 10
"c:\Users\FlowUP\Documents\GitHub\Magic\datapacks\Magic_FR\data\main\function\stats\scoreboard\blue_team_info\empty_place\place4.mcfunction", "mcfunction", 0, 0, 3, 4, 3, 10
"c:\Users\FlowUP\Documents\GitHub\Magic\datapacks\Magic_FR\data\main\function\stats\scoreboard\blue_team_info\empty_place\place5.mcfunction", "mcfunction", 0, 0, 3, 4, 3, 10
"c:\Users\FlowUP\Documents\GitHub\Magic\datapacks\Magic_FR\data\main\function\stats\scoreboard\blue_team_info\empty_place\place6.mcfunction", "mcfunction", 0, 0, 2, 3, 2, 7
"c:\Users\FlowUP\Documents\GitHub\Magic\datapacks\Magic_FR\data\main\function\stats\scoreboard\blue_team_info\left_blue.mcfunction", "mcfunction", 0, 0, 2, 4, 2, 8
"c:\Users\FlowUP\Documents\GitHub\Magic\datapacks\Magic_FR\data\main\function\stats\scoreboard\blue_team_info\overlays\disconnected\place1.mcfunction", "mcfunction", 0, 0, 3, 3, 2, 8
"c:\Users\FlowUP\Documents\GitHub\Magic\datapacks\Magic_FR\data\main\function\stats\scoreboard\blue_team_info\overlays\disconnected\place2.mcfunction", "mcfunction", 0, 0, 3, 3, 2, 8
"c:\Users\FlowUP\Documents\GitHub\Magic\datapacks\Magic_FR\data\main\function\stats\scoreboard\blue_team_info\overlays\disconnected\place3.mcfunction", "mcfunction", 0, 0, 3, 3, 2, 8
"c:\Users\FlowUP\Documents\GitHub\Magic\datapacks\Magic_FR\data\main\function\stats\scoreboard\blue_team_info\overlays\disconnected\place4.mcfunction", "mcfunction", 0, 0, 3, 3, 2, 8
"c:\Users\FlowUP\Documents\GitHub\Magic\datapacks\Magic_FR\data\main\function\stats\scoreboard\blue_team_info\overlays\disconnected\place5.mcfunction", "mcfunction", 0, 0, 3, 3, 2, 8
"c:\Users\FlowUP\Documents\GitHub\Magic\datapacks\Magic_FR\data\main\function\stats\scoreboard\blue_team_info\overlays\disconnected\place6.mcfunction", "mcfunction", 0, 0, 3, 3, 2, 8
"c:\Users\FlowUP\Documents\GitHub\Magic\datapacks\Magic_FR\data\main\function\stats\scoreboard\blue_team_info\overlays\has_flag\check_place.mcfunction", "mcfunction", 0, 0, 6, 2, 1, 9
"c:\Users\FlowUP\Documents\GitHub\Magic\datapacks\Magic_FR\data\main\function\stats\scoreboard\blue_team_info\overlays\has_flag\place1.mcfunction", "mcfunction", 0, 0, 3, 3, 2, 8
"c:\Users\FlowUP\Documents\GitHub\Magic\datapacks\Magic_FR\data\main\function\stats\scoreboard\blue_team_info\overlays\has_flag\place2.mcfunction", "mcfunction", 0, 0, 3, 3, 2, 8
"c:\Users\FlowUP\Documents\GitHub\Magic\datapacks\Magic_FR\data\main\function\stats\scoreboard\blue_team_info\overlays\has_flag\place3.mcfunction", "mcfunction", 0, 0, 3, 3, 2, 8
"c:\Users\FlowUP\Documents\GitHub\Magic\datapacks\Magic_FR\data\main\function\stats\scoreboard\blue_team_info\overlays\has_flag\place4.mcfunction", "mcfunction", 0, 0, 3, 3, 2, 8
"c:\Users\FlowUP\Documents\GitHub\Magic\datapacks\Magic_FR\data\main\function\stats\scoreboard\blue_team_info\overlays\has_flag\place5.mcfunction", "mcfunction", 0, 0, 3, 3, 2, 8
"c:\Users\FlowUP\Documents\GitHub\Magic\datapacks\Magic_FR\data\main\function\stats\scoreboard\blue_team_info\overlays\has_flag\place6.mcfunction", "mcfunction", 0, 0, 3, 3, 2, 8
"c:\Users\FlowUP\Documents\GitHub\Magic\datapacks\Magic_FR\data\main\function\stats\scoreboard\blue_team_info\overlays\no_overlay_icon\check_place.mcfunction", "mcfunction", 0, 0, 6, 2, 1, 9
"c:\Users\FlowUP\Documents\GitHub\Magic\datapacks\Magic_FR\data\main\function\stats\scoreboard\blue_team_info\overlays\no_overlay_icon\clear_overlay.mcfunction", "mcfunction", 0, 0, 12, 2, 6, 20
"c:\Users\FlowUP\Documents\GitHub\Magic\datapacks\Magic_FR\data\main\function\stats\scoreboard\blue_team_info\overlays\no_overlay_icon\place1.mcfunction", "mcfunction", 0, 0, 3, 3, 2, 8
"c:\Users\FlowUP\Documents\GitHub\Magic\datapacks\Magic_FR\data\main\function\stats\scoreboard\blue_team_info\overlays\no_overlay_icon\place2.mcfunction", "mcfunction", 0, 0, 3, 3, 2, 8
"c:\Users\FlowUP\Documents\GitHub\Magic\datapacks\Magic_FR\data\main\function\stats\scoreboard\blue_team_info\overlays\no_overlay_icon\place3.mcfunction", "mcfunction", 0, 0, 3, 3, 2, 8
"c:\Users\FlowUP\Documents\GitHub\Magic\datapacks\Magic_FR\data\main\function\stats\scoreboard\blue_team_info\overlays\no_overlay_icon\place4.mcfunction", "mcfunction", 0, 0, 3, 3, 2, 8
"c:\Users\FlowUP\Documents\GitHub\Magic\datapacks\Magic_FR\data\main\function\stats\scoreboard\blue_team_info\overlays\no_overlay_icon\place5.mcfunction", "mcfunction", 0, 0, 3, 3, 2, 8
"c:\Users\FlowUP\Documents\GitHub\Magic\datapacks\Magic_FR\data\main\function\stats\scoreboard\blue_team_info\overlays\no_overlay_icon\place6.mcfunction", "mcfunction", 0, 0, 3, 3, 2, 8
"c:\Users\FlowUP\Documents\GitHub\Magic\datapacks\Magic_FR\data\main\function\stats\scoreboard\blue_team_info\overlays\ready\check_place.mcfunction", "mcfunction", 0, 0, 6, 2, 1, 9
"c:\Users\FlowUP\Documents\GitHub\Magic\datapacks\Magic_FR\data\main\function\stats\scoreboard\blue_team_info\overlays\ready\place1.mcfunction", "mcfunction", 0, 0, 3, 3, 2, 8
"c:\Users\FlowUP\Documents\GitHub\Magic\datapacks\Magic_FR\data\main\function\stats\scoreboard\blue_team_info\overlays\ready\place2.mcfunction", "mcfunction", 0, 0, 3, 3, 2, 8
"c:\Users\FlowUP\Documents\GitHub\Magic\datapacks\Magic_FR\data\main\function\stats\scoreboard\blue_team_info\overlays\ready\place3.mcfunction", "mcfunction", 0, 0, 3, 3, 2, 8
"c:\Users\FlowUP\Documents\GitHub\Magic\datapacks\Magic_FR\data\main\function\stats\scoreboard\blue_team_info\overlays\ready\place4.mcfunction", "mcfunction", 0, 0, 3, 3, 2, 8
"c:\Users\FlowUP\Documents\GitHub\Magic\datapacks\Magic_FR\data\main\function\stats\scoreboard\blue_team_info\overlays\ready\place5.mcfunction", "mcfunction", 0, 0, 3, 3, 2, 8
"c:\Users\FlowUP\Documents\GitHub\Magic\datapacks\Magic_FR\data\main\function\stats\scoreboard\blue_team_info\overlays\ready\place6.mcfunction", "mcfunction", 0, 0, 3, 3, 2, 8
"c:\Users\FlowUP\Documents\GitHub\Magic\datapacks\Magic_FR\data\main\function\stats\scoreboard\blue_team_info\overlays\respawn_time\check_place.mcfunction", "mcfunction", 0, 0, 6, 2, 1, 9
"c:\Users\FlowUP\Documents\GitHub\Magic\datapacks\Magic_FR\data\main\function\stats\scoreboard\blue_team_info\overlays\respawn_time\place1.mcfunction", "mcfunction", 0, 0, 17, 4, 5, 26
"c:\Users\FlowUP\Documents\GitHub\Magic\datapacks\Magic_FR\data\main\function\stats\scoreboard\blue_team_info\overlays\respawn_time\place2.mcfunction", "mcfunction", 0, 0, 17, 4, 6, 27
"c:\Users\FlowUP\Documents\GitHub\Magic\datapacks\Magic_FR\data\main\function\stats\scoreboard\blue_team_info\overlays\respawn_time\place3.mcfunction", "mcfunction", 0, 0, 17, 4, 6, 27
"c:\Users\FlowUP\Documents\GitHub\Magic\datapacks\Magic_FR\data\main\function\stats\scoreboard\blue_team_info\overlays\respawn_time\place4.mcfunction", "mcfunction", 0, 0, 17, 4, 6, 27
"c:\Users\FlowUP\Documents\GitHub\Magic\datapacks\Magic_FR\data\main\function\stats\scoreboard\blue_team_info\overlays\respawn_time\place5.mcfunction", "mcfunction", 0, 0, 17, 4, 6, 27
"c:\Users\FlowUP\Documents\GitHub\Magic\datapacks\Magic_FR\data\main\function\stats\scoreboard\blue_team_info\overlays\respawn_time\place6.mcfunction", "mcfunction", 0, 0, 17, 4, 6, 27
"c:\Users\FlowUP\Documents\GitHub\Magic\datapacks\Magic_FR\data\main\function\stats\scoreboard\blue_team_info\save_data\check_place.mcfunction", "mcfunction", 0, 0, 6, 2, 1, 9
"c:\Users\FlowUP\Documents\GitHub\Magic\datapacks\Magic_FR\data\main\function\stats\scoreboard\blue_team_info\save_data\place1.mcfunction", "mcfunction", 0, 0, 11, 5, 3, 19
"c:\Users\FlowUP\Documents\GitHub\Magic\datapacks\Magic_FR\data\main\function\stats\scoreboard\blue_team_info\save_data\place2.mcfunction", "mcfunction", 0, 0, 11, 5, 3, 19
"c:\Users\FlowUP\Documents\GitHub\Magic\datapacks\Magic_FR\data\main\function\stats\scoreboard\blue_team_info\save_data\place3.mcfunction", "mcfunction", 0, 0, 11, 5, 3, 19
"c:\Users\FlowUP\Documents\GitHub\Magic\datapacks\Magic_FR\data\main\function\stats\scoreboard\blue_team_info\save_data\place4.mcfunction", "mcfunction", 0, 0, 11, 5, 3, 19
"c:\Users\FlowUP\Documents\GitHub\Magic\datapacks\Magic_FR\data\main\function\stats\scoreboard\blue_team_info\save_data\place5.mcfunction", "mcfunction", 0, 0, 11, 5, 3, 19
"c:\Users\FlowUP\Documents\GitHub\Magic\datapacks\Magic_FR\data\main\function\stats\scoreboard\blue_team_info\save_data\place6.mcfunction", "mcfunction", 0, 0, 11, 5, 3, 19
"c:\Users\FlowUP\Documents\GitHub\Magic\datapacks\Magic_FR\data\main\function\stats\scoreboard\blue_team_info\sort_blue.mcfunction", "mcfunction", 0, 0, 14, 16, 8, 38
"c:\Users\FlowUP\Documents\GitHub\Magic\datapacks\Magic_FR\data\main\function\stats\scoreboard\clear_topbar_players_lastgame.mcfunction", "mcfunction", 0, 0, 36, 16, 12, 64
"c:\Users\FlowUP\Documents\GitHub\Magic\datapacks\Magic_FR\data\main\function\stats\scoreboard\red_team_info\claimed_place\place1.mcfunction", "mcfunction", 0, 0, 3, 4, 4, 11
"c:\Users\FlowUP\Documents\GitHub\Magic\datapacks\Magic_FR\data\main\function\stats\scoreboard\red_team_info\claimed_place\place2.mcfunction", "mcfunction", 0, 0, 3, 4, 4, 11
"c:\Users\FlowUP\Documents\GitHub\Magic\datapacks\Magic_FR\data\main\function\stats\scoreboard\red_team_info\claimed_place\place3.mcfunction", "mcfunction", 0, 0, 3, 4, 4, 11
"c:\Users\FlowUP\Documents\GitHub\Magic\datapacks\Magic_FR\data\main\function\stats\scoreboard\red_team_info\claimed_place\place4.mcfunction", "mcfunction", 0, 0, 3, 4, 4, 11
"c:\Users\FlowUP\Documents\GitHub\Magic\datapacks\Magic_FR\data\main\function\stats\scoreboard\red_team_info\claimed_place\place5.mcfunction", "mcfunction", 0, 0, 3, 4, 4, 11
"c:\Users\FlowUP\Documents\GitHub\Magic\datapacks\Magic_FR\data\main\function\stats\scoreboard\red_team_info\claimed_place\place6.mcfunction", "mcfunction", 0, 0, 3, 4, 4, 11
"c:\Users\FlowUP\Documents\GitHub\Magic\datapacks\Magic_FR\data\main\function\stats\scoreboard\red_team_info\clear_place\clear_place.mcfunction", "mcfunction", 0, 0, 6, 2, 1, 9
"c:\Users\FlowUP\Documents\GitHub\Magic\datapacks\Magic_FR\data\main\function\stats\scoreboard\red_team_info\clear_place\place1.mcfunction", "mcfunction", 0, 0, 6, 3, 2, 11
"c:\Users\FlowUP\Documents\GitHub\Magic\datapacks\Magic_FR\data\main\function\stats\scoreboard\red_team_info\clear_place\place2.mcfunction", "mcfunction", 0, 0, 6, 3, 2, 11
"c:\Users\FlowUP\Documents\GitHub\Magic\datapacks\Magic_FR\data\main\function\stats\scoreboard\red_team_info\clear_place\place3.mcfunction", "mcfunction", 0, 0, 6, 3, 2, 11
"c:\Users\FlowUP\Documents\GitHub\Magic\datapacks\Magic_FR\data\main\function\stats\scoreboard\red_team_info\clear_place\place4.mcfunction", "mcfunction", 0, 0, 6, 3, 2, 11
"c:\Users\FlowUP\Documents\GitHub\Magic\datapacks\Magic_FR\data\main\function\stats\scoreboard\red_team_info\clear_place\place5.mcfunction", "mcfunction", 0, 0, 6, 3, 2, 11
"c:\Users\FlowUP\Documents\GitHub\Magic\datapacks\Magic_FR\data\main\function\stats\scoreboard\red_team_info\clear_place\place6.mcfunction", "mcfunction", 0, 0, 3, 2, 1, 6
"c:\Users\FlowUP\Documents\GitHub\Magic\datapacks\Magic_FR\data\main\function\stats\scoreboard\red_team_info\empty_place\place1.mcfunction", "mcfunction", 0, 0, 3, 4, 3, 10
"c:\Users\FlowUP\Documents\GitHub\Magic\datapacks\Magic_FR\data\main\function\stats\scoreboard\red_team_info\empty_place\place2.mcfunction", "mcfunction", 0, 0, 3, 4, 3, 10
"c:\Users\FlowUP\Documents\GitHub\Magic\datapacks\Magic_FR\data\main\function\stats\scoreboard\red_team_info\empty_place\place3.mcfunction", "mcfunction", 0, 0, 3, 4, 3, 10
"c:\Users\FlowUP\Documents\GitHub\Magic\datapacks\Magic_FR\data\main\function\stats\scoreboard\red_team_info\empty_place\place4.mcfunction", "mcfunction", 0, 0, 3, 4, 3, 10
"c:\Users\FlowUP\Documents\GitHub\Magic\datapacks\Magic_FR\data\main\function\stats\scoreboard\red_team_info\empty_place\place5.mcfunction", "mcfunction", 0, 0, 3, 4, 3, 10
"c:\Users\FlowUP\Documents\GitHub\Magic\datapacks\Magic_FR\data\main\function\stats\scoreboard\red_team_info\empty_place\place6.mcfunction", "mcfunction", 0, 0, 2, 3, 2, 7
"c:\Users\FlowUP\Documents\GitHub\Magic\datapacks\Magic_FR\data\main\function\stats\scoreboard\red_team_info\left_red.mcfunction", "mcfunction", 0, 0, 2, 4, 2, 8
"c:\Users\FlowUP\Documents\GitHub\Magic\datapacks\Magic_FR\data\main\function\stats\scoreboard\red_team_info\overlays\disconnected\place1.mcfunction", "mcfunction", 0, 0, 3, 3, 2, 8
"c:\Users\FlowUP\Documents\GitHub\Magic\datapacks\Magic_FR\data\main\function\stats\scoreboard\red_team_info\overlays\disconnected\place2.mcfunction", "mcfunction", 0, 0, 3, 3, 2, 8
"c:\Users\FlowUP\Documents\GitHub\Magic\datapacks\Magic_FR\data\main\function\stats\scoreboard\red_team_info\overlays\disconnected\place3.mcfunction", "mcfunction", 0, 0, 3, 3, 2, 8
"c:\Users\FlowUP\Documents\GitHub\Magic\datapacks\Magic_FR\data\main\function\stats\scoreboard\red_team_info\overlays\disconnected\place4.mcfunction", "mcfunction", 0, 0, 3, 3, 2, 8
"c:\Users\FlowUP\Documents\GitHub\Magic\datapacks\Magic_FR\data\main\function\stats\scoreboard\red_team_info\overlays\disconnected\place5.mcfunction", "mcfunction", 0, 0, 3, 3, 2, 8
"c:\Users\FlowUP\Documents\GitHub\Magic\datapacks\Magic_FR\data\main\function\stats\scoreboard\red_team_info\overlays\disconnected\place6.mcfunction", "mcfunction", 0, 0, 3, 3, 2, 8
"c:\Users\FlowUP\Documents\GitHub\Magic\datapacks\Magic_FR\data\main\function\stats\scoreboard\red_team_info\overlays\has_flag\check_place.mcfunction", "mcfunction", 0, 0, 6, 2, 1, 9
"c:\Users\FlowUP\Documents\GitHub\Magic\datapacks\Magic_FR\data\main\function\stats\scoreboard\red_team_info\overlays\has_flag\place1.mcfunction", "mcfunction", 0, 0, 3, 3, 2, 8
"c:\Users\FlowUP\Documents\GitHub\Magic\datapacks\Magic_FR\data\main\function\stats\scoreboard\red_team_info\overlays\has_flag\place2.mcfunction", "mcfunction", 0, 0, 3, 3, 2, 8
"c:\Users\FlowUP\Documents\GitHub\Magic\datapacks\Magic_FR\data\main\function\stats\scoreboard\red_team_info\overlays\has_flag\place3.mcfunction", "mcfunction", 0, 0, 3, 3, 2, 8
"c:\Users\FlowUP\Documents\GitHub\Magic\datapacks\Magic_FR\data\main\function\stats\scoreboard\red_team_info\overlays\has_flag\place4.mcfunction", "mcfunction", 0, 0, 3, 3, 2, 8
"c:\Users\FlowUP\Documents\GitHub\Magic\datapacks\Magic_FR\data\main\function\stats\scoreboard\red_team_info\overlays\has_flag\place5.mcfunction", "mcfunction", 0, 0, 3, 3, 2, 8
"c:\Users\FlowUP\Documents\GitHub\Magic\datapacks\Magic_FR\data\main\function\stats\scoreboard\red_team_info\overlays\has_flag\place6.mcfunction", "mcfunction", 0, 0, 3, 3, 2, 8
"c:\Users\FlowUP\Documents\GitHub\Magic\datapacks\Magic_FR\data\main\function\stats\scoreboard\red_team_info\overlays\no_overlay_icon\check_place.mcfunction", "mcfunction", 0, 0, 6, 2, 1, 9
"c:\Users\FlowUP\Documents\GitHub\Magic\datapacks\Magic_FR\data\main\function\stats\scoreboard\red_team_info\overlays\no_overlay_icon\clear_overlay.mcfunction", "mcfunction", 0, 0, 12, 2, 6, 20
"c:\Users\FlowUP\Documents\GitHub\Magic\datapacks\Magic_FR\data\main\function\stats\scoreboard\red_team_info\overlays\no_overlay_icon\place1.mcfunction", "mcfunction", 0, 0, 3, 3, 2, 8
"c:\Users\FlowUP\Documents\GitHub\Magic\datapacks\Magic_FR\data\main\function\stats\scoreboard\red_team_info\overlays\no_overlay_icon\place2.mcfunction", "mcfunction", 0, 0, 3, 3, 2, 8
"c:\Users\FlowUP\Documents\GitHub\Magic\datapacks\Magic_FR\data\main\function\stats\scoreboard\red_team_info\overlays\no_overlay_icon\place3.mcfunction", "mcfunction", 0, 0, 3, 3, 2, 8
"c:\Users\FlowUP\Documents\GitHub\Magic\datapacks\Magic_FR\data\main\function\stats\scoreboard\red_team_info\overlays\no_overlay_icon\place4.mcfunction", "mcfunction", 0, 0, 3, 3, 2, 8
"c:\Users\FlowUP\Documents\GitHub\Magic\datapacks\Magic_FR\data\main\function\stats\scoreboard\red_team_info\overlays\no_overlay_icon\place5.mcfunction", "mcfunction", 0, 0, 3, 3, 2, 8
"c:\Users\FlowUP\Documents\GitHub\Magic\datapacks\Magic_FR\data\main\function\stats\scoreboard\red_team_info\overlays\no_overlay_icon\place6.mcfunction", "mcfunction", 0, 0, 3, 3, 2, 8
"c:\Users\FlowUP\Documents\GitHub\Magic\datapacks\Magic_FR\data\main\function\stats\scoreboard\red_team_info\overlays\ready\check_place.mcfunction", "mcfunction", 0, 0, 6, 2, 1, 9
"c:\Users\FlowUP\Documents\GitHub\Magic\datapacks\Magic_FR\data\main\function\stats\scoreboard\red_team_info\overlays\ready\place1.mcfunction", "mcfunction", 0, 0, 3, 3, 2, 8
"c:\Users\FlowUP\Documents\GitHub\Magic\datapacks\Magic_FR\data\main\function\stats\scoreboard\red_team_info\overlays\ready\place2.mcfunction", "mcfunction", 0, 0, 3, 3, 2, 8
"c:\Users\FlowUP\Documents\GitHub\Magic\datapacks\Magic_FR\data\main\function\stats\scoreboard\red_team_info\overlays\ready\place3.mcfunction", "mcfunction", 0, 0, 3, 3, 2, 8
"c:\Users\FlowUP\Documents\GitHub\Magic\datapacks\Magic_FR\data\main\function\stats\scoreboard\red_team_info\overlays\ready\place4.mcfunction", "mcfunction", 0, 0, 3, 3, 2, 8
"c:\Users\FlowUP\Documents\GitHub\Magic\datapacks\Magic_FR\data\main\function\stats\scoreboard\red_team_info\overlays\ready\place5.mcfunction", "mcfunction", 0, 0, 3, 3, 2, 8
"c:\Users\FlowUP\Documents\GitHub\Magic\datapacks\Magic_FR\data\main\function\stats\scoreboard\red_team_info\overlays\ready\place6.mcfunction", "mcfunction", 0, 0, 3, 3, 2, 8
"c:\Users\FlowUP\Documents\GitHub\Magic\datapacks\Magic_FR\data\main\function\stats\scoreboard\red_team_info\overlays\respawn_time\check_place.mcfunction", "mcfunction", 0, 0, 6, 2, 1, 9
"c:\Users\FlowUP\Documents\GitHub\Magic\datapacks\Magic_FR\data\main\function\stats\scoreboard\red_team_info\overlays\respawn_time\place1.mcfunction", "mcfunction", 0, 0, 17, 4, 6, 27
"c:\Users\FlowUP\Documents\GitHub\Magic\datapacks\Magic_FR\data\main\function\stats\scoreboard\red_team_info\overlays\respawn_time\place2.mcfunction", "mcfunction", 0, 0, 17, 4, 6, 27
"c:\Users\FlowUP\Documents\GitHub\Magic\datapacks\Magic_FR\data\main\function\stats\scoreboard\red_team_info\overlays\respawn_time\place3.mcfunction", "mcfunction", 0, 0, 17, 4, 6, 27
"c:\Users\FlowUP\Documents\GitHub\Magic\datapacks\Magic_FR\data\main\function\stats\scoreboard\red_team_info\overlays\respawn_time\place4.mcfunction", "mcfunction", 0, 0, 17, 4, 5, 26
"c:\Users\FlowUP\Documents\GitHub\Magic\datapacks\Magic_FR\data\main\function\stats\scoreboard\red_team_info\overlays\respawn_time\place5.mcfunction", "mcfunction", 0, 0, 17, 4, 6, 27
"c:\Users\FlowUP\Documents\GitHub\Magic\datapacks\Magic_FR\data\main\function\stats\scoreboard\red_team_info\overlays\respawn_time\place6.mcfunction", "mcfunction", 0, 0, 17, 4, 6, 27
"c:\Users\FlowUP\Documents\GitHub\Magic\datapacks\Magic_FR\data\main\function\stats\scoreboard\red_team_info\save_data\check_place.mcfunction", "mcfunction", 0, 0, 6, 2, 1, 9
"c:\Users\FlowUP\Documents\GitHub\Magic\datapacks\Magic_FR\data\main\function\stats\scoreboard\red_team_info\save_data\place1.mcfunction", "mcfunction", 0, 0, 11, 5, 3, 19
"c:\Users\FlowUP\Documents\GitHub\Magic\datapacks\Magic_FR\data\main\function\stats\scoreboard\red_team_info\save_data\place2.mcfunction", "mcfunction", 0, 0, 11, 5, 3, 19
"c:\Users\FlowUP\Documents\GitHub\Magic\datapacks\Magic_FR\data\main\function\stats\scoreboard\red_team_info\save_data\place3.mcfunction", "mcfunction", 0, 0, 11, 5, 3, 19
"c:\Users\FlowUP\Documents\GitHub\Magic\datapacks\Magic_FR\data\main\function\stats\scoreboard\red_team_info\save_data\place4.mcfunction", "mcfunction", 0, 0, 11, 5, 3, 19
"c:\Users\FlowUP\Documents\GitHub\Magic\datapacks\Magic_FR\data\main\function\stats\scoreboard\red_team_info\save_data\place5.mcfunction", "mcfunction", 0, 0, 11, 5, 3, 19
"c:\Users\FlowUP\Documents\GitHub\Magic\datapacks\Magic_FR\data\main\function\stats\scoreboard\red_team_info\save_data\place6.mcfunction", "mcfunction", 0, 0, 11, 5, 3, 19
"c:\Users\FlowUP\Documents\GitHub\Magic\datapacks\Magic_FR\data\main\function\stats\scoreboard\red_team_info\sort_red.mcfunction", "mcfunction", 0, 0, 14, 16, 8, 38
"c:\Users\FlowUP\Documents\GitHub\Magic\datapacks\Magic_FR\data\main\function\stats\scoreboard\save_topbar_players_lastgame.mcfunction", "mcfunction", 0, 0, 36, 16, 12, 64
"c:\Users\FlowUP\Documents\GitHub\Magic\datapacks\Magic_FR\data\main\function\stats\stats_book\give_stat_books.mcfunction", "mcfunction", 0, 0, 12, 1, 14, 27
"c:\Users\FlowUP\Documents\GitHub\Magic\datapacks\Magic_FR\data\main\function\stats\stats_book\players\player10\change_to_red.mcfunction", "mcfunction", 0, 0, 11, 8, 6, 25
"c:\Users\FlowUP\Documents\GitHub\Magic\datapacks\Magic_FR\data\main\function\stats\stats_book\players\player10\ratio_big.mcfunction", "mcfunction", 0, 0, 13, 5, 4, 22
"c:\Users\FlowUP\Documents\GitHub\Magic\datapacks\Magic_FR\data\main\function\stats\stats_book\players\player10\ratio_positive.mcfunction", "mcfunction", 0, 0, 13, 5, 4, 22
"c:\Users\FlowUP\Documents\GitHub\Magic\datapacks\Magic_FR\data\main\function\stats\stats_book\players\player10\setup_player10.mcfunction", "mcfunction", 0, 0, 21, 6, 8, 35
"c:\Users\FlowUP\Documents\GitHub\Magic\datapacks\Magic_FR\data\main\function\stats\stats_book\players\player11\change_to_red.mcfunction", "mcfunction", 0, 0, 11, 8, 6, 25
"c:\Users\FlowUP\Documents\GitHub\Magic\datapacks\Magic_FR\data\main\function\stats\stats_book\players\player11\ratio_big.mcfunction", "mcfunction", 0, 0, 13, 5, 4, 22
"c:\Users\FlowUP\Documents\GitHub\Magic\datapacks\Magic_FR\data\main\function\stats\stats_book\players\player11\ratio_positive.mcfunction", "mcfunction", 0, 0, 13, 5, 4, 22
"c:\Users\FlowUP\Documents\GitHub\Magic\datapacks\Magic_FR\data\main\function\stats\stats_book\players\player11\setup_player11.mcfunction", "mcfunction", 0, 0, 21, 6, 8, 35
"c:\Users\FlowUP\Documents\GitHub\Magic\datapacks\Magic_FR\data\main\function\stats\stats_book\players\player12\change_to_red.mcfunction", "mcfunction", 0, 0, 11, 8, 6, 25
"c:\Users\FlowUP\Documents\GitHub\Magic\datapacks\Magic_FR\data\main\function\stats\stats_book\players\player12\ratio_big.mcfunction", "mcfunction", 0, 0, 13, 5, 4, 22
"c:\Users\FlowUP\Documents\GitHub\Magic\datapacks\Magic_FR\data\main\function\stats\stats_book\players\player12\ratio_positive.mcfunction", "mcfunction", 0, 0, 13, 5, 4, 22
"c:\Users\FlowUP\Documents\GitHub\Magic\datapacks\Magic_FR\data\main\function\stats\stats_book\players\player12\setup_player12.mcfunction", "mcfunction", 0, 0, 21, 6, 8, 35
"c:\Users\FlowUP\Documents\GitHub\Magic\datapacks\Magic_FR\data\main\function\stats\stats_book\players\player1\change_to_red.mcfunction", "mcfunction", 0, 0, 11, 8, 6, 25
"c:\Users\FlowUP\Documents\GitHub\Magic\datapacks\Magic_FR\data\main\function\stats\stats_book\players\player1\ratio_big.mcfunction", "mcfunction", 0, 0, 13, 5, 4, 22
"c:\Users\FlowUP\Documents\GitHub\Magic\datapacks\Magic_FR\data\main\function\stats\stats_book\players\player1\ratio_positive.mcfunction", "mcfunction", 0, 0, 13, 5, 4, 22
"c:\Users\FlowUP\Documents\GitHub\Magic\datapacks\Magic_FR\data\main\function\stats\stats_book\players\player1\setup_player1.mcfunction", "mcfunction", 0, 0, 21, 6, 6, 33
"c:\Users\FlowUP\Documents\GitHub\Magic\datapacks\Magic_FR\data\main\function\stats\stats_book\players\player2\change_to_red.mcfunction", "mcfunction", 0, 0, 11, 8, 6, 25
"c:\Users\FlowUP\Documents\GitHub\Magic\datapacks\Magic_FR\data\main\function\stats\stats_book\players\player2\ratio_big.mcfunction", "mcfunction", 0, 0, 13, 5, 4, 22
"c:\Users\FlowUP\Documents\GitHub\Magic\datapacks\Magic_FR\data\main\function\stats\stats_book\players\player2\ratio_positive.mcfunction", "mcfunction", 0, 0, 13, 5, 4, 22
"c:\Users\FlowUP\Documents\GitHub\Magic\datapacks\Magic_FR\data\main\function\stats\stats_book\players\player2\setup_player2.mcfunction", "mcfunction", 0, 0, 21, 6, 8, 35
"c:\Users\FlowUP\Documents\GitHub\Magic\datapacks\Magic_FR\data\main\function\stats\stats_book\players\player3\change_to_red.mcfunction", "mcfunction", 0, 0, 11, 8, 6, 25
"c:\Users\FlowUP\Documents\GitHub\Magic\datapacks\Magic_FR\data\main\function\stats\stats_book\players\player3\ratio_big.mcfunction", "mcfunction", 0, 0, 13, 5, 4, 22
"c:\Users\FlowUP\Documents\GitHub\Magic\datapacks\Magic_FR\data\main\function\stats\stats_book\players\player3\ratio_positive.mcfunction", "mcfunction", 0, 0, 13, 5, 4, 22
"c:\Users\FlowUP\Documents\GitHub\Magic\datapacks\Magic_FR\data\main\function\stats\stats_book\players\player3\setup_player3.mcfunction", "mcfunction", 0, 0, 21, 6, 8, 35
"c:\Users\FlowUP\Documents\GitHub\Magic\datapacks\Magic_FR\data\main\function\stats\stats_book\players\player4\change_to_red.mcfunction", "mcfunction", 0, 0, 11, 8, 6, 25
"c:\Users\FlowUP\Documents\GitHub\Magic\datapacks\Magic_FR\data\main\function\stats\stats_book\players\player4\ratio_big.mcfunction", "mcfunction", 0, 0, 13, 5, 4, 22
"c:\Users\FlowUP\Documents\GitHub\Magic\datapacks\Magic_FR\data\main\function\stats\stats_book\players\player4\ratio_positive.mcfunction", "mcfunction", 0, 0, 13, 5, 4, 22
"c:\Users\FlowUP\Documents\GitHub\Magic\datapacks\Magic_FR\data\main\function\stats\stats_book\players\player4\setup_player4.mcfunction", "mcfunction", 0, 0, 21, 6, 8, 35
"c:\Users\FlowUP\Documents\GitHub\Magic\datapacks\Magic_FR\data\main\function\stats\stats_book\players\player5\change_to_red.mcfunction", "mcfunction", 0, 0, 11, 8, 6, 25
"c:\Users\FlowUP\Documents\GitHub\Magic\datapacks\Magic_FR\data\main\function\stats\stats_book\players\player5\ratio_big.mcfunction", "mcfunction", 0, 0, 13, 5, 4, 22
"c:\Users\FlowUP\Documents\GitHub\Magic\datapacks\Magic_FR\data\main\function\stats\stats_book\players\player5\ratio_positive.mcfunction", "mcfunction", 0, 0, 13, 5, 4, 22
"c:\Users\FlowUP\Documents\GitHub\Magic\datapacks\Magic_FR\data\main\function\stats\stats_book\players\player5\setup_player5.mcfunction", "mcfunction", 0, 0, 21, 6, 8, 35
"c:\Users\FlowUP\Documents\GitHub\Magic\datapacks\Magic_FR\data\main\function\stats\stats_book\players\player6\change_to_red.mcfunction", "mcfunction", 0, 0, 11, 8, 6, 25
"c:\Users\FlowUP\Documents\GitHub\Magic\datapacks\Magic_FR\data\main\function\stats\stats_book\players\player6\ratio_big.mcfunction", "mcfunction", 0, 0, 13, 5, 4, 22
"c:\Users\FlowUP\Documents\GitHub\Magic\datapacks\Magic_FR\data\main\function\stats\stats_book\players\player6\ratio_positive.mcfunction", "mcfunction", 0, 0, 13, 5, 4, 22
"c:\Users\FlowUP\Documents\GitHub\Magic\datapacks\Magic_FR\data\main\function\stats\stats_book\players\player6\setup_player6.mcfunction", "mcfunction", 0, 0, 21, 6, 8, 35
"c:\Users\FlowUP\Documents\GitHub\Magic\datapacks\Magic_FR\data\main\function\stats\stats_book\players\player7\change_to_red.mcfunction", "mcfunction", 0, 0, 11, 8, 6, 25
"c:\Users\FlowUP\Documents\GitHub\Magic\datapacks\Magic_FR\data\main\function\stats\stats_book\players\player7\ratio_big.mcfunction", "mcfunction", 0, 0, 13, 5, 4, 22
"c:\Users\FlowUP\Documents\GitHub\Magic\datapacks\Magic_FR\data\main\function\stats\stats_book\players\player7\ratio_positive.mcfunction", "mcfunction", 0, 0, 13, 5, 4, 22
"c:\Users\FlowUP\Documents\GitHub\Magic\datapacks\Magic_FR\data\main\function\stats\stats_book\players\player7\setup_player7.mcfunction", "mcfunction", 0, 0, 21, 6, 8, 35
"c:\Users\FlowUP\Documents\GitHub\Magic\datapacks\Magic_FR\data\main\function\stats\stats_book\players\player8\change_to_red.mcfunction", "mcfunction", 0, 0, 11, 8, 6, 25
"c:\Users\FlowUP\Documents\GitHub\Magic\datapacks\Magic_FR\data\main\function\stats\stats_book\players\player8\ratio_big.mcfunction", "mcfunction", 0, 0, 13, 5, 4, 22
"c:\Users\FlowUP\Documents\GitHub\Magic\datapacks\Magic_FR\data\main\function\stats\stats_book\players\player8\ratio_positive.mcfunction", "mcfunction", 0, 0, 13, 5, 4, 22
"c:\Users\FlowUP\Documents\GitHub\Magic\datapacks\Magic_FR\data\main\function\stats\stats_book\players\player8\setup_player8.mcfunction", "mcfunction", 0, 0, 21, 6, 8, 35
"c:\Users\FlowUP\Documents\GitHub\Magic\datapacks\Magic_FR\data\main\function\stats\stats_book\players\player9\change_to_red.mcfunction", "mcfunction", 0, 0, 11, 8, 6, 25
"c:\Users\FlowUP\Documents\GitHub\Magic\datapacks\Magic_FR\data\main\function\stats\stats_book\players\player9\ratio_big.mcfunction", "mcfunction", 0, 0, 13, 5, 4, 22
"c:\Users\FlowUP\Documents\GitHub\Magic\datapacks\Magic_FR\data\main\function\stats\stats_book\players\player9\ratio_positive.mcfunction", "mcfunction", 0, 0, 13, 5, 4, 22
"c:\Users\FlowUP\Documents\GitHub\Magic\datapacks\Magic_FR\data\main\function\stats\stats_book\players\player9\setup_player9.mcfunction", "mcfunction", 0, 0, 21, 6, 8, 35
"c:\Users\FlowUP\Documents\GitHub\Magic\datapacks\Magic_FR\data\minecraft\advancement\adventure\root.json", "JSON", 0, 27, 0, 0, 0, 27
"c:\Users\FlowUP\Documents\GitHub\Magic\datapacks\Magic_FR\data\minecraft\advancement\end\root.json", "JSON", 0, 27, 0, 0, 0, 27
"c:\Users\FlowUP\Documents\GitHub\Magic\datapacks\Magic_FR\data\minecraft\advancement\husbandry\root.json", "JSON", 0, 27, 0, 0, 0, 27
"c:\Users\FlowUP\Documents\GitHub\Magic\datapacks\Magic_FR\data\minecraft\advancement\nether\root.json", "JSON", 0, 27, 0, 0, 0, 27
"c:\Users\FlowUP\Documents\GitHub\Magic\datapacks\Magic_FR\data\minecraft\advancement\story\root.json", "JSON", 0, 27, 0, 0, 0, 27
"c:\Users\FlowUP\Documents\GitHub\Magic\datapacks\Magic_FR\data\minecraft\item_modifier\armor_change\blue\archer.json", "JSON", 0, 10, 0, 0, 0, 10
"c:\Users\FlowUP\Documents\GitHub\Magic\datapacks\Magic_FR\data\minecraft\item_modifier\armor_change\blue\mage.json", "JSON", 0, 10, 0, 0, 0, 10
"c:\Users\FlowUP\Documents\GitHub\Magic\datapacks\Magic_FR\data\minecraft\item_modifier\armor_change\blue\rogue.json", "JSON", 0, 10, 0, 0, 0, 10
"c:\Users\FlowUP\Documents\GitHub\Magic\datapacks\Magic_FR\data\minecraft\item_modifier\armor_change\blue\warrior.json", "JSON", 0, 10, 0, 0, 0, 10
"c:\Users\FlowUP\Documents\GitHub\Magic\datapacks\Magic_FR\data\minecraft\item_modifier\armor_change\no_team\archer.json", "JSON", 0, 10, 0, 0, 0, 10
"c:\Users\FlowUP\Documents\GitHub\Magic\datapacks\Magic_FR\data\minecraft\item_modifier\armor_change\no_team\mage.json", "JSON", 0, 10, 0, 0, 0, 10
"c:\Users\FlowUP\Documents\GitHub\Magic\datapacks\Magic_FR\data\minecraft\item_modifier\armor_change\no_team\rogue.json", "JSON", 0, 10, 0, 0, 0, 10
"c:\Users\FlowUP\Documents\GitHub\Magic\datapacks\Magic_FR\data\minecraft\item_modifier\armor_change\no_team\warrior.json", "JSON", 0, 10, 0, 0, 0, 10
"c:\Users\FlowUP\Documents\GitHub\Magic\datapacks\Magic_FR\data\minecraft\item_modifier\armor_change\red\archer.json", "JSON", 0, 10, 0, 0, 0, 10
"c:\Users\FlowUP\Documents\GitHub\Magic\datapacks\Magic_FR\data\minecraft\item_modifier\armor_change\red\mage.json", "JSON", 0, 10, 0, 0, 0, 10
"c:\Users\FlowUP\Documents\GitHub\Magic\datapacks\Magic_FR\data\minecraft\item_modifier\armor_change\red\rogue.json", "JSON", 0, 10, 0, 0, 0, 10
"c:\Users\FlowUP\Documents\GitHub\Magic\datapacks\Magic_FR\data\minecraft\item_modifier\armor_change\red\warrior.json", "JSON", 0, 10, 0, 0, 0, 10
"c:\Users\FlowUP\Documents\GitHub\Magic\datapacks\Magic_FR\data\minecraft\item_modifier\count_modifier.json", "JSON", 0, 11, 0, 0, 1, 12
"c:\Users\FlowUP\Documents\GitHub\Magic\datapacks\Magic_FR\data\minecraft\loot_table\blocks\lich_spell_randomizer.json", "JSON", 0, 22, 0, 0, 1, 23
"c:\Users\FlowUP\Documents\GitHub\Magic\datapacks\Magic_FR\data\minecraft\loot_table\blocks\rng.json", "JSON", 0, 22, 0, 0, 1, 23
"c:\Users\FlowUP\Documents\GitHub\Magic\datapacks\Magic_FR\data\minecraft\predicate\bellow_lobby_height.json", "JSON", 0, 11, 0, 0, 0, 11
"c:\Users\FlowUP\Documents\GitHub\Magic\datapacks\Magic_FR\data\minecraft\predicate\felt_lobby.json", "JSON", 0, 11, 0, 0, 0, 11
"c:\Users\FlowUP\Documents\GitHub\Magic\datapacks\Magic_FR\data\minecraft\predicate\has_flag_offhand.json", "JSON", 0, 13, 0, 0, 0, 13
"c:\Users\FlowUP\Documents\GitHub\Magic\datapacks\Magic_FR\data\minecraft\predicate\has_item_offhand.json", "JSON", 0, 9, 0, 0, 0, 9
"c:\Users\FlowUP\Documents\GitHub\Magic\datapacks\Magic_FR\data\minecraft\predicate\has_jump_boost.json", "JSON", 0, 9, 0, 0, 0, 9
"c:\Users\FlowUP\Documents\GitHub\Magic\datapacks\Magic_FR\data\minecraft\predicate\is_bottom_slab.json", "JSON", 0, 9, 0, 0, 0, 9
"c:\Users\FlowUP\Documents\GitHub\Magic\datapacks\Magic_FR\data\minecraft\predicate\is_sneaking.json", "JSON", 0, 5, 0, 0, 1, 6
"c:\Users\FlowUP\Documents\GitHub\Magic\datapacks\Magic_FR\data\minecraft\predicate\is_sneaking_on_ground.json", "JSON", 0, 10, 0, 0, 0, 10
"c:\Users\FlowUP\Documents\GitHub\Magic\datapacks\Magic_FR\data\minecraft\predicate\offhand_autorized.json", "JSON", 0, 16, 0, 0, 0, 16
"c:\Users\FlowUP\Documents\GitHub\Magic\datapacks\Magic_FR\data\minecraft\predicate\step_on_black_concrete.json", "JSON", 0, 11, 0, 0, 0, 11
"c:\Users\FlowUP\Documents\GitHub\Magic\datapacks\Magic_FR\data\minecraft\predicate\step_on_slimeblock.json", "JSON", 0, 11, 0, 0, 0, 11
"c:\Users\FlowUP\Documents\GitHub\Magic\datapacks\Magic_FR\data\minecraft\predicate\step_on_yellow_concrete.json", "JSON", 0, 11, 0, 0, 0, 11
"c:\Users\FlowUP\Documents\GitHub\Magic\datapacks\Magic_FR\data\minecraft\tags\block\blue_spawn.json", "JSON", 0, 9, 0, 0, 2, 11
"c:\Users\FlowUP\Documents\GitHub\Magic\datapacks\Magic_FR\data\minecraft\tags\block\carpets.json", "JSON", 0, 21, 0, 0, 0, 21
"c:\Users\FlowUP\Documents\GitHub\Magic\datapacks\Magic_FR\data\minecraft\tags\block\half_blocs.json", "JSON", 0, 12, 0, 0, 2, 14
"c:\Users\FlowUP\Documents\GitHub\Magic\datapacks\Magic_FR\data\minecraft\tags\block\jump_plates.json", "JSON", 0, 6, 0, 0, 1, 7
"c:\Users\FlowUP\Documents\GitHub\Magic\datapacks\Magic_FR\data\minecraft\tags\block\not_solid_blocks.json", "JSON", 0, 7, 0, 0, 2, 9
"c:\Users\FlowUP\Documents\GitHub\Magic\datapacks\Magic_FR\data\minecraft\tags\block\plants.json", "JSON", 0, 18, 0, 0, 2, 20
"c:\Users\FlowUP\Documents\GitHub\Magic\datapacks\Magic_FR\data\minecraft\tags\block\red_spawn.json", "JSON", 0, 9, 0, 0, 2, 11
"c:\Users\FlowUP\Documents\GitHub\Magic\datapacks\Magic_FR\data\minecraft\tags\block\spawn_protectors.json", "JSON", 0, 14, 0, 0, 2, 16
"c:\Users\FlowUP\Documents\GitHub\Magic\datapacks\Magic_FR\data\minecraft\tags\block\spell_beam.json", "JSON", 0, 31, 0, 0, 0, 31
"c:\Users\FlowUP\Documents\GitHub\Magic\datapacks\Magic_FR\data\minecraft\tags\block\traversable_blocs.json", "JSON", 0, 30, 0, 0, 0, 30
"c:\Users\FlowUP\Documents\GitHub\Magic\datapacks\Magic_FR\data\minecraft\tags\block\traversable_blocs_and_more.json", "JSON", 0, 12, 0, 0, 0, 12
"c:\Users\FlowUP\Documents\GitHub\Magic\datapacks\Magic_FR\data\minecraft\tags\block\water_block.json", "JSON", 0, 12, 0, 0, 1, 13
"c:\Users\FlowUP\Documents\GitHub\Magic\datapacks\Magic_FR\data\minecraft\tags\dialog\quick_actions.json", "JSON", 0, 5, 0, 0, 0, 5
"c:\Users\FlowUP\Documents\GitHub\Magic\datapacks\Magic_FR\data\minecraft\tags\entity_type\boss.json", "JSON", 0, 7, 0, 0, 1, 8
"c:\Users\FlowUP\Documents\GitHub\Magic\datapacks\Magic_FR\data\minecraft\tags\entity_type\cherry_and_players.json", "JSON", 0, 6, 0, 0, 1, 7
"c:\Users\FlowUP\Documents\GitHub\Magic\datapacks\Magic_FR\data\minecraft\tags\entity_type\explo_arrow_holder.json", "JSON", 0, 7, 0, 0, 0, 7
"c:\Users\FlowUP\Documents\GitHub\Magic\datapacks\Magic_FR\data\minecraft\tags\entity_type\living_spellable.json", "JSON", 0, 7, 0, 0, 1, 8
"c:\Users\FlowUP\Documents\GitHub\Magic\datapacks\Magic_FR\data\minecraft\tags\entity_type\spellable.json", "JSON", 0, 8, 0, 0, 1, 9
"c:\Users\FlowUP\Documents\GitHub\Magic\datapacks\Magic_FR\data\minecraft\tags\function\load.json", "JSON", 0, 5, 0, 0, 0, 5
"c:\Users\FlowUP\Documents\GitHub\Magic\datapacks\Magic_FR\data\minecraft\tags\function\tick.json", "JSON", 0, 5, 0, 0, 0, 5
"c:\Users\FlowUP\Documents\GitHub\Magic\datapacks\Magic_FR\data\minecraft\tags\item\stained_glass_pane.json", "JSON", 0, 20, 0, 0, 2, 22
"c:\Users\FlowUP\Documents\GitHub\Magic\datapacks\Magic_FR\data\rogue\advancement\1_r.json", "JSON", 0, 31, 0, 0, 0, 31
"c:\Users\FlowUP\Documents\GitHub\Magic\datapacks\Magic_FR\data\rogue\advancement\2_r.json", "JSON", 0, 24, 0, 0, 0, 24
"c:\Users\FlowUP\Documents\GitHub\Magic\datapacks\Magic_FR\data\rogue\advancement\3_r.json", "JSON", 0, 27, 0, 0, 0, 27
"c:\Users\FlowUP\Documents\GitHub\Magic\datapacks\Magic_FR\data\rogue\advancement\4_r.json", "JSON", 0, 31, 0, 0, 0, 31
"c:\Users\FlowUP\Documents\GitHub\Magic\datapacks\Magic_FR\data\rogue\advancement\5_r.json", "JSON", 0, 31, 0, 0, 0, 31
"c:\Users\FlowUP\Documents\GitHub\Magic\datapacks\Magic_FR\data\rogue\advancement\6_r.json", "JSON", 0, 24, 0, 0, 0, 24
"c:\Users\FlowUP\Documents\GitHub\Magic\datapacks\Magic_FR\data\rogue\advancement\7_r.json", "JSON", 0, 24, 0, 0, 0, 24
"c:\Users\FlowUP\Documents\GitHub\Magic\datapacks\Magic_FR\data\rogue\advancement\bootlvl10_r.json", "JSON", 0, 27, 0, 0, 0, 27
"c:\Users\FlowUP\Documents\GitHub\Magic\datapacks\Magic_FR\data\rogue\advancement\bootlvl2_r.json", "JSON", 0, 27, 0, 0, 0, 27
"c:\Users\FlowUP\Documents\GitHub\Magic\datapacks\Magic_FR\data\rogue\advancement\bootlvl3_r.json", "JSON", 0, 24, 0, 0, 0, 24
"c:\Users\FlowUP\Documents\GitHub\Magic\datapacks\Magic_FR\data\rogue\advancement\bootlvl4_r.json", "JSON", 0, 27, 0, 0, 0, 27
"c:\Users\FlowUP\Documents\GitHub\Magic\datapacks\Magic_FR\data\rogue\advancement\bootlvl5_r.json", "JSON", 0, 24, 0, 0, 0, 24
"c:\Users\FlowUP\Documents\GitHub\Magic\datapacks\Magic_FR\data\rogue\advancement\bootlvl6_r.json", "JSON", 0, 27, 0, 0, 0, 27
"c:\Users\FlowUP\Documents\GitHub\Magic\datapacks\Magic_FR\data\rogue\advancement\bootlvl7_r.json", "JSON", 0, 24, 0, 0, 0, 24
"c:\Users\FlowUP\Documents\GitHub\Magic\datapacks\Magic_FR\data\rogue\advancement\bootlvl8_r.json", "JSON", 0, 27, 0, 0, 0, 27
"c:\Users\FlowUP\Documents\GitHub\Magic\datapacks\Magic_FR\data\rogue\advancement\bootlvl9_r.json", "JSON", 0, 24, 0, 0, 0, 24
"c:\Users\FlowUP\Documents\GitHub\Magic\datapacks\Magic_FR\data\rogue\advancement\chestlvl10_r.json", "JSON", 0, 27, 0, 0, 0, 27
"c:\Users\FlowUP\Documents\GitHub\Magic\datapacks\Magic_FR\data\rogue\advancement\chestlvl2_r.json", "JSON", 0, 27, 0, 0, 0, 27
"c:\Users\FlowUP\Documents\GitHub\Magic\datapacks\Magic_FR\data\rogue\advancement\chestlvl3_r.json", "JSON", 0, 24, 0, 0, 0, 24
"c:\Users\FlowUP\Documents\GitHub\Magic\datapacks\Magic_FR\data\rogue\advancement\chestlvl4_r.json", "JSON", 0, 27, 0, 0, 0, 27
"c:\Users\FlowUP\Documents\GitHub\Magic\datapacks\Magic_FR\data\rogue\advancement\chestlvl5_r.json", "JSON", 0, 24, 0, 0, 0, 24
"c:\Users\FlowUP\Documents\GitHub\Magic\datapacks\Magic_FR\data\rogue\advancement\chestlvl6_r.json", "JSON", 0, 27, 0, 0, 0, 27
"c:\Users\FlowUP\Documents\GitHub\Magic\datapacks\Magic_FR\data\rogue\advancement\chestlvl7_r.json", "JSON", 0, 24, 0, 0, 0, 24
"c:\Users\FlowUP\Documents\GitHub\Magic\datapacks\Magic_FR\data\rogue\advancement\chestlvl8_r.json", "JSON", 0, 27, 0, 0, 0, 27
"c:\Users\FlowUP\Documents\GitHub\Magic\datapacks\Magic_FR\data\rogue\advancement\chestlvl9_r.json", "JSON", 0, 24, 0, 0, 0, 24
"c:\Users\FlowUP\Documents\GitHub\Magic\datapacks\Magic_FR\data\rogue\advancement\legslvl10_r.json", "JSON", 0, 27, 0, 0, 0, 27
"c:\Users\FlowUP\Documents\GitHub\Magic\datapacks\Magic_FR\data\rogue\advancement\legslvl2_r.json", "JSON", 0, 27, 0, 0, 0, 27
"c:\Users\FlowUP\Documents\GitHub\Magic\datapacks\Magic_FR\data\rogue\advancement\legslvl3_r.json", "JSON", 0, 24, 0, 0, 0, 24
"c:\Users\FlowUP\Documents\GitHub\Magic\datapacks\Magic_FR\data\rogue\advancement\legslvl4_r.json", "JSON", 0, 27, 0, 0, 0, 27
"c:\Users\FlowUP\Documents\GitHub\Magic\datapacks\Magic_FR\data\rogue\advancement\legslvl5_r.json", "JSON", 0, 24, 0, 0, 0, 24
"c:\Users\FlowUP\Documents\GitHub\Magic\datapacks\Magic_FR\data\rogue\advancement\legslvl6_r.json", "JSON", 0, 27, 0, 0, 0, 27
"c:\Users\FlowUP\Documents\GitHub\Magic\datapacks\Magic_FR\data\rogue\advancement\legslvl7_r.json", "JSON", 0, 24, 0, 0, 0, 24
"c:\Users\FlowUP\Documents\GitHub\Magic\datapacks\Magic_FR\data\rogue\advancement\legslvl8_r.json", "JSON", 0, 27, 0, 0, 0, 27
"c:\Users\FlowUP\Documents\GitHub\Magic\datapacks\Magic_FR\data\rogue\advancement\legslvl9_r.json", "JSON", 0, 24, 0, 0, 0, 24
"c:\Users\FlowUP\Documents\GitHub\Magic\datapacks\Magic_FR\data\rogue\advancement\passif2_r.json", "JSON", 0, 56, 0, 0, 0, 56
"c:\Users\FlowUP\Documents\GitHub\Magic\datapacks\Magic_FR\data\rogue\advancement\passif_r.json", "JSON", 0, 25, 0, 0, 0, 25
"c:\Users\FlowUP\Documents\GitHub\Magic\datapacks\Magic_FR\data\rogue\advancement\root.json", "JSON", 0, 31, 0, 0, 0, 31
"c:\Users\FlowUP\Documents\GitHub\Magic\datapacks\Magic_FR\data\rogue\advancement\spell1lvl2_r.json", "JSON", 0, 31, 0, 0, 0, 31
"c:\Users\FlowUP\Documents\GitHub\Magic\datapacks\Magic_FR\data\rogue\advancement\spell1lvl3_r.json", "JSON", 0, 31, 0, 0, 0, 31
"c:\Users\FlowUP\Documents\GitHub\Magic\datapacks\Magic_FR\data\rogue\advancement\weapon1lvl10_r.json", "JSON", 0, 27, 0, 0, 0, 27
"c:\Users\FlowUP\Documents\GitHub\Magic\datapacks\Magic_FR\data\rogue\advancement\weapon1lvl2_r.json", "JSON", 0, 27, 0, 0, 0, 27
"c:\Users\FlowUP\Documents\GitHub\Magic\datapacks\Magic_FR\data\rogue\advancement\weapon1lvl3_r.json", "JSON", 0, 27, 0, 0, 0, 27
"c:\Users\FlowUP\Documents\GitHub\Magic\datapacks\Magic_FR\data\rogue\advancement\weapon1lvl4_r.json", "JSON", 0, 28, 0, 0, 0, 28
"c:\Users\FlowUP\Documents\GitHub\Magic\datapacks\Magic_FR\data\rogue\advancement\weapon1lvl5_r.json", "JSON", 0, 27, 0, 0, 0, 27
"c:\Users\FlowUP\Documents\GitHub\Magic\datapacks\Magic_FR\data\rogue\advancement\weapon1lvl6_r.json", "JSON", 0, 27, 0, 0, 0, 27
"c:\Users\FlowUP\Documents\GitHub\Magic\datapacks\Magic_FR\data\rogue\advancement\weapon1lvl7_r.json", "JSON", 0, 27, 0, 0, 0, 27
"c:\Users\FlowUP\Documents\GitHub\Magic\datapacks\Magic_FR\data\rogue\advancement\weapon1lvl8_r.json", "JSON", 0, 27, 0, 0, 0, 27
"c:\Users\FlowUP\Documents\GitHub\Magic\datapacks\Magic_FR\data\rogue\advancement\weapon1lvl9_r.json", "JSON", 0, 27, 0, 0, 0, 27
"c:\Users\FlowUP\Documents\GitHub\Magic\datapacks\Magic_FR\data\shop\function\actualise_advancement\archer.mcfunction", "mcfunction", 0, 0, 55, 2, 9, 66
"c:\Users\FlowUP\Documents\GitHub\Magic\datapacks\Magic_FR\data\shop\function\actualise_advancement\mage.mcfunction", "mcfunction", 0, 0, 49, 2, 8, 59
"c:\Users\FlowUP\Documents\GitHub\Magic\datapacks\Magic_FR\data\shop\function\actualise_advancement\rogue.mcfunction", "mcfunction", 0, 0, 49, 2, 9, 60
"c:\Users\FlowUP\Documents\GitHub\Magic\datapacks\Magic_FR\data\shop\function\actualise_advancement\warrior.mcfunction", "mcfunction", 0, 0, 49, 2, 9, 60
"c:\Users\FlowUP\Documents\GitHub\Magic\datapacks\Magic_FR\data\shop\function\boot\buyboot\buybootlvl1.mcfunction", "mcfunction", 0, 0, 14, 9, 9, 32
"c:\Users\FlowUP\Documents\GitHub\Magic\datapacks\Magic_FR\data\shop\function\boot\buyboot\buybootlvl10.mcfunction", "mcfunction", 0, 0, 14, 9, 9, 32
"c:\Users\FlowUP\Documents\GitHub\Magic\datapacks\Magic_FR\data\shop\function\boot\buyboot\buybootlvl10_a.mcfunction", "mcfunction", 0, 0, 10, 7, 8, 25
"c:\Users\FlowUP\Documents\GitHub\Magic\datapacks\Magic_FR\data\shop\function\boot\buyboot\buybootlvl1_a.mcfunction", "mcfunction", 0, 0, 10, 7, 9, 26
"c:\Users\FlowUP\Documents\GitHub\Magic\datapacks\Magic_FR\data\shop\function\boot\buyboot\buybootlvl2.mcfunction", "mcfunction", 0, 0, 14, 9, 8, 31
"c:\Users\FlowUP\Documents\GitHub\Magic\datapacks\Magic_FR\data\shop\function\boot\buyboot\buybootlvl2_a.mcfunction", "mcfunction", 0, 0, 10, 7, 9, 26
"c:\Users\FlowUP\Documents\GitHub\Magic\datapacks\Magic_FR\data\shop\function\boot\buyboot\buybootlvl3.mcfunction", "mcfunction", 0, 0, 14, 9, 7, 30
"c:\Users\FlowUP\Documents\GitHub\Magic\datapacks\Magic_FR\data\shop\function\boot\buyboot\buybootlvl3_a.mcfunction", "mcfunction", 0, 0, 10, 7, 8, 25
"c:\Users\FlowUP\Documents\GitHub\Magic\datapacks\Magic_FR\data\shop\function\boot\buyboot\buybootlvl4.mcfunction", "mcfunction", 0, 0, 14, 9, 8, 31
"c:\Users\FlowUP\Documents\GitHub\Magic\datapacks\Magic_FR\data\shop\function\boot\buyboot\buybootlvl4_a.mcfunction", "mcfunction", 0, 0, 10, 7, 7, 24
"c:\Users\FlowUP\Documents\GitHub\Magic\datapacks\Magic_FR\data\shop\function\boot\buyboot\buybootlvl5.mcfunction", "mcfunction", 0, 0, 14, 9, 7, 30
"c:\Users\FlowUP\Documents\GitHub\Magic\datapacks\Magic_FR\data\shop\function\boot\buyboot\buybootlvl5_a.mcfunction", "mcfunction", 0, 0, 10, 7, 7, 24
"c:\Users\FlowUP\Documents\GitHub\Magic\datapacks\Magic_FR\data\shop\function\boot\buyboot\buybootlvl6.mcfunction", "mcfunction", 0, 0, 14, 9, 8, 31
"c:\Users\FlowUP\Documents\GitHub\Magic\datapacks\Magic_FR\data\shop\function\boot\buyboot\buybootlvl6_a.mcfunction", "mcfunction", 0, 0, 10, 7, 7, 24
"c:\Users\FlowUP\Documents\GitHub\Magic\datapacks\Magic_FR\data\shop\function\boot\buyboot\buybootlvl7.mcfunction", "mcfunction", 0, 0, 14, 9, 7, 30
"c:\Users\FlowUP\Documents\GitHub\Magic\datapacks\Magic_FR\data\shop\function\boot\buyboot\buybootlvl7_a.mcfunction", "mcfunction", 0, 0, 10, 7, 7, 24
"c:\Users\FlowUP\Documents\GitHub\Magic\datapacks\Magic_FR\data\shop\function\boot\buyboot\buybootlvl8.mcfunction", "mcfunction", 0, 0, 14, 9, 7, 30
"c:\Users\FlowUP\Documents\GitHub\Magic\datapacks\Magic_FR\data\shop\function\boot\buyboot\buybootlvl8_a.mcfunction", "mcfunction", 0, 0, 10, 7, 7, 24
"c:\Users\FlowUP\Documents\GitHub\Magic\datapacks\Magic_FR\data\shop\function\boot\buyboot\buybootlvl9.mcfunction", "mcfunction", 0, 0, 14, 9, 8, 31
"c:\Users\FlowUP\Documents\GitHub\Magic\datapacks\Magic_FR\data\shop\function\boot\buyboot\buybootlvl9_a.mcfunction", "mcfunction", 0, 0, 10, 7, 7, 24
"c:\Users\FlowUP\Documents\GitHub\Magic\datapacks\Magic_FR\data\shop\function\boot\maxbuyboot\maxbuyboot.mcfunction", "mcfunction", 0, 0, 15, 2, 4, 21
"c:\Users\FlowUP\Documents\GitHub\Magic\datapacks\Magic_FR\data\shop\function\boot\nobuyboot\nobuyboot.mcfunction", "mcfunction", 0, 0, 15, 2, 4, 21
"c:\Users\FlowUP\Documents\GitHub\Magic\datapacks\Magic_FR\data\shop\function\boot\testplayerscore\testboots.mcfunction", "mcfunction", 0, 0, 42, 66, 67, 175
"c:\Users\FlowUP\Documents\GitHub\Magic\datapacks\Magic_FR\data\shop\function\cant_usespell.mcfunction", "mcfunction", 0, 0, 20, 2, 3, 25
"c:\Users\FlowUP\Documents\GitHub\Magic\datapacks\Magic_FR\data\shop\function\chest\buychest\buychestlvl1.mcfunction", "mcfunction", 0, 0, 16, 10, 8, 34
"c:\Users\FlowUP\Documents\GitHub\Magic\datapacks\Magic_FR\data\shop\function\chest\buychest\buychestlvl10.mcfunction", "mcfunction", 0, 0, 16, 10, 8, 34
"c:\Users\FlowUP\Documents\GitHub\Magic\datapacks\Magic_FR\data\shop\function\chest\buychest\buychestlvl2.mcfunction", "mcfunction", 0, 0, 16, 10, 8, 34
"c:\Users\FlowUP\Documents\GitHub\Magic\datapacks\Magic_FR\data\shop\function\chest\buychest\buychestlvl3.mcfunction", "mcfunction", 0, 0, 16, 10, 8, 34
"c:\Users\FlowUP\Documents\GitHub\Magic\datapacks\Magic_FR\data\shop\function\chest\buychest\buychestlvl4.mcfunction", "mcfunction", 0, 0, 16, 10, 8, 34
"c:\Users\FlowUP\Documents\GitHub\Magic\datapacks\Magic_FR\data\shop\function\chest\buychest\buychestlvl5.mcfunction", "mcfunction", 0, 0, 16, 10, 8, 34
"c:\Users\FlowUP\Documents\GitHub\Magic\datapacks\Magic_FR\data\shop\function\chest\buychest\buychestlvl6.mcfunction", "mcfunction", 0, 0, 16, 10, 8, 34
"c:\Users\FlowUP\Documents\GitHub\Magic\datapacks\Magic_FR\data\shop\function\chest\buychest\buychestlvl7.mcfunction", "mcfunction", 0, 0, 16, 10, 8, 34
"c:\Users\FlowUP\Documents\GitHub\Magic\datapacks\Magic_FR\data\shop\function\chest\buychest\buychestlvl8.mcfunction", "mcfunction", 0, 0, 16, 10, 8, 34
"c:\Users\FlowUP\Documents\GitHub\Magic\datapacks\Magic_FR\data\shop\function\chest\buychest\buychestlvl9.mcfunction", "mcfunction", 0, 0, 16, 10, 8, 34
"c:\Users\FlowUP\Documents\GitHub\Magic\datapacks\Magic_FR\data\shop\function\chest\maxbuychest\maxbuychest.mcfunction", "mcfunction", 0, 0, 15, 2, 4, 21
"c:\Users\FlowUP\Documents\GitHub\Magic\datapacks\Magic_FR\data\shop\function\chest\nobuychest\nobuychest.mcfunction", "mcfunction", 0, 0, 15, 2, 4, 21
"c:\Users\FlowUP\Documents\GitHub\Magic\datapacks\Magic_FR\data\shop\function\chest\testplayerscore\testchest.mcfunction", "mcfunction", 0, 0, 21, 33, 34, 88
"c:\Users\FlowUP\Documents\GitHub\Magic\datapacks\Magic_FR\data\shop\function\legs\buylegs\buylegslvl1.mcfunction", "mcfunction", 0, 0, 16, 10, 7, 33
"c:\Users\FlowUP\Documents\GitHub\Magic\datapacks\Magic_FR\data\shop\function\legs\buylegs\buylegslvl10.mcfunction", "mcfunction", 0, 0, 16, 10, 8, 34
"c:\Users\FlowUP\Documents\GitHub\Magic\datapacks\Magic_FR\data\shop\function\legs\buylegs\buylegslvl2.mcfunction", "mcfunction", 0, 0, 16, 10, 7, 33
"c:\Users\FlowUP\Documents\GitHub\Magic\datapacks\Magic_FR\data\shop\function\legs\buylegs\buylegslvl3.mcfunction", "mcfunction", 0, 0, 16, 10, 7, 33
"c:\Users\FlowUP\Documents\GitHub\Magic\datapacks\Magic_FR\data\shop\function\legs\buylegs\buylegslvl4.mcfunction", "mcfunction", 0, 0, 16, 10, 7, 33
"c:\Users\FlowUP\Documents\GitHub\Magic\datapacks\Magic_FR\data\shop\function\legs\buylegs\buylegslvl5.mcfunction", "mcfunction", 0, 0, 16, 10, 7, 33
"c:\Users\FlowUP\Documents\GitHub\Magic\datapacks\Magic_FR\data\shop\function\legs\buylegs\buylegslvl6.mcfunction", "mcfunction", 0, 0, 16, 10, 7, 33
"c:\Users\FlowUP\Documents\GitHub\Magic\datapacks\Magic_FR\data\shop\function\legs\buylegs\buylegslvl7.mcfunction", "mcfunction", 0, 0, 16, 10, 7, 33
"c:\Users\FlowUP\Documents\GitHub\Magic\datapacks\Magic_FR\data\shop\function\legs\buylegs\buylegslvl8.mcfunction", "mcfunction", 0, 0, 16, 10, 7, 33
"c:\Users\FlowUP\Documents\GitHub\Magic\datapacks\Magic_FR\data\shop\function\legs\buylegs\buylegslvl9.mcfunction", "mcfunction", 0, 0, 16, 10, 7, 33
"c:\Users\FlowUP\Documents\GitHub\Magic\datapacks\Magic_FR\data\shop\function\legs\maxbuylegs\maxbuylegs.mcfunction", "mcfunction", 0, 0, 15, 2, 4, 21
"c:\Users\FlowUP\Documents\GitHub\Magic\datapacks\Magic_FR\data\shop\function\legs\nobuylegs\nobuylegs.mcfunction", "mcfunction", 0, 0, 15, 2, 4, 21
"c:\Users\FlowUP\Documents\GitHub\Magic\datapacks\Magic_FR\data\shop\function\legs\testplayerscore\testlegs.mcfunction", "mcfunction", 0, 0, 21, 32, 33, 86
"c:\Users\FlowUP\Documents\GitHub\Magic\datapacks\Magic_FR\data\shop\function\load.mcfunction", "mcfunction", 0, 0, 0, 4, 1, 5
"c:\Users\FlowUP\Documents\GitHub\Magic\datapacks\Magic_FR\data\shop\function\loop.mcfunction", "mcfunction", 0, 0, 43, 38, 37, 118
"c:\Users\FlowUP\Documents\GitHub\Magic\datapacks\Magic_FR\data\shop\function\ready_sign\be_not_ready.mcfunction", "mcfunction", 0, 0, 10, 3, 5, 18
"c:\Users\FlowUP\Documents\GitHub\Magic\datapacks\Magic_FR\data\shop\function\ready_sign\be_ready.mcfunction", "mcfunction", 0, 0, 10, 3, 5, 18
"c:\Users\FlowUP\Documents\GitHub\Magic\datapacks\Magic_FR\data\shop\function\refresh_spec_ready_sign.mcfunction", "mcfunction", 0, 0, 3, 4, 2, 9
"c:\Users\FlowUP\Documents\GitHub\Magic\datapacks\Magic_FR\data\shop\function\reset_frameroom_disabled.mcfunction", "mcfunction", 0, 0, 5, 2, 5, 12
"c:\Users\FlowUP\Documents\GitHub\Magic\datapacks\Magic_FR\data\shop\function\reset_frameroom_sign.mcfunction", "mcfunction", 0, 0, 15, 4, 10, 29
"c:\Users\FlowUP\Documents\GitHub\Magic\datapacks\Magic_FR\data\shop\function\reset_money_sign.mcfunction", "mcfunction", 0, 0, 2, 2, 1, 5
"c:\Users\FlowUP\Documents\GitHub\Magic\datapacks\Magic_FR\data\shop\function\reset_round_achats.mcfunction", "mcfunction", 0, 0, 53, 2, 17, 72
"c:\Users\FlowUP\Documents\GitHub\Magic\datapacks\Magic_FR\data\shop\function\save_achats.mcfunction", "mcfunction", 0, 0, 12, 2, 3, 17
"c:\Users\FlowUP\Documents\GitHub\Magic\datapacks\Magic_FR\data\shop\function\shop_is_ready.mcfunction", "mcfunction", 0, 0, 30, 13, 12, 55
"c:\Users\FlowUP\Documents\GitHub\Magic\datapacks\Magic_FR\data\shop\function\shop_setup_timer.mcfunction", "mcfunction", 0, 0, 33, 12, 17, 62
"c:\Users\FlowUP\Documents\GitHub\Magic\datapacks\Magic_FR\data\shop\function\shop_timer.mcfunction", "mcfunction", 0, 0, 35, 7, 14, 56
"c:\Users\FlowUP\Documents\GitHub\Magic\datapacks\Magic_FR\data\shop\function\shop_timer_infinite.mcfunction", "mcfunction", 0, 0, 4, 3, 1, 8
"c:\Users\FlowUP\Documents\GitHub\Magic\datapacks\Magic_FR\data\shop\function\spectate_ppl\player1.mcfunction", "mcfunction", 0, 0, 8, 4, 3, 15
"c:\Users\FlowUP\Documents\GitHub\Magic\datapacks\Magic_FR\data\shop\function\spectate_ppl\player10.mcfunction", "mcfunction", 0, 0, 8, 4, 3, 15
"c:\Users\FlowUP\Documents\GitHub\Magic\datapacks\Magic_FR\data\shop\function\spectate_ppl\player11.mcfunction", "mcfunction", 0, 0, 8, 4, 3, 15
"c:\Users\FlowUP\Documents\GitHub\Magic\datapacks\Magic_FR\data\shop\function\spectate_ppl\player12.mcfunction", "mcfunction", 0, 0, 8, 4, 3, 15
"c:\Users\FlowUP\Documents\GitHub\Magic\datapacks\Magic_FR\data\shop\function\spectate_ppl\player2.mcfunction", "mcfunction", 0, 0, 8, 4, 3, 15
"c:\Users\FlowUP\Documents\GitHub\Magic\datapacks\Magic_FR\data\shop\function\spectate_ppl\player3.mcfunction", "mcfunction", 0, 0, 8, 4, 3, 15
"c:\Users\FlowUP\Documents\GitHub\Magic\datapacks\Magic_FR\data\shop\function\spectate_ppl\player4.mcfunction", "mcfunction", 0, 0, 8, 4, 3, 15
"c:\Users\FlowUP\Documents\GitHub\Magic\datapacks\Magic_FR\data\shop\function\spectate_ppl\player5.mcfunction", "mcfunction", 0, 0, 8, 4, 3, 15
"c:\Users\FlowUP\Documents\GitHub\Magic\datapacks\Magic_FR\data\shop\function\spectate_ppl\player6.mcfunction", "mcfunction", 0, 0, 8, 4, 3, 15
"c:\Users\FlowUP\Documents\GitHub\Magic\datapacks\Magic_FR\data\shop\function\spectate_ppl\player7.mcfunction", "mcfunction", 0, 0, 8, 4, 3, 15
"c:\Users\FlowUP\Documents\GitHub\Magic\datapacks\Magic_FR\data\shop\function\spectate_ppl\player8.mcfunction", "mcfunction", 0, 0, 8, 4, 3, 15
"c:\Users\FlowUP\Documents\GitHub\Magic\datapacks\Magic_FR\data\shop\function\spectate_ppl\player9.mcfunction", "mcfunction", 0, 0, 8, 4, 3, 15
"c:\Users\FlowUP\Documents\GitHub\Magic\datapacks\Magic_FR\data\shop\function\spectate_ppl\stop.mcfunction", "mcfunction", 0, 0, 17, 3, 4, 24
"c:\Users\FlowUP\Documents\GitHub\Magic\datapacks\Magic_FR\data\shop\function\spectator_room_sign_wall\10players.mcfunction", "mcfunction", 0, 0, 21, 12, 11, 44
"c:\Users\FlowUP\Documents\GitHub\Magic\datapacks\Magic_FR\data\shop\function\spectator_room_sign_wall\11players.mcfunction", "mcfunction", 0, 0, 22, 13, 12, 47
"c:\Users\FlowUP\Documents\GitHub\Magic\datapacks\Magic_FR\data\shop\function\spectator_room_sign_wall\12players.mcfunction", "mcfunction", 0, 0, 24, 14, 13, 51
"c:\Users\FlowUP\Documents\GitHub\Magic\datapacks\Magic_FR\data\shop\function\spectator_room_sign_wall\1player.mcfunction", "mcfunction", 0, 0, 2, 3, 3, 8
"c:\Users\FlowUP\Documents\GitHub\Magic\datapacks\Magic_FR\data\shop\function\spectator_room_sign_wall\2players.mcfunction", "mcfunction", 0, 0, 4, 4, 2, 10
"c:\Users\FlowUP\Documents\GitHub\Magic\datapacks\Magic_FR\data\shop\function\spectator_room_sign_wall\3players.mcfunction", "mcfunction", 0, 0, 6, 5, 4, 15
"c:\Users\FlowUP\Documents\GitHub\Magic\datapacks\Magic_FR\data\shop\function\spectator_room_sign_wall\4players.mcfunction", "mcfunction", 0, 0, 8, 6, 4, 18
"c:\Users\FlowUP\Documents\GitHub\Magic\datapacks\Magic_FR\data\shop\function\spectator_room_sign_wall\5players.mcfunction", "mcfunction", 0, 0, 10, 7, 5, 22
"c:\Users\FlowUP\Documents\GitHub\Magic\datapacks\Magic_FR\data\shop\function\spectator_room_sign_wall\6players.mcfunction", "mcfunction", 0, 0, 12, 8, 6, 26
"c:\Users\FlowUP\Documents\GitHub\Magic\datapacks\Magic_FR\data\shop\function\spectator_room_sign_wall\7players.mcfunction", "mcfunction", 0, 0, 14, 9, 7, 30
"c:\Users\FlowUP\Documents\GitHub\Magic\datapacks\Magic_FR\data\shop\function\spectator_room_sign_wall\8players.mcfunction", "mcfunction", 0, 0, 16, 10, 10, 36
"c:\Users\FlowUP\Documents\GitHub\Magic\datapacks\Magic_FR\data\shop\function\spectator_room_sign_wall\9players.mcfunction", "mcfunction", 0, 0, 18, 11, 10, 39
"c:\Users\FlowUP\Documents\GitHub\Magic\datapacks\Magic_FR\data\shop\function\spell1\buyspell1\buyspell1lvl1_a.mcfunction", "mcfunction", 0, 0, 13, 9, 11, 33
"c:\Users\FlowUP\Documents\GitHub\Magic\datapacks\Magic_FR\data\shop\function\spell1\buyspell1\buyspell1lvl1_m.mcfunction", "mcfunction", 0, 0, 12, 8, 8, 28
"c:\Users\FlowUP\Documents\GitHub\Magic\datapacks\Magic_FR\data\shop\function\spell1\buyspell1\buyspell1lvl1_r.mcfunction", "mcfunction", 0, 0, 12, 8, 8, 28
"c:\Users\FlowUP\Documents\GitHub\Magic\datapacks\Magic_FR\data\shop\function\spell1\buyspell1\buyspell1lvl1_w.mcfunction", "mcfunction", 0, 0, 12, 8, 9, 29
"c:\Users\FlowUP\Documents\GitHub\Magic\datapacks\Magic_FR\data\shop\function\spell1\buyspell1\buyspell1lvl2_a.mcfunction", "mcfunction", 0, 0, 12, 8, 8, 28
"c:\Users\FlowUP\Documents\GitHub\Magic\datapacks\Magic_FR\data\shop\function\spell1\buyspell1\buyspell1lvl2_m.mcfunction", "mcfunction", 0, 0, 11, 7, 7, 25
"c:\Users\FlowUP\Documents\GitHub\Magic\datapacks\Magic_FR\data\shop\function\spell1\buyspell1\buyspell1lvl2_r.mcfunction", "mcfunction", 0, 0, 11, 7, 7, 25
"c:\Users\FlowUP\Documents\GitHub\Magic\datapacks\Magic_FR\data\shop\function\spell1\buyspell1\buyspell1lvl2_w.mcfunction", "mcfunction", 0, 0, 11, 7, 7, 25
"c:\Users\FlowUP\Documents\GitHub\Magic\datapacks\Magic_FR\data\shop\function\spell1\buyspell1\buyspell1lvl3_a.mcfunction", "mcfunction", 0, 0, 12, 8, 8, 28
"c:\Users\FlowUP\Documents\GitHub\Magic\datapacks\Magic_FR\data\shop\function\spell1\buyspell1\buyspell1lvl3_m.mcfunction", "mcfunction", 0, 0, 11, 7, 7, 25
"c:\Users\FlowUP\Documents\GitHub\Magic\datapacks\Magic_FR\data\shop\function\spell1\buyspell1\buyspell1lvl3_r.mcfunction", "mcfunction", 0, 0, 11, 7, 7, 25
"c:\Users\FlowUP\Documents\GitHub\Magic\datapacks\Magic_FR\data\shop\function\spell1\buyspell1\buyspell1lvl3_w.mcfunction", "mcfunction", 0, 0, 11, 7, 7, 25
"c:\Users\FlowUP\Documents\GitHub\Magic\datapacks\Magic_FR\data\shop\function\spell1\maxbuyspell1\maxbuyspell1_a.mcfunction", "mcfunction", 0, 0, 15, 2, 4, 21
"c:\Users\FlowUP\Documents\GitHub\Magic\datapacks\Magic_FR\data\shop\function\spell1\maxbuyspell1\maxbuyspell1_m.mcfunction", "mcfunction", 0, 0, 15, 2, 4, 21
"c:\Users\FlowUP\Documents\GitHub\Magic\datapacks\Magic_FR\data\shop\function\spell1\maxbuyspell1\maxbuyspell1_r.mcfunction", "mcfunction", 0, 0, 15, 2, 4, 21
"c:\Users\FlowUP\Documents\GitHub\Magic\datapacks\Magic_FR\data\shop\function\spell1\maxbuyspell1\maxbuyspell1_w.mcfunction", "mcfunction", 0, 0, 15, 2, 4, 21
"c:\Users\FlowUP\Documents\GitHub\Magic\datapacks\Magic_FR\data\shop\function\spell1\nobuyspell1\nobuyspell1_a.mcfunction", "mcfunction", 0, 0, 15, 2, 3, 20
"c:\Users\FlowUP\Documents\GitHub\Magic\datapacks\Magic_FR\data\shop\function\spell1\nobuyspell1\nobuyspell1_m.mcfunction", "mcfunction", 0, 0, 15, 2, 3, 20
"c:\Users\FlowUP\Documents\GitHub\Magic\datapacks\Magic_FR\data\shop\function\spell1\nobuyspell1\nobuyspell1_r.mcfunction", "mcfunction", 0, 0, 15, 2, 3, 20
"c:\Users\FlowUP\Documents\GitHub\Magic\datapacks\Magic_FR\data\shop\function\spell1\nobuyspell1\nobuyspell1_w.mcfunction", "mcfunction", 0, 0, 15, 2, 3, 20
"c:\Users\FlowUP\Documents\GitHub\Magic\datapacks\Magic_FR\data\shop\function\spell1\testplayerscore\testspell1.mcfunction", "mcfunction", 0, 0, 28, 52, 57, 137
"c:\Users\FlowUP\Documents\GitHub\Magic\datapacks\Magic_FR\data\shop\function\spell2\buyspell2\buyspell2lvl1_a.mcfunction", "mcfunction", 0, 0, 12, 8, 9, 29
"c:\Users\FlowUP\Documents\GitHub\Magic\datapacks\Magic_FR\data\shop\function\spell2\buyspell2\buyspell2lvl1_m.mcfunction", "mcfunction", 0, 0, 12, 8, 8, 28
"c:\Users\FlowUP\Documents\GitHub\Magic\datapacks\Magic_FR\data\shop\function\spell2\buyspell2\buyspell2lvl1_r.mcfunction", "mcfunction", 0, 0, 12, 8, 8, 28
"c:\Users\FlowUP\Documents\GitHub\Magic\datapacks\Magic_FR\data\shop\function\spell2\buyspell2\buyspell2lvl1_w.mcfunction", "mcfunction", 0, 0, 12, 8, 8, 28
"c:\Users\FlowUP\Documents\GitHub\Magic\datapacks\Magic_FR\data\shop\function\spell2\buyspell2\buyspell2lvl2_a.mcfunction", "mcfunction", 0, 0, 11, 7, 7, 25
"c:\Users\FlowUP\Documents\GitHub\Magic\datapacks\Magic_FR\data\shop\function\spell2\buyspell2\buyspell2lvl2_m.mcfunction", "mcfunction", 0, 0, 11, 7, 7, 25
"c:\Users\FlowUP\Documents\GitHub\Magic\datapacks\Magic_FR\data\shop\function\spell2\buyspell2\buyspell2lvl2_w.mcfunction", "mcfunction", 0, 0, 11, 7, 7, 25
"c:\Users\FlowUP\Documents\GitHub\Magic\datapacks\Magic_FR\data\shop\function\spell2\buyspell2\buyspell2lvl3_a.mcfunction", "mcfunction", 0, 0, 11, 7, 7, 25
"c:\Users\FlowUP\Documents\GitHub\Magic\datapacks\Magic_FR\data\shop\function\spell2\buyspell2\buyspell2lvl3_m.mcfunction", "mcfunction", 0, 0, 11, 7, 7, 25
"c:\Users\FlowUP\Documents\GitHub\Magic\datapacks\Magic_FR\data\shop\function\spell2\buyspell2\buyspell2lvl3_w.mcfunction", "mcfunction", 0, 0, 11, 7, 7, 25
"c:\Users\FlowUP\Documents\GitHub\Magic\datapacks\Magic_FR\data\shop\function\spell2\maxbuyspell2\maxbuyspell2_a.mcfunction", "mcfunction", 0, 0, 15, 2, 4, 21
"c:\Users\FlowUP\Documents\GitHub\Magic\datapacks\Magic_FR\data\shop\function\spell2\maxbuyspell2\maxbuyspell2_m.mcfunction", "mcfunction", 0, 0, 15, 2, 4, 21
"c:\Users\FlowUP\Documents\GitHub\Magic\datapacks\Magic_FR\data\shop\function\spell2\maxbuyspell2\maxbuyspell2_r.mcfunction", "mcfunction", 0, 0, 15, 2, 4, 21
"c:\Users\FlowUP\Documents\GitHub\Magic\datapacks\Magic_FR\data\shop\function\spell2\maxbuyspell2\maxbuyspell2_w.mcfunction", "mcfunction", 0, 0, 15, 2, 4, 21
"c:\Users\FlowUP\Documents\GitHub\Magic\datapacks\Magic_FR\data\shop\function\spell2\nobuyspell2\nobuyspell2_a.mcfunction", "mcfunction", 0, 0, 15, 2, 3, 20
"c:\Users\FlowUP\Documents\GitHub\Magic\datapacks\Magic_FR\data\shop\function\spell2\nobuyspell2\nobuyspell2_m.mcfunction", "mcfunction", 0, 0, 15, 2, 3, 20
"c:\Users\FlowUP\Documents\GitHub\Magic\datapacks\Magic_FR\data\shop\function\spell2\nobuyspell2\nobuyspell2_r.mcfunction", "mcfunction", 0, 0, 15, 2, 3, 20
"c:\Users\FlowUP\Documents\GitHub\Magic\datapacks\Magic_FR\data\shop\function\spell2\nobuyspell2\nobuyspell2_w.mcfunction", "mcfunction", 0, 0, 15, 2, 3, 20
"c:\Users\FlowUP\Documents\GitHub\Magic\datapacks\Magic_FR\data\shop\function\spell2\testplayerscore\testspell2.mcfunction", "mcfunction", 0, 0, 24, 46, 52, 122
"c:\Users\FlowUP\Documents\GitHub\Magic\datapacks\Magic_FR\data\shop\function\spell3\buyspell3\buyspell3lvl1_a.mcfunction", "mcfunction", 0, 0, 12, 8, 8, 28
"c:\Users\FlowUP\Documents\GitHub\Magic\datapacks\Magic_FR\data\shop\function\spell3\buyspell3\buyspell3lvl1_m.mcfunction", "mcfunction", 0, 0, 12, 8, 8, 28
"c:\Users\FlowUP\Documents\GitHub\Magic\datapacks\Magic_FR\data\shop\function\spell3\buyspell3\buyspell3lvl1_r.mcfunction", "mcfunction", 0, 0, 12, 8, 8, 28
"c:\Users\FlowUP\Documents\GitHub\Magic\datapacks\Magic_FR\data\shop\function\spell3\buyspell3\buyspell3lvl1_w.mcfunction", "mcfunction", 0, 0, 12, 8, 8, 28
"c:\Users\FlowUP\Documents\GitHub\Magic\datapacks\Magic_FR\data\shop\function\spell3\buyspell3\buyspell3lvl2_a.mcfunction", "mcfunction", 0, 0, 11, 7, 7, 25
"c:\Users\FlowUP\Documents\GitHub\Magic\datapacks\Magic_FR\data\shop\function\spell3\buyspell3\buyspell3lvl3_a.mcfunction", "mcfunction", 0, 0, 11, 7, 7, 25
"c:\Users\FlowUP\Documents\GitHub\Magic\datapacks\Magic_FR\data\shop\function\spell3\maxbuyspell3\maxbuyspell3_a.mcfunction", "mcfunction", 0, 0, 2, 1, 4, 7
"c:\Users\FlowUP\Documents\GitHub\Magic\datapacks\Magic_FR\data\shop\function\spell3\maxbuyspell3\maxbuyspell3_m.mcfunction", "mcfunction", 0, 0, 15, 2, 4, 21
"c:\Users\FlowUP\Documents\GitHub\Magic\datapacks\Magic_FR\data\shop\function\spell3\maxbuyspell3\maxbuyspell3_r.mcfunction", "mcfunction", 0, 0, 15, 2, 4, 21
"c:\Users\FlowUP\Documents\GitHub\Magic\datapacks\Magic_FR\data\shop\function\spell3\maxbuyspell3\maxbuyspell3_w.mcfunction", "mcfunction", 0, 0, 15, 2, 4, 21
"c:\Users\FlowUP\Documents\GitHub\Magic\datapacks\Magic_FR\data\shop\function\spell3\nobuyspell3\nobuyspell3_a.mcfunction", "mcfunction", 0, 0, 15, 2, 3, 20
"c:\Users\FlowUP\Documents\GitHub\Magic\datapacks\Magic_FR\data\shop\function\spell3\nobuyspell3\nobuyspell3_m.mcfunction", "mcfunction", 0, 0, 15, 2, 3, 20
"c:\Users\FlowUP\Documents\GitHub\Magic\datapacks\Magic_FR\data\shop\function\spell3\nobuyspell3\nobuyspell3_r.mcfunction", "mcfunction", 0, 0, 15, 2, 3, 20
"c:\Users\FlowUP\Documents\GitHub\Magic\datapacks\Magic_FR\data\shop\function\spell3\nobuyspell3\nobuyspell3_w.mcfunction", "mcfunction", 0, 0, 15, 2, 3, 20
"c:\Users\FlowUP\Documents\GitHub\Magic\datapacks\Magic_FR\data\shop\function\spell3\testplayerscore\testspell3.mcfunction", "mcfunction", 0, 0, 16, 34, 39, 89
"c:\Users\FlowUP\Documents\GitHub\Magic\datapacks\Magic_FR\data\shop\function\weapon1\buyweapon1\buyweapon1lvl10_a.mcfunction", "mcfunction", 0, 0, 12, 9, 8, 29
"c:\Users\FlowUP\Documents\GitHub\Magic\datapacks\Magic_FR\data\shop\function\weapon1\buyweapon1\buyweapon1lvl10_m.mcfunction", "mcfunction", 0, 0, 11, 8, 8, 27
"c:\Users\FlowUP\Documents\GitHub\Magic\datapacks\Magic_FR\data\shop\function\weapon1\buyweapon1\buyweapon1lvl10_r.mcfunction", "mcfunction", 0, 0, 10, 7, 7, 24
"c:\Users\FlowUP\Documents\GitHub\Magic\datapacks\Magic_FR\data\shop\function\weapon1\buyweapon1\buyweapon1lvl10_w.mcfunction", "mcfunction", 0, 0, 10, 7, 7, 24
"c:\Users\FlowUP\Documents\GitHub\Magic\datapacks\Magic_FR\data\shop\function\weapon1\buyweapon1\buyweapon1lvl1_a.mcfunction", "mcfunction", 0, 0, 10, 7, 7, 24
"c:\Users\FlowUP\Documents\GitHub\Magic\datapacks\Magic_FR\data\shop\function\weapon1\buyweapon1\buyweapon1lvl1_m.mcfunction", "mcfunction", 0, 0, 11, 8, 8, 27
"c:\Users\FlowUP\Documents\GitHub\Magic\datapacks\Magic_FR\data\shop\function\weapon1\buyweapon1\buyweapon1lvl1_r.mcfunction", "mcfunction", 0, 0, 10, 7, 7, 24
"c:\Users\FlowUP\Documents\GitHub\Magic\datapacks\Magic_FR\data\shop\function\weapon1\buyweapon1\buyweapon1lvl1_w.mcfunction", "mcfunction", 0, 0, 10, 7, 7, 24
"c:\Users\FlowUP\Documents\GitHub\Magic\datapacks\Magic_FR\data\shop\function\weapon1\buyweapon1\buyweapon1lvl2_a.mcfunction", "mcfunction", 0, 0, 12, 9, 8, 29
"c:\Users\FlowUP\Documents\GitHub\Magic\datapacks\Magic_FR\data\shop\function\weapon1\buyweapon1\buyweapon1lvl2_m.mcfunction", "mcfunction", 0, 0, 11, 8, 8, 27
"c:\Users\FlowUP\Documents\GitHub\Magic\datapacks\Magic_FR\data\shop\function\weapon1\buyweapon1\buyweapon1lvl2_r.mcfunction", "mcfunction", 0, 0, 10, 7, 7, 24
"c:\Users\FlowUP\Documents\GitHub\Magic\datapacks\Magic_FR\data\shop\function\weapon1\buyweapon1\buyweapon1lvl2_w.mcfunction", "mcfunction", 0, 0, 10, 7, 7, 24
"c:\Users\FlowUP\Documents\GitHub\Magic\datapacks\Magic_FR\data\shop\function\weapon1\buyweapon1\buyweapon1lvl3_a.mcfunction", "mcfunction", 0, 0, 10, 7, 7, 24
"c:\Users\FlowUP\Documents\GitHub\Magic\datapacks\Magic_FR\data\shop\function\weapon1\buyweapon1\buyweapon1lvl3_m.mcfunction", "mcfunction", 0, 0, 11, 8, 8, 27
"c:\Users\FlowUP\Documents\GitHub\Magic\datapacks\Magic_FR\data\shop\function\weapon1\buyweapon1\buyweapon1lvl3_r.mcfunction", "mcfunction", 0, 0, 10, 7, 7, 24
"c:\Users\FlowUP\Documents\GitHub\Magic\datapacks\Magic_FR\data\shop\function\weapon1\buyweapon1\buyweapon1lvl3_w.mcfunction", "mcfunction", 0, 0, 10, 7, 7, 24
"c:\Users\FlowUP\Documents\GitHub\Magic\datapacks\Magic_FR\data\shop\function\weapon1\buyweapon1\buyweapon1lvl4_a.mcfunction", "mcfunction", 0, 0, 12, 9, 8, 29
"c:\Users\FlowUP\Documents\GitHub\Magic\datapacks\Magic_FR\data\shop\function\weapon1\buyweapon1\buyweapon1lvl4_m.mcfunction", "mcfunction", 0, 0, 11, 8, 8, 27
"c:\Users\FlowUP\Documents\GitHub\Magic\datapacks\Magic_FR\data\shop\function\weapon1\buyweapon1\buyweapon1lvl4_r.mcfunction", "mcfunction", 0, 0, 10, 7, 8, 25
"c:\Users\FlowUP\Documents\GitHub\Magic\datapacks\Magic_FR\data\shop\function\weapon1\buyweapon1\buyweapon1lvl4_w.mcfunction", "mcfunction", 0, 0, 10, 7, 7, 24
"c:\Users\FlowUP\Documents\GitHub\Magic\datapacks\Magic_FR\data\shop\function\weapon1\buyweapon1\buyweapon1lvl5_a.mcfunction", "mcfunction", 0, 0, 10, 7, 7, 24
"c:\Users\FlowUP\Documents\GitHub\Magic\datapacks\Magic_FR\data\shop\function\weapon1\buyweapon1\buyweapon1lvl5_m.mcfunction", "mcfunction", 0, 0, 11, 8, 8, 27
"c:\Users\FlowUP\Documents\GitHub\Magic\datapacks\Magic_FR\data\shop\function\weapon1\buyweapon1\buyweapon1lvl5_r.mcfunction", "mcfunction", 0, 0, 10, 7, 7, 24
"c:\Users\FlowUP\Documents\GitHub\Magic\datapacks\Magic_FR\data\shop\function\weapon1\buyweapon1\buyweapon1lvl5_w.mcfunction", "mcfunction", 0, 0, 10, 7, 7, 24
"c:\Users\FlowUP\Documents\GitHub\Magic\datapacks\Magic_FR\data\shop\function\weapon1\buyweapon1\buyweapon1lvl6_a.mcfunction", "mcfunction", 0, 0, 12, 9, 8, 29
"c:\Users\FlowUP\Documents\GitHub\Magic\datapacks\Magic_FR\data\shop\function\weapon1\buyweapon1\buyweapon1lvl6_m.mcfunction", "mcfunction", 0, 0, 11, 8, 8, 27
"c:\Users\FlowUP\Documents\GitHub\Magic\datapacks\Magic_FR\data\shop\function\weapon1\buyweapon1\buyweapon1lvl6_r.mcfunction", "mcfunction", 0, 0, 10, 7, 7, 24
"c:\Users\FlowUP\Documents\GitHub\Magic\datapacks\Magic_FR\data\shop\function\weapon1\buyweapon1\buyweapon1lvl6_w.mcfunction", "mcfunction", 0, 0, 10, 7, 7, 24
"c:\Users\FlowUP\Documents\GitHub\Magic\datapacks\Magic_FR\data\shop\function\weapon1\buyweapon1\buyweapon1lvl7_a.mcfunction", "mcfunction", 0, 0, 10, 7, 7, 24
"c:\Users\FlowUP\Documents\GitHub\Magic\datapacks\Magic_FR\data\shop\function\weapon1\buyweapon1\buyweapon1lvl7_m.mcfunction", "mcfunction", 0, 0, 11, 8, 8, 27
"c:\Users\FlowUP\Documents\GitHub\Magic\datapacks\Magic_FR\data\shop\function\weapon1\buyweapon1\buyweapon1lvl7_r.mcfunction", "mcfunction", 0, 0, 10, 7, 7, 24
"c:\Users\FlowUP\Documents\GitHub\Magic\datapacks\Magic_FR\data\shop\function\weapon1\buyweapon1\buyweapon1lvl7_w.mcfunction", "mcfunction", 0, 0, 10, 7, 7, 24
"c:\Users\FlowUP\Documents\GitHub\Magic\datapacks\Magic_FR\data\shop\function\weapon1\buyweapon1\buyweapon1lvl8_a.mcfunction", "mcfunction", 0, 0, 12, 9, 8, 29
"c:\Users\FlowUP\Documents\GitHub\Magic\datapacks\Magic_FR\data\shop\function\weapon1\buyweapon1\buyweapon1lvl8_m.mcfunction", "mcfunction", 0, 0, 11, 8, 8, 27
"c:\Users\FlowUP\Documents\GitHub\Magic\datapacks\Magic_FR\data\shop\function\weapon1\buyweapon1\buyweapon1lvl8_r.mcfunction", "mcfunction", 0, 0, 10, 7, 7, 24
"c:\Users\FlowUP\Documents\GitHub\Magic\datapacks\Magic_FR\data\shop\function\weapon1\buyweapon1\buyweapon1lvl8_w.mcfunction", "mcfunction", 0, 0, 10, 7, 7, 24
"c:\Users\FlowUP\Documents\GitHub\Magic\datapacks\Magic_FR\data\shop\function\weapon1\buyweapon1\buyweapon1lvl9_a.mcfunction", "mcfunction", 0, 0, 10, 7, 7, 24
"c:\Users\FlowUP\Documents\GitHub\Magic\datapacks\Magic_FR\data\shop\function\weapon1\buyweapon1\buyweapon1lvl9_m.mcfunction", "mcfunction", 0, 0, 11, 8, 8, 27
"c:\Users\FlowUP\Documents\GitHub\Magic\datapacks\Magic_FR\data\shop\function\weapon1\buyweapon1\buyweapon1lvl9_r.mcfunction", "mcfunction", 0, 0, 10, 7, 7, 24
"c:\Users\FlowUP\Documents\GitHub\Magic\datapacks\Magic_FR\data\shop\function\weapon1\buyweapon1\buyweapon1lvl9_w.mcfunction", "mcfunction", 0, 0, 10, 7, 7, 24
"c:\Users\FlowUP\Documents\GitHub\Magic\datapacks\Magic_FR\data\shop\function\weapon1\maxbuyweapon1\maxbuyweapon1_a.mcfunction", "mcfunction", 0, 0, 15, 2, 4, 21
"c:\Users\FlowUP\Documents\GitHub\Magic\datapacks\Magic_FR\data\shop\function\weapon1\maxbuyweapon1\maxbuyweapon1_m.mcfunction", "mcfunction", 0, 0, 15, 2, 4, 21
"c:\Users\FlowUP\Documents\GitHub\Magic\datapacks\Magic_FR\data\shop\function\weapon1\maxbuyweapon1\maxbuyweapon1_r.mcfunction", "mcfunction", 0, 0, 15, 2, 4, 21
"c:\Users\FlowUP\Documents\GitHub\Magic\datapacks\Magic_FR\data\shop\function\weapon1\maxbuyweapon1\maxbuyweapon1_w.mcfunction", "mcfunction", 0, 0, 15, 2, 4, 21
"c:\Users\FlowUP\Documents\GitHub\Magic\datapacks\Magic_FR\data\shop\function\weapon1\nobuyweapon1\nobuyweapon1_a.mcfunction", "mcfunction", 0, 0, 15, 2, 4, 21
"c:\Users\FlowUP\Documents\GitHub\Magic\datapacks\Magic_FR\data\shop\function\weapon1\nobuyweapon1\nobuyweapon1_m.mcfunction", "mcfunction", 0, 0, 15, 2, 4, 21
"c:\Users\FlowUP\Documents\GitHub\Magic\datapacks\Magic_FR\data\shop\function\weapon1\nobuyweapon1\nobuyweapon1_r.mcfunction", "mcfunction", 0, 0, 15, 2, 4, 21
"c:\Users\FlowUP\Documents\GitHub\Magic\datapacks\Magic_FR\data\shop\function\weapon1\nobuyweapon1\nobuyweapon1_w.mcfunction", "mcfunction", 0, 0, 15, 2, 4, 21
"c:\Users\FlowUP\Documents\GitHub\Magic\datapacks\Magic_FR\data\shop\function\weapon1\testplayerscore\testweapon1.mcfunction", "mcfunction", 0, 0, 84, 136, 141, 361
"c:\Users\FlowUP\Documents\GitHub\Magic\datapacks\Magic_FR\data\spells\function\arrow_detection\apply_dmg\hit_by_player1.mcfunction", "mcfunction", 0, 0, 46, 3, 6, 55
"c:\Users\FlowUP\Documents\GitHub\Magic\datapacks\Magic_FR\data\spells\function\arrow_detection\apply_dmg\hit_by_player10.mcfunction", "mcfunction", 0, 0, 46, 3, 6, 55
"c:\Users\FlowUP\Documents\GitHub\Magic\datapacks\Magic_FR\data\spells\function\arrow_detection\apply_dmg\hit_by_player11.mcfunction", "mcfunction", 0, 0, 46, 3, 6, 55
"c:\Users\FlowUP\Documents\GitHub\Magic\datapacks\Magic_FR\data\spells\function\arrow_detection\apply_dmg\hit_by_player12.mcfunction", "mcfunction", 0, 0, 46, 3, 6, 55
"c:\Users\FlowUP\Documents\GitHub\Magic\datapacks\Magic_FR\data\spells\function\arrow_detection\apply_dmg\hit_by_player2.mcfunction", "mcfunction", 0, 0, 46, 3, 6, 55
"c:\Users\FlowUP\Documents\GitHub\Magic\datapacks\Magic_FR\data\spells\function\arrow_detection\apply_dmg\hit_by_player3.mcfunction", "mcfunction", 0, 0, 46, 3, 6, 55
"c:\Users\FlowUP\Documents\GitHub\Magic\datapacks\Magic_FR\data\spells\function\arrow_detection\apply_dmg\hit_by_player4.mcfunction", "mcfunction", 0, 0, 46, 3, 6, 55
"c:\Users\FlowUP\Documents\GitHub\Magic\datapacks\Magic_FR\data\spells\function\arrow_detection\apply_dmg\hit_by_player5.mcfunction", "mcfunction", 0, 0, 46, 3, 6, 55
"c:\Users\FlowUP\Documents\GitHub\Magic\datapacks\Magic_FR\data\spells\function\arrow_detection\apply_dmg\hit_by_player6.mcfunction", "mcfunction", 0, 0, 46, 3, 6, 55
"c:\Users\FlowUP\Documents\GitHub\Magic\datapacks\Magic_FR\data\spells\function\arrow_detection\apply_dmg\hit_by_player7.mcfunction", "mcfunction", 0, 0, 46, 3, 6, 55
"c:\Users\FlowUP\Documents\GitHub\Magic\datapacks\Magic_FR\data\spells\function\arrow_detection\apply_dmg\hit_by_player8.mcfunction", "mcfunction", 0, 0, 46, 3, 6, 55
"c:\Users\FlowUP\Documents\GitHub\Magic\datapacks\Magic_FR\data\spells\function\arrow_detection\apply_dmg\hit_by_player9.mcfunction", "mcfunction", 0, 0, 46, 3, 6, 55
"c:\Users\FlowUP\Documents\GitHub\Magic\datapacks\Magic_FR\data\spells\function\arrow_detection\calculate_norm.mcfunction", "mcfunction", 0, 0, 15, 5, 4, 24
"c:\Users\FlowUP\Documents\GitHub\Magic\datapacks\Magic_FR\data\spells\function\arrow_detection\clear_ground_arrow.mcfunction", "mcfunction", 0, 0, 2, 2, 1, 5
"c:\Users\FlowUP\Documents\GitHub\Magic\datapacks\Magic_FR\data\spells\function\arrow_detection\hit_by_arrow.mcfunction", "mcfunction", 0, 0, 15, 2, 3, 20
"c:\Users\FlowUP\Documents\GitHub\Magic\datapacks\Magic_FR\data\spells\function\arrow_detection\mark_arrow.mcfunction", "mcfunction", 0, 0, 14, 5, 12, 31
"c:\Users\FlowUP\Documents\GitHub\Magic\datapacks\Magic_FR\data\spells\function\arrow_detection\touch_player_blue.mcfunction", "mcfunction", 0, 0, 28, 2, 5, 35
"c:\Users\FlowUP\Documents\GitHub\Magic\datapacks\Magic_FR\data\spells\function\arrow_detection\touch_player_red.mcfunction", "mcfunction", 0, 0, 28, 2, 5, 35
"c:\Users\FlowUP\Documents\GitHub\Magic\datapacks\Magic_FR\data\spells\function\arrow_give_system\addarrows.mcfunction", "mcfunction", 0, 0, 14, 3, 3, 20
"c:\Users\FlowUP\Documents\GitHub\Magic\datapacks\Magic_FR\data\spells\function\arrow_give_system\arrow_clock.mcfunction", "mcfunction", 0, 0, 2, 1, 1, 4
"c:\Users\FlowUP\Documents\GitHub\Magic\datapacks\Magic_FR\data\spells\function\arrow_give_system\arrowcounter.mcfunction", "mcfunction", 0, 0, 4, 1, 1, 6
"c:\Users\FlowUP\Documents\GitHub\Magic\datapacks\Magic_FR\data\spells\function\arrow_give_system\give_arrows\slot0.mcfunction", "mcfunction", 0, 0, 14, 2, 1, 17
"c:\Users\FlowUP\Documents\GitHub\Magic\datapacks\Magic_FR\data\spells\function\arrow_give_system\give_arrows\slot1.mcfunction", "mcfunction", 0, 0, 14, 2, 1, 17
"c:\Users\FlowUP\Documents\GitHub\Magic\datapacks\Magic_FR\data\spells\function\arrow_give_system\give_arrows\slot2.mcfunction", "mcfunction", 0, 0, 14, 2, 1, 17
"c:\Users\FlowUP\Documents\GitHub\Magic\datapacks\Magic_FR\data\spells\function\arrow_give_system\give_arrows\slot3.mcfunction", "mcfunction", 0, 0, 14, 2, 1, 17
"c:\Users\FlowUP\Documents\GitHub\Magic\datapacks\Magic_FR\data\spells\function\arrow_give_system\give_arrows\slot4.mcfunction", "mcfunction", 0, 0, 14, 2, 1, 17
"c:\Users\FlowUP\Documents\GitHub\Magic\datapacks\Magic_FR\data\spells\function\arrow_give_system\give_arrows\slot5.mcfunction", "mcfunction", 0, 0, 14, 2, 1, 17
"c:\Users\FlowUP\Documents\GitHub\Magic\datapacks\Magic_FR\data\spells\function\arrow_give_system\give_arrows\slot6.mcfunction", "mcfunction", 0, 0, 14, 2, 1, 17
"c:\Users\FlowUP\Documents\GitHub\Magic\datapacks\Magic_FR\data\spells\function\arrow_give_system\give_arrows\slot7.mcfunction", "mcfunction", 0, 0, 14, 2, 1, 17
"c:\Users\FlowUP\Documents\GitHub\Magic\datapacks\Magic_FR\data\spells\function\arrow_give_system\give_arrows\slot8.mcfunction", "mcfunction", 0, 0, 14, 2, 1, 17
"c:\Users\FlowUP\Documents\GitHub\Magic\datapacks\Magic_FR\data\spells\function\cant_usespell\hooked.mcfunction", "mcfunction", 0, 0, 21, 2, 4, 27
"c:\Users\FlowUP\Documents\GitHub\Magic\datapacks\Magic_FR\data\spells\function\cant_usespell\hooker.mcfunction", "mcfunction", 0, 0, 21, 2, 3, 26
"c:\Users\FlowUP\Documents\GitHub\Magic\datapacks\Magic_FR\data\spells\function\cant_usespell\respawn.mcfunction", "mcfunction", 0, 0, 21, 2, 3, 26
"c:\Users\FlowUP\Documents\GitHub\Magic\datapacks\Magic_FR\data\spells\function\cant_usespell\trapped.mcfunction", "mcfunction", 0, 0, 21, 2, 3, 26
"c:\Users\FlowUP\Documents\GitHub\Magic\datapacks\Magic_FR\data\spells\function\cdready\cdreadyspell1\cdreadyspell1lvl1\cdreadyspell1lvl1_a.mcfunction", "mcfunction", 0, 0, 25, 4, 5, 34
"c:\Users\FlowUP\Documents\GitHub\Magic\datapacks\Magic_FR\data\spells\function\cdready\cdreadyspell1\cdreadyspell1lvl1\cdreadyspell1lvl1_m.mcfunction", "mcfunction", 0, 0, 25, 4, 6, 35
"c:\Users\FlowUP\Documents\GitHub\Magic\datapacks\Magic_FR\data\spells\function\cdready\cdreadyspell1\cdreadyspell1lvl1\cdreadyspell1lvl1_r.mcfunction", "mcfunction", 0, 0, 25, 4, 3, 32
"c:\Users\FlowUP\Documents\GitHub\Magic\datapacks\Magic_FR\data\spells\function\cdready\cdreadyspell1\cdreadyspell1lvl1\cdreadyspell1lvl1_w.mcfunction", "mcfunction", 0, 0, 25, 4, 6, 35
"c:\Users\FlowUP\Documents\GitHub\Magic\datapacks\Magic_FR\data\spells\function\cdready\cdreadyspell1\cdreadyspell1lvl2\cdreadyspell1lvl2_a.mcfunction", "mcfunction", 0, 0, 25, 4, 3, 32
"c:\Users\FlowUP\Documents\GitHub\Magic\datapacks\Magic_FR\data\spells\function\cdready\cdreadyspell1\cdreadyspell1lvl2\cdreadyspell1lvl2_m.mcfunction", "mcfunction", 0, 0, 25, 4, 6, 35
"c:\Users\FlowUP\Documents\GitHub\Magic\datapacks\Magic_FR\data\spells\function\cdready\cdreadyspell1\cdreadyspell1lvl2\cdreadyspell1lvl2_r.mcfunction", "mcfunction", 0, 0, 25, 4, 3, 32
"c:\Users\FlowUP\Documents\GitHub\Magic\datapacks\Magic_FR\data\spells\function\cdready\cdreadyspell1\cdreadyspell1lvl2\cdreadyspell1lvl2_w.mcfunction", "mcfunction", 0, 0, 25, 4, 6, 35
"c:\Users\FlowUP\Documents\GitHub\Magic\datapacks\Magic_FR\data\spells\function\cdready\cdreadyspell1\cdreadyspell1lvl3\cdreadyspell1lvl3_a.mcfunction", "mcfunction", 0, 0, 25, 4, 3, 32
"c:\Users\FlowUP\Documents\GitHub\Magic\datapacks\Magic_FR\data\spells\function\cdready\cdreadyspell1\cdreadyspell1lvl3\cdreadyspell1lvl3_m.mcfunction", "mcfunction", 0, 0, 25, 4, 2, 31
"c:\Users\FlowUP\Documents\GitHub\Magic\datapacks\Magic_FR\data\spells\function\cdready\cdreadyspell1\cdreadyspell1lvl3\cdreadyspell1lvl3_r.mcfunction", "mcfunction", 0, 0, 25, 4, 3, 32
"c:\Users\FlowUP\Documents\GitHub\Magic\datapacks\Magic_FR\data\spells\function\cdready\cdreadyspell1\cdreadyspell1lvl3\cdreadyspell1lvl3_w.mcfunction", "mcfunction", 0, 0, 25, 4, 6, 35
"c:\Users\FlowUP\Documents\GitHub\Magic\datapacks\Magic_FR\data\spells\function\cdready\cdreadyspell2\cdreadyspell2lvl1\cdreadyspell2lvl1_a.mcfunction", "mcfunction", 0, 0, 25, 5, 4, 34
"c:\Users\FlowUP\Documents\GitHub\Magic\datapacks\Magic_FR\data\spells\function\cdready\cdreadyspell2\cdreadyspell2lvl1\cdreadyspell2lvl1_m.mcfunction", "mcfunction", 0, 0, 25, 4, 5, 34
"c:\Users\FlowUP\Documents\GitHub\Magic\datapacks\Magic_FR\data\spells\function\cdready\cdreadyspell2\cdreadyspell2lvl1\cdreadyspell2lvl1_r.mcfunction", "mcfunction", 0, 0, 34, 4, 4, 42
"c:\Users\FlowUP\Documents\GitHub\Magic\datapacks\Magic_FR\data\spells\function\cdready\cdreadyspell2\cdreadyspell2lvl1\cdreadyspell2lvl1_w.mcfunction", "mcfunction", 0, 0, 25, 4, 4, 33
"c:\Users\FlowUP\Documents\GitHub\Magic\datapacks\Magic_FR\data\spells\function\cdready\cdreadyspell2\cdreadyspell2lvl2\cdreadyspell2lvl2_a.mcfunction", "mcfunction", 0, 0, 25, 5, 4, 34
"c:\Users\FlowUP\Documents\GitHub\Magic\datapacks\Magic_FR\data\spells\function\cdready\cdreadyspell2\cdreadyspell2lvl2\cdreadyspell2lvl2_m.mcfunction", "mcfunction", 0, 0, 25, 4, 5, 34
"c:\Users\FlowUP\Documents\GitHub\Magic\datapacks\Magic_FR\data\spells\function\cdready\cdreadyspell2\cdreadyspell2lvl2\cdreadyspell2lvl2_w.mcfunction", "mcfunction", 0, 0, 25, 4, 4, 33
"c:\Users\FlowUP\Documents\GitHub\Magic\datapacks\Magic_FR\data\spells\function\cdready\cdreadyspell2\cdreadyspell2lvl3\cdreadyspell2lvl3_a.mcfunction", "mcfunction", 0, 0, 25, 5, 4, 34
"c:\Users\FlowUP\Documents\GitHub\Magic\datapacks\Magic_FR\data\spells\function\cdready\cdreadyspell2\cdreadyspell2lvl3\cdreadyspell2lvl3_m.mcfunction", "mcfunction", 0, 0, 25, 4, 5, 34
"c:\Users\FlowUP\Documents\GitHub\Magic\datapacks\Magic_FR\data\spells\function\cdready\cdreadyspell2\cdreadyspell2lvl3\cdreadyspell2lvl3_w.mcfunction", "mcfunction", 0, 0, 25, 4, 4, 33
"c:\Users\FlowUP\Documents\GitHub\Magic\datapacks\Magic_FR\data\spells\function\cdready\cdreadyspell3\cdreadyspell3lvl1\cdreadyspell3lvl1_a.mcfunction", "mcfunction", 0, 0, 25, 5, 5, 35
"c:\Users\FlowUP\Documents\GitHub\Magic\datapacks\Magic_FR\data\spells\function\cdready\cdreadyspell3\cdreadyspell3lvl1\cdreadyspell3lvl1_m.mcfunction", "mcfunction", 0, 0, 25, 4, 5, 34
"c:\Users\FlowUP\Documents\GitHub\Magic\datapacks\Magic_FR\data\spells\function\cdready\cdreadyspell3\cdreadyspell3lvl1\cdreadyspell3lvl1_r.mcfunction", "mcfunction", 0, 0, 34, 4, 4, 42
"c:\Users\FlowUP\Documents\GitHub\Magic\datapacks\Magic_FR\data\spells\function\cdready\cdreadyspell3\cdreadyspell3lvl1\cdreadyspell3lvl1_w.mcfunction", "mcfunction", 0, 0, 25, 4, 3, 32
"c:\Users\FlowUP\Documents\GitHub\Magic\datapacks\Magic_FR\data\spells\function\cdready\cdreadyspell3\cdreadyspell3lvl2\cdreadyspell3lvl2_a.mcfunction", "mcfunction", 0, 0, 25, 5, 5, 35
"c:\Users\FlowUP\Documents\GitHub\Magic\datapacks\Magic_FR\data\spells\function\cdready\cdreadyspell3\cdreadyspell3lvl3\cdreadyspell3lvl3_a.mcfunction", "mcfunction", 0, 0, 25, 5, 5, 35
"c:\Users\FlowUP\Documents\GitHub\Magic\datapacks\Magic_FR\data\spells\function\cooldowns\archer\cooldown_ready_spell1.mcfunction", "mcfunction", 0, 0, 3, 7, 3, 13
"c:\Users\FlowUP\Documents\GitHub\Magic\datapacks\Magic_FR\data\spells\function\cooldowns\archer\cooldown_ready_spell2.mcfunction", "mcfunction", 0, 0, 3, 4, 3, 10
"c:\Users\FlowUP\Documents\GitHub\Magic\datapacks\Magic_FR\data\spells\function\cooldowns\archer\cooldown_ready_spell3.mcfunction", "mcfunction", 0, 0, 3, 4, 3, 10
"c:\Users\FlowUP\Documents\GitHub\Magic\datapacks\Magic_FR\data\spells\function\cooldowns\cooldownspell1\cooldown_readyspell1.mcfunction", "mcfunction", 0, 0, 6, 1, 1, 8
"c:\Users\FlowUP\Documents\GitHub\Magic\datapacks\Magic_FR\data\spells\function\cooldowns\cooldownspell1\cooldownspell1_clock.mcfunction", "mcfunction", 0, 0, 6, 2, 1, 9
"c:\Users\FlowUP\Documents\GitHub\Magic\datapacks\Magic_FR\data\spells\function\cooldowns\cooldownspell2\cooldown_readyspell2.mcfunction", "mcfunction", 0, 0, 6, 1, 1, 8
"c:\Users\FlowUP\Documents\GitHub\Magic\datapacks\Magic_FR\data\spells\function\cooldowns\cooldownspell2\cooldownspell2_clock.mcfunction", "mcfunction", 0, 0, 6, 2, 1, 9
"c:\Users\FlowUP\Documents\GitHub\Magic\datapacks\Magic_FR\data\spells\function\cooldowns\cooldownspell3\cooldown_readyspell3.mcfunction", "mcfunction", 0, 0, 8, 1, 1, 10
"c:\Users\FlowUP\Documents\GitHub\Magic\datapacks\Magic_FR\data\spells\function\cooldowns\cooldownspell3\cooldownspell3_clock.mcfunction", "mcfunction", 0, 0, 6, 2, 1, 9
"c:\Users\FlowUP\Documents\GitHub\Magic\datapacks\Magic_FR\data\spells\function\cooldowns\mage\cooldown_ready_spell1.mcfunction", "mcfunction", 0, 0, 3, 4, 3, 10
"c:\Users\FlowUP\Documents\GitHub\Magic\datapacks\Magic_FR\data\spells\function\cooldowns\mage\cooldown_ready_spell2.mcfunction", "mcfunction", 0, 0, 3, 4, 3, 10
"c:\Users\FlowUP\Documents\GitHub\Magic\datapacks\Magic_FR\data\spells\function\cooldowns\mage\cooldown_ready_spell3.mcfunction", "mcfunction", 0, 0, 1, 2, 1, 4
"c:\Users\FlowUP\Documents\GitHub\Magic\datapacks\Magic_FR\data\spells\function\cooldowns\rogue\cooldown_ready_spell1.mcfunction", "mcfunction", 0, 0, 3, 4, 3, 10
"c:\Users\FlowUP\Documents\GitHub\Magic\datapacks\Magic_FR\data\spells\function\cooldowns\rogue\cooldown_ready_spell2.mcfunction", "mcfunction", 0, 0, 3, 4, 3, 10
"c:\Users\FlowUP\Documents\GitHub\Magic\datapacks\Magic_FR\data\spells\function\cooldowns\rogue\cooldown_ready_spell3.mcfunction", "mcfunction", 0, 0, 1, 2, 1, 4
"c:\Users\FlowUP\Documents\GitHub\Magic\datapacks\Magic_FR\data\spells\function\cooldowns\warrior\cooldown_ready_spell1.mcfunction", "mcfunction", 0, 0, 3, 4, 3, 10
"c:\Users\FlowUP\Documents\GitHub\Magic\datapacks\Magic_FR\data\spells\function\cooldowns\warrior\cooldown_ready_spell2.mcfunction", "mcfunction", 0, 0, 3, 4, 3, 10
"c:\Users\FlowUP\Documents\GitHub\Magic\datapacks\Magic_FR\data\spells\function\cooldowns\warrior\cooldown_ready_spell3.mcfunction", "mcfunction", 0, 0, 3, 4, 3, 10
"c:\Users\FlowUP\Documents\GitHub\Magic\datapacks\Magic_FR\data\spells\function\load.mcfunction", "mcfunction", 0, 0, 0, 4, 1, 5
"c:\Users\FlowUP\Documents\GitHub\Magic\datapacks\Magic_FR\data\spells\function\loop.mcfunction", "mcfunction", 0, 0, 101, 80, 92, 273
"c:\Users\FlowUP\Documents\GitHub\Magic\datapacks\Magic_FR\data\spells\function\spellsystem\jump_a\give_effect\1.mcfunction", "mcfunction", 0, 0, 13, 3, 2, 18
"c:\Users\FlowUP\Documents\GitHub\Magic\datapacks\Magic_FR\data\spells\function\spellsystem\jump_a\give_effect\10.mcfunction", "mcfunction", 0, 0, 13, 3, 2, 18
"c:\Users\FlowUP\Documents\GitHub\Magic\datapacks\Magic_FR\data\spells\function\spellsystem\jump_a\give_effect\2.mcfunction", "mcfunction", 0, 0, 13, 3, 2, 18
"c:\Users\FlowUP\Documents\GitHub\Magic\datapacks\Magic_FR\data\spells\function\spellsystem\jump_a\give_effect\3.mcfunction", "mcfunction", 0, 0, 13, 3, 2, 18
"c:\Users\FlowUP\Documents\GitHub\Magic\datapacks\Magic_FR\data\spells\function\spellsystem\jump_a\give_effect\4.mcfunction", "mcfunction", 0, 0, 13, 3, 2, 18
"c:\Users\FlowUP\Documents\GitHub\Magic\datapacks\Magic_FR\data\spells\function\spellsystem\jump_a\give_effect\5.mcfunction", "mcfunction", 0, 0, 13, 3, 2, 18
"c:\Users\FlowUP\Documents\GitHub\Magic\datapacks\Magic_FR\data\spells\function\spellsystem\jump_a\give_effect\6.mcfunction", "mcfunction", 0, 0, 13, 3, 2, 18
"c:\Users\FlowUP\Documents\GitHub\Magic\datapacks\Magic_FR\data\spells\function\spellsystem\jump_a\give_effect\7.mcfunction", "mcfunction", 0, 0, 13, 3, 2, 18
"c:\Users\FlowUP\Documents\GitHub\Magic\datapacks\Magic_FR\data\spells\function\spellsystem\jump_a\give_effect\8.mcfunction", "mcfunction", 0, 0, 13, 3, 2, 18
"c:\Users\FlowUP\Documents\GitHub\Magic\datapacks\Magic_FR\data\spells\function\spellsystem\jump_a\give_effect\9.mcfunction", "mcfunction", 0, 0, 13, 3, 2, 18
"c:\Users\FlowUP\Documents\GitHub\Magic\datapacks\Magic_FR\data\spells\function\spellsystem\jump_a\is_sneaking.mcfunction", "mcfunction", 0, 0, 26, 5, 6, 37
"c:\Users\FlowUP\Documents\GitHub\Magic\datapacks\Magic_FR\data\spells\function\spellsystem\jump_a\jump.mcfunction", "mcfunction", 0, 0, 4, 3, 5, 12
"c:\Users\FlowUP\Documents\GitHub\Magic\datapacks\Magic_FR\data\spells\function\spellsystem\jump_a\reduce_jump_boost\player1.mcfunction", "mcfunction", 0, 0, 1, 2, 1, 4
"c:\Users\FlowUP\Documents\GitHub\Magic\datapacks\Magic_FR\data\spells\function\spellsystem\jump_a\reduce_jump_boost\player10.mcfunction", "mcfunction", 0, 0, 1, 2, 1, 4
"c:\Users\FlowUP\Documents\GitHub\Magic\datapacks\Magic_FR\data\spells\function\spellsystem\jump_a\reduce_jump_boost\player11.mcfunction", "mcfunction", 0, 0, 1, 2, 1, 4
"c:\Users\FlowUP\Documents\GitHub\Magic\datapacks\Magic_FR\data\spells\function\spellsystem\jump_a\reduce_jump_boost\player12.mcfunction", "mcfunction", 0, 0, 1, 2, 1, 4
"c:\Users\FlowUP\Documents\GitHub\Magic\datapacks\Magic_FR\data\spells\function\spellsystem\jump_a\reduce_jump_boost\player2.mcfunction", "mcfunction", 0, 0, 1, 2, 1, 4
"c:\Users\FlowUP\Documents\GitHub\Magic\datapacks\Magic_FR\data\spells\function\spellsystem\jump_a\reduce_jump_boost\player3.mcfunction", "mcfunction", 0, 0, 1, 2, 1, 4
"c:\Users\FlowUP\Documents\GitHub\Magic\datapacks\Magic_FR\data\spells\function\spellsystem\jump_a\reduce_jump_boost\player4.mcfunction", "mcfunction", 0, 0, 1, 2, 1, 4
"c:\Users\FlowUP\Documents\GitHub\Magic\datapacks\Magic_FR\data\spells\function\spellsystem\jump_a\reduce_jump_boost\player5.mcfunction", "mcfunction", 0, 0, 1, 2, 1, 4
"c:\Users\FlowUP\Documents\GitHub\Magic\datapacks\Magic_FR\data\spells\function\spellsystem\jump_a\reduce_jump_boost\player6.mcfunction", "mcfunction", 0, 0, 1, 2, 1, 4
"c:\Users\FlowUP\Documents\GitHub\Magic\datapacks\Magic_FR\data\spells\function\spellsystem\jump_a\reduce_jump_boost\player7.mcfunction", "mcfunction", 0, 0, 1, 2, 1, 4
"c:\Users\FlowUP\Documents\GitHub\Magic\datapacks\Magic_FR\data\spells\function\spellsystem\jump_a\reduce_jump_boost\player8.mcfunction", "mcfunction", 0, 0, 1, 2, 1, 4
"c:\Users\FlowUP\Documents\GitHub\Magic\datapacks\Magic_FR\data\spells\function\spellsystem\jump_a\reduce_jump_boost\player9.mcfunction", "mcfunction", 0, 0, 1, 2, 1, 4
"c:\Users\FlowUP\Documents\GitHub\Magic\datapacks\Magic_FR\data\spells\function\spellsystem\jump_a\reduce_jump_boost\remove_jump_boost.mcfunction", "mcfunction", 0, 0, 26, 3, 5, 34
"c:\Users\FlowUP\Documents\GitHub\Magic\datapacks\Magic_FR\data\spells\function\spellsystem\jump_a\stopped_sneaking.mcfunction", "mcfunction", 0, 0, 13, 2, 3, 18
"c:\Users\FlowUP\Documents\GitHub\Magic\datapacks\Magic_FR\data\spells\function\spellsystem\spell1\spell1_a\apply_dmg\apply_dmg_by_ally_lvl1.mcfunction", "mcfunction", 0, 0, 52, 4, 8, 64
"c:\Users\FlowUP\Documents\GitHub\Magic\datapacks\Magic_FR\data\spells\function\spellsystem\spell1\spell1_a\apply_dmg\apply_dmg_by_ally_lvl2.mcfunction", "mcfunction", 0, 0, 52, 4, 8, 64
"c:\Users\FlowUP\Documents\GitHub\Magic\datapacks\Magic_FR\data\spells\function\spellsystem\spell1\spell1_a\apply_dmg\apply_dmg_by_ally_lvl3.mcfunction", "mcfunction", 0, 0, 52, 4, 8, 64
"c:\Users\FlowUP\Documents\GitHub\Magic\datapacks\Magic_FR\data\spells\function\spellsystem\spell1\spell1_a\apply_dmg\apply_dmg_lvl1.mcfunction", "mcfunction", 0, 0, 51, 3, 7, 61
"c:\Users\FlowUP\Documents\GitHub\Magic\datapacks\Magic_FR\data\spells\function\spellsystem\spell1\spell1_a\apply_dmg\apply_dmg_lvl2.mcfunction", "mcfunction", 0, 0, 51, 3, 7, 61
"c:\Users\FlowUP\Documents\GitHub\Magic\datapacks\Magic_FR\data\spells\function\spellsystem\spell1\spell1_a\apply_dmg\apply_dmg_lvl3.mcfunction", "mcfunction", 0, 0, 51, 3, 7, 61
"c:\Users\FlowUP\Documents\GitHub\Magic\datapacks\Magic_FR\data\spells\function\spellsystem\spell1\spell1_a\arrow_hitted\player1.mcfunction", "mcfunction", 0, 0, 23, 7, 12, 42
"c:\Users\FlowUP\Documents\GitHub\Magic\datapacks\Magic_FR\data\spells\function\spellsystem\spell1\spell1_a\arrow_hitted\player10.mcfunction", "mcfunction", 0, 0, 23, 7, 12, 42
"c:\Users\FlowUP\Documents\GitHub\Magic\datapacks\Magic_FR\data\spells\function\spellsystem\spell1\spell1_a\arrow_hitted\player11.mcfunction", "mcfunction", 0, 0, 23, 7, 12, 42
"c:\Users\FlowUP\Documents\GitHub\Magic\datapacks\Magic_FR\data\spells\function\spellsystem\spell1\spell1_a\arrow_hitted\player12.mcfunction", "mcfunction", 0, 0, 23, 7, 12, 42
"c:\Users\FlowUP\Documents\GitHub\Magic\datapacks\Magic_FR\data\spells\function\spellsystem\spell1\spell1_a\arrow_hitted\player2.mcfunction", "mcfunction", 0, 0, 23, 7, 11, 41
"c:\Users\FlowUP\Documents\GitHub\Magic\datapacks\Magic_FR\data\spells\function\spellsystem\spell1\spell1_a\arrow_hitted\player3.mcfunction", "mcfunction", 0, 0, 23, 7, 11, 41
"c:\Users\FlowUP\Documents\GitHub\Magic\datapacks\Magic_FR\data\spells\function\spellsystem\spell1\spell1_a\arrow_hitted\player4.mcfunction", "mcfunction", 0, 0, 23, 7, 12, 42
"c:\Users\FlowUP\Documents\GitHub\Magic\datapacks\Magic_FR\data\spells\function\spellsystem\spell1\spell1_a\arrow_hitted\player5.mcfunction", "mcfunction", 0, 0, 23, 7, 12, 42
"c:\Users\FlowUP\Documents\GitHub\Magic\datapacks\Magic_FR\data\spells\function\spellsystem\spell1\spell1_a\arrow_hitted\player6.mcfunction", "mcfunction", 0, 0, 23, 7, 12, 42
"c:\Users\FlowUP\Documents\GitHub\Magic\datapacks\Magic_FR\data\spells\function\spellsystem\spell1\spell1_a\arrow_hitted\player7.mcfunction", "mcfunction", 0, 0, 23, 7, 12, 42
"c:\Users\FlowUP\Documents\GitHub\Magic\datapacks\Magic_FR\data\spells\function\spellsystem\spell1\spell1_a\arrow_hitted\player8.mcfunction", "mcfunction", 0, 0, 23, 7, 12, 42
"c:\Users\FlowUP\Documents\GitHub\Magic\datapacks\Magic_FR\data\spells\function\spellsystem\spell1\spell1_a\arrow_hitted\player9.mcfunction", "mcfunction", 0, 0, 23, 7, 12, 42
"c:\Users\FlowUP\Documents\GitHub\Magic\datapacks\Magic_FR\data\spells\function\spellsystem\spell1\spell1_a\delete_raycast_marker.mcfunction", "mcfunction", 0, 0, 2, 2, 1, 5
"c:\Users\FlowUP\Documents\GitHub\Magic\datapacks\Magic_FR\data\spells\function\spellsystem\spell1\spell1_a\detonate\player1.mcfunction", "mcfunction", 0, 0, 34, 7, 11, 52
"c:\Users\FlowUP\Documents\GitHub\Magic\datapacks\Magic_FR\data\spells\function\spellsystem\spell1\spell1_a\detonate\player10.mcfunction", "mcfunction", 0, 0, 34, 7, 11, 52
"c:\Users\FlowUP\Documents\GitHub\Magic\datapacks\Magic_FR\data\spells\function\spellsystem\spell1\spell1_a\detonate\player11.mcfunction", "mcfunction", 0, 0, 34, 7, 11, 52
"c:\Users\FlowUP\Documents\GitHub\Magic\datapacks\Magic_FR\data\spells\function\spellsystem\spell1\spell1_a\detonate\player12.mcfunction", "mcfunction", 0, 0, 34, 7, 11, 52
"c:\Users\FlowUP\Documents\GitHub\Magic\datapacks\Magic_FR\data\spells\function\spellsystem\spell1\spell1_a\detonate\player2.mcfunction", "mcfunction", 0, 0, 34, 7, 11, 52
"c:\Users\FlowUP\Documents\GitHub\Magic\datapacks\Magic_FR\data\spells\function\spellsystem\spell1\spell1_a\detonate\player3.mcfunction", "mcfunction", 0, 0, 34, 7, 11, 52
"c:\Users\FlowUP\Documents\GitHub\Magic\datapacks\Magic_FR\data\spells\function\spellsystem\spell1\spell1_a\detonate\player4.mcfunction", "mcfunction", 0, 0, 34, 7, 11, 52
"c:\Users\FlowUP\Documents\GitHub\Magic\datapacks\Magic_FR\data\spells\function\spellsystem\spell1\spell1_a\detonate\player5.mcfunction", "mcfunction", 0, 0, 34, 7, 11, 52
"c:\Users\FlowUP\Documents\GitHub\Magic\datapacks\Magic_FR\data\spells\function\spellsystem\spell1\spell1_a\detonate\player6.mcfunction", "mcfunction", 0, 0, 34, 7, 11, 52
"c:\Users\FlowUP\Documents\GitHub\Magic\datapacks\Magic_FR\data\spells\function\spellsystem\spell1\spell1_a\detonate\player7.mcfunction", "mcfunction", 0, 0, 34, 7, 11, 52
"c:\Users\FlowUP\Documents\GitHub\Magic\datapacks\Magic_FR\data\spells\function\spellsystem\spell1\spell1_a\detonate\player8.mcfunction", "mcfunction", 0, 0, 34, 7, 11, 52
"c:\Users\FlowUP\Documents\GitHub\Magic\datapacks\Magic_FR\data\spells\function\spellsystem\spell1\spell1_a\detonate\player9.mcfunction", "mcfunction", 0, 0, 34, 7, 11, 52
"c:\Users\FlowUP\Documents\GitHub\Magic\datapacks\Magic_FR\data\spells\function\spellsystem\spell1\spell1_a\detonate\summon_markers.mcfunction", "mcfunction", 0, 0, 30, 3, 8, 41
"c:\Users\FlowUP\Documents\GitHub\Magic\datapacks\Magic_FR\data\spells\function\spellsystem\spell1\spell1_a\onground\player1.mcfunction", "mcfunction", 0, 0, 3, 3, 2, 8
"c:\Users\FlowUP\Documents\GitHub\Magic\datapacks\Magic_FR\data\spells\function\spellsystem\spell1\spell1_a\onground\player10.mcfunction", "mcfunction", 0, 0, 3, 3, 2, 8
"c:\Users\FlowUP\Documents\GitHub\Magic\datapacks\Magic_FR\data\spells\function\spellsystem\spell1\spell1_a\onground\player11.mcfunction", "mcfunction", 0, 0, 3, 3, 2, 8
"c:\Users\FlowUP\Documents\GitHub\Magic\datapacks\Magic_FR\data\spells\function\spellsystem\spell1\spell1_a\onground\player12.mcfunction", "mcfunction", 0, 0, 3, 3, 2, 8
"c:\Users\FlowUP\Documents\GitHub\Magic\datapacks\Magic_FR\data\spells\function\spellsystem\spell1\spell1_a\onground\player2.mcfunction", "mcfunction", 0, 0, 3, 3, 2, 8
"c:\Users\FlowUP\Documents\GitHub\Magic\datapacks\Magic_FR\data\spells\function\spellsystem\spell1\spell1_a\onground\player3.mcfunction", "mcfunction", 0, 0, 3, 3, 2, 8
"c:\Users\FlowUP\Documents\GitHub\Magic\datapacks\Magic_FR\data\spells\function\spellsystem\spell1\spell1_a\onground\player4.mcfunction", "mcfunction", 0, 0, 3, 3, 2, 8
"c:\Users\FlowUP\Documents\GitHub\Magic\datapacks\Magic_FR\data\spells\function\spellsystem\spell1\spell1_a\onground\player5.mcfunction", "mcfunction", 0, 0, 3, 3, 2, 8
"c:\Users\FlowUP\Documents\GitHub\Magic\datapacks\Magic_FR\data\spells\function\spellsystem\spell1\spell1_a\onground\player6.mcfunction", "mcfunction", 0, 0, 3, 3, 2, 8
"c:\Users\FlowUP\Documents\GitHub\Magic\datapacks\Magic_FR\data\spells\function\spellsystem\spell1\spell1_a\onground\player7.mcfunction", "mcfunction", 0, 0, 3, 3, 2, 8
"c:\Users\FlowUP\Documents\GitHub\Magic\datapacks\Magic_FR\data\spells\function\spellsystem\spell1\spell1_a\onground\player8.mcfunction", "mcfunction", 0, 0, 3, 3, 2, 8
"c:\Users\FlowUP\Documents\GitHub\Magic\datapacks\Magic_FR\data\spells\function\spellsystem\spell1\spell1_a\onground\player9.mcfunction", "mcfunction", 0, 0, 3, 3, 2, 8
"c:\Users\FlowUP\Documents\GitHub\Magic\datapacks\Magic_FR\data\spells\function\spellsystem\spell1\spell1_a\onground\start_countdown.mcfunction", "mcfunction", 0, 0, 12, 2, 1, 15
"c:\Users\FlowUP\Documents\GitHub\Magic\datapacks\Magic_FR\data\spells\function\spellsystem\spell1\spell1_a\onplayer\player1.mcfunction", "mcfunction", 0, 0, 29, 3, 5, 37
"c:\Users\FlowUP\Documents\GitHub\Magic\datapacks\Magic_FR\data\spells\function\spellsystem\spell1\spell1_a\onplayer\player10.mcfunction", "mcfunction", 0, 0, 29, 3, 5, 37
"c:\Users\FlowUP\Documents\GitHub\Magic\datapacks\Magic_FR\data\spells\function\spellsystem\spell1\spell1_a\onplayer\player11.mcfunction", "mcfunction", 0, 0, 29, 3, 5, 37
"c:\Users\FlowUP\Documents\GitHub\Magic\datapacks\Magic_FR\data\spells\function\spellsystem\spell1\spell1_a\onplayer\player12.mcfunction", "mcfunction", 0, 0, 29, 3, 5, 37
"c:\Users\FlowUP\Documents\GitHub\Magic\datapacks\Magic_FR\data\spells\function\spellsystem\spell1\spell1_a\onplayer\player2.mcfunction", "mcfunction", 0, 0, 29, 3, 5, 37
"c:\Users\FlowUP\Documents\GitHub\Magic\datapacks\Magic_FR\data\spells\function\spellsystem\spell1\spell1_a\onplayer\player3.mcfunction", "mcfunction", 0, 0, 29, 3, 5, 37
"c:\Users\FlowUP\Documents\GitHub\Magic\datapacks\Magic_FR\data\spells\function\spellsystem\spell1\spell1_a\onplayer\player4.mcfunction", "mcfunction", 0, 0, 29, 3, 5, 37
"c:\Users\FlowUP\Documents\GitHub\Magic\datapacks\Magic_FR\data\spells\function\spellsystem\spell1\spell1_a\onplayer\player5.mcfunction", "mcfunction", 0, 0, 29, 3, 5, 37
"c:\Users\FlowUP\Documents\GitHub\Magic\datapacks\Magic_FR\data\spells\function\spellsystem\spell1\spell1_a\onplayer\player6.mcfunction", "mcfunction", 0, 0, 29, 3, 5, 37
"c:\Users\FlowUP\Documents\GitHub\Magic\datapacks\Magic_FR\data\spells\function\spellsystem\spell1\spell1_a\onplayer\player7.mcfunction", "mcfunction", 0, 0, 29, 3, 5, 37
"c:\Users\FlowUP\Documents\GitHub\Magic\datapacks\Magic_FR\data\spells\function\spellsystem\spell1\spell1_a\onplayer\player8.mcfunction", "mcfunction", 0, 0, 29, 3, 5, 37
"c:\Users\FlowUP\Documents\GitHub\Magic\datapacks\Magic_FR\data\spells\function\spellsystem\spell1\spell1_a\onplayer\player9.mcfunction", "mcfunction", 0, 0, 29, 3, 5, 37
"c:\Users\FlowUP\Documents\GitHub\Magic\datapacks\Magic_FR\data\spells\function\spellsystem\spell1\spell1_a\onplayer\test_player.mcfunction", "mcfunction", 0, 0, 12, 2, 1, 15
"c:\Users\FlowUP\Documents\GitHub\Magic\datapacks\Magic_FR\data\spells\function\spellsystem\spell1\spell1_a\raycast\player10\dark_red.mcfunction", "mcfunction", 0, 0, 5, 2, 1, 8
"c:\Users\FlowUP\Documents\GitHub\Magic\datapacks\Magic_FR\data\spells\function\spellsystem\spell1\spell1_a\raycast\player10\red.mcfunction", "mcfunction", 0, 0, 3, 2, 1, 6
"c:\Users\FlowUP\Documents\GitHub\Magic\datapacks\Magic_FR\data\spells\function\spellsystem\spell1\spell1_a\raycast\player11\dark_red.mcfunction", "mcfunction", 0, 0, 5, 2, 1, 8
"c:\Users\FlowUP\Documents\GitHub\Magic\datapacks\Magic_FR\data\spells\function\spellsystem\spell1\spell1_a\raycast\player11\red.mcfunction", "mcfunction", 0, 0, 3, 2, 1, 6
"c:\Users\FlowUP\Documents\GitHub\Magic\datapacks\Magic_FR\data\spells\function\spellsystem\spell1\spell1_a\raycast\player12\dark_red.mcfunction", "mcfunction", 0, 0, 5, 2, 1, 8
"c:\Users\FlowUP\Documents\GitHub\Magic\datapacks\Magic_FR\data\spells\function\spellsystem\spell1\spell1_a\raycast\player12\red.mcfunction", "mcfunction", 0, 0, 3, 2, 1, 6
"c:\Users\FlowUP\Documents\GitHub\Magic\datapacks\Magic_FR\data\spells\function\spellsystem\spell1\spell1_a\raycast\player1\dark_red.mcfunction", "mcfunction", 0, 0, 5, 2, 1, 8
"c:\Users\FlowUP\Documents\GitHub\Magic\datapacks\Magic_FR\data\spells\function\spellsystem\spell1\spell1_a\raycast\player1\red.mcfunction", "mcfunction", 0, 0, 3, 2, 1, 6
"c:\Users\FlowUP\Documents\GitHub\Magic\datapacks\Magic_FR\data\spells\function\spellsystem\spell1\spell1_a\raycast\player2\dark_red.mcfunction", "mcfunction", 0, 0, 5, 2, 1, 8
"c:\Users\FlowUP\Documents\GitHub\Magic\datapacks\Magic_FR\data\spells\function\spellsystem\spell1\spell1_a\raycast\player2\red.mcfunction", "mcfunction", 0, 0, 3, 2, 1, 6
"c:\Users\FlowUP\Documents\GitHub\Magic\datapacks\Magic_FR\data\spells\function\spellsystem\spell1\spell1_a\raycast\player3\dark_red.mcfunction", "mcfunction", 0, 0, 5, 2, 1, 8
"c:\Users\FlowUP\Documents\GitHub\Magic\datapacks\Magic_FR\data\spells\function\spellsystem\spell1\spell1_a\raycast\player3\red.mcfunction", "mcfunction", 0, 0, 3, 2, 1, 6
"c:\Users\FlowUP\Documents\GitHub\Magic\datapacks\Magic_FR\data\spells\function\spellsystem\spell1\spell1_a\raycast\player4\dark_red.mcfunction", "mcfunction", 0, 0, 5, 2, 1, 8
"c:\Users\FlowUP\Documents\GitHub\Magic\datapacks\Magic_FR\data\spells\function\spellsystem\spell1\spell1_a\raycast\player4\red.mcfunction", "mcfunction", 0, 0, 3, 2, 1, 6
"c:\Users\FlowUP\Documents\GitHub\Magic\datapacks\Magic_FR\data\spells\function\spellsystem\spell1\spell1_a\raycast\player5\dark_red.mcfunction", "mcfunction", 0, 0, 5, 2, 1, 8
"c:\Users\FlowUP\Documents\GitHub\Magic\datapacks\Magic_FR\data\spells\function\spellsystem\spell1\spell1_a\raycast\player5\red.mcfunction", "mcfunction", 0, 0, 3, 2, 1, 6
"c:\Users\FlowUP\Documents\GitHub\Magic\datapacks\Magic_FR\data\spells\function\spellsystem\spell1\spell1_a\raycast\player6\dark_red.mcfunction", "mcfunction", 0, 0, 5, 2, 1, 8
"c:\Users\FlowUP\Documents\GitHub\Magic\datapacks\Magic_FR\data\spells\function\spellsystem\spell1\spell1_a\raycast\player6\red.mcfunction", "mcfunction", 0, 0, 3, 2, 1, 6
"c:\Users\FlowUP\Documents\GitHub\Magic\datapacks\Magic_FR\data\spells\function\spellsystem\spell1\spell1_a\raycast\player7\dark_red.mcfunction", "mcfunction", 0, 0, 5, 2, 1, 8
"c:\Users\FlowUP\Documents\GitHub\Magic\datapacks\Magic_FR\data\spells\function\spellsystem\spell1\spell1_a\raycast\player7\red.mcfunction", "mcfunction", 0, 0, 3, 2, 1, 6
"c:\Users\FlowUP\Documents\GitHub\Magic\datapacks\Magic_FR\data\spells\function\spellsystem\spell1\spell1_a\raycast\player8\dark_red.mcfunction", "mcfunction", 0, 0, 5, 2, 1, 8
"c:\Users\FlowUP\Documents\GitHub\Magic\datapacks\Magic_FR\data\spells\function\spellsystem\spell1\spell1_a\raycast\player8\red.mcfunction", "mcfunction", 0, 0, 3, 2, 1, 6
"c:\Users\FlowUP\Documents\GitHub\Magic\datapacks\Magic_FR\data\spells\function\spellsystem\spell1\spell1_a\raycast\player9\dark_red.mcfunction", "mcfunction", 0, 0, 5, 2, 1, 8
"c:\Users\FlowUP\Documents\GitHub\Magic\datapacks\Magic_FR\data\spells\function\spellsystem\spell1\spell1_a\raycast\player9\red.mcfunction", "mcfunction", 0, 0, 3, 2, 1, 6
"c:\Users\FlowUP\Documents\GitHub\Magic\datapacks\Magic_FR\data\spells\function\spellsystem\spell1\spell1_a\refresh_bossbar.mcfunction", "mcfunction", 0, 0, 37, 2, 15, 54
"c:\Users\FlowUP\Documents\GitHub\Magic\datapacks\Magic_FR\data\spells\function\spellsystem\spell1\spell1_a\refresh_bossbar_victim.mcfunction", "mcfunction", 0, 0, 13, 2, 3, 18
"c:\Users\FlowUP\Documents\GitHub\Magic\datapacks\Magic_FR\data\spells\function\spellsystem\spell1\spell1_a\reset\player1.mcfunction", "mcfunction", 0, 0, 4, 2, 1, 7
"c:\Users\FlowUP\Documents\GitHub\Magic\datapacks\Magic_FR\data\spells\function\spellsystem\spell1\spell1_a\reset\player10.mcfunction", "mcfunction", 0, 0, 4, 2, 1, 7
"c:\Users\FlowUP\Documents\GitHub\Magic\datapacks\Magic_FR\data\spells\function\spellsystem\spell1\spell1_a\reset\player11.mcfunction", "mcfunction", 0, 0, 4, 2, 1, 7
"c:\Users\FlowUP\Documents\GitHub\Magic\datapacks\Magic_FR\data\spells\function\spellsystem\spell1\spell1_a\reset\player12.mcfunction", "mcfunction", 0, 0, 4, 2, 1, 7
"c:\Users\FlowUP\Documents\GitHub\Magic\datapacks\Magic_FR\data\spells\function\spellsystem\spell1\spell1_a\reset\player2.mcfunction", "mcfunction", 0, 0, 4, 2, 1, 7
"c:\Users\FlowUP\Documents\GitHub\Magic\datapacks\Magic_FR\data\spells\function\spellsystem\spell1\spell1_a\reset\player3.mcfunction", "mcfunction", 0, 0, 4, 2, 1, 7
"c:\Users\FlowUP\Documents\GitHub\Magic\datapacks\Magic_FR\data\spells\function\spellsystem\spell1\spell1_a\reset\player4.mcfunction", "mcfunction", 0, 0, 4, 2, 1, 7
"c:\Users\FlowUP\Documents\GitHub\Magic\datapacks\Magic_FR\data\spells\function\spellsystem\spell1\spell1_a\reset\player5.mcfunction", "mcfunction", 0, 0, 4, 2, 1, 7
"c:\Users\FlowUP\Documents\GitHub\Magic\datapacks\Magic_FR\data\spells\function\spellsystem\spell1\spell1_a\reset\player6.mcfunction", "mcfunction", 0, 0, 4, 2, 1, 7
"c:\Users\FlowUP\Documents\GitHub\Magic\datapacks\Magic_FR\data\spells\function\spellsystem\spell1\spell1_a\reset\player7.mcfunction", "mcfunction", 0, 0, 4, 2, 1, 7
"c:\Users\FlowUP\Documents\GitHub\Magic\datapacks\Magic_FR\data\spells\function\spellsystem\spell1\spell1_a\reset\player8.mcfunction", "mcfunction", 0, 0, 4, 2, 1, 7
"c:\Users\FlowUP\Documents\GitHub\Magic\datapacks\Magic_FR\data\spells\function\spellsystem\spell1\spell1_a\reset\player9.mcfunction", "mcfunction", 0, 0, 4, 2, 1, 7
"c:\Users\FlowUP\Documents\GitHub\Magic\datapacks\Magic_FR\data\spells\function\spellsystem\spell1\spell1_a\reset\testplayer.mcfunction", "mcfunction", 0, 0, 12, 2, 1, 15
"c:\Users\FlowUP\Documents\GitHub\Magic\datapacks\Magic_FR\data\spells\function\spellsystem\spell1\spell1_a\secnd_animation\player1.mcfunction", "mcfunction", 0, 0, 35, 2, 7, 44
"c:\Users\FlowUP\Documents\GitHub\Magic\datapacks\Magic_FR\data\spells\function\spellsystem\spell1\spell1_a\secnd_animation\player10.mcfunction", "mcfunction", 0, 0, 35, 2, 7, 44
"c:\Users\FlowUP\Documents\GitHub\Magic\datapacks\Magic_FR\data\spells\function\spellsystem\spell1\spell1_a\secnd_animation\player11.mcfunction", "mcfunction", 0, 0, 35, 2, 7, 44
"c:\Users\FlowUP\Documents\GitHub\Magic\datapacks\Magic_FR\data\spells\function\spellsystem\spell1\spell1_a\secnd_animation\player12.mcfunction", "mcfunction", 0, 0, 35, 2, 7, 44
"c:\Users\FlowUP\Documents\GitHub\Magic\datapacks\Magic_FR\data\spells\function\spellsystem\spell1\spell1_a\secnd_animation\player2.mcfunction", "mcfunction", 0, 0, 35, 2, 7, 44
"c:\Users\FlowUP\Documents\GitHub\Magic\datapacks\Magic_FR\data\spells\function\spellsystem\spell1\spell1_a\secnd_animation\player3.mcfunction", "mcfunction", 0, 0, 35, 2, 7, 44
"c:\Users\FlowUP\Documents\GitHub\Magic\datapacks\Magic_FR\data\spells\function\spellsystem\spell1\spell1_a\secnd_animation\player4.mcfunction", "mcfunction", 0, 0, 35, 2, 7, 44
"c:\Users\FlowUP\Documents\GitHub\Magic\datapacks\Magic_FR\data\spells\function\spellsystem\spell1\spell1_a\secnd_animation\player5.mcfunction", "mcfunction", 0, 0, 35, 2, 7, 44
"c:\Users\FlowUP\Documents\GitHub\Magic\datapacks\Magic_FR\data\spells\function\spellsystem\spell1\spell1_a\secnd_animation\player6.mcfunction", "mcfunction", 0, 0, 35, 2, 7, 44
"c:\Users\FlowUP\Documents\GitHub\Magic\datapacks\Magic_FR\data\spells\function\spellsystem\spell1\spell1_a\secnd_animation\player7.mcfunction", "mcfunction", 0, 0, 35, 2, 7, 44
"c:\Users\FlowUP\Documents\GitHub\Magic\datapacks\Magic_FR\data\spells\function\spellsystem\spell1\spell1_a\secnd_animation\player8.mcfunction", "mcfunction", 0, 0, 35, 2, 7, 44
"c:\Users\FlowUP\Documents\GitHub\Magic\datapacks\Magic_FR\data\spells\function\spellsystem\spell1\spell1_a\secnd_animation\player9.mcfunction", "mcfunction", 0, 0, 35, 2, 7, 44
"c:\Users\FlowUP\Documents\GitHub\Magic\datapacks\Magic_FR\data\spells\function\spellsystem\spell1\spell1_a\start_animation\player1.mcfunction", "mcfunction", 0, 0, 36, 2, 8, 46
"c:\Users\FlowUP\Documents\GitHub\Magic\datapacks\Magic_FR\data\spells\function\spellsystem\spell1\spell1_a\start_animation\player10.mcfunction", "mcfunction", 0, 0, 36, 2, 8, 46
"c:\Users\FlowUP\Documents\GitHub\Magic\datapacks\Magic_FR\data\spells\function\spellsystem\spell1\spell1_a\start_animation\player11.mcfunction", "mcfunction", 0, 0, 36, 2, 8, 46
"c:\Users\FlowUP\Documents\GitHub\Magic\datapacks\Magic_FR\data\spells\function\spellsystem\spell1\spell1_a\start_animation\player12.mcfunction", "mcfunction", 0, 0, 36, 2, 8, 46
"c:\Users\FlowUP\Documents\GitHub\Magic\datapacks\Magic_FR\data\spells\function\spellsystem\spell1\spell1_a\start_animation\player2.mcfunction", "mcfunction", 0, 0, 36, 2, 8, 46
"c:\Users\FlowUP\Documents\GitHub\Magic\datapacks\Magic_FR\data\spells\function\spellsystem\spell1\spell1_a\start_animation\player3.mcfunction", "mcfunction", 0, 0, 36, 2, 8, 46
"c:\Users\FlowUP\Documents\GitHub\Magic\datapacks\Magic_FR\data\spells\function\spellsystem\spell1\spell1_a\start_animation\player4.mcfunction", "mcfunction", 0, 0, 36, 2, 8, 46
"c:\Users\FlowUP\Documents\GitHub\Magic\datapacks\Magic_FR\data\spells\function\spellsystem\spell1\spell1_a\start_animation\player5.mcfunction", "mcfunction", 0, 0, 36, 2, 8, 46
"c:\Users\FlowUP\Documents\GitHub\Magic\datapacks\Magic_FR\data\spells\function\spellsystem\spell1\spell1_a\start_animation\player6.mcfunction", "mcfunction", 0, 0, 36, 2, 8, 46
"c:\Users\FlowUP\Documents\GitHub\Magic\datapacks\Magic_FR\data\spells\function\spellsystem\spell1\spell1_a\start_animation\player7.mcfunction", "mcfunction", 0, 0, 36, 2, 8, 46
"c:\Users\FlowUP\Documents\GitHub\Magic\datapacks\Magic_FR\data\spells\function\spellsystem\spell1\spell1_a\start_animation\player8.mcfunction", "mcfunction", 0, 0, 36, 2, 8, 46
"c:\Users\FlowUP\Documents\GitHub\Magic\datapacks\Magic_FR\data\spells\function\spellsystem\spell1\spell1_a\start_animation\player9.mcfunction", "mcfunction", 0, 0, 36, 2, 8, 46
"c:\Users\FlowUP\Documents\GitHub\Magic\datapacks\Magic_FR\data\spells\function\spellsystem\spell1\spell1_a\start_animation\red_circle.mcfunction", "mcfunction", 0, 0, 72, 7, 5, 84
"c:\Users\FlowUP\Documents\GitHub\Magic\datapacks\Magic_FR\data\spells\function\spellsystem\spell1\spell1_a\took_spell1_a.mcfunction", "mcfunction", 0, 0, 15, 4, 3, 22
"c:\Users\FlowUP\Documents\GitHub\Magic\datapacks\Magic_FR\data\spells\function\spellsystem\spell1\spell1_a\usedexplosivearrow_a.mcfunction", "mcfunction", 0, 0, 22, 3, 6, 31
"c:\Users\FlowUP\Documents\GitHub\Magic\datapacks\Magic_FR\data\spells\function\spellsystem\spell1\spell1_m\apply_dmg_lvl1.mcfunction", "mcfunction", 0, 0, 42, 6, 10, 58
"c:\Users\FlowUP\Documents\GitHub\Magic\datapacks\Magic_FR\data\spells\function\spellsystem\spell1\spell1_m\apply_dmg_lvl2.mcfunction", "mcfunction", 0, 0, 42, 6, 9, 57
"c:\Users\FlowUP\Documents\GitHub\Magic\datapacks\Magic_FR\data\spells\function\spellsystem\spell1\spell1_m\apply_dmg_lvl3.mcfunction", "mcfunction", 0, 0, 42, 6, 9, 57
"c:\Users\FlowUP\Documents\GitHub\Magic\datapacks\Magic_FR\data\spells\function\spellsystem\spell1\spell1_m\fire_dmg_lvl1.mcfunction", "mcfunction", 0, 0, 28, 6, 5, 39
"c:\Users\FlowUP\Documents\GitHub\Magic\datapacks\Magic_FR\data\spells\function\spellsystem\spell1\spell1_m\fire_dmg_lvl2.mcfunction", "mcfunction", 0, 0, 28, 6, 6, 40
"c:\Users\FlowUP\Documents\GitHub\Magic\datapacks\Magic_FR\data\spells\function\spellsystem\spell1\spell1_m\fire_dmg_lvl3.mcfunction", "mcfunction", 0, 0, 28, 6, 6, 40
"c:\Users\FlowUP\Documents\GitHub\Magic\datapacks\Magic_FR\data\spells\function\spellsystem\spell1\spell1_m\firetrail_blue_hit.mcfunction", "mcfunction", 0, 0, 13, 12, 8, 33
"c:\Users\FlowUP\Documents\GitHub\Magic\datapacks\Magic_FR\data\spells\function\spellsystem\spell1\spell1_m\firetrail_blue_m.mcfunction", "mcfunction", 0, 0, 4, 1, 1, 6
"c:\Users\FlowUP\Documents\GitHub\Magic\datapacks\Magic_FR\data\spells\function\spellsystem\spell1\spell1_m\firetrail_hit.mcfunction", "mcfunction", 0, 0, 8, 9, 8, 25
"c:\Users\FlowUP\Documents\GitHub\Magic\datapacks\Magic_FR\data\spells\function\spellsystem\spell1\spell1_m\firetrail_m.mcfunction", "mcfunction", 0, 0, 3, 1, 1, 5
"c:\Users\FlowUP\Documents\GitHub\Magic\datapacks\Magic_FR\data\spells\function\spellsystem\spell1\spell1_m\firetrail_red_hit.mcfunction", "mcfunction", 0, 0, 13, 12, 8, 33
"c:\Users\FlowUP\Documents\GitHub\Magic\datapacks\Magic_FR\data\spells\function\spellsystem\spell1\spell1_m\firetrail_red_m.mcfunction", "mcfunction", 0, 0, 4, 1, 1, 6
"c:\Users\FlowUP\Documents\GitHub\Magic\datapacks\Magic_FR\data\spells\function\spellsystem\spell1\spell1_m\refresh_bossbar.mcfunction", "mcfunction", 0, 0, 23, 2, 8, 33
"c:\Users\FlowUP\Documents\GitHub\Magic\datapacks\Magic_FR\data\spells\function\spellsystem\spell1\spell1_m\refresh_cooldown\refresh_cd_spell1.mcfunction", "mcfunction", 0, 0, 1, 2, 1, 4
"c:\Users\FlowUP\Documents\GitHub\Magic\datapacks\Magic_FR\data\spells\function\spellsystem\spell1\spell1_m\refresh_cooldown\refresh_cd_spell2.mcfunction", "mcfunction", 0, 0, 1, 2, 1, 4
"c:\Users\FlowUP\Documents\GitHub\Magic\datapacks\Magic_FR\data\spells\function\spellsystem\spell1\spell1_m\refresh_cooldown\refresh_cd_spell3.mcfunction", "mcfunction", 0, 0, 1, 2, 1, 4
"c:\Users\FlowUP\Documents\GitHub\Magic\datapacks\Magic_FR\data\spells\function\spellsystem\spell1\spell1_m\remove_fire.mcfunction", "mcfunction", 0, 0, 14, 3, 3, 20
"c:\Users\FlowUP\Documents\GitHub\Magic\datapacks\Magic_FR\data\spells\function\spellsystem\spell1\spell1_m\took_spell1_m.mcfunction", "mcfunction", 0, 0, 14, 3, 2, 19
"c:\Users\FlowUP\Documents\GitHub\Magic\datapacks\Magic_FR\data\spells\function\spellsystem\spell1\spell1_r\0.mcfunction", "mcfunction", 0, 0, 13, 1, 3, 17
"c:\Users\FlowUP\Documents\GitHub\Magic\datapacks\Magic_FR\data\spells\function\spellsystem\spell1\spell1_r\100.mcfunction", "mcfunction", 0, 0, 13, 1, 2, 16
"c:\Users\FlowUP\Documents\GitHub\Magic\datapacks\Magic_FR\data\spells\function\spellsystem\spell1\spell1_r\50.mcfunction", "mcfunction", 0, 0, 13, 1, 2, 16
"c:\Users\FlowUP\Documents\GitHub\Magic\datapacks\Magic_FR\data\spells\function\spellsystem\spell1\spell1_r\bossbar\refresh_bossbar.mcfunction", "mcfunction", 0, 0, 13, 2, 2, 17
"c:\Users\FlowUP\Documents\GitHub\Magic\datapacks\Magic_FR\data\spells\function\spellsystem\spell1\spell1_r\bossbar\setup_bossbar\player1.mcfunction", "mcfunction", 0, 0, 6, 2, 1, 9
"c:\Users\FlowUP\Documents\GitHub\Magic\datapacks\Magic_FR\data\spells\function\spellsystem\spell1\spell1_r\bossbar\setup_bossbar\player10.mcfunction", "mcfunction", 0, 0, 6, 2, 1, 9
"c:\Users\FlowUP\Documents\GitHub\Magic\datapacks\Magic_FR\data\spells\function\spellsystem\spell1\spell1_r\bossbar\setup_bossbar\player11.mcfunction", "mcfunction", 0, 0, 6, 2, 1, 9
"c:\Users\FlowUP\Documents\GitHub\Magic\datapacks\Magic_FR\data\spells\function\spellsystem\spell1\spell1_r\bossbar\setup_bossbar\player12.mcfunction", "mcfunction", 0, 0, 6, 2, 1, 9
"c:\Users\FlowUP\Documents\GitHub\Magic\datapacks\Magic_FR\data\spells\function\spellsystem\spell1\spell1_r\bossbar\setup_bossbar\player2.mcfunction", "mcfunction", 0, 0, 6, 2, 1, 9
"c:\Users\FlowUP\Documents\GitHub\Magic\datapacks\Magic_FR\data\spells\function\spellsystem\spell1\spell1_r\bossbar\setup_bossbar\player3.mcfunction", "mcfunction", 0, 0, 6, 2, 1, 9
"c:\Users\FlowUP\Documents\GitHub\Magic\datapacks\Magic_FR\data\spells\function\spellsystem\spell1\spell1_r\bossbar\setup_bossbar\player4.mcfunction", "mcfunction", 0, 0, 6, 2, 1, 9
"c:\Users\FlowUP\Documents\GitHub\Magic\datapacks\Magic_FR\data\spells\function\spellsystem\spell1\spell1_r\bossbar\setup_bossbar\player5.mcfunction", "mcfunction", 0, 0, 6, 2, 1, 9
"c:\Users\FlowUP\Documents\GitHub\Magic\datapacks\Magic_FR\data\spells\function\spellsystem\spell1\spell1_r\bossbar\setup_bossbar\player6.mcfunction", "mcfunction", 0, 0, 6, 2, 1, 9
"c:\Users\FlowUP\Documents\GitHub\Magic\datapacks\Magic_FR\data\spells\function\spellsystem\spell1\spell1_r\bossbar\setup_bossbar\player7.mcfunction", "mcfunction", 0, 0, 6, 2, 1, 9
"c:\Users\FlowUP\Documents\GitHub\Magic\datapacks\Magic_FR\data\spells\function\spellsystem\spell1\spell1_r\bossbar\setup_bossbar\player8.mcfunction", "mcfunction", 0, 0, 6, 2, 1, 9
"c:\Users\FlowUP\Documents\GitHub\Magic\datapacks\Magic_FR\data\spells\function\spellsystem\spell1\spell1_r\bossbar\setup_bossbar\player9.mcfunction", "mcfunction", 0, 0, 6, 2, 1, 9
"c:\Users\FlowUP\Documents\GitHub\Magic\datapacks\Magic_FR\data\spells\function\spellsystem\spell1\spell1_r\nomoreinvisibility_r.mcfunction", "mcfunction", 0, 0, 38, 6, 8, 52
"c:\Users\FlowUP\Documents\GitHub\Magic\datapacks\Magic_FR\data\spells\function\spellsystem\spell1\spell1_w\bossbar\refresh_bossbar.mcfunction", "mcfunction", 0, 0, 12, 2, 1, 15
"c:\Users\FlowUP\Documents\GitHub\Magic\datapacks\Magic_FR\data\spells\function\spellsystem\spell1\spell1_w\bossbar\setup_bossbar\player1.mcfunction", "mcfunction", 0, 0, 5, 2, 1, 8
"c:\Users\FlowUP\Documents\GitHub\Magic\datapacks\Magic_FR\data\spells\function\spellsystem\spell1\spell1_w\bossbar\setup_bossbar\player10.mcfunction", "mcfunction", 0, 0, 5, 2, 1, 8
"c:\Users\FlowUP\Documents\GitHub\Magic\datapacks\Magic_FR\data\spells\function\spellsystem\spell1\spell1_w\bossbar\setup_bossbar\player11.mcfunction", "mcfunction", 0, 0, 5, 2, 1, 8
"c:\Users\FlowUP\Documents\GitHub\Magic\datapacks\Magic_FR\data\spells\function\spellsystem\spell1\spell1_w\bossbar\setup_bossbar\player12.mcfunction", "mcfunction", 0, 0, 5, 2, 1, 8
"c:\Users\FlowUP\Documents\GitHub\Magic\datapacks\Magic_FR\data\spells\function\spellsystem\spell1\spell1_w\bossbar\setup_bossbar\player2.mcfunction", "mcfunction", 0, 0, 5, 2, 1, 8
"c:\Users\FlowUP\Documents\GitHub\Magic\datapacks\Magic_FR\data\spells\function\spellsystem\spell1\spell1_w\bossbar\setup_bossbar\player3.mcfunction", "mcfunction", 0, 0, 5, 2, 1, 8
"c:\Users\FlowUP\Documents\GitHub\Magic\datapacks\Magic_FR\data\spells\function\spellsystem\spell1\spell1_w\bossbar\setup_bossbar\player4.mcfunction", "mcfunction", 0, 0, 5, 2, 1, 8
"c:\Users\FlowUP\Documents\GitHub\Magic\datapacks\Magic_FR\data\spells\function\spellsystem\spell1\spell1_w\bossbar\setup_bossbar\player5.mcfunction", "mcfunction", 0, 0, 5, 2, 1, 8
"c:\Users\FlowUP\Documents\GitHub\Magic\datapacks\Magic_FR\data\spells\function\spellsystem\spell1\spell1_w\bossbar\setup_bossbar\player6.mcfunction", "mcfunction", 0, 0, 5, 2, 1, 8
"c:\Users\FlowUP\Documents\GitHub\Magic\datapacks\Magic_FR\data\spells\function\spellsystem\spell1\spell1_w\bossbar\setup_bossbar\player7.mcfunction", "mcfunction", 0, 0, 5, 2, 1, 8
"c:\Users\FlowUP\Documents\GitHub\Magic\datapacks\Magic_FR\data\spells\function\spellsystem\spell1\spell1_w\bossbar\setup_bossbar\player8.mcfunction", "mcfunction", 0, 0, 5, 2, 1, 8
"c:\Users\FlowUP\Documents\GitHub\Magic\datapacks\Magic_FR\data\spells\function\spellsystem\spell1\spell1_w\bossbar\setup_bossbar\player9.mcfunction", "mcfunction", 0, 0, 5, 2, 1, 8
"c:\Users\FlowUP\Documents\GitHub\Magic\datapacks\Magic_FR\data\spells\function\spellsystem\spell1\spell1_w\no_more_berzerk.mcfunction", "mcfunction", 0, 0, 41, 17, 12, 70
"c:\Users\FlowUP\Documents\GitHub\Magic\datapacks\Magic_FR\data\spells\function\spellsystem\spell1_spell3_a\test_player.mcfunction", "mcfunction", 0, 0, 25, 3, 2, 30
"c:\Users\FlowUP\Documents\GitHub\Magic\datapacks\Magic_FR\data\spells\function\spellsystem\spell2\spell2_a\apply_dmg.mcfunction", "mcfunction", 0, 0, 13, 2, 2, 17
"c:\Users\FlowUP\Documents\GitHub\Magic\datapacks\Magic_FR\data\spells\function\spellsystem\spell2\spell2_a\check_half.mcfunction", "mcfunction", 0, 0, 2, 2, 1, 5
"c:\Users\FlowUP\Documents\GitHub\Magic\datapacks\Magic_FR\data\spells\function\spellsystem\spell2\spell2_a\destroy_own_trap.mcfunction", "mcfunction", 0, 0, 64, 2, 4, 70
"c:\Users\FlowUP\Documents\GitHub\Magic\datapacks\Magic_FR\data\spells\function\spellsystem\spell2\spell2_a\end_trap.mcfunction", "mcfunction", 0, 0, 42, 5, 7, 54
"c:\Users\FlowUP\Documents\GitHub\Magic\datapacks\Magic_FR\data\spells\function\spellsystem\spell2\spell2_a\end_trap\player1.mcfunction", "mcfunction", 0, 0, 2, 2, 1, 5
"c:\Users\FlowUP\Documents\GitHub\Magic\datapacks\Magic_FR\data\spells\function\spellsystem\spell2\spell2_a\end_trap\player10.mcfunction", "mcfunction", 0, 0, 2, 2, 1, 5
"c:\Users\FlowUP\Documents\GitHub\Magic\datapacks\Magic_FR\data\spells\function\spellsystem\spell2\spell2_a\end_trap\player11.mcfunction", "mcfunction", 0, 0, 2, 2, 1, 5
"c:\Users\FlowUP\Documents\GitHub\Magic\datapacks\Magic_FR\data\spells\function\spellsystem\spell2\spell2_a\end_trap\player12.mcfunction", "mcfunction", 0, 0, 2, 2, 1, 5
"c:\Users\FlowUP\Documents\GitHub\Magic\datapacks\Magic_FR\data\spells\function\spellsystem\spell2\spell2_a\end_trap\player2.mcfunction", "mcfunction", 0, 0, 2, 2, 1, 5
"c:\Users\FlowUP\Documents\GitHub\Magic\datapacks\Magic_FR\data\spells\function\spellsystem\spell2\spell2_a\end_trap\player3.mcfunction", "mcfunction", 0, 0, 2, 2, 1, 5
"c:\Users\FlowUP\Documents\GitHub\Magic\datapacks\Magic_FR\data\spells\function\spellsystem\spell2\spell2_a\end_trap\player4.mcfunction", "mcfunction", 0, 0, 2, 2, 1, 5
"c:\Users\FlowUP\Documents\GitHub\Magic\datapacks\Magic_FR\data\spells\function\spellsystem\spell2\spell2_a\end_trap\player5.mcfunction", "mcfunction", 0, 0, 2, 2, 1, 5
"c:\Users\FlowUP\Documents\GitHub\Magic\datapacks\Magic_FR\data\spells\function\spellsystem\spell2\spell2_a\end_trap\player6.mcfunction", "mcfunction", 0, 0, 2, 2, 1, 5
"c:\Users\FlowUP\Documents\GitHub\Magic\datapacks\Magic_FR\data\spells\function\spellsystem\spell2\spell2_a\end_trap\player7.mcfunction", "mcfunction", 0, 0, 2, 2, 1, 5
"c:\Users\FlowUP\Documents\GitHub\Magic\datapacks\Magic_FR\data\spells\function\spellsystem\spell2\spell2_a\end_trap\player8.mcfunction", "mcfunction", 0, 0, 2, 2, 1, 5
"c:\Users\FlowUP\Documents\GitHub\Magic\datapacks\Magic_FR\data\spells\function\spellsystem\spell2\spell2_a\end_trap\player9.mcfunction", "mcfunction", 0, 0, 2, 2, 1, 5
"c:\Users\FlowUP\Documents\GitHub\Magic\datapacks\Magic_FR\data\spells\function\spellsystem\spell2\spell2_a\gettrapped1.mcfunction", "mcfunction", 0, 0, 32, 6, 10, 48
"c:\Users\FlowUP\Documents\GitHub\Magic\datapacks\Magic_FR\data\spells\function\spellsystem\spell2\spell2_a\gettrapped2.mcfunction", "mcfunction", 0, 0, 32, 6, 8, 46
"c:\Users\FlowUP\Documents\GitHub\Magic\datapacks\Magic_FR\data\spells\function\spellsystem\spell2\spell2_a\gettrapped3.mcfunction", "mcfunction", 0, 0, 32, 6, 7, 45
"c:\Users\FlowUP\Documents\GitHub\Magic\datapacks\Magic_FR\data\spells\function\spellsystem\spell2\spell2_a\kill_trap.mcfunction", "mcfunction", 0, 0, 2, 2, 1, 5
"c:\Users\FlowUP\Documents\GitHub\Magic\datapacks\Magic_FR\data\spells\function\spellsystem\spell2\spell2_a\launchttrap\launch.mcfunction", "mcfunction", 0, 0, 13, 5, 7, 25
"c:\Users\FlowUP\Documents\GitHub\Magic\datapacks\Magic_FR\data\spells\function\spellsystem\spell2\spell2_a\launchttrap\loop.mcfunction", "mcfunction", 0, 0, 2, 2, 2, 6
"c:\Users\FlowUP\Documents\GitHub\Magic\datapacks\Magic_FR\data\spells\function\spellsystem\spell2\spell2_a\launchttrap\tick_entity.mcfunction", "mcfunction", 0, 0, 4, 3, 1, 8
"c:\Users\FlowUP\Documents\GitHub\Magic\datapacks\Magic_FR\data\spells\function\spellsystem\spell2\spell2_a\launchttrap\traped_landed.mcfunction", "mcfunction", 0, 0, 38, 5, 6, 49
"c:\Users\FlowUP\Documents\GitHub\Magic\datapacks\Magic_FR\data\spells\function\spellsystem\spell2\spell2_a\launchttrap\traped_launch_failed.mcfunction", "mcfunction", 0, 0, 13, 2, 2, 17
"c:\Users\FlowUP\Documents\GitHub\Magic\datapacks\Magic_FR\data\spells\function\spellsystem\spell2\spell2_a\particle.mcfunction", "mcfunction", 0, 0, 14, 2, 2, 18
"c:\Users\FlowUP\Documents\GitHub\Magic\datapacks\Magic_FR\data\spells\function\spellsystem\spell2\spell2_a\refresh_bossbar\from_player\player1.mcfunction", "mcfunction", 0, 0, 1, 1, 1, 3
"c:\Users\FlowUP\Documents\GitHub\Magic\datapacks\Magic_FR\data\spells\function\spellsystem\spell2\spell2_a\refresh_bossbar\from_player\player10.mcfunction", "mcfunction", 0, 0, 1, 1, 1, 3
"c:\Users\FlowUP\Documents\GitHub\Magic\datapacks\Magic_FR\data\spells\function\spellsystem\spell2\spell2_a\refresh_bossbar\from_player\player11.mcfunction", "mcfunction", 0, 0, 1, 1, 1, 3
"c:\Users\FlowUP\Documents\GitHub\Magic\datapacks\Magic_FR\data\spells\function\spellsystem\spell2\spell2_a\refresh_bossbar\from_player\player12.mcfunction", "mcfunction", 0, 0, 1, 1, 1, 3
"c:\Users\FlowUP\Documents\GitHub\Magic\datapacks\Magic_FR\data\spells\function\spellsystem\spell2\spell2_a\refresh_bossbar\from_player\player2.mcfunction", "mcfunction", 0, 0, 1, 1, 1, 3
"c:\Users\FlowUP\Documents\GitHub\Magic\datapacks\Magic_FR\data\spells\function\spellsystem\spell2\spell2_a\refresh_bossbar\from_player\player3.mcfunction", "mcfunction", 0, 0, 1, 1, 1, 3
"c:\Users\FlowUP\Documents\GitHub\Magic\datapacks\Magic_FR\data\spells\function\spellsystem\spell2\spell2_a\refresh_bossbar\from_player\player4.mcfunction", "mcfunction", 0, 0, 1, 1, 1, 3
"c:\Users\FlowUP\Documents\GitHub\Magic\datapacks\Magic_FR\data\spells\function\spellsystem\spell2\spell2_a\refresh_bossbar\from_player\player5.mcfunction", "mcfunction", 0, 0, 1, 1, 1, 3
"c:\Users\FlowUP\Documents\GitHub\Magic\datapacks\Magic_FR\data\spells\function\spellsystem\spell2\spell2_a\refresh_bossbar\from_player\player6.mcfunction", "mcfunction", 0, 0, 1, 1, 1, 3
"c:\Users\FlowUP\Documents\GitHub\Magic\datapacks\Magic_FR\data\spells\function\spellsystem\spell2\spell2_a\refresh_bossbar\from_player\player7.mcfunction", "mcfunction", 0, 0, 1, 1, 1, 3
"c:\Users\FlowUP\Documents\GitHub\Magic\datapacks\Magic_FR\data\spells\function\spellsystem\spell2\spell2_a\refresh_bossbar\from_player\player8.mcfunction", "mcfunction", 0, 0, 1, 1, 1, 3
"c:\Users\FlowUP\Documents\GitHub\Magic\datapacks\Magic_FR\data\spells\function\spellsystem\spell2\spell2_a\refresh_bossbar\from_player\player9.mcfunction", "mcfunction", 0, 0, 1, 1, 1, 3
"c:\Users\FlowUP\Documents\GitHub\Magic\datapacks\Magic_FR\data\spells\function\spellsystem\spell2\spell2_a\refresh_bossbar\player\player1.mcfunction", "mcfunction", 0, 0, 12, 1, 2, 15
"c:\Users\FlowUP\Documents\GitHub\Magic\datapacks\Magic_FR\data\spells\function\spellsystem\spell2\spell2_a\refresh_bossbar\player\player10.mcfunction", "mcfunction", 0, 0, 12, 1, 2, 15
"c:\Users\FlowUP\Documents\GitHub\Magic\datapacks\Magic_FR\data\spells\function\spellsystem\spell2\spell2_a\refresh_bossbar\player\player11.mcfunction", "mcfunction", 0, 0, 12, 1, 2, 15
"c:\Users\FlowUP\Documents\GitHub\Magic\datapacks\Magic_FR\data\spells\function\spellsystem\spell2\spell2_a\refresh_bossbar\player\player12.mcfunction", "mcfunction", 0, 0, 12, 1, 2, 15
"c:\Users\FlowUP\Documents\GitHub\Magic\datapacks\Magic_FR\data\spells\function\spellsystem\spell2\spell2_a\refresh_bossbar\player\player2.mcfunction", "mcfunction", 0, 0, 12, 1, 2, 15
"c:\Users\FlowUP\Documents\GitHub\Magic\datapacks\Magic_FR\data\spells\function\spellsystem\spell2\spell2_a\refresh_bossbar\player\player3.mcfunction", "mcfunction", 0, 0, 12, 1, 2, 15
"c:\Users\FlowUP\Documents\GitHub\Magic\datapacks\Magic_FR\data\spells\function\spellsystem\spell2\spell2_a\refresh_bossbar\player\player4.mcfunction", "mcfunction", 0, 0, 12, 1, 2, 15
"c:\Users\FlowUP\Documents\GitHub\Magic\datapacks\Magic_FR\data\spells\function\spellsystem\spell2\spell2_a\refresh_bossbar\player\player5.mcfunction", "mcfunction", 0, 0, 12, 1, 2, 15
"c:\Users\FlowUP\Documents\GitHub\Magic\datapacks\Magic_FR\data\spells\function\spellsystem\spell2\spell2_a\refresh_bossbar\player\player6.mcfunction", "mcfunction", 0, 0, 12, 1, 2, 15
"c:\Users\FlowUP\Documents\GitHub\Magic\datapacks\Magic_FR\data\spells\function\spellsystem\spell2\spell2_a\refresh_bossbar\player\player7.mcfunction", "mcfunction", 0, 0, 12, 1, 2, 15
"c:\Users\FlowUP\Documents\GitHub\Magic\datapacks\Magic_FR\data\spells\function\spellsystem\spell2\spell2_a\refresh_bossbar\player\player8.mcfunction", "mcfunction", 0, 0, 12, 1, 2, 15
"c:\Users\FlowUP\Documents\GitHub\Magic\datapacks\Magic_FR\data\spells\function\spellsystem\spell2\spell2_a\refresh_bossbar\player\player9.mcfunction", "mcfunction", 0, 0, 12, 1, 2, 15
"c:\Users\FlowUP\Documents\GitHub\Magic\datapacks\Magic_FR\data\spells\function\spellsystem\spell2\spell2_a\refresh_bossbar\refresh_bossbar.mcfunction", "mcfunction", 0, 0, 25, 3, 3, 31
"c:\Users\FlowUP\Documents\GitHub\Magic\datapacks\Magic_FR\data\spells\function\spellsystem\spell2\spell2_a\reset_trap.mcfunction", "mcfunction", 0, 0, 37, 1, 6, 44
"c:\Users\FlowUP\Documents\GitHub\Magic\datapacks\Magic_FR\data\spells\function\spellsystem\spell2\spell2_a\respawn_dead_in_trap.mcfunction", "mcfunction", 0, 0, 41, 5, 4, 50
"c:\Users\FlowUP\Documents\GitHub\Magic\datapacks\Magic_FR\data\spells\function\spellsystem\spell2\spell2_a\setup_bossbar\lvl1\check_number.mcfunction", "mcfunction", 0, 0, 12, 1, 1, 14
"c:\Users\FlowUP\Documents\GitHub\Magic\datapacks\Magic_FR\data\spells\function\spellsystem\spell2\spell2_a\setup_bossbar\lvl1\player1.mcfunction", "mcfunction", 0, 0, 15, 1, 2, 18
"c:\Users\FlowUP\Documents\GitHub\Magic\datapacks\Magic_FR\data\spells\function\spellsystem\spell2\spell2_a\setup_bossbar\lvl1\player10.mcfunction", "mcfunction", 0, 0, 15, 1, 1, 17
"c:\Users\FlowUP\Documents\GitHub\Magic\datapacks\Magic_FR\data\spells\function\spellsystem\spell2\spell2_a\setup_bossbar\lvl1\player11.mcfunction", "mcfunction", 0, 0, 15, 1, 1, 17
"c:\Users\FlowUP\Documents\GitHub\Magic\datapacks\Magic_FR\data\spells\function\spellsystem\spell2\spell2_a\setup_bossbar\lvl1\player12.mcfunction", "mcfunction", 0, 0, 15, 1, 1, 17
"c:\Users\FlowUP\Documents\GitHub\Magic\datapacks\Magic_FR\data\spells\function\spellsystem\spell2\spell2_a\setup_bossbar\lvl1\player2.mcfunction", "mcfunction", 0, 0, 15, 1, 2, 18
"c:\Users\FlowUP\Documents\GitHub\Magic\datapacks\Magic_FR\data\spells\function\spellsystem\spell2\spell2_a\setup_bossbar\lvl1\player3.mcfunction", "mcfunction", 0, 0, 15, 1, 1, 17
"c:\Users\FlowUP\Documents\GitHub\Magic\datapacks\Magic_FR\data\spells\function\spellsystem\spell2\spell2_a\setup_bossbar\lvl1\player4.mcfunction", "mcfunction", 0, 0, 15, 1, 2, 18
"c:\Users\FlowUP\Documents\GitHub\Magic\datapacks\Magic_FR\data\spells\function\spellsystem\spell2\spell2_a\setup_bossbar\lvl1\player5.mcfunction", "mcfunction", 0, 0, 15, 1, 1, 17
"c:\Users\FlowUP\Documents\GitHub\Magic\datapacks\Magic_FR\data\spells\function\spellsystem\spell2\spell2_a\setup_bossbar\lvl1\player6.mcfunction", "mcfunction", 0, 0, 15, 1, 1, 17
"c:\Users\FlowUP\Documents\GitHub\Magic\datapacks\Magic_FR\data\spells\function\spellsystem\spell2\spell2_a\setup_bossbar\lvl1\player7.mcfunction", "mcfunction", 0, 0, 15, 1, 1, 17
"c:\Users\FlowUP\Documents\GitHub\Magic\datapacks\Magic_FR\data\spells\function\spellsystem\spell2\spell2_a\setup_bossbar\lvl1\player8.mcfunction", "mcfunction", 0, 0, 15, 1, 1, 17
"c:\Users\FlowUP\Documents\GitHub\Magic\datapacks\Magic_FR\data\spells\function\spellsystem\spell2\spell2_a\setup_bossbar\lvl1\player9.mcfunction", "mcfunction", 0, 0, 15, 1, 1, 17
"c:\Users\FlowUP\Documents\GitHub\Magic\datapacks\Magic_FR\data\spells\function\spellsystem\spell2\spell2_a\setup_bossbar\lvl2\check_number.mcfunction", "mcfunction", 0, 0, 12, 1, 1, 14
"c:\Users\FlowUP\Documents\GitHub\Magic\datapacks\Magic_FR\data\spells\function\spellsystem\spell2\spell2_a\setup_bossbar\lvl2\player1.mcfunction", "mcfunction", 0, 0, 15, 1, 1, 17
"c:\Users\FlowUP\Documents\GitHub\Magic\datapacks\Magic_FR\data\spells\function\spellsystem\spell2\spell2_a\setup_bossbar\lvl2\player10.mcfunction", "mcfunction", 0, 0, 15, 1, 1, 17
"c:\Users\FlowUP\Documents\GitHub\Magic\datapacks\Magic_FR\data\spells\function\spellsystem\spell2\spell2_a\setup_bossbar\lvl2\player11.mcfunction", "mcfunction", 0, 0, 15, 1, 1, 17
"c:\Users\FlowUP\Documents\GitHub\Magic\datapacks\Magic_FR\data\spells\function\spellsystem\spell2\spell2_a\setup_bossbar\lvl2\player12.mcfunction", "mcfunction", 0, 0, 15, 1, 1, 17
"c:\Users\FlowUP\Documents\GitHub\Magic\datapacks\Magic_FR\data\spells\function\spellsystem\spell2\spell2_a\setup_bossbar\lvl2\player2.mcfunction", "mcfunction", 0, 0, 15, 1, 1, 17
"c:\Users\FlowUP\Documents\GitHub\Magic\datapacks\Magic_FR\data\spells\function\spellsystem\spell2\spell2_a\setup_bossbar\lvl2\player3.mcfunction", "mcfunction", 0, 0, 15, 1, 1, 17
"c:\Users\FlowUP\Documents\GitHub\Magic\datapacks\Magic_FR\data\spells\function\spellsystem\spell2\spell2_a\setup_bossbar\lvl2\player4.mcfunction", "mcfunction", 0, 0, 15, 1, 1, 17
"c:\Users\FlowUP\Documents\GitHub\Magic\datapacks\Magic_FR\data\spells\function\spellsystem\spell2\spell2_a\setup_bossbar\lvl2\player5.mcfunction", "mcfunction", 0, 0, 15, 1, 1, 17
"c:\Users\FlowUP\Documents\GitHub\Magic\datapacks\Magic_FR\data\spells\function\spellsystem\spell2\spell2_a\setup_bossbar\lvl2\player6.mcfunction", "mcfunction", 0, 0, 15, 1, 1, 17
"c:\Users\FlowUP\Documents\GitHub\Magic\datapacks\Magic_FR\data\spells\function\spellsystem\spell2\spell2_a\setup_bossbar\lvl2\player7.mcfunction", "mcfunction", 0, 0, 15, 1, 1, 17
"c:\Users\FlowUP\Documents\GitHub\Magic\datapacks\Magic_FR\data\spells\function\spellsystem\spell2\spell2_a\setup_bossbar\lvl2\player8.mcfunction", "mcfunction", 0, 0, 15, 1, 1, 17
"c:\Users\FlowUP\Documents\GitHub\Magic\datapacks\Magic_FR\data\spells\function\spellsystem\spell2\spell2_a\setup_bossbar\lvl2\player9.mcfunction", "mcfunction", 0, 0, 15, 1, 1, 17
"c:\Users\FlowUP\Documents\GitHub\Magic\datapacks\Magic_FR\data\spells\function\spellsystem\spell2\spell2_a\setup_bossbar\lvl3\check_number.mcfunction", "mcfunction", 0, 0, 12, 1, 1, 14
"c:\Users\FlowUP\Documents\GitHub\Magic\datapacks\Magic_FR\data\spells\function\spellsystem\spell2\spell2_a\setup_bossbar\lvl3\player1.mcfunction", "mcfunction", 0, 0, 15, 1, 1, 17
"c:\Users\FlowUP\Documents\GitHub\Magic\datapacks\Magic_FR\data\spells\function\spellsystem\spell2\spell2_a\setup_bossbar\lvl3\player10.mcfunction", "mcfunction", 0, 0, 15, 1, 1, 17
"c:\Users\FlowUP\Documents\GitHub\Magic\datapacks\Magic_FR\data\spells\function\spellsystem\spell2\spell2_a\setup_bossbar\lvl3\player11.mcfunction", "mcfunction", 0, 0, 15, 1, 1, 17
"c:\Users\FlowUP\Documents\GitHub\Magic\datapacks\Magic_FR\data\spells\function\spellsystem\spell2\spell2_a\setup_bossbar\lvl3\player12.mcfunction", "mcfunction", 0, 0, 15, 1, 1, 17
"c:\Users\FlowUP\Documents\GitHub\Magic\datapacks\Magic_FR\data\spells\function\spellsystem\spell2\spell2_a\setup_bossbar\lvl3\player2.mcfunction", "mcfunction", 0, 0, 15, 1, 1, 17
"c:\Users\FlowUP\Documents\GitHub\Magic\datapacks\Magic_FR\data\spells\function\spellsystem\spell2\spell2_a\setup_bossbar\lvl3\player3.mcfunction", "mcfunction", 0, 0, 15, 1, 1, 17
"c:\Users\FlowUP\Documents\GitHub\Magic\datapacks\Magic_FR\data\spells\function\spellsystem\spell2\spell2_a\setup_bossbar\lvl3\player4.mcfunction", "mcfunction", 0, 0, 15, 1, 1, 17
"c:\Users\FlowUP\Documents\GitHub\Magic\datapacks\Magic_FR\data\spells\function\spellsystem\spell2\spell2_a\setup_bossbar\lvl3\player5.mcfunction", "mcfunction", 0, 0, 15, 1, 1, 17
"c:\Users\FlowUP\Documents\GitHub\Magic\datapacks\Magic_FR\data\spells\function\spellsystem\spell2\spell2_a\setup_bossbar\lvl3\player6.mcfunction", "mcfunction", 0, 0, 15, 1, 1, 17
"c:\Users\FlowUP\Documents\GitHub\Magic\datapacks\Magic_FR\data\spells\function\spellsystem\spell2\spell2_a\setup_bossbar\lvl3\player7.mcfunction", "mcfunction", 0, 0, 15, 1, 1, 17
"c:\Users\FlowUP\Documents\GitHub\Magic\datapacks\Magic_FR\data\spells\function\spellsystem\spell2\spell2_a\setup_bossbar\lvl3\player8.mcfunction", "mcfunction", 0, 0, 15, 1, 1, 17
"c:\Users\FlowUP\Documents\GitHub\Magic\datapacks\Magic_FR\data\spells\function\spellsystem\spell2\spell2_a\setup_bossbar\lvl3\player9.mcfunction", "mcfunction", 0, 0, 15, 1, 1, 17
"c:\Users\FlowUP\Documents\GitHub\Magic\datapacks\Magic_FR\data\spells\function\spellsystem\spell2\spell2_a\someoneclose\check_trap.mcfunction", "mcfunction", 0, 0, 19, 1, 7, 27
"c:\Users\FlowUP\Documents\GitHub\Magic\datapacks\Magic_FR\data\spells\function\spellsystem\spell2\spell2_a\someoneclose\someoneclose1_blue.mcfunction", "mcfunction", 0, 0, 3, 1, 1, 5
"c:\Users\FlowUP\Documents\GitHub\Magic\datapacks\Magic_FR\data\spells\function\spellsystem\spell2\spell2_a\someoneclose\someoneclose1_red.mcfunction", "mcfunction", 0, 0, 3, 1, 1, 5
"c:\Users\FlowUP\Documents\GitHub\Magic\datapacks\Magic_FR\data\spells\function\spellsystem\spell2\spell2_a\someoneclose\someoneclose2_blue.mcfunction", "mcfunction", 0, 0, 3, 1, 1, 5
"c:\Users\FlowUP\Documents\GitHub\Magic\datapacks\Magic_FR\data\spells\function\spellsystem\spell2\spell2_a\someoneclose\someoneclose2_red.mcfunction", "mcfunction", 0, 0, 3, 1, 1, 5
"c:\Users\FlowUP\Documents\GitHub\Magic\datapacks\Magic_FR\data\spells\function\spellsystem\spell2\spell2_a\someoneclose\someoneclose3_blue.mcfunction", "mcfunction", 0, 0, 3, 1, 1, 5
"c:\Users\FlowUP\Documents\GitHub\Magic\datapacks\Magic_FR\data\spells\function\spellsystem\spell2\spell2_a\someoneclose\someoneclose3_red.mcfunction", "mcfunction", 0, 0, 3, 1, 1, 5
"c:\Users\FlowUP\Documents\GitHub\Magic\datapacks\Magic_FR\data\spells\function\spellsystem\spell2\spell2_a\someoneclose\someoneclose_trap1.mcfunction", "mcfunction", 0, 0, 5, 1, 1, 7
"c:\Users\FlowUP\Documents\GitHub\Magic\datapacks\Magic_FR\data\spells\function\spellsystem\spell2\spell2_a\someoneclose\someoneclose_trap10.mcfunction", "mcfunction", 0, 0, 5, 1, 1, 7
"c:\Users\FlowUP\Documents\GitHub\Magic\datapacks\Magic_FR\data\spells\function\spellsystem\spell2\spell2_a\someoneclose\someoneclose_trap11.mcfunction", "mcfunction", 0, 0, 5, 1, 1, 7
"c:\Users\FlowUP\Documents\GitHub\Magic\datapacks\Magic_FR\data\spells\function\spellsystem\spell2\spell2_a\someoneclose\someoneclose_trap12.mcfunction", "mcfunction", 0, 0, 5, 1, 1, 7
"c:\Users\FlowUP\Documents\GitHub\Magic\datapacks\Magic_FR\data\spells\function\spellsystem\spell2\spell2_a\someoneclose\someoneclose_trap2.mcfunction", "mcfunction", 0, 0, 5, 1, 1, 7
"c:\Users\FlowUP\Documents\GitHub\Magic\datapacks\Magic_FR\data\spells\function\spellsystem\spell2\spell2_a\someoneclose\someoneclose_trap3.mcfunction", "mcfunction", 0, 0, 5, 1, 1, 7
"c:\Users\FlowUP\Documents\GitHub\Magic\datapacks\Magic_FR\data\spells\function\spellsystem\spell2\spell2_a\someoneclose\someoneclose_trap4.mcfunction", "mcfunction", 0, 0, 5, 1, 1, 7
"c:\Users\FlowUP\Documents\GitHub\Magic\datapacks\Magic_FR\data\spells\function\spellsystem\spell2\spell2_a\someoneclose\someoneclose_trap5.mcfunction", "mcfunction", 0, 0, 5, 1, 1, 7
"c:\Users\FlowUP\Documents\GitHub\Magic\datapacks\Magic_FR\data\spells\function\spellsystem\spell2\spell2_a\someoneclose\someoneclose_trap6.mcfunction", "mcfunction", 0, 0, 5, 1, 1, 7
"c:\Users\FlowUP\Documents\GitHub\Magic\datapacks\Magic_FR\data\spells\function\spellsystem\spell2\spell2_a\someoneclose\someoneclose_trap7.mcfunction", "mcfunction", 0, 0, 5, 1, 1, 7
"c:\Users\FlowUP\Documents\GitHub\Magic\datapacks\Magic_FR\data\spells\function\spellsystem\spell2\spell2_a\someoneclose\someoneclose_trap8.mcfunction", "mcfunction", 0, 0, 5, 1, 1, 7
"c:\Users\FlowUP\Documents\GitHub\Magic\datapacks\Magic_FR\data\spells\function\spellsystem\spell2\spell2_a\someoneclose\someoneclose_trap9.mcfunction", "mcfunction", 0, 0, 5, 1, 1, 7
"c:\Users\FlowUP\Documents\GitHub\Magic\datapacks\Magic_FR\data\spells\function\spellsystem\spell2\spell2_a\summontrap.mcfunction", "mcfunction", 0, 0, 25, 12, 9, 46
"c:\Users\FlowUP\Documents\GitHub\Magic\datapacks\Magic_FR\data\spells\function\spellsystem\spell2\spell2_a\tell_trap_activated\lvl1\player1.mcfunction", "mcfunction", 0, 0, 9, 4, 4, 17
"c:\Users\FlowUP\Documents\GitHub\Magic\datapacks\Magic_FR\data\spells\function\spellsystem\spell2\spell2_a\tell_trap_activated\lvl1\player10.mcfunction", "mcfunction", 0, 0, 9, 4, 4, 17
"c:\Users\FlowUP\Documents\GitHub\Magic\datapacks\Magic_FR\data\spells\function\spellsystem\spell2\spell2_a\tell_trap_activated\lvl1\player11.mcfunction", "mcfunction", 0, 0, 9, 4, 4, 17
"c:\Users\FlowUP\Documents\GitHub\Magic\datapacks\Magic_FR\data\spells\function\spellsystem\spell2\spell2_a\tell_trap_activated\lvl1\player12.mcfunction", "mcfunction", 0, 0, 9, 4, 4, 17
"c:\Users\FlowUP\Documents\GitHub\Magic\datapacks\Magic_FR\data\spells\function\spellsystem\spell2\spell2_a\tell_trap_activated\lvl1\player2.mcfunction", "mcfunction", 0, 0, 9, 4, 4, 17
"c:\Users\FlowUP\Documents\GitHub\Magic\datapacks\Magic_FR\data\spells\function\spellsystem\spell2\spell2_a\tell_trap_activated\lvl1\player3.mcfunction", "mcfunction", 0, 0, 9, 4, 4, 17
"c:\Users\FlowUP\Documents\GitHub\Magic\datapacks\Magic_FR\data\spells\function\spellsystem\spell2\spell2_a\tell_trap_activated\lvl1\player4.mcfunction", "mcfunction", 0, 0, 9, 4, 4, 17
"c:\Users\FlowUP\Documents\GitHub\Magic\datapacks\Magic_FR\data\spells\function\spellsystem\spell2\spell2_a\tell_trap_activated\lvl1\player5.mcfunction", "mcfunction", 0, 0, 9, 4, 4, 17
"c:\Users\FlowUP\Documents\GitHub\Magic\datapacks\Magic_FR\data\spells\function\spellsystem\spell2\spell2_a\tell_trap_activated\lvl1\player6.mcfunction", "mcfunction", 0, 0, 9, 4, 4, 17
"c:\Users\FlowUP\Documents\GitHub\Magic\datapacks\Magic_FR\data\spells\function\spellsystem\spell2\spell2_a\tell_trap_activated\lvl1\player7.mcfunction", "mcfunction", 0, 0, 9, 4, 4, 17
"c:\Users\FlowUP\Documents\GitHub\Magic\datapacks\Magic_FR\data\spells\function\spellsystem\spell2\spell2_a\tell_trap_activated\lvl1\player8.mcfunction", "mcfunction", 0, 0, 9, 4, 4, 17
"c:\Users\FlowUP\Documents\GitHub\Magic\datapacks\Magic_FR\data\spells\function\spellsystem\spell2\spell2_a\tell_trap_activated\lvl1\player9.mcfunction", "mcfunction", 0, 0, 9, 4, 4, 17
"c:\Users\FlowUP\Documents\GitHub\Magic\datapacks\Magic_FR\data\spells\function\spellsystem\spell2\spell2_a\tell_trap_activated\lvl2\player1.mcfunction", "mcfunction", 0, 0, 9, 4, 4, 17
"c:\Users\FlowUP\Documents\GitHub\Magic\datapacks\Magic_FR\data\spells\function\spellsystem\spell2\spell2_a\tell_trap_activated\lvl2\player10.mcfunction", "mcfunction", 0, 0, 9, 4, 4, 17
"c:\Users\FlowUP\Documents\GitHub\Magic\datapacks\Magic_FR\data\spells\function\spellsystem\spell2\spell2_a\tell_trap_activated\lvl2\player11.mcfunction", "mcfunction", 0, 0, 9, 4, 4, 17
"c:\Users\FlowUP\Documents\GitHub\Magic\datapacks\Magic_FR\data\spells\function\spellsystem\spell2\spell2_a\tell_trap_activated\lvl2\player12.mcfunction", "mcfunction", 0, 0, 9, 4, 4, 17
"c:\Users\FlowUP\Documents\GitHub\Magic\datapacks\Magic_FR\data\spells\function\spellsystem\spell2\spell2_a\tell_trap_activated\lvl2\player2.mcfunction", "mcfunction", 0, 0, 9, 4, 4, 17
"c:\Users\FlowUP\Documents\GitHub\Magic\datapacks\Magic_FR\data\spells\function\spellsystem\spell2\spell2_a\tell_trap_activated\lvl2\player3.mcfunction", "mcfunction", 0, 0, 9, 4, 4, 17
"c:\Users\FlowUP\Documents\GitHub\Magic\datapacks\Magic_FR\data\spells\function\spellsystem\spell2\spell2_a\tell_trap_activated\lvl2\player4.mcfunction", "mcfunction", 0, 0, 9, 4, 4, 17
"c:\Users\FlowUP\Documents\GitHub\Magic\datapacks\Magic_FR\data\spells\function\spellsystem\spell2\spell2_a\tell_trap_activated\lvl2\player5.mcfunction", "mcfunction", 0, 0, 9, 4, 4, 17
"c:\Users\FlowUP\Documents\GitHub\Magic\datapacks\Magic_FR\data\spells\function\spellsystem\spell2\spell2_a\tell_trap_activated\lvl2\player6.mcfunction", "mcfunction", 0, 0, 9, 4, 4, 17
"c:\Users\FlowUP\Documents\GitHub\Magic\datapacks\Magic_FR\data\spells\function\spellsystem\spell2\spell2_a\tell_trap_activated\lvl2\player7.mcfunction", "mcfunction", 0, 0, 9, 4, 4, 17
"c:\Users\FlowUP\Documents\GitHub\Magic\datapacks\Magic_FR\data\spells\function\spellsystem\spell2\spell2_a\tell_trap_activated\lvl2\player8.mcfunction", "mcfunction", 0, 0, 9, 4, 4, 17
"c:\Users\FlowUP\Documents\GitHub\Magic\datapacks\Magic_FR\data\spells\function\spellsystem\spell2\spell2_a\tell_trap_activated\lvl2\player9.mcfunction", "mcfunction", 0, 0, 9, 4, 4, 17
"c:\Users\FlowUP\Documents\GitHub\Magic\datapacks\Magic_FR\data\spells\function\spellsystem\spell2\spell2_a\tell_trap_activated\lvl3\player1.mcfunction", "mcfunction", 0, 0, 9, 4, 4, 17
"c:\Users\FlowUP\Documents\GitHub\Magic\datapacks\Magic_FR\data\spells\function\spellsystem\spell2\spell2_a\tell_trap_activated\lvl3\player10.mcfunction", "mcfunction", 0, 0, 9, 4, 4, 17
"c:\Users\FlowUP\Documents\GitHub\Magic\datapacks\Magic_FR\data\spells\function\spellsystem\spell2\spell2_a\tell_trap_activated\lvl3\player11.mcfunction", "mcfunction", 0, 0, 9, 4, 4, 17
"c:\Users\FlowUP\Documents\GitHub\Magic\datapacks\Magic_FR\data\spells\function\spellsystem\spell2\spell2_a\tell_trap_activated\lvl3\player12.mcfunction", "mcfunction", 0, 0, 9, 4, 4, 17
"c:\Users\FlowUP\Documents\GitHub\Magic\datapacks\Magic_FR\data\spells\function\spellsystem\spell2\spell2_a\tell_trap_activated\lvl3\player2.mcfunction", "mcfunction", 0, 0, 9, 4, 4, 17
"c:\Users\FlowUP\Documents\GitHub\Magic\datapacks\Magic_FR\data\spells\function\spellsystem\spell2\spell2_a\tell_trap_activated\lvl3\player3.mcfunction", "mcfunction", 0, 0, 9, 4, 4, 17
"c:\Users\FlowUP\Documents\GitHub\Magic\datapacks\Magic_FR\data\spells\function\spellsystem\spell2\spell2_a\tell_trap_activated\lvl3\player4.mcfunction", "mcfunction", 0, 0, 9, 4, 4, 17
"c:\Users\FlowUP\Documents\GitHub\Magic\datapacks\Magic_FR\data\spells\function\spellsystem\spell2\spell2_a\tell_trap_activated\lvl3\player5.mcfunction", "mcfunction", 0, 0, 9, 4, 4, 17
"c:\Users\FlowUP\Documents\GitHub\Magic\datapacks\Magic_FR\data\spells\function\spellsystem\spell2\spell2_a\tell_trap_activated\lvl3\player6.mcfunction", "mcfunction", 0, 0, 9, 4, 4, 17
"c:\Users\FlowUP\Documents\GitHub\Magic\datapacks\Magic_FR\data\spells\function\spellsystem\spell2\spell2_a\tell_trap_activated\lvl3\player7.mcfunction", "mcfunction", 0, 0, 9, 4, 4, 17
"c:\Users\FlowUP\Documents\GitHub\Magic\datapacks\Magic_FR\data\spells\function\spellsystem\spell2\spell2_a\tell_trap_activated\lvl3\player8.mcfunction", "mcfunction", 0, 0, 9, 4, 4, 17
"c:\Users\FlowUP\Documents\GitHub\Magic\datapacks\Magic_FR\data\spells\function\spellsystem\spell2\spell2_a\tell_trap_activated\lvl3\player9.mcfunction", "mcfunction", 0, 0, 9, 4, 4, 17
"c:\Users\FlowUP\Documents\GitHub\Magic\datapacks\Magic_FR\data\spells\function\spellsystem\spell2\spell2_a\took_spell2_a.mcfunction", "mcfunction", 0, 0, 14, 3, 2, 19
"c:\Users\FlowUP\Documents\GitHub\Magic\datapacks\Magic_FR\data\spells\function\spellsystem\spell2\spell2_a\trap_get_destroyed.mcfunction", "mcfunction", 0, 0, 53, 2, 6, 61
"c:\Users\FlowUP\Documents\GitHub\Magic\datapacks\Magic_FR\data\spells\function\spellsystem\spell2\spell2_a\villagertakesdmg.mcfunction", "mcfunction", 0, 0, 13, 1, 1, 15
"c:\Users\FlowUP\Documents\GitHub\Magic\datapacks\Magic_FR\data\spells\function\spellsystem\spell2\spell2_m\apply_dmg_by_ally_lvl1.mcfunction", "mcfunction", 0, 0, 16, 5, 5, 26
"c:\Users\FlowUP\Documents\GitHub\Magic\datapacks\Magic_FR\data\spells\function\spellsystem\spell2\spell2_m\apply_dmg_by_ally_lvl2.mcfunction", "mcfunction", 0, 0, 16, 5, 5, 26
"c:\Users\FlowUP\Documents\GitHub\Magic\datapacks\Magic_FR\data\spells\function\spellsystem\spell2\spell2_m\apply_dmg_by_ally_lvl3.mcfunction", "mcfunction", 0, 0, 16, 5, 5, 26
"c:\Users\FlowUP\Documents\GitHub\Magic\datapacks\Magic_FR\data\spells\function\spellsystem\spell2\spell2_m\apply_dmg_lvl1.mcfunction", "mcfunction", 0, 0, 14, 3, 3, 20
"c:\Users\FlowUP\Documents\GitHub\Magic\datapacks\Magic_FR\data\spells\function\spellsystem\spell2\spell2_m\apply_dmg_lvl2.mcfunction", "mcfunction", 0, 0, 14, 3, 3, 20
"c:\Users\FlowUP\Documents\GitHub\Magic\datapacks\Magic_FR\data\spells\function\spellsystem\spell2\spell2_m\apply_dmg_lvl3.mcfunction", "mcfunction", 0, 0, 14, 3, 3, 20
"c:\Users\FlowUP\Documents\GitHub\Magic\datapacks\Magic_FR\data\spells\function\spellsystem\spell2\spell2_m\die_with_thunderstorm.mcfunction", "mcfunction", 0, 0, 10, 3, 3, 16
"c:\Users\FlowUP\Documents\GitHub\Magic\datapacks\Magic_FR\data\spells\function\spellsystem\spell2\spell2_m\lightning_hit\lightning_effect.mcfunction", "mcfunction", 0, 0, 3, 2, 2, 7
"c:\Users\FlowUP\Documents\GitHub\Magic\datapacks\Magic_FR\data\spells\function\spellsystem\spell2\spell2_m\lightning_hit\lightning_hit.mcfunction", "mcfunction", 0, 0, 24, 2, 2, 28
"c:\Users\FlowUP\Documents\GitHub\Magic\datapacks\Magic_FR\data\spells\function\spellsystem\spell2\spell2_m\lightning_hit\player1.mcfunction", "mcfunction", 0, 0, 25, 8, 10, 43
"c:\Users\FlowUP\Documents\GitHub\Magic\datapacks\Magic_FR\data\spells\function\spellsystem\spell2\spell2_m\lightning_hit\player10.mcfunction", "mcfunction", 0, 0, 25, 8, 10, 43
"c:\Users\FlowUP\Documents\GitHub\Magic\datapacks\Magic_FR\data\spells\function\spellsystem\spell2\spell2_m\lightning_hit\player11.mcfunction", "mcfunction", 0, 0, 25, 8, 10, 43
"c:\Users\FlowUP\Documents\GitHub\Magic\datapacks\Magic_FR\data\spells\function\spellsystem\spell2\spell2_m\lightning_hit\player12.mcfunction", "mcfunction", 0, 0, 25, 8, 10, 43
"c:\Users\FlowUP\Documents\GitHub\Magic\datapacks\Magic_FR\data\spells\function\spellsystem\spell2\spell2_m\lightning_hit\player2.mcfunction", "mcfunction", 0, 0, 25, 8, 10, 43
"c:\Users\FlowUP\Documents\GitHub\Magic\datapacks\Magic_FR\data\spells\function\spellsystem\spell2\spell2_m\lightning_hit\player3.mcfunction", "mcfunction", 0, 0, 25, 8, 10, 43
"c:\Users\FlowUP\Documents\GitHub\Magic\datapacks\Magic_FR\data\spells\function\spellsystem\spell2\spell2_m\lightning_hit\player4.mcfunction", "mcfunction", 0, 0, 25, 8, 10, 43
"c:\Users\FlowUP\Documents\GitHub\Magic\datapacks\Magic_FR\data\spells\function\spellsystem\spell2\spell2_m\lightning_hit\player5.mcfunction", "mcfunction", 0, 0, 25, 8, 10, 43
"c:\Users\FlowUP\Documents\GitHub\Magic\datapacks\Magic_FR\data\spells\function\spellsystem\spell2\spell2_m\lightning_hit\player6.mcfunction", "mcfunction", 0, 0, 25, 8, 10, 43
"c:\Users\FlowUP\Documents\GitHub\Magic\datapacks\Magic_FR\data\spells\function\spellsystem\spell2\spell2_m\lightning_hit\player7.mcfunction", "mcfunction", 0, 0, 25, 8, 10, 43
"c:\Users\FlowUP\Documents\GitHub\Magic\datapacks\Magic_FR\data\spells\function\spellsystem\spell2\spell2_m\lightning_hit\player8.mcfunction", "mcfunction", 0, 0, 25, 8, 10, 43
"c:\Users\FlowUP\Documents\GitHub\Magic\datapacks\Magic_FR\data\spells\function\spellsystem\spell2\spell2_m\lightning_hit\player9.mcfunction", "mcfunction", 0, 0, 25, 8, 10, 43
"c:\Users\FlowUP\Documents\GitHub\Magic\datapacks\Magic_FR\data\spells\function\spellsystem\spell2\spell2_m\loop\cloudlvl1.mcfunction", "mcfunction", 0, 0, 9, 1, 1, 11
"c:\Users\FlowUP\Documents\GitHub\Magic\datapacks\Magic_FR\data\spells\function\spellsystem\spell2\spell2_m\loop\cloudlvl2.mcfunction", "mcfunction", 0, 0, 10, 1, 1, 12
"c:\Users\FlowUP\Documents\GitHub\Magic\datapacks\Magic_FR\data\spells\function\spellsystem\spell2\spell2_m\loop\cloudlvl3.mcfunction", "mcfunction", 0, 0, 11, 1, 1, 13
"c:\Users\FlowUP\Documents\GitHub\Magic\datapacks\Magic_FR\data\spells\function\spellsystem\spell2\spell2_m\loop\detect_cloud.mcfunction", "mcfunction", 0, 0, 4, 2, 2, 8
"c:\Users\FlowUP\Documents\GitHub\Magic\datapacks\Magic_FR\data\spells\function\spellsystem\spell2\spell2_m\no_more_thunderstorm.mcfunction", "mcfunction", 0, 0, 22, 2, 3, 27
"c:\Users\FlowUP\Documents\GitHub\Magic\datapacks\Magic_FR\data\spells\function\spellsystem\spell2\spell2_m\refresh_bossbar.mcfunction", "mcfunction", 0, 0, 12, 2, 1, 15
"c:\Users\FlowUP\Documents\GitHub\Magic\datapacks\Magic_FR\data\spells\function\spellsystem\spell2\spell2_m\reset_thunderstorm.mcfunction", "mcfunction", 0, 0, 25, 1, 2, 28
"c:\Users\FlowUP\Documents\GitHub\Magic\datapacks\Magic_FR\data\spells\function\spellsystem\spell2\spell2_m\setup_bossbar\lvl1\player1.mcfunction", "mcfunction", 0, 0, 4, 2, 1, 7
"c:\Users\FlowUP\Documents\GitHub\Magic\datapacks\Magic_FR\data\spells\function\spellsystem\spell2\spell2_m\setup_bossbar\lvl1\player10.mcfunction", "mcfunction", 0, 0, 4, 2, 1, 7
"c:\Users\FlowUP\Documents\GitHub\Magic\datapacks\Magic_FR\data\spells\function\spellsystem\spell2\spell2_m\setup_bossbar\lvl1\player11.mcfunction", "mcfunction", 0, 0, 4, 2, 1, 7
"c:\Users\FlowUP\Documents\GitHub\Magic\datapacks\Magic_FR\data\spells\function\spellsystem\spell2\spell2_m\setup_bossbar\lvl1\player12.mcfunction", "mcfunction", 0, 0, 4, 2, 1, 7
"c:\Users\FlowUP\Documents\GitHub\Magic\datapacks\Magic_FR\data\spells\function\spellsystem\spell2\spell2_m\setup_bossbar\lvl1\player2.mcfunction", "mcfunction", 0, 0, 4, 2, 1, 7
"c:\Users\FlowUP\Documents\GitHub\Magic\datapacks\Magic_FR\data\spells\function\spellsystem\spell2\spell2_m\setup_bossbar\lvl1\player3.mcfunction", "mcfunction", 0, 0, 4, 2, 1, 7
"c:\Users\FlowUP\Documents\GitHub\Magic\datapacks\Magic_FR\data\spells\function\spellsystem\spell2\spell2_m\setup_bossbar\lvl1\player4.mcfunction", "mcfunction", 0, 0, 4, 2, 1, 7
"c:\Users\FlowUP\Documents\GitHub\Magic\datapacks\Magic_FR\data\spells\function\spellsystem\spell2\spell2_m\setup_bossbar\lvl1\player5.mcfunction", "mcfunction", 0, 0, 4, 2, 1, 7
"c:\Users\FlowUP\Documents\GitHub\Magic\datapacks\Magic_FR\data\spells\function\spellsystem\spell2\spell2_m\setup_bossbar\lvl1\player6.mcfunction", "mcfunction", 0, 0, 4, 2, 1, 7
"c:\Users\FlowUP\Documents\GitHub\Magic\datapacks\Magic_FR\data\spells\function\spellsystem\spell2\spell2_m\setup_bossbar\lvl1\player7.mcfunction", "mcfunction", 0, 0, 4, 2, 1, 7
"c:\Users\FlowUP\Documents\GitHub\Magic\datapacks\Magic_FR\data\spells\function\spellsystem\spell2\spell2_m\setup_bossbar\lvl1\player8.mcfunction", "mcfunction", 0, 0, 4, 2, 1, 7
"c:\Users\FlowUP\Documents\GitHub\Magic\datapacks\Magic_FR\data\spells\function\spellsystem\spell2\spell2_m\setup_bossbar\lvl1\player9.mcfunction", "mcfunction", 0, 0, 4, 2, 1, 7
"c:\Users\FlowUP\Documents\GitHub\Magic\datapacks\Magic_FR\data\spells\function\spellsystem\spell2\spell2_m\setup_bossbar\lvl1\test_player.mcfunction", "mcfunction", 0, 0, 13, 2, 1, 16
"c:\Users\FlowUP\Documents\GitHub\Magic\datapacks\Magic_FR\data\spells\function\spellsystem\spell2\spell2_m\setup_bossbar\lvl2\player1.mcfunction", "mcfunction", 0, 0, 4, 2, 1, 7
"c:\Users\FlowUP\Documents\GitHub\Magic\datapacks\Magic_FR\data\spells\function\spellsystem\spell2\spell2_m\setup_bossbar\lvl2\player10.mcfunction", "mcfunction", 0, 0, 4, 2, 1, 7
"c:\Users\FlowUP\Documents\GitHub\Magic\datapacks\Magic_FR\data\spells\function\spellsystem\spell2\spell2_m\setup_bossbar\lvl2\player11.mcfunction", "mcfunction", 0, 0, 4, 2, 1, 7
"c:\Users\FlowUP\Documents\GitHub\Magic\datapacks\Magic_FR\data\spells\function\spellsystem\spell2\spell2_m\setup_bossbar\lvl2\player12.mcfunction", "mcfunction", 0, 0, 4, 2, 1, 7
"c:\Users\FlowUP\Documents\GitHub\Magic\datapacks\Magic_FR\data\spells\function\spellsystem\spell2\spell2_m\setup_bossbar\lvl2\player2.mcfunction", "mcfunction", 0, 0, 4, 2, 1, 7
"c:\Users\FlowUP\Documents\GitHub\Magic\datapacks\Magic_FR\data\spells\function\spellsystem\spell2\spell2_m\setup_bossbar\lvl2\player3.mcfunction", "mcfunction", 0, 0, 4, 2, 1, 7
"c:\Users\FlowUP\Documents\GitHub\Magic\datapacks\Magic_FR\data\spells\function\spellsystem\spell2\spell2_m\setup_bossbar\lvl2\player4.mcfunction", "mcfunction", 0, 0, 4, 2, 1, 7
"c:\Users\FlowUP\Documents\GitHub\Magic\datapacks\Magic_FR\data\spells\function\spellsystem\spell2\spell2_m\setup_bossbar\lvl2\player5.mcfunction", "mcfunction", 0, 0, 4, 2, 1, 7
"c:\Users\FlowUP\Documents\GitHub\Magic\datapacks\Magic_FR\data\spells\function\spellsystem\spell2\spell2_m\setup_bossbar\lvl2\player6.mcfunction", "mcfunction", 0, 0, 4, 2, 1, 7
"c:\Users\FlowUP\Documents\GitHub\Magic\datapacks\Magic_FR\data\spells\function\spellsystem\spell2\spell2_m\setup_bossbar\lvl2\player7.mcfunction", "mcfunction", 0, 0, 4, 2, 1, 7
"c:\Users\FlowUP\Documents\GitHub\Magic\datapacks\Magic_FR\data\spells\function\spellsystem\spell2\spell2_m\setup_bossbar\lvl2\player8.mcfunction", "mcfunction", 0, 0, 4, 2, 1, 7
"c:\Users\FlowUP\Documents\GitHub\Magic\datapacks\Magic_FR\data\spells\function\spellsystem\spell2\spell2_m\setup_bossbar\lvl2\player9.mcfunction", "mcfunction", 0, 0, 4, 2, 1, 7
"c:\Users\FlowUP\Documents\GitHub\Magic\datapacks\Magic_FR\data\spells\function\spellsystem\spell2\spell2_m\setup_bossbar\lvl2\test_player.mcfunction", "mcfunction", 0, 0, 13, 2, 1, 16
"c:\Users\FlowUP\Documents\GitHub\Magic\datapacks\Magic_FR\data\spells\function\spellsystem\spell2\spell2_m\setup_bossbar\lvl3\player1.mcfunction", "mcfunction", 0, 0, 4, 2, 1, 7
"c:\Users\FlowUP\Documents\GitHub\Magic\datapacks\Magic_FR\data\spells\function\spellsystem\spell2\spell2_m\setup_bossbar\lvl3\player10.mcfunction", "mcfunction", 0, 0, 4, 2, 1, 7
"c:\Users\FlowUP\Documents\GitHub\Magic\datapacks\Magic_FR\data\spells\function\spellsystem\spell2\spell2_m\setup_bossbar\lvl3\player11.mcfunction", "mcfunction", 0, 0, 4, 2, 1, 7
"c:\Users\FlowUP\Documents\GitHub\Magic\datapacks\Magic_FR\data\spells\function\spellsystem\spell2\spell2_m\setup_bossbar\lvl3\player12.mcfunction", "mcfunction", 0, 0, 4, 2, 1, 7
"c:\Users\FlowUP\Documents\GitHub\Magic\datapacks\Magic_FR\data\spells\function\spellsystem\spell2\spell2_m\setup_bossbar\lvl3\player2.mcfunction", "mcfunction", 0, 0, 4, 2, 1, 7
"c:\Users\FlowUP\Documents\GitHub\Magic\datapacks\Magic_FR\data\spells\function\spellsystem\spell2\spell2_m\setup_bossbar\lvl3\player3.mcfunction", "mcfunction", 0, 0, 4, 2, 1, 7
"c:\Users\FlowUP\Documents\GitHub\Magic\datapacks\Magic_FR\data\spells\function\spellsystem\spell2\spell2_m\setup_bossbar\lvl3\player4.mcfunction", "mcfunction", 0, 0, 4, 2, 1, 7
"c:\Users\FlowUP\Documents\GitHub\Magic\datapacks\Magic_FR\data\spells\function\spellsystem\spell2\spell2_m\setup_bossbar\lvl3\player5.mcfunction", "mcfunction", 0, 0, 4, 2, 1, 7
"c:\Users\FlowUP\Documents\GitHub\Magic\datapacks\Magic_FR\data\spells\function\spellsystem\spell2\spell2_m\setup_bossbar\lvl3\player6.mcfunction", "mcfunction", 0, 0, 4, 2, 1, 7
"c:\Users\FlowUP\Documents\GitHub\Magic\datapacks\Magic_FR\data\spells\function\spellsystem\spell2\spell2_m\setup_bossbar\lvl3\player7.mcfunction", "mcfunction", 0, 0, 4, 2, 1, 7
"c:\Users\FlowUP\Documents\GitHub\Magic\datapacks\Magic_FR\data\spells\function\spellsystem\spell2\spell2_m\setup_bossbar\lvl3\player8.mcfunction", "mcfunction", 0, 0, 4, 2, 2, 8
"c:\Users\FlowUP\Documents\GitHub\Magic\datapacks\Magic_FR\data\spells\function\spellsystem\spell2\spell2_m\setup_bossbar\lvl3\player9.mcfunction", "mcfunction", 0, 0, 4, 2, 1, 7
"c:\Users\FlowUP\Documents\GitHub\Magic\datapacks\Magic_FR\data\spells\function\spellsystem\spell2\spell2_m\setup_bossbar\lvl3\test_player.mcfunction", "mcfunction", 0, 0, 13, 2, 1, 16
"c:\Users\FlowUP\Documents\GitHub\Magic\datapacks\Magic_FR\data\spells\function\spellsystem\spell2\spell2_m\spawncloudlvl1.mcfunction", "mcfunction", 0, 0, 14, 1, 0, 15
"c:\Users\FlowUP\Documents\GitHub\Magic\datapacks\Magic_FR\data\spells\function\spellsystem\spell2\spell2_m\spawncloudlvl2.mcfunction", "mcfunction", 0, 0, 14, 1, 0, 15
"c:\Users\FlowUP\Documents\GitHub\Magic\datapacks\Magic_FR\data\spells\function\spellsystem\spell2\spell2_m\spawncloudlvl3.mcfunction", "mcfunction", 0, 0, 14, 1, 0, 15
"c:\Users\FlowUP\Documents\GitHub\Magic\datapacks\Magic_FR\data\spells\function\spellsystem\spell2\spell2_m\spell2lvl1_m.mcfunction", "mcfunction", 0, 0, 7, 1, 1, 9
"c:\Users\FlowUP\Documents\GitHub\Magic\datapacks\Magic_FR\data\spells\function\spellsystem\spell2\spell2_m\spell2lvl2_m.mcfunction", "mcfunction", 0, 0, 7, 1, 2, 10
"c:\Users\FlowUP\Documents\GitHub\Magic\datapacks\Magic_FR\data\spells\function\spellsystem\spell2\spell2_m\spell2lvl3_m.mcfunction", "mcfunction", 0, 0, 7, 1, 1, 9
"c:\Users\FlowUP\Documents\GitHub\Magic\datapacks\Magic_FR\data\spells\function\spellsystem\spell2\spell2_m\took_spell2_m.mcfunction", "mcfunction", 0, 0, 15, 4, 3, 22
"c:\Users\FlowUP\Documents\GitHub\Magic\datapacks\Magic_FR\data\spells\function\spellsystem\spell2\spell2_r\kill_backup.mcfunction", "mcfunction", 0, 0, 2, 2, 2, 6
"c:\Users\FlowUP\Documents\GitHub\Magic\datapacks\Magic_FR\data\spells\function\spellsystem\spell2\spell2_r\killbackup_r.mcfunction", "mcfunction", 0, 0, 34, 2, 6, 42
"c:\Users\FlowUP\Documents\GitHub\Magic\datapacks\Magic_FR\data\spells\function\spellsystem\spell2\spell2_r\particle.mcfunction", "mcfunction", 0, 0, 17, 2, 3, 22
"c:\Users\FlowUP\Documents\GitHub\Magic\datapacks\Magic_FR\data\spells\function\spellsystem\spell2\spell2_r\summonbackup_r.mcfunction", "mcfunction", 0, 0, 16, 13, 2, 31
"c:\Users\FlowUP\Documents\GitHub\Magic\datapacks\Magic_FR\data\spells\function\spellsystem\spell2\spell2_r\testbackup\testbackup1.mcfunction", "mcfunction", 0, 0, 3, 1, 0, 4
"c:\Users\FlowUP\Documents\GitHub\Magic\datapacks\Magic_FR\data\spells\function\spellsystem\spell2\spell2_r\testbackup\testbackup10.mcfunction", "mcfunction", 0, 0, 3, 1, 0, 4
"c:\Users\FlowUP\Documents\GitHub\Magic\datapacks\Magic_FR\data\spells\function\spellsystem\spell2\spell2_r\testbackup\testbackup11.mcfunction", "mcfunction", 0, 0, 3, 1, 0, 4
"c:\Users\FlowUP\Documents\GitHub\Magic\datapacks\Magic_FR\data\spells\function\spellsystem\spell2\spell2_r\testbackup\testbackup12.mcfunction", "mcfunction", 0, 0, 3, 1, 0, 4
"c:\Users\FlowUP\Documents\GitHub\Magic\datapacks\Magic_FR\data\spells\function\spellsystem\spell2\spell2_r\testbackup\testbackup2.mcfunction", "mcfunction", 0, 0, 3, 1, 0, 4
"c:\Users\FlowUP\Documents\GitHub\Magic\datapacks\Magic_FR\data\spells\function\spellsystem\spell2\spell2_r\testbackup\testbackup3.mcfunction", "mcfunction", 0, 0, 3, 1, 0, 4
"c:\Users\FlowUP\Documents\GitHub\Magic\datapacks\Magic_FR\data\spells\function\spellsystem\spell2\spell2_r\testbackup\testbackup4.mcfunction", "mcfunction", 0, 0, 3, 1, 0, 4
"c:\Users\FlowUP\Documents\GitHub\Magic\datapacks\Magic_FR\data\spells\function\spellsystem\spell2\spell2_r\testbackup\testbackup5.mcfunction", "mcfunction", 0, 0, 3, 1, 0, 4
"c:\Users\FlowUP\Documents\GitHub\Magic\datapacks\Magic_FR\data\spells\function\spellsystem\spell2\spell2_r\testbackup\testbackup6.mcfunction", "mcfunction", 0, 0, 3, 1, 0, 4
"c:\Users\FlowUP\Documents\GitHub\Magic\datapacks\Magic_FR\data\spells\function\spellsystem\spell2\spell2_r\testbackup\testbackup7.mcfunction", "mcfunction", 0, 0, 3, 1, 0, 4
"c:\Users\FlowUP\Documents\GitHub\Magic\datapacks\Magic_FR\data\spells\function\spellsystem\spell2\spell2_r\testbackup\testbackup8.mcfunction", "mcfunction", 0, 0, 3, 1, 0, 4
"c:\Users\FlowUP\Documents\GitHub\Magic\datapacks\Magic_FR\data\spells\function\spellsystem\spell2\spell2_r\testbackup\testbackup9.mcfunction", "mcfunction", 0, 0, 3, 1, 0, 4
"c:\Users\FlowUP\Documents\GitHub\Magic\datapacks\Magic_FR\data\spells\function\spellsystem\spell2\spell2_r\tpbackup_r.mcfunction", "mcfunction", 0, 0, 51, 4, 8, 63
"c:\Users\FlowUP\Documents\GitHub\Magic\datapacks\Magic_FR\data\spells\function\spellsystem\spell2\spell2_r\villagertakesdmg.mcfunction", "mcfunction", 0, 0, 13, 1, 1, 15
"c:\Users\FlowUP\Documents\GitHub\Magic\datapacks\Magic_FR\data\spells\function\spellsystem\spell2\spell2_w\cooldown\cooldown_lvl1.mcfunction", "mcfunction", 0, 0, 5, 2, 2, 9
"c:\Users\FlowUP\Documents\GitHub\Magic\datapacks\Magic_FR\data\spells\function\spellsystem\spell2\spell2_w\cooldown\cooldown_lvl2.mcfunction", "mcfunction", 0, 0, 5, 2, 2, 9
"c:\Users\FlowUP\Documents\GitHub\Magic\datapacks\Magic_FR\data\spells\function\spellsystem\spell2\spell2_w\cooldown\cooldown_lvl3.mcfunction", "mcfunction", 0, 0, 5, 2, 2, 9
"c:\Users\FlowUP\Documents\GitHub\Magic\datapacks\Magic_FR\data\spells\function\spellsystem\spell2\spell2_w\loop\detect_flag.mcfunction", "mcfunction", 0, 0, 4, 2, 2, 8
"c:\Users\FlowUP\Documents\GitHub\Magic\datapacks\Magic_FR\data\spells\function\spellsystem\spell2\spell2_w\loop\flaglvl1.mcfunction", "mcfunction", 0, 0, 26, 1, 7, 34
"c:\Users\FlowUP\Documents\GitHub\Magic\datapacks\Magic_FR\data\spells\function\spellsystem\spell2\spell2_w\loop\flaglvl2.mcfunction", "mcfunction", 0, 0, 26, 1, 6, 33
"c:\Users\FlowUP\Documents\GitHub\Magic\datapacks\Magic_FR\data\spells\function\spellsystem\spell2\spell2_w\loop\flaglvl3.mcfunction", "mcfunction", 0, 0, 30, 1, 6, 37
"c:\Users\FlowUP\Documents\GitHub\Magic\datapacks\Magic_FR\data\spells\function\spellsystem\spell2\spell2_w\refresh_bossbar.mcfunction", "mcfunction", 0, 0, 12, 2, 1, 15
"c:\Users\FlowUP\Documents\GitHub\Magic\datapacks\Magic_FR\data\spells\function\spellsystem\spell2\spell2_w\summon_flag\destroy_flag\player\player1.mcfunction", "mcfunction", 0, 0, 7, 2, 4, 13
"c:\Users\FlowUP\Documents\GitHub\Magic\datapacks\Magic_FR\data\spells\function\spellsystem\spell2\spell2_w\summon_flag\destroy_flag\player\player10.mcfunction", "mcfunction", 0, 0, 7, 2, 4, 13
"c:\Users\FlowUP\Documents\GitHub\Magic\datapacks\Magic_FR\data\spells\function\spellsystem\spell2\spell2_w\summon_flag\destroy_flag\player\player11.mcfunction", "mcfunction", 0, 0, 7, 2, 4, 13
"c:\Users\FlowUP\Documents\GitHub\Magic\datapacks\Magic_FR\data\spells\function\spellsystem\spell2\spell2_w\summon_flag\destroy_flag\player\player12.mcfunction", "mcfunction", 0, 0, 7, 2, 4, 13
"c:\Users\FlowUP\Documents\GitHub\Magic\datapacks\Magic_FR\data\spells\function\spellsystem\spell2\spell2_w\summon_flag\destroy_flag\player\player2.mcfunction", "mcfunction", 0, 0, 7, 2, 4, 13
"c:\Users\FlowUP\Documents\GitHub\Magic\datapacks\Magic_FR\data\spells\function\spellsystem\spell2\spell2_w\summon_flag\destroy_flag\player\player3.mcfunction", "mcfunction", 0, 0, 7, 2, 4, 13
"c:\Users\FlowUP\Documents\GitHub\Magic\datapacks\Magic_FR\data\spells\function\spellsystem\spell2\spell2_w\summon_flag\destroy_flag\player\player4.mcfunction", "mcfunction", 0, 0, 7, 2, 4, 13
"c:\Users\FlowUP\Documents\GitHub\Magic\datapacks\Magic_FR\data\spells\function\spellsystem\spell2\spell2_w\summon_flag\destroy_flag\player\player5.mcfunction", "mcfunction", 0, 0, 7, 2, 4, 13
"c:\Users\FlowUP\Documents\GitHub\Magic\datapacks\Magic_FR\data\spells\function\spellsystem\spell2\spell2_w\summon_flag\destroy_flag\player\player6.mcfunction", "mcfunction", 0, 0, 7, 2, 4, 13
"c:\Users\FlowUP\Documents\GitHub\Magic\datapacks\Magic_FR\data\spells\function\spellsystem\spell2\spell2_w\summon_flag\destroy_flag\player\player7.mcfunction", "mcfunction", 0, 0, 7, 2, 4, 13
"c:\Users\FlowUP\Documents\GitHub\Magic\datapacks\Magic_FR\data\spells\function\spellsystem\spell2\spell2_w\summon_flag\destroy_flag\player\player8.mcfunction", "mcfunction", 0, 0, 7, 2, 4, 13
"c:\Users\FlowUP\Documents\GitHub\Magic\datapacks\Magic_FR\data\spells\function\spellsystem\spell2\spell2_w\summon_flag\destroy_flag\player\player9.mcfunction", "mcfunction", 0, 0, 7, 2, 4, 13
"c:\Users\FlowUP\Documents\GitHub\Magic\datapacks\Magic_FR\data\spells\function\spellsystem\spell2\spell2_w\summon_flag\destroy_flag\testplayer.mcfunction", "mcfunction", 0, 0, 12, 2, 1, 15
"c:\Users\FlowUP\Documents\GitHub\Magic\datapacks\Magic_FR\data\spells\function\spellsystem\spell2\spell2_w\summon_flag\lvl1\players\player1.mcfunction", "mcfunction", 0, 0, 6, 2, 2, 10
"c:\Users\FlowUP\Documents\GitHub\Magic\datapacks\Magic_FR\data\spells\function\spellsystem\spell2\spell2_w\summon_flag\lvl1\players\player10.mcfunction", "mcfunction", 0, 0, 6, 2, 2, 10
"c:\Users\FlowUP\Documents\GitHub\Magic\datapacks\Magic_FR\data\spells\function\spellsystem\spell2\spell2_w\summon_flag\lvl1\players\player11.mcfunction", "mcfunction", 0, 0, 6, 2, 2, 10
"c:\Users\FlowUP\Documents\GitHub\Magic\datapacks\Magic_FR\data\spells\function\spellsystem\spell2\spell2_w\summon_flag\lvl1\players\player12.mcfunction", "mcfunction", 0, 0, 6, 2, 2, 10
"c:\Users\FlowUP\Documents\GitHub\Magic\datapacks\Magic_FR\data\spells\function\spellsystem\spell2\spell2_w\summon_flag\lvl1\players\player2.mcfunction", "mcfunction", 0, 0, 6, 2, 2, 10
"c:\Users\FlowUP\Documents\GitHub\Magic\datapacks\Magic_FR\data\spells\function\spellsystem\spell2\spell2_w\summon_flag\lvl1\players\player3.mcfunction", "mcfunction", 0, 0, 6, 2, 2, 10
"c:\Users\FlowUP\Documents\GitHub\Magic\datapacks\Magic_FR\data\spells\function\spellsystem\spell2\spell2_w\summon_flag\lvl1\players\player4.mcfunction", "mcfunction", 0, 0, 6, 2, 2, 10
"c:\Users\FlowUP\Documents\GitHub\Magic\datapacks\Magic_FR\data\spells\function\spellsystem\spell2\spell2_w\summon_flag\lvl1\players\player5.mcfunction", "mcfunction", 0, 0, 6, 2, 2, 10
"c:\Users\FlowUP\Documents\GitHub\Magic\datapacks\Magic_FR\data\spells\function\spellsystem\spell2\spell2_w\summon_flag\lvl1\players\player6.mcfunction", "mcfunction", 0, 0, 6, 2, 2, 10
"c:\Users\FlowUP\Documents\GitHub\Magic\datapacks\Magic_FR\data\spells\function\spellsystem\spell2\spell2_w\summon_flag\lvl1\players\player7.mcfunction", "mcfunction", 0, 0, 6, 2, 2, 10
"c:\Users\FlowUP\Documents\GitHub\Magic\datapacks\Magic_FR\data\spells\function\spellsystem\spell2\spell2_w\summon_flag\lvl1\players\player8.mcfunction", "mcfunction", 0, 0, 6, 2, 2, 10
"c:\Users\FlowUP\Documents\GitHub\Magic\datapacks\Magic_FR\data\spells\function\spellsystem\spell2\spell2_w\summon_flag\lvl1\players\player9.mcfunction", "mcfunction", 0, 0, 6, 2, 2, 10
"c:\Users\FlowUP\Documents\GitHub\Magic\datapacks\Magic_FR\data\spells\function\spellsystem\spell2\spell2_w\summon_flag\lvl1\testplayer.mcfunction", "mcfunction", 0, 0, 42, 4, 4, 50
"c:\Users\FlowUP\Documents\GitHub\Magic\datapacks\Magic_FR\data\spells\function\spellsystem\spell2\spell2_w\summon_flag\lvl2\players\player1.mcfunction", "mcfunction", 0, 0, 6, 2, 4, 12
"c:\Users\FlowUP\Documents\GitHub\Magic\datapacks\Magic_FR\data\spells\function\spellsystem\spell2\spell2_w\summon_flag\lvl2\players\player10.mcfunction", "mcfunction", 0, 0, 6, 2, 3, 11
"c:\Users\FlowUP\Documents\GitHub\Magic\datapacks\Magic_FR\data\spells\function\spellsystem\spell2\spell2_w\summon_flag\lvl2\players\player11.mcfunction", "mcfunction", 0, 0, 6, 2, 3, 11
"c:\Users\FlowUP\Documents\GitHub\Magic\datapacks\Magic_FR\data\spells\function\spellsystem\spell2\spell2_w\summon_flag\lvl2\players\player12.mcfunction", "mcfunction", 0, 0, 6, 2, 3, 11
"c:\Users\FlowUP\Documents\GitHub\Magic\datapacks\Magic_FR\data\spells\function\spellsystem\spell2\spell2_w\summon_flag\lvl2\players\player2.mcfunction", "mcfunction", 0, 0, 6, 2, 4, 12
"c:\Users\FlowUP\Documents\GitHub\Magic\datapacks\Magic_FR\data\spells\function\spellsystem\spell2\spell2_w\summon_flag\lvl2\players\player3.mcfunction", "mcfunction", 0, 0, 6, 2, 4, 12
"c:\Users\FlowUP\Documents\GitHub\Magic\datapacks\Magic_FR\data\spells\function\spellsystem\spell2\spell2_w\summon_flag\lvl2\players\player4.mcfunction", "mcfunction", 0, 0, 6, 2, 2, 10
"c:\Users\FlowUP\Documents\GitHub\Magic\datapacks\Magic_FR\data\spells\function\spellsystem\spell2\spell2_w\summon_flag\lvl2\players\player5.mcfunction", "mcfunction", 0, 0, 6, 2, 3, 11
"c:\Users\FlowUP\Documents\GitHub\Magic\datapacks\Magic_FR\data\spells\function\spellsystem\spell2\spell2_w\summon_flag\lvl2\players\player6.mcfunction", "mcfunction", 0, 0, 6, 2, 3, 11
"c:\Users\FlowUP\Documents\GitHub\Magic\datapacks\Magic_FR\data\spells\function\spellsystem\spell2\spell2_w\summon_flag\lvl2\players\player7.mcfunction", "mcfunction", 0, 0, 6, 2, 3, 11
"c:\Users\FlowUP\Documents\GitHub\Magic\datapacks\Magic_FR\data\spells\function\spellsystem\spell2\spell2_w\summon_flag\lvl2\players\player8.mcfunction", "mcfunction", 0, 0, 6, 2, 3, 11
"c:\Users\FlowUP\Documents\GitHub\Magic\datapacks\Magic_FR\data\spells\function\spellsystem\spell2\spell2_w\summon_flag\lvl2\players\player9.mcfunction", "mcfunction", 0, 0, 6, 2, 3, 11
"c:\Users\FlowUP\Documents\GitHub\Magic\datapacks\Magic_FR\data\spells\function\spellsystem\spell2\spell2_w\summon_flag\lvl2\testplayer.mcfunction", "mcfunction", 0, 0, 42, 4, 4, 50
"c:\Users\FlowUP\Documents\GitHub\Magic\datapacks\Magic_FR\data\spells\function\spellsystem\spell2\spell2_w\summon_flag\lvl3\players\player1.mcfunction", "mcfunction", 0, 0, 6, 2, 2, 10
"c:\Users\FlowUP\Documents\GitHub\Magic\datapacks\Magic_FR\data\spells\function\spellsystem\spell2\spell2_w\summon_flag\lvl3\players\player10.mcfunction", "mcfunction", 0, 0, 6, 2, 2, 10
"c:\Users\FlowUP\Documents\GitHub\Magic\datapacks\Magic_FR\data\spells\function\spellsystem\spell2\spell2_w\summon_flag\lvl3\players\player11.mcfunction", "mcfunction", 0, 0, 6, 2, 2, 10
"c:\Users\FlowUP\Documents\GitHub\Magic\datapacks\Magic_FR\data\spells\function\spellsystem\spell2\spell2_w\summon_flag\lvl3\players\player12.mcfunction", "mcfunction", 0, 0, 6, 2, 2, 10
"c:\Users\FlowUP\Documents\GitHub\Magic\datapacks\Magic_FR\data\spells\function\spellsystem\spell2\spell2_w\summon_flag\lvl3\players\player2.mcfunction", "mcfunction", 0, 0, 6, 2, 3, 11
"c:\Users\FlowUP\Documents\GitHub\Magic\datapacks\Magic_FR\data\spells\function\spellsystem\spell2\spell2_w\summon_flag\lvl3\players\player3.mcfunction", "mcfunction", 0, 0, 6, 2, 2, 10
"c:\Users\FlowUP\Documents\GitHub\Magic\datapacks\Magic_FR\data\spells\function\spellsystem\spell2\spell2_w\summon_flag\lvl3\players\player4.mcfunction", "mcfunction", 0, 0, 6, 2, 2, 10
"c:\Users\FlowUP\Documents\GitHub\Magic\datapacks\Magic_FR\data\spells\function\spellsystem\spell2\spell2_w\summon_flag\lvl3\players\player5.mcfunction", "mcfunction", 0, 0, 6, 2, 2, 10
"c:\Users\FlowUP\Documents\GitHub\Magic\datapacks\Magic_FR\data\spells\function\spellsystem\spell2\spell2_w\summon_flag\lvl3\players\player6.mcfunction", "mcfunction", 0, 0, 6, 2, 2, 10
"c:\Users\FlowUP\Documents\GitHub\Magic\datapacks\Magic_FR\data\spells\function\spellsystem\spell2\spell2_w\summon_flag\lvl3\players\player7.mcfunction", "mcfunction", 0, 0, 6, 2, 3, 11
"c:\Users\FlowUP\Documents\GitHub\Magic\datapacks\Magic_FR\data\spells\function\spellsystem\spell2\spell2_w\summon_flag\lvl3\players\player8.mcfunction", "mcfunction", 0, 0, 6, 2, 2, 10
"c:\Users\FlowUP\Documents\GitHub\Magic\datapacks\Magic_FR\data\spells\function\spellsystem\spell2\spell2_w\summon_flag\lvl3\players\player9.mcfunction", "mcfunction", 0, 0, 6, 2, 2, 10
"c:\Users\FlowUP\Documents\GitHub\Magic\datapacks\Magic_FR\data\spells\function\spellsystem\spell2\spell2_w\summon_flag\lvl3\testplayer.mcfunction", "mcfunction", 0, 0, 42, 4, 4, 50
"c:\Users\FlowUP\Documents\GitHub\Magic\datapacks\Magic_FR\data\spells\function\spellsystem\spell3\spell3_a\drop_blue_flag.mcfunction", "mcfunction", 0, 0, 54, 14, 12, 80
"c:\Users\FlowUP\Documents\GitHub\Magic\datapacks\Magic_FR\data\spells\function\spellsystem\spell3\spell3_a\drop_red_flag.mcfunction", "mcfunction", 0, 0, 54, 14, 13, 81
"c:\Users\FlowUP\Documents\GitHub\Magic\datapacks\Magic_FR\data\spells\function\spellsystem\spell3\spell3_a\get_frozen\player10\lvl1.mcfunction", "mcfunction", 0, 0, 1, 2, 1, 4
"c:\Users\FlowUP\Documents\GitHub\Magic\datapacks\Magic_FR\data\spells\function\spellsystem\spell3\spell3_a\get_frozen\player10\lvl2.mcfunction", "mcfunction", 0, 0, 1, 2, 1, 4
"c:\Users\FlowUP\Documents\GitHub\Magic\datapacks\Magic_FR\data\spells\function\spellsystem\spell3\spell3_a\get_frozen\player10\lvl3.mcfunction", "mcfunction", 0, 0, 1, 2, 1, 4
"c:\Users\FlowUP\Documents\GitHub\Magic\datapacks\Magic_FR\data\spells\function\spellsystem\spell3\spell3_a\get_frozen\player10\test_lvl.mcfunction", "mcfunction", 0, 0, 3, 2, 1, 6
"c:\Users\FlowUP\Documents\GitHub\Magic\datapacks\Magic_FR\data\spells\function\spellsystem\spell3\spell3_a\get_frozen\player11\lvl1.mcfunction", "mcfunction", 0, 0, 1, 2, 1, 4
"c:\Users\FlowUP\Documents\GitHub\Magic\datapacks\Magic_FR\data\spells\function\spellsystem\spell3\spell3_a\get_frozen\player11\lvl2.mcfunction", "mcfunction", 0, 0, 1, 2, 1, 4
"c:\Users\FlowUP\Documents\GitHub\Magic\datapacks\Magic_FR\data\spells\function\spellsystem\spell3\spell3_a\get_frozen\player11\lvl3.mcfunction", "mcfunction", 0, 0, 1, 2, 1, 4
"c:\Users\FlowUP\Documents\GitHub\Magic\datapacks\Magic_FR\data\spells\function\spellsystem\spell3\spell3_a\get_frozen\player11\test_lvl.mcfunction", "mcfunction", 0, 0, 3, 2, 1, 6
"c:\Users\FlowUP\Documents\GitHub\Magic\datapacks\Magic_FR\data\spells\function\spellsystem\spell3\spell3_a\get_frozen\player12\lvl1.mcfunction", "mcfunction", 0, 0, 1, 2, 1, 4
"c:\Users\FlowUP\Documents\GitHub\Magic\datapacks\Magic_FR\data\spells\function\spellsystem\spell3\spell3_a\get_frozen\player12\lvl2.mcfunction", "mcfunction", 0, 0, 1, 2, 1, 4
"c:\Users\FlowUP\Documents\GitHub\Magic\datapacks\Magic_FR\data\spells\function\spellsystem\spell3\spell3_a\get_frozen\player12\lvl3.mcfunction", "mcfunction", 0, 0, 1, 2, 1, 4
"c:\Users\FlowUP\Documents\GitHub\Magic\datapacks\Magic_FR\data\spells\function\spellsystem\spell3\spell3_a\get_frozen\player12\test_lvl.mcfunction", "mcfunction", 0, 0, 3, 2, 1, 6
"c:\Users\FlowUP\Documents\GitHub\Magic\datapacks\Magic_FR\data\spells\function\spellsystem\spell3\spell3_a\get_frozen\player1\lvl1.mcfunction", "mcfunction", 0, 0, 1, 2, 1, 4
"c:\Users\FlowUP\Documents\GitHub\Magic\datapacks\Magic_FR\data\spells\function\spellsystem\spell3\spell3_a\get_frozen\player1\lvl2.mcfunction", "mcfunction", 0, 0, 1, 2, 1, 4
"c:\Users\FlowUP\Documents\GitHub\Magic\datapacks\Magic_FR\data\spells\function\spellsystem\spell3\spell3_a\get_frozen\player1\lvl3.mcfunction", "mcfunction", 0, 0, 1, 2, 1, 4
"c:\Users\FlowUP\Documents\GitHub\Magic\datapacks\Magic_FR\data\spells\function\spellsystem\spell3\spell3_a\get_frozen\player1\test_lvl.mcfunction", "mcfunction", 0, 0, 3, 2, 1, 6
"c:\Users\FlowUP\Documents\GitHub\Magic\datapacks\Magic_FR\data\spells\function\spellsystem\spell3\spell3_a\get_frozen\player2\lvl1.mcfunction", "mcfunction", 0, 0, 1, 2, 1, 4
"c:\Users\FlowUP\Documents\GitHub\Magic\datapacks\Magic_FR\data\spells\function\spellsystem\spell3\spell3_a\get_frozen\player2\lvl2.mcfunction", "mcfunction", 0, 0, 1, 2, 1, 4
"c:\Users\FlowUP\Documents\GitHub\Magic\datapacks\Magic_FR\data\spells\function\spellsystem\spell3\spell3_a\get_frozen\player2\lvl3.mcfunction", "mcfunction", 0, 0, 1, 2, 1, 4
"c:\Users\FlowUP\Documents\GitHub\Magic\datapacks\Magic_FR\data\spells\function\spellsystem\spell3\spell3_a\get_frozen\player2\test_lvl.mcfunction", "mcfunction", 0, 0, 3, 2, 1, 6
"c:\Users\FlowUP\Documents\GitHub\Magic\datapacks\Magic_FR\data\spells\function\spellsystem\spell3\spell3_a\get_frozen\player3\lvl1.mcfunction", "mcfunction", 0, 0, 1, 2, 1, 4
"c:\Users\FlowUP\Documents\GitHub\Magic\datapacks\Magic_FR\data\spells\function\spellsystem\spell3\spell3_a\get_frozen\player3\lvl2.mcfunction", "mcfunction", 0, 0, 1, 2, 1, 4
"c:\Users\FlowUP\Documents\GitHub\Magic\datapacks\Magic_FR\data\spells\function\spellsystem\spell3\spell3_a\get_frozen\player3\lvl3.mcfunction", "mcfunction", 0, 0, 1, 2, 1, 4
"c:\Users\FlowUP\Documents\GitHub\Magic\datapacks\Magic_FR\data\spells\function\spellsystem\spell3\spell3_a\get_frozen\player3\test_lvl.mcfunction", "mcfunction", 0, 0, 3, 2, 1, 6
"c:\Users\FlowUP\Documents\GitHub\Magic\datapacks\Magic_FR\data\spells\function\spellsystem\spell3\spell3_a\get_frozen\player4\lvl1.mcfunction", "mcfunction", 0, 0, 1, 2, 1, 4
"c:\Users\FlowUP\Documents\GitHub\Magic\datapacks\Magic_FR\data\spells\function\spellsystem\spell3\spell3_a\get_frozen\player4\lvl2.mcfunction", "mcfunction", 0, 0, 1, 2, 1, 4
"c:\Users\FlowUP\Documents\GitHub\Magic\datapacks\Magic_FR\data\spells\function\spellsystem\spell3\spell3_a\get_frozen\player4\lvl3.mcfunction", "mcfunction", 0, 0, 1, 2, 1, 4
"c:\Users\FlowUP\Documents\GitHub\Magic\datapacks\Magic_FR\data\spells\function\spellsystem\spell3\spell3_a\get_frozen\player4\test_lvl.mcfunction", "mcfunction", 0, 0, 3, 2, 1, 6
"c:\Users\FlowUP\Documents\GitHub\Magic\datapacks\Magic_FR\data\spells\function\spellsystem\spell3\spell3_a\get_frozen\player5\lvl1.mcfunction", "mcfunction", 0, 0, 1, 2, 1, 4
"c:\Users\FlowUP\Documents\GitHub\Magic\datapacks\Magic_FR\data\spells\function\spellsystem\spell3\spell3_a\get_frozen\player5\lvl2.mcfunction", "mcfunction", 0, 0, 1, 2, 1, 4
"c:\Users\FlowUP\Documents\GitHub\Magic\datapacks\Magic_FR\data\spells\function\spellsystem\spell3\spell3_a\get_frozen\player5\lvl3.mcfunction", "mcfunction", 0, 0, 1, 2, 1, 4
"c:\Users\FlowUP\Documents\GitHub\Magic\datapacks\Magic_FR\data\spells\function\spellsystem\spell3\spell3_a\get_frozen\player5\test_lvl.mcfunction", "mcfunction", 0, 0, 3, 2, 1, 6
"c:\Users\FlowUP\Documents\GitHub\Magic\datapacks\Magic_FR\data\spells\function\spellsystem\spell3\spell3_a\get_frozen\player6\lvl1.mcfunction", "mcfunction", 0, 0, 1, 2, 1, 4
"c:\Users\FlowUP\Documents\GitHub\Magic\datapacks\Magic_FR\data\spells\function\spellsystem\spell3\spell3_a\get_frozen\player6\lvl2.mcfunction", "mcfunction", 0, 0, 1, 2, 1, 4
"c:\Users\FlowUP\Documents\GitHub\Magic\datapacks\Magic_FR\data\spells\function\spellsystem\spell3\spell3_a\get_frozen\player6\lvl3.mcfunction", "mcfunction", 0, 0, 1, 2, 1, 4
"c:\Users\FlowUP\Documents\GitHub\Magic\datapacks\Magic_FR\data\spells\function\spellsystem\spell3\spell3_a\get_frozen\player6\test_lvl.mcfunction", "mcfunction", 0, 0, 3, 2, 1, 6
"c:\Users\FlowUP\Documents\GitHub\Magic\datapacks\Magic_FR\data\spells\function\spellsystem\spell3\spell3_a\get_frozen\player7\lvl1.mcfunction", "mcfunction", 0, 0, 1, 2, 1, 4
"c:\Users\FlowUP\Documents\GitHub\Magic\datapacks\Magic_FR\data\spells\function\spellsystem\spell3\spell3_a\get_frozen\player7\lvl2.mcfunction", "mcfunction", 0, 0, 1, 2, 1, 4
"c:\Users\FlowUP\Documents\GitHub\Magic\datapacks\Magic_FR\data\spells\function\spellsystem\spell3\spell3_a\get_frozen\player7\lvl3.mcfunction", "mcfunction", 0, 0, 1, 2, 1, 4
"c:\Users\FlowUP\Documents\GitHub\Magic\datapacks\Magic_FR\data\spells\function\spellsystem\spell3\spell3_a\get_frozen\player7\test_lvl.mcfunction", "mcfunction", 0, 0, 3, 2, 1, 6
"c:\Users\FlowUP\Documents\GitHub\Magic\datapacks\Magic_FR\data\spells\function\spellsystem\spell3\spell3_a\get_frozen\player8\lvl1.mcfunction", "mcfunction", 0, 0, 1, 2, 1, 4
"c:\Users\FlowUP\Documents\GitHub\Magic\datapacks\Magic_FR\data\spells\function\spellsystem\spell3\spell3_a\get_frozen\player8\lvl2.mcfunction", "mcfunction", 0, 0, 1, 2, 1, 4
"c:\Users\FlowUP\Documents\GitHub\Magic\datapacks\Magic_FR\data\spells\function\spellsystem\spell3\spell3_a\get_frozen\player8\lvl3.mcfunction", "mcfunction", 0, 0, 1, 2, 1, 4
"c:\Users\FlowUP\Documents\GitHub\Magic\datapacks\Magic_FR\data\spells\function\spellsystem\spell3\spell3_a\get_frozen\player8\test_lvl.mcfunction", "mcfunction", 0, 0, 3, 2, 1, 6
"c:\Users\FlowUP\Documents\GitHub\Magic\datapacks\Magic_FR\data\spells\function\spellsystem\spell3\spell3_a\get_frozen\player9\lvl1.mcfunction", "mcfunction", 0, 0, 1, 2, 1, 4
"c:\Users\FlowUP\Documents\GitHub\Magic\datapacks\Magic_FR\data\spells\function\spellsystem\spell3\spell3_a\get_frozen\player9\lvl2.mcfunction", "mcfunction", 0, 0, 1, 2, 1, 4
"c:\Users\FlowUP\Documents\GitHub\Magic\datapacks\Magic_FR\data\spells\function\spellsystem\spell3\spell3_a\get_frozen\player9\lvl3.mcfunction", "mcfunction", 0, 0, 1, 2, 1, 4
"c:\Users\FlowUP\Documents\GitHub\Magic\datapacks\Magic_FR\data\spells\function\spellsystem\spell3\spell3_a\get_frozen\player9\test_lvl.mcfunction", "mcfunction", 0, 0, 3, 2, 1, 6
"c:\Users\FlowUP\Documents\GitHub\Magic\datapacks\Magic_FR\data\spells\function\spellsystem\spell3\spell3_a\get_frozen\test_player.mcfunction", "mcfunction", 0, 0, 12, 2, 1, 15
"c:\Users\FlowUP\Documents\GitHub\Magic\datapacks\Magic_FR\data\spells\function\spellsystem\spell3\spell3_a\get_frozen_lvl1.mcfunction", "mcfunction", 0, 0, 20, 10, 8, 38
"c:\Users\FlowUP\Documents\GitHub\Magic\datapacks\Magic_FR\data\spells\function\spellsystem\spell3\spell3_a\get_frozen_lvl2.mcfunction", "mcfunction", 0, 0, 20, 10, 8, 38
"c:\Users\FlowUP\Documents\GitHub\Magic\datapacks\Magic_FR\data\spells\function\spellsystem\spell3\spell3_a\get_frozen_lvl3.mcfunction", "mcfunction", 0, 0, 20, 10, 8, 38
"c:\Users\FlowUP\Documents\GitHub\Magic\datapacks\Magic_FR\data\spells\function\spellsystem\spell3\spell3_a\initialize_bossbar_lvl1\player1.mcfunction", "mcfunction", 0, 0, 3, 2, 1, 6
"c:\Users\FlowUP\Documents\GitHub\Magic\datapacks\Magic_FR\data\spells\function\spellsystem\spell3\spell3_a\initialize_bossbar_lvl1\player10.mcfunction", "mcfunction", 0, 0, 3, 2, 1, 6
"c:\Users\FlowUP\Documents\GitHub\Magic\datapacks\Magic_FR\data\spells\function\spellsystem\spell3\spell3_a\initialize_bossbar_lvl1\player11.mcfunction", "mcfunction", 0, 0, 3, 2, 1, 6
"c:\Users\FlowUP\Documents\GitHub\Magic\datapacks\Magic_FR\data\spells\function\spellsystem\spell3\spell3_a\initialize_bossbar_lvl1\player12.mcfunction", "mcfunction", 0, 0, 3, 2, 1, 6
"c:\Users\FlowUP\Documents\GitHub\Magic\datapacks\Magic_FR\data\spells\function\spellsystem\spell3\spell3_a\initialize_bossbar_lvl1\player2.mcfunction", "mcfunction", 0, 0, 3, 2, 1, 6
"c:\Users\FlowUP\Documents\GitHub\Magic\datapacks\Magic_FR\data\spells\function\spellsystem\spell3\spell3_a\initialize_bossbar_lvl1\player3.mcfunction", "mcfunction", 0, 0, 3, 2, 1, 6
"c:\Users\FlowUP\Documents\GitHub\Magic\datapacks\Magic_FR\data\spells\function\spellsystem\spell3\spell3_a\initialize_bossbar_lvl1\player4.mcfunction", "mcfunction", 0, 0, 3, 2, 1, 6
"c:\Users\FlowUP\Documents\GitHub\Magic\datapacks\Magic_FR\data\spells\function\spellsystem\spell3\spell3_a\initialize_bossbar_lvl1\player5.mcfunction", "mcfunction", 0, 0, 3, 2, 1, 6
"c:\Users\FlowUP\Documents\GitHub\Magic\datapacks\Magic_FR\data\spells\function\spellsystem\spell3\spell3_a\initialize_bossbar_lvl1\player6.mcfunction", "mcfunction", 0, 0, 3, 2, 1, 6
"c:\Users\FlowUP\Documents\GitHub\Magic\datapacks\Magic_FR\data\spells\function\spellsystem\spell3\spell3_a\initialize_bossbar_lvl1\player7.mcfunction", "mcfunction", 0, 0, 3, 2, 1, 6
"c:\Users\FlowUP\Documents\GitHub\Magic\datapacks\Magic_FR\data\spells\function\spellsystem\spell3\spell3_a\initialize_bossbar_lvl1\player8.mcfunction", "mcfunction", 0, 0, 3, 2, 1, 6
"c:\Users\FlowUP\Documents\GitHub\Magic\datapacks\Magic_FR\data\spells\function\spellsystem\spell3\spell3_a\initialize_bossbar_lvl1\player9.mcfunction", "mcfunction", 0, 0, 3, 2, 1, 6
"c:\Users\FlowUP\Documents\GitHub\Magic\datapacks\Magic_FR\data\spells\function\spellsystem\spell3\spell3_a\initialize_bossbar_lvl2\player1.mcfunction", "mcfunction", 0, 0, 3, 2, 1, 6
"c:\Users\FlowUP\Documents\GitHub\Magic\datapacks\Magic_FR\data\spells\function\spellsystem\spell3\spell3_a\initialize_bossbar_lvl2\player10.mcfunction", "mcfunction", 0, 0, 3, 2, 1, 6
"c:\Users\FlowUP\Documents\GitHub\Magic\datapacks\Magic_FR\data\spells\function\spellsystem\spell3\spell3_a\initialize_bossbar_lvl2\player11.mcfunction", "mcfunction", 0, 0, 3, 2, 1, 6
"c:\Users\FlowUP\Documents\GitHub\Magic\datapacks\Magic_FR\data\spells\function\spellsystem\spell3\spell3_a\initialize_bossbar_lvl2\player12.mcfunction", "mcfunction", 0, 0, 3, 2, 1, 6
"c:\Users\FlowUP\Documents\GitHub\Magic\datapacks\Magic_FR\data\spells\function\spellsystem\spell3\spell3_a\initialize_bossbar_lvl2\player2.mcfunction", "mcfunction", 0, 0, 3, 2, 1, 6
"c:\Users\FlowUP\Documents\GitHub\Magic\datapacks\Magic_FR\data\spells\function\spellsystem\spell3\spell3_a\initialize_bossbar_lvl2\player3.mcfunction", "mcfunction", 0, 0, 3, 2, 1, 6
"c:\Users\FlowUP\Documents\GitHub\Magic\datapacks\Magic_FR\data\spells\function\spellsystem\spell3\spell3_a\initialize_bossbar_lvl2\player4.mcfunction", "mcfunction", 0, 0, 3, 2, 1, 6
"c:\Users\FlowUP\Documents\GitHub\Magic\datapacks\Magic_FR\data\spells\function\spellsystem\spell3\spell3_a\initialize_bossbar_lvl2\player5.mcfunction", "mcfunction", 0, 0, 3, 2, 1, 6
"c:\Users\FlowUP\Documents\GitHub\Magic\datapacks\Magic_FR\data\spells\function\spellsystem\spell3\spell3_a\initialize_bossbar_lvl2\player6.mcfunction", "mcfunction", 0, 0, 3, 2, 1, 6
"c:\Users\FlowUP\Documents\GitHub\Magic\datapacks\Magic_FR\data\spells\function\spellsystem\spell3\spell3_a\initialize_bossbar_lvl2\player7.mcfunction", "mcfunction", 0, 0, 3, 2, 1, 6
"c:\Users\FlowUP\Documents\GitHub\Magic\datapacks\Magic_FR\data\spells\function\spellsystem\spell3\spell3_a\initialize_bossbar_lvl2\player8.mcfunction", "mcfunction", 0, 0, 3, 2, 1, 6
"c:\Users\FlowUP\Documents\GitHub\Magic\datapacks\Magic_FR\data\spells\function\spellsystem\spell3\spell3_a\initialize_bossbar_lvl2\player9.mcfunction", "mcfunction", 0, 0, 3, 2, 1, 6
"c:\Users\FlowUP\Documents\GitHub\Magic\datapacks\Magic_FR\data\spells\function\spellsystem\spell3\spell3_a\initialize_bossbar_lvl3\player1.mcfunction", "mcfunction", 0, 0, 3, 2, 1, 6
"c:\Users\FlowUP\Documents\GitHub\Magic\datapacks\Magic_FR\data\spells\function\spellsystem\spell3\spell3_a\initialize_bossbar_lvl3\player10.mcfunction", "mcfunction", 0, 0, 3, 2, 1, 6
"c:\Users\FlowUP\Documents\GitHub\Magic\datapacks\Magic_FR\data\spells\function\spellsystem\spell3\spell3_a\initialize_bossbar_lvl3\player11.mcfunction", "mcfunction", 0, 0, 3, 2, 1, 6
"c:\Users\FlowUP\Documents\GitHub\Magic\datapacks\Magic_FR\data\spells\function\spellsystem\spell3\spell3_a\initialize_bossbar_lvl3\player12.mcfunction", "mcfunction", 0, 0, 3, 2, 1, 6
"c:\Users\FlowUP\Documents\GitHub\Magic\datapacks\Magic_FR\data\spells\function\spellsystem\spell3\spell3_a\initialize_bossbar_lvl3\player2.mcfunction", "mcfunction", 0, 0, 3, 2, 1, 6
"c:\Users\FlowUP\Documents\GitHub\Magic\datapacks\Magic_FR\data\spells\function\spellsystem\spell3\spell3_a\initialize_bossbar_lvl3\player3.mcfunction", "mcfunction", 0, 0, 3, 2, 1, 6
"c:\Users\FlowUP\Documents\GitHub\Magic\datapacks\Magic_FR\data\spells\function\spellsystem\spell3\spell3_a\initialize_bossbar_lvl3\player4.mcfunction", "mcfunction", 0, 0, 3, 2, 1, 6
"c:\Users\FlowUP\Documents\GitHub\Magic\datapacks\Magic_FR\data\spells\function\spellsystem\spell3\spell3_a\initialize_bossbar_lvl3\player5.mcfunction", "mcfunction", 0, 0, 3, 2, 1, 6
"c:\Users\FlowUP\Documents\GitHub\Magic\datapacks\Magic_FR\data\spells\function\spellsystem\spell3\spell3_a\initialize_bossbar_lvl3\player6.mcfunction", "mcfunction", 0, 0, 3, 2, 1, 6
"c:\Users\FlowUP\Documents\GitHub\Magic\datapacks\Magic_FR\data\spells\function\spellsystem\spell3\spell3_a\initialize_bossbar_lvl3\player7.mcfunction", "mcfunction", 0, 0, 3, 2, 1, 6
"c:\Users\FlowUP\Documents\GitHub\Magic\datapacks\Magic_FR\data\spells\function\spellsystem\spell3\spell3_a\initialize_bossbar_lvl3\player8.mcfunction", "mcfunction", 0, 0, 3, 2, 1, 6
"c:\Users\FlowUP\Documents\GitHub\Magic\datapacks\Magic_FR\data\spells\function\spellsystem\spell3\spell3_a\initialize_bossbar_lvl3\player9.mcfunction", "mcfunction", 0, 0, 3, 2, 1, 6
"c:\Users\FlowUP\Documents\GitHub\Magic\datapacks\Magic_FR\data\spells\function\spellsystem\spell3\spell3_a\refresh_bossbar.mcfunction", "mcfunction", 0, 0, 12, 2, 1, 15
"c:\Users\FlowUP\Documents\GitHub\Magic\datapacks\Magic_FR\data\spells\function\spellsystem\spell3\spell3_a\stop_freeze.mcfunction", "mcfunction", 0, 0, 15, 6, 4, 25
"c:\Users\FlowUP\Documents\GitHub\Magic\datapacks\Magic_FR\data\spells\function\spellsystem\spell3\spell3_a\usedfreezearrow_a.mcfunction", "mcfunction", 0, 0, 21, 2, 6, 29
"c:\Users\FlowUP\Documents\GitHub\Magic\datapacks\Magic_FR\data\spells\function\spellsystem\spell3\spell3_m\can_not_teleport.mcfunction", "mcfunction", 0, 0, 29, 4, 5, 38
"c:\Users\FlowUP\Documents\GitHub\Magic\datapacks\Magic_FR\data\spells\function\spellsystem\spell3\spell3_m\can_teleport.mcfunction", "mcfunction", 0, 0, 2, 2, 1, 5
"c:\Users\FlowUP\Documents\GitHub\Magic\datapacks\Magic_FR\data\spells\function\spellsystem\spell3\spell3_m\check_good_tp.mcfunction", "mcfunction", 0, 0, 2, 1, 1, 4
"c:\Users\FlowUP\Documents\GitHub\Magic\datapacks\Magic_FR\data\spells\function\spellsystem\spell3\spell3_m\show_can_tp.mcfunction", "mcfunction", 0, 0, 3, 2, 1, 6
"c:\Users\FlowUP\Documents\GitHub\Magic\datapacks\Magic_FR\data\spells\function\spellsystem\spell3\spell3_m\teleport.mcfunction", "mcfunction", 0, 0, 15, 4, 7, 26
"c:\Users\FlowUP\Documents\GitHub\Magic\datapacks\Magic_FR\data\spells\function\spellsystem\spell3\spell3_m\trail.mcfunction", "mcfunction", 0, 0, 5, 1, 2, 8
"c:\Users\FlowUP\Documents\GitHub\Magic\datapacks\Magic_FR\data\spells\function\spellsystem\spell3\spell3_r\enter_smoke.mcfunction", "mcfunction", 0, 0, 2, 1, 1, 4
"c:\Users\FlowUP\Documents\GitHub\Magic\datapacks\Magic_FR\data\spells\function\spellsystem\spell3\spell3_r\launchpotion\player1.mcfunction", "mcfunction", 0, 0, 6, 4, 7, 17
"c:\Users\FlowUP\Documents\GitHub\Magic\datapacks\Magic_FR\data\spells\function\spellsystem\spell3\spell3_r\launchpotion\player10.mcfunction", "mcfunction", 0, 0, 6, 4, 7, 17
"c:\Users\FlowUP\Documents\GitHub\Magic\datapacks\Magic_FR\data\spells\function\spellsystem\spell3\spell3_r\launchpotion\player11.mcfunction", "mcfunction", 0, 0, 6, 4, 7, 17
"c:\Users\FlowUP\Documents\GitHub\Magic\datapacks\Magic_FR\data\spells\function\spellsystem\spell3\spell3_r\launchpotion\player12.mcfunction", "mcfunction", 0, 0, 6, 4, 7, 17
"c:\Users\FlowUP\Documents\GitHub\Magic\datapacks\Magic_FR\data\spells\function\spellsystem\spell3\spell3_r\launchpotion\player2.mcfunction", "mcfunction", 0, 0, 6, 4, 7, 17
"c:\Users\FlowUP\Documents\GitHub\Magic\datapacks\Magic_FR\data\spells\function\spellsystem\spell3\spell3_r\launchpotion\player3.mcfunction", "mcfunction", 0, 0, 6, 4, 7, 17
"c:\Users\FlowUP\Documents\GitHub\Magic\datapacks\Magic_FR\data\spells\function\spellsystem\spell3\spell3_r\launchpotion\player4.mcfunction", "mcfunction", 0, 0, 6, 4, 7, 17
"c:\Users\FlowUP\Documents\GitHub\Magic\datapacks\Magic_FR\data\spells\function\spellsystem\spell3\spell3_r\launchpotion\player5.mcfunction", "mcfunction", 0, 0, 6, 4, 7, 17
"c:\Users\FlowUP\Documents\GitHub\Magic\datapacks\Magic_FR\data\spells\function\spellsystem\spell3\spell3_r\launchpotion\player6.mcfunction", "mcfunction", 0, 0, 6, 4, 7, 17
"c:\Users\FlowUP\Documents\GitHub\Magic\datapacks\Magic_FR\data\spells\function\spellsystem\spell3\spell3_r\launchpotion\player7.mcfunction", "mcfunction", 0, 0, 6, 4, 7, 17
"c:\Users\FlowUP\Documents\GitHub\Magic\datapacks\Magic_FR\data\spells\function\spellsystem\spell3\spell3_r\launchpotion\player8.mcfunction", "mcfunction", 0, 0, 6, 4, 7, 17
"c:\Users\FlowUP\Documents\GitHub\Magic\datapacks\Magic_FR\data\spells\function\spellsystem\spell3\spell3_r\launchpotion\player9.mcfunction", "mcfunction", 0, 0, 6, 4, 7, 17
"c:\Users\FlowUP\Documents\GitHub\Magic\datapacks\Magic_FR\data\spells\function\spellsystem\spell3\spell3_r\leave_smoke.mcfunction", "mcfunction", 0, 0, 2, 1, 1, 4
"c:\Users\FlowUP\Documents\GitHub\Magic\datapacks\Magic_FR\data\spells\function\spellsystem\spell3\spell3_r\refresh_bossbar.mcfunction", "mcfunction", 0, 0, 14, 3, 5, 22
"c:\Users\FlowUP\Documents\GitHub\Magic\datapacks\Magic_FR\data\spells\function\spellsystem\spell3\spell3_r\summon_system\player10\determine_when_summon.mcfunction", "mcfunction", 0, 0, 2, 1, 0, 3
"c:\Users\FlowUP\Documents\GitHub\Magic\datapacks\Magic_FR\data\spells\function\spellsystem\spell3\spell3_r\summon_system\player10\smoke_potion.mcfunction", "mcfunction", 0, 0, 2, 2, 1, 5
"c:\Users\FlowUP\Documents\GitHub\Magic\datapacks\Magic_FR\data\spells\function\spellsystem\spell3\spell3_r\summon_system\player10\summon.mcfunction", "mcfunction", 0, 0, 8, 3, 3, 14
"c:\Users\FlowUP\Documents\GitHub\Magic\datapacks\Magic_FR\data\spells\function\spellsystem\spell3\spell3_r\summon_system\player11\determine_when_summon.mcfunction", "mcfunction", 0, 0, 2, 1, 0, 3
"c:\Users\FlowUP\Documents\GitHub\Magic\datapacks\Magic_FR\data\spells\function\spellsystem\spell3\spell3_r\summon_system\player11\smoke_potion.mcfunction", "mcfunction", 0, 0, 2, 2, 1, 5
"c:\Users\FlowUP\Documents\GitHub\Magic\datapacks\Magic_FR\data\spells\function\spellsystem\spell3\spell3_r\summon_system\player11\summon.mcfunction", "mcfunction", 0, 0, 8, 3, 3, 14
"c:\Users\FlowUP\Documents\GitHub\Magic\datapacks\Magic_FR\data\spells\function\spellsystem\spell3\spell3_r\summon_system\player12\determine_when_summon.mcfunction", "mcfunction", 0, 0, 2, 1, 0, 3
"c:\Users\FlowUP\Documents\GitHub\Magic\datapacks\Magic_FR\data\spells\function\spellsystem\spell3\spell3_r\summon_system\player12\smoke_potion.mcfunction", "mcfunction", 0, 0, 2, 2, 1, 5
"c:\Users\FlowUP\Documents\GitHub\Magic\datapacks\Magic_FR\data\spells\function\spellsystem\spell3\spell3_r\summon_system\player12\summon.mcfunction", "mcfunction", 0, 0, 8, 3, 3, 14
"c:\Users\FlowUP\Documents\GitHub\Magic\datapacks\Magic_FR\data\spells\function\spellsystem\spell3\spell3_r\summon_system\player1\determine_when_summon.mcfunction", "mcfunction", 0, 0, 2, 1, 0, 3
"c:\Users\FlowUP\Documents\GitHub\Magic\datapacks\Magic_FR\data\spells\function\spellsystem\spell3\spell3_r\summon_system\player1\smoke_potion.mcfunction", "mcfunction", 0, 0, 2, 2, 0, 4
"c:\Users\FlowUP\Documents\GitHub\Magic\datapacks\Magic_FR\data\spells\function\spellsystem\spell3\spell3_r\summon_system\player1\summon.mcfunction", "mcfunction", 0, 0, 8, 3, 4, 15
"c:\Users\FlowUP\Documents\GitHub\Magic\datapacks\Magic_FR\data\spells\function\spellsystem\spell3\spell3_r\summon_system\player2\determine_when_summon.mcfunction", "mcfunction", 0, 0, 2, 1, 0, 3
"c:\Users\FlowUP\Documents\GitHub\Magic\datapacks\Magic_FR\data\spells\function\spellsystem\spell3\spell3_r\summon_system\player2\smoke_potion.mcfunction", "mcfunction", 0, 0, 2, 2, 1, 5
"c:\Users\FlowUP\Documents\GitHub\Magic\datapacks\Magic_FR\data\spells\function\spellsystem\spell3\spell3_r\summon_system\player2\summon.mcfunction", "mcfunction", 0, 0, 8, 3, 3, 14
"c:\Users\FlowUP\Documents\GitHub\Magic\datapacks\Magic_FR\data\spells\function\spellsystem\spell3\spell3_r\summon_system\player3\determine_when_summon.mcfunction", "mcfunction", 0, 0, 2, 1, 0, 3
"c:\Users\FlowUP\Documents\GitHub\Magic\datapacks\Magic_FR\data\spells\function\spellsystem\spell3\spell3_r\summon_system\player3\smoke_potion.mcfunction", "mcfunction", 0, 0, 2, 2, 1, 5
"c:\Users\FlowUP\Documents\GitHub\Magic\datapacks\Magic_FR\data\spells\function\spellsystem\spell3\spell3_r\summon_system\player3\summon.mcfunction", "mcfunction", 0, 0, 8, 3, 3, 14
"c:\Users\FlowUP\Documents\GitHub\Magic\datapacks\Magic_FR\data\spells\function\spellsystem\spell3\spell3_r\summon_system\player4\determine_when_summon.mcfunction", "mcfunction", 0, 0, 2, 1, 0, 3
"c:\Users\FlowUP\Documents\GitHub\Magic\datapacks\Magic_FR\data\spells\function\spellsystem\spell3\spell3_r\summon_system\player4\smoke_potion.mcfunction", "mcfunction", 0, 0, 2, 2, 1, 5
"c:\Users\FlowUP\Documents\GitHub\Magic\datapacks\Magic_FR\data\spells\function\spellsystem\spell3\spell3_r\summon_system\player4\summon.mcfunction", "mcfunction", 0, 0, 8, 3, 3, 14
"c:\Users\FlowUP\Documents\GitHub\Magic\datapacks\Magic_FR\data\spells\function\spellsystem\spell3\spell3_r\summon_system\player5\determine_when_summon.mcfunction", "mcfunction", 0, 0, 2, 1, 0, 3
"c:\Users\FlowUP\Documents\GitHub\Magic\datapacks\Magic_FR\data\spells\function\spellsystem\spell3\spell3_r\summon_system\player5\smoke_potion.mcfunction", "mcfunction", 0, 0, 2, 2, 1, 5
"c:\Users\FlowUP\Documents\GitHub\Magic\datapacks\Magic_FR\data\spells\function\spellsystem\spell3\spell3_r\summon_system\player5\summon.mcfunction", "mcfunction", 0, 0, 8, 3, 3, 14
"c:\Users\FlowUP\Documents\GitHub\Magic\datapacks\Magic_FR\data\spells\function\spellsystem\spell3\spell3_r\summon_system\player6\determine_when_summon.mcfunction", "mcfunction", 0, 0, 2, 1, 0, 3
"c:\Users\FlowUP\Documents\GitHub\Magic\datapacks\Magic_FR\data\spells\function\spellsystem\spell3\spell3_r\summon_system\player6\smoke_potion.mcfunction", "mcfunction", 0, 0, 2, 2, 1, 5
"c:\Users\FlowUP\Documents\GitHub\Magic\datapacks\Magic_FR\data\spells\function\spellsystem\spell3\spell3_r\summon_system\player6\summon.mcfunction", "mcfunction", 0, 0, 8, 3, 3, 14
"c:\Users\FlowUP\Documents\GitHub\Magic\datapacks\Magic_FR\data\spells\function\spellsystem\spell3\spell3_r\summon_system\player7\determine_when_summon.mcfunction", "mcfunction", 0, 0, 2, 1, 0, 3
"c:\Users\FlowUP\Documents\GitHub\Magic\datapacks\Magic_FR\data\spells\function\spellsystem\spell3\spell3_r\summon_system\player7\smoke_potion.mcfunction", "mcfunction", 0, 0, 2, 2, 1, 5
"c:\Users\FlowUP\Documents\GitHub\Magic\datapacks\Magic_FR\data\spells\function\spellsystem\spell3\spell3_r\summon_system\player7\summon.mcfunction", "mcfunction", 0, 0, 8, 3, 3, 14
"c:\Users\FlowUP\Documents\GitHub\Magic\datapacks\Magic_FR\data\spells\function\spellsystem\spell3\spell3_r\summon_system\player8\determine_when_summon.mcfunction", "mcfunction", 0, 0, 2, 1, 0, 3
"c:\Users\FlowUP\Documents\GitHub\Magic\datapacks\Magic_FR\data\spells\function\spellsystem\spell3\spell3_r\summon_system\player8\smoke_potion.mcfunction", "mcfunction", 0, 0, 2, 2, 1, 5
"c:\Users\FlowUP\Documents\GitHub\Magic\datapacks\Magic_FR\data\spells\function\spellsystem\spell3\spell3_r\summon_system\player8\summon.mcfunction", "mcfunction", 0, 0, 8, 3, 3, 14
"c:\Users\FlowUP\Documents\GitHub\Magic\datapacks\Magic_FR\data\spells\function\spellsystem\spell3\spell3_r\summon_system\player9\determine_when_summon.mcfunction", "mcfunction", 0, 0, 2, 1, 0, 3
"c:\Users\FlowUP\Documents\GitHub\Magic\datapacks\Magic_FR\data\spells\function\spellsystem\spell3\spell3_r\summon_system\player9\smoke_potion.mcfunction", "mcfunction", 0, 0, 2, 2, 1, 5
"c:\Users\FlowUP\Documents\GitHub\Magic\datapacks\Magic_FR\data\spells\function\spellsystem\spell3\spell3_r\summon_system\player9\summon.mcfunction", "mcfunction", 0, 0, 8, 3, 3, 14
"c:\Users\FlowUP\Documents\GitHub\Magic\datapacks\Magic_FR\data\spells\function\spellsystem\spell3\spell3_r\summon_system\testplayer.mcfunction", "mcfunction", 0, 0, 12, 2, 2, 16
"c:\Users\FlowUP\Documents\GitHub\Magic\datapacks\Magic_FR\data\spells\function\spellsystem\spell3\spell3_r\timer_over.mcfunction", "mcfunction", 0, 0, 17, 2, 4, 23
"c:\Users\FlowUP\Documents\GitHub\Magic\datapacks\Magic_FR\data\spells\function\spellsystem\spell3\spell3_w\hook\apply_dmg.mcfunction", "mcfunction", 0, 0, 14, 4, 3, 21
"c:\Users\FlowUP\Documents\GitHub\Magic\datapacks\Magic_FR\data\spells\function\spellsystem\spell3\spell3_w\hook\bossbar\no_more_stun.mcfunction", "mcfunction", 0, 0, 30, 8, 8, 46
"c:\Users\FlowUP\Documents\GitHub\Magic\datapacks\Magic_FR\data\spells\function\spellsystem\spell3\spell3_w\hook\bossbar\refresh_bossbar_hooked.mcfunction", "mcfunction", 0, 0, 13, 3, 1, 17
"c:\Users\FlowUP\Documents\GitHub\Magic\datapacks\Magic_FR\data\spells\function\spellsystem\spell3\spell3_w\hook\bossbar\refresh_bossbar_hooker.mcfunction", "mcfunction", 0, 0, 13, 3, 1, 17
"c:\Users\FlowUP\Documents\GitHub\Magic\datapacks\Magic_FR\data\spells\function\spellsystem\spell3\spell3_w\hook\extand_hook\rotate_hook\extand_schedule\player1.mcfunction", "mcfunction", 0, 0, 5, 7, 5, 17
"c:\Users\FlowUP\Documents\GitHub\Magic\datapacks\Magic_FR\data\spells\function\spellsystem\spell3\spell3_w\hook\extand_hook\rotate_hook\extand_schedule\player10.mcfunction", "mcfunction", 0, 0, 5, 7, 5, 17
"c:\Users\FlowUP\Documents\GitHub\Magic\datapacks\Magic_FR\data\spells\function\spellsystem\spell3\spell3_w\hook\extand_hook\rotate_hook\extand_schedule\player10_schedule.mcfunction", "mcfunction", 0, 0, 1, 2, 2, 5
"c:\Users\FlowUP\Documents\GitHub\Magic\datapacks\Magic_FR\data\spells\function\spellsystem\spell3\spell3_w\hook\extand_hook\rotate_hook\extand_schedule\player11.mcfunction", "mcfunction", 0, 0, 5, 7, 5, 17
"c:\Users\FlowUP\Documents\GitHub\Magic\datapacks\Magic_FR\data\spells\function\spellsystem\spell3\spell3_w\hook\extand_hook\rotate_hook\extand_schedule\player11_schedule.mcfunction", "mcfunction", 0, 0, 1, 2, 2, 5
"c:\Users\FlowUP\Documents\GitHub\Magic\datapacks\Magic_FR\data\spells\function\spellsystem\spell3\spell3_w\hook\extand_hook\rotate_hook\extand_schedule\player12.mcfunction", "mcfunction", 0, 0, 5, 7, 5, 17
"c:\Users\FlowUP\Documents\GitHub\Magic\datapacks\Magic_FR\data\spells\function\spellsystem\spell3\spell3_w\hook\extand_hook\rotate_hook\extand_schedule\player12_schedule.mcfunction", "mcfunction", 0, 0, 1, 2, 2, 5
"c:\Users\FlowUP\Documents\GitHub\Magic\datapacks\Magic_FR\data\spells\function\spellsystem\spell3\spell3_w\hook\extand_hook\rotate_hook\extand_schedule\player1_schedule.mcfunction", "mcfunction", 0, 0, 1, 2, 2, 5
"c:\Users\FlowUP\Documents\GitHub\Magic\datapacks\Magic_FR\data\spells\function\spellsystem\spell3\spell3_w\hook\extand_hook\rotate_hook\extand_schedule\player2.mcfunction", "mcfunction", 0, 0, 5, 7, 5, 17
"c:\Users\FlowUP\Documents\GitHub\Magic\datapacks\Magic_FR\data\spells\function\spellsystem\spell3\spell3_w\hook\extand_hook\rotate_hook\extand_schedule\player2_schedule.mcfunction", "mcfunction", 0, 0, 1, 2, 2, 5
"c:\Users\FlowUP\Documents\GitHub\Magic\datapacks\Magic_FR\data\spells\function\spellsystem\spell3\spell3_w\hook\extand_hook\rotate_hook\extand_schedule\player3.mcfunction", "mcfunction", 0, 0, 5, 7, 5, 17
"c:\Users\FlowUP\Documents\GitHub\Magic\datapacks\Magic_FR\data\spells\function\spellsystem\spell3\spell3_w\hook\extand_hook\rotate_hook\extand_schedule\player3_schedule.mcfunction", "mcfunction", 0, 0, 1, 2, 2, 5
"c:\Users\FlowUP\Documents\GitHub\Magic\datapacks\Magic_FR\data\spells\function\spellsystem\spell3\spell3_w\hook\extand_hook\rotate_hook\extand_schedule\player4.mcfunction", "mcfunction", 0, 0, 5, 7, 5, 17
"c:\Users\FlowUP\Documents\GitHub\Magic\datapacks\Magic_FR\data\spells\function\spellsystem\spell3\spell3_w\hook\extand_hook\rotate_hook\extand_schedule\player4_schedule.mcfunction", "mcfunction", 0, 0, 1, 2, 2, 5
"c:\Users\FlowUP\Documents\GitHub\Magic\datapacks\Magic_FR\data\spells\function\spellsystem\spell3\spell3_w\hook\extand_hook\rotate_hook\extand_schedule\player5.mcfunction", "mcfunction", 0, 0, 5, 7, 5, 17
"c:\Users\FlowUP\Documents\GitHub\Magic\datapacks\Magic_FR\data\spells\function\spellsystem\spell3\spell3_w\hook\extand_hook\rotate_hook\extand_schedule\player5_schedule.mcfunction", "mcfunction", 0, 0, 1, 2, 2, 5
"c:\Users\FlowUP\Documents\GitHub\Magic\datapacks\Magic_FR\data\spells\function\spellsystem\spell3\spell3_w\hook\extand_hook\rotate_hook\extand_schedule\player6.mcfunction", "mcfunction", 0, 0, 5, 7, 5, 17
"c:\Users\FlowUP\Documents\GitHub\Magic\datapacks\Magic_FR\data\spells\function\spellsystem\spell3\spell3_w\hook\extand_hook\rotate_hook\extand_schedule\player6_schedule.mcfunction", "mcfunction", 0, 0, 1, 2, 2, 5
"c:\Users\FlowUP\Documents\GitHub\Magic\datapacks\Magic_FR\data\spells\function\spellsystem\spell3\spell3_w\hook\extand_hook\rotate_hook\extand_schedule\player7.mcfunction", "mcfunction", 0, 0, 5, 7, 5, 17
"c:\Users\FlowUP\Documents\GitHub\Magic\datapacks\Magic_FR\data\spells\function\spellsystem\spell3\spell3_w\hook\extand_hook\rotate_hook\extand_schedule\player7_schedule.mcfunction", "mcfunction", 0, 0, 1, 2, 2, 5
"c:\Users\FlowUP\Documents\GitHub\Magic\datapacks\Magic_FR\data\spells\function\spellsystem\spell3\spell3_w\hook\extand_hook\rotate_hook\extand_schedule\player8.mcfunction", "mcfunction", 0, 0, 5, 7, 5, 17
"c:\Users\FlowUP\Documents\GitHub\Magic\datapacks\Magic_FR\data\spells\function\spellsystem\spell3\spell3_w\hook\extand_hook\rotate_hook\extand_schedule\player8_schedule.mcfunction", "mcfunction", 0, 0, 1, 2, 2, 5
"c:\Users\FlowUP\Documents\GitHub\Magic\datapacks\Magic_FR\data\spells\function\spellsystem\spell3\spell3_w\hook\extand_hook\rotate_hook\extand_schedule\player9.mcfunction", "mcfunction", 0, 0, 5, 7, 5, 17
"c:\Users\FlowUP\Documents\GitHub\Magic\datapacks\Magic_FR\data\spells\function\spellsystem\spell3\spell3_w\hook\extand_hook\rotate_hook\extand_schedule\player9_schedule.mcfunction", "mcfunction", 0, 0, 1, 2, 2, 5
"c:\Users\FlowUP\Documents\GitHub\Magic\datapacks\Magic_FR\data\spells\function\spellsystem\spell3\spell3_w\hook\extand_hook\rotate_hook\rotate_player1.mcfunction", "mcfunction", 0, 0, 7, 8, 6, 21
"c:\Users\FlowUP\Documents\GitHub\Magic\datapacks\Magic_FR\data\spells\function\spellsystem\spell3\spell3_w\hook\extand_hook\rotate_hook\rotate_player10.mcfunction", "mcfunction", 0, 0, 7, 8, 6, 21
"c:\Users\FlowUP\Documents\GitHub\Magic\datapacks\Magic_FR\data\spells\function\spellsystem\spell3\spell3_w\hook\extand_hook\rotate_hook\rotate_player11.mcfunction", "mcfunction", 0, 0, 7, 8, 6, 21
"c:\Users\FlowUP\Documents\GitHub\Magic\datapacks\Magic_FR\data\spells\function\spellsystem\spell3\spell3_w\hook\extand_hook\rotate_hook\rotate_player12.mcfunction", "mcfunction", 0, 0, 7, 8, 6, 21
"c:\Users\FlowUP\Documents\GitHub\Magic\datapacks\Magic_FR\data\spells\function\spellsystem\spell3\spell3_w\hook\extand_hook\rotate_hook\rotate_player2.mcfunction", "mcfunction", 0, 0, 7, 8, 6, 21
"c:\Users\FlowUP\Documents\GitHub\Magic\datapacks\Magic_FR\data\spells\function\spellsystem\spell3\spell3_w\hook\extand_hook\rotate_hook\rotate_player3.mcfunction", "mcfunction", 0, 0, 7, 8, 6, 21
"c:\Users\FlowUP\Documents\GitHub\Magic\datapacks\Magic_FR\data\spells\function\spellsystem\spell3\spell3_w\hook\extand_hook\rotate_hook\rotate_player4.mcfunction", "mcfunction", 0, 0, 7, 8, 6, 21
"c:\Users\FlowUP\Documents\GitHub\Magic\datapacks\Magic_FR\data\spells\function\spellsystem\spell3\spell3_w\hook\extand_hook\rotate_hook\rotate_player5.mcfunction", "mcfunction", 0, 0, 7, 8, 6, 21
"c:\Users\FlowUP\Documents\GitHub\Magic\datapacks\Magic_FR\data\spells\function\spellsystem\spell3\spell3_w\hook\extand_hook\rotate_hook\rotate_player6.mcfunction", "mcfunction", 0, 0, 7, 8, 6, 21
"c:\Users\FlowUP\Documents\GitHub\Magic\datapacks\Magic_FR\data\spells\function\spellsystem\spell3\spell3_w\hook\extand_hook\rotate_hook\rotate_player7.mcfunction", "mcfunction", 0, 0, 7, 8, 6, 21
"c:\Users\FlowUP\Documents\GitHub\Magic\datapacks\Magic_FR\data\spells\function\spellsystem\spell3\spell3_w\hook\extand_hook\rotate_hook\rotate_player8.mcfunction", "mcfunction", 0, 0, 7, 8, 6, 21
"c:\Users\FlowUP\Documents\GitHub\Magic\datapacks\Magic_FR\data\spells\function\spellsystem\spell3\spell3_w\hook\extand_hook\rotate_hook\rotate_player9.mcfunction", "mcfunction", 0, 0, 7, 8, 6, 21
"c:\Users\FlowUP\Documents\GitHub\Magic\datapacks\Magic_FR\data\spells\function\spellsystem\spell3\spell3_w\hook\extand_hook\spawn_hook\player1.mcfunction", "mcfunction", 0, 0, 5, 7, 5, 17
"c:\Users\FlowUP\Documents\GitHub\Magic\datapacks\Magic_FR\data\spells\function\spellsystem\spell3\spell3_w\hook\extand_hook\spawn_hook\player10.mcfunction", "mcfunction", 0, 0, 5, 7, 5, 17
"c:\Users\FlowUP\Documents\GitHub\Magic\datapacks\Magic_FR\data\spells\function\spellsystem\spell3\spell3_w\hook\extand_hook\spawn_hook\player10_increase_lenght.mcfunction", "mcfunction", 0, 0, 2, 4, 1, 7
"c:\Users\FlowUP\Documents\GitHub\Magic\datapacks\Magic_FR\data\spells\function\spellsystem\spell3\spell3_w\hook\extand_hook\spawn_hook\player11.mcfunction", "mcfunction", 0, 0, 5, 7, 5, 17
"c:\Users\FlowUP\Documents\GitHub\Magic\datapacks\Magic_FR\data\spells\function\spellsystem\spell3\spell3_w\hook\extand_hook\spawn_hook\player11_increase_lenght.mcfunction", "mcfunction", 0, 0, 2, 4, 1, 7
"c:\Users\FlowUP\Documents\GitHub\Magic\datapacks\Magic_FR\data\spells\function\spellsystem\spell3\spell3_w\hook\extand_hook\spawn_hook\player12.mcfunction", "mcfunction", 0, 0, 5, 7, 5, 17
"c:\Users\FlowUP\Documents\GitHub\Magic\datapacks\Magic_FR\data\spells\function\spellsystem\spell3\spell3_w\hook\extand_hook\spawn_hook\player12_increase_lenght.mcfunction", "mcfunction", 0, 0, 2, 4, 1, 7
"c:\Users\FlowUP\Documents\GitHub\Magic\datapacks\Magic_FR\data\spells\function\spellsystem\spell3\spell3_w\hook\extand_hook\spawn_hook\player1_increase_lenght.mcfunction", "mcfunction", 0, 0, 2, 4, 1, 7
"c:\Users\FlowUP\Documents\GitHub\Magic\datapacks\Magic_FR\data\spells\function\spellsystem\spell3\spell3_w\hook\extand_hook\spawn_hook\player2.mcfunction", "mcfunction", 0, 0, 5, 7, 5, 17
"c:\Users\FlowUP\Documents\GitHub\Magic\datapacks\Magic_FR\data\spells\function\spellsystem\spell3\spell3_w\hook\extand_hook\spawn_hook\player2_increase_lenght.mcfunction", "mcfunction", 0, 0, 2, 4, 1, 7
"c:\Users\FlowUP\Documents\GitHub\Magic\datapacks\Magic_FR\data\spells\function\spellsystem\spell3\spell3_w\hook\extand_hook\spawn_hook\player3.mcfunction", "mcfunction", 0, 0, 5, 7, 5, 17
"c:\Users\FlowUP\Documents\GitHub\Magic\datapacks\Magic_FR\data\spells\function\spellsystem\spell3\spell3_w\hook\extand_hook\spawn_hook\player3_increase_lenght.mcfunction", "mcfunction", 0, 0, 2, 4, 1, 7
"c:\Users\FlowUP\Documents\GitHub\Magic\datapacks\Magic_FR\data\spells\function\spellsystem\spell3\spell3_w\hook\extand_hook\spawn_hook\player4.mcfunction", "mcfunction", 0, 0, 5, 7, 5, 17
"c:\Users\FlowUP\Documents\GitHub\Magic\datapacks\Magic_FR\data\spells\function\spellsystem\spell3\spell3_w\hook\extand_hook\spawn_hook\player4_increase_lenght.mcfunction", "mcfunction", 0, 0, 2, 4, 1, 7
"c:\Users\FlowUP\Documents\GitHub\Magic\datapacks\Magic_FR\data\spells\function\spellsystem\spell3\spell3_w\hook\extand_hook\spawn_hook\player5.mcfunction", "mcfunction", 0, 0, 5, 7, 5, 17
"c:\Users\FlowUP\Documents\GitHub\Magic\datapacks\Magic_FR\data\spells\function\spellsystem\spell3\spell3_w\hook\extand_hook\spawn_hook\player5_increase_lenght.mcfunction", "mcfunction", 0, 0, 2, 4, 1, 7
"c:\Users\FlowUP\Documents\GitHub\Magic\datapacks\Magic_FR\data\spells\function\spellsystem\spell3\spell3_w\hook\extand_hook\spawn_hook\player6.mcfunction", "mcfunction", 0, 0, 5, 7, 5, 17
"c:\Users\FlowUP\Documents\GitHub\Magic\datapacks\Magic_FR\data\spells\function\spellsystem\spell3\spell3_w\hook\extand_hook\spawn_hook\player6_increase_lenght.mcfunction", "mcfunction", 0, 0, 2, 4, 1, 7
"c:\Users\FlowUP\Documents\GitHub\Magic\datapacks\Magic_FR\data\spells\function\spellsystem\spell3\spell3_w\hook\extand_hook\spawn_hook\player7.mcfunction", "mcfunction", 0, 0, 5, 7, 5, 17
"c:\Users\FlowUP\Documents\GitHub\Magic\datapacks\Magic_FR\data\spells\function\spellsystem\spell3\spell3_w\hook\extand_hook\spawn_hook\player7_increase_lenght.mcfunction", "mcfunction", 0, 0, 2, 4, 1, 7
"c:\Users\FlowUP\Documents\GitHub\Magic\datapacks\Magic_FR\data\spells\function\spellsystem\spell3\spell3_w\hook\extand_hook\spawn_hook\player8.mcfunction", "mcfunction", 0, 0, 5, 7, 5, 17
"c:\Users\FlowUP\Documents\GitHub\Magic\datapacks\Magic_FR\data\spells\function\spellsystem\spell3\spell3_w\hook\extand_hook\spawn_hook\player8_increase_lenght.mcfunction", "mcfunction", 0, 0, 2, 4, 1, 7
"c:\Users\FlowUP\Documents\GitHub\Magic\datapacks\Magic_FR\data\spells\function\spellsystem\spell3\spell3_w\hook\extand_hook\spawn_hook\player9.mcfunction", "mcfunction", 0, 0, 5, 7, 5, 17
"c:\Users\FlowUP\Documents\GitHub\Magic\datapacks\Magic_FR\data\spells\function\spellsystem\spell3\spell3_w\hook\extand_hook\spawn_hook\player9_increase_lenght.mcfunction", "mcfunction", 0, 0, 2, 4, 1, 7
"c:\Users\FlowUP\Documents\GitHub\Magic\datapacks\Magic_FR\data\spells\function\spellsystem\spell3\spell3_w\hook\hook_player\effect_hooked_player.mcfunction", "mcfunction", 0, 0, 5, 5, 3, 13
"c:\Users\FlowUP\Documents\GitHub\Magic\datapacks\Magic_FR\data\spells\function\spellsystem\spell3\spell3_w\hook\hook_player\player1.mcfunction", "mcfunction", 0, 0, 12, 11, 9, 32
"c:\Users\FlowUP\Documents\GitHub\Magic\datapacks\Magic_FR\data\spells\function\spellsystem\spell3\spell3_w\hook\hook_player\player10.mcfunction", "mcfunction", 0, 0, 12, 11, 9, 32
"c:\Users\FlowUP\Documents\GitHub\Magic\datapacks\Magic_FR\data\spells\function\spellsystem\spell3\spell3_w\hook\hook_player\player11.mcfunction", "mcfunction", 0, 0, 12, 11, 9, 32
"c:\Users\FlowUP\Documents\GitHub\Magic\datapacks\Magic_FR\data\spells\function\spellsystem\spell3\spell3_w\hook\hook_player\player12.mcfunction", "mcfunction", 0, 0, 12, 11, 9, 32
"c:\Users\FlowUP\Documents\GitHub\Magic\datapacks\Magic_FR\data\spells\function\spellsystem\spell3\spell3_w\hook\hook_player\player2.mcfunction", "mcfunction", 0, 0, 12, 11, 9, 32
"c:\Users\FlowUP\Documents\GitHub\Magic\datapacks\Magic_FR\data\spells\function\spellsystem\spell3\spell3_w\hook\hook_player\player3.mcfunction", "mcfunction", 0, 0, 12, 11, 9, 32
"c:\Users\FlowUP\Documents\GitHub\Magic\datapacks\Magic_FR\data\spells\function\spellsystem\spell3\spell3_w\hook\hook_player\player4.mcfunction", "mcfunction", 0, 0, 12, 11, 9, 32
"c:\Users\FlowUP\Documents\GitHub\Magic\datapacks\Magic_FR\data\spells\function\spellsystem\spell3\spell3_w\hook\hook_player\player5.mcfunction", "mcfunction", 0, 0, 12, 11, 9, 32
"c:\Users\FlowUP\Documents\GitHub\Magic\datapacks\Magic_FR\data\spells\function\spellsystem\spell3\spell3_w\hook\hook_player\player6.mcfunction", "mcfunction", 0, 0, 12, 11, 9, 32
"c:\Users\FlowUP\Documents\GitHub\Magic\datapacks\Magic_FR\data\spells\function\spellsystem\spell3\spell3_w\hook\hook_player\player7.mcfunction", "mcfunction", 0, 0, 12, 11, 9, 32
"c:\Users\FlowUP\Documents\GitHub\Magic\datapacks\Magic_FR\data\spells\function\spellsystem\spell3\spell3_w\hook\hook_player\player8.mcfunction", "mcfunction", 0, 0, 12, 11, 9, 32
"c:\Users\FlowUP\Documents\GitHub\Magic\datapacks\Magic_FR\data\spells\function\spellsystem\spell3\spell3_w\hook\hook_player\player9.mcfunction", "mcfunction", 0, 0, 12, 11, 9, 32
"c:\Users\FlowUP\Documents\GitHub\Magic\datapacks\Magic_FR\data\spells\function\spellsystem\spell3\spell3_w\hook\hook_player\set_bossbar\player1.mcfunction", "mcfunction", 0, 0, 22, 2, 11, 35
"c:\Users\FlowUP\Documents\GitHub\Magic\datapacks\Magic_FR\data\spells\function\spellsystem\spell3\spell3_w\hook\hook_player\set_bossbar\player10.mcfunction", "mcfunction", 0, 0, 22, 2, 11, 35
"c:\Users\FlowUP\Documents\GitHub\Magic\datapacks\Magic_FR\data\spells\function\spellsystem\spell3\spell3_w\hook\hook_player\set_bossbar\player11.mcfunction", "mcfunction", 0, 0, 22, 2, 11, 35
"c:\Users\FlowUP\Documents\GitHub\Magic\datapacks\Magic_FR\data\spells\function\spellsystem\spell3\spell3_w\hook\hook_player\set_bossbar\player12.mcfunction", "mcfunction", 0, 0, 22, 2, 11, 35
"c:\Users\FlowUP\Documents\GitHub\Magic\datapacks\Magic_FR\data\spells\function\spellsystem\spell3\spell3_w\hook\hook_player\set_bossbar\player2.mcfunction", "mcfunction", 0, 0, 22, 2, 11, 35
"c:\Users\FlowUP\Documents\GitHub\Magic\datapacks\Magic_FR\data\spells\function\spellsystem\spell3\spell3_w\hook\hook_player\set_bossbar\player3.mcfunction", "mcfunction", 0, 0, 22, 2, 11, 35
"c:\Users\FlowUP\Documents\GitHub\Magic\datapacks\Magic_FR\data\spells\function\spellsystem\spell3\spell3_w\hook\hook_player\set_bossbar\player4.mcfunction", "mcfunction", 0, 0, 22, 2, 11, 35
"c:\Users\FlowUP\Documents\GitHub\Magic\datapacks\Magic_FR\data\spells\function\spellsystem\spell3\spell3_w\hook\hook_player\set_bossbar\player5.mcfunction", "mcfunction", 0, 0, 22, 2, 11, 35
"c:\Users\FlowUP\Documents\GitHub\Magic\datapacks\Magic_FR\data\spells\function\spellsystem\spell3\spell3_w\hook\hook_player\set_bossbar\player6.mcfunction", "mcfunction", 0, 0, 22, 2, 11, 35
"c:\Users\FlowUP\Documents\GitHub\Magic\datapacks\Magic_FR\data\spells\function\spellsystem\spell3\spell3_w\hook\hook_player\set_bossbar\player7.mcfunction", "mcfunction", 0, 0, 22, 2, 11, 35
"c:\Users\FlowUP\Documents\GitHub\Magic\datapacks\Magic_FR\data\spells\function\spellsystem\spell3\spell3_w\hook\hook_player\set_bossbar\player8.mcfunction", "mcfunction", 0, 0, 22, 2, 11, 35
"c:\Users\FlowUP\Documents\GitHub\Magic\datapacks\Magic_FR\data\spells\function\spellsystem\spell3\spell3_w\hook\hook_player\set_bossbar\player9.mcfunction", "mcfunction", 0, 0, 22, 2, 11, 35
"c:\Users\FlowUP\Documents\GitHub\Magic\datapacks\Magic_FR\data\spells\function\spellsystem\spell3\spell3_w\hook\respawn_dead_in_hook.mcfunction", "mcfunction", 0, 0, 1, 1, 1, 3
"c:\Users\FlowUP\Documents\GitHub\Magic\datapacks\Magic_FR\data\spells\function\spellsystem\spell3\spell3_w\hook\retract_hook\cant_hook_in_spawn.mcfunction", "mcfunction", 0, 0, 27, 3, 3, 33
"c:\Users\FlowUP\Documents\GitHub\Magic\datapacks\Magic_FR\data\spells\function\spellsystem\spell3\spell3_w\hook\retract_hook\delete_hook\player1.mcfunction", "mcfunction", 0, 0, 26, 5, 3, 34
"c:\Users\FlowUP\Documents\GitHub\Magic\datapacks\Magic_FR\data\spells\function\spellsystem\spell3\spell3_w\hook\retract_hook\delete_hook\player10.mcfunction", "mcfunction", 0, 0, 26, 5, 3, 34
"c:\Users\FlowUP\Documents\GitHub\Magic\datapacks\Magic_FR\data\spells\function\spellsystem\spell3\spell3_w\hook\retract_hook\delete_hook\player11.mcfunction", "mcfunction", 0, 0, 26, 5, 3, 34
"c:\Users\FlowUP\Documents\GitHub\Magic\datapacks\Magic_FR\data\spells\function\spellsystem\spell3\spell3_w\hook\retract_hook\delete_hook\player12.mcfunction", "mcfunction", 0, 0, 26, 5, 3, 34
"c:\Users\FlowUP\Documents\GitHub\Magic\datapacks\Magic_FR\data\spells\function\spellsystem\spell3\spell3_w\hook\retract_hook\delete_hook\player2.mcfunction", "mcfunction", 0, 0, 26, 5, 3, 34
"c:\Users\FlowUP\Documents\GitHub\Magic\datapacks\Magic_FR\data\spells\function\spellsystem\spell3\spell3_w\hook\retract_hook\delete_hook\player3.mcfunction", "mcfunction", 0, 0, 26, 5, 3, 34
"c:\Users\FlowUP\Documents\GitHub\Magic\datapacks\Magic_FR\data\spells\function\spellsystem\spell3\spell3_w\hook\retract_hook\delete_hook\player4.mcfunction", "mcfunction", 0, 0, 26, 5, 3, 34
"c:\Users\FlowUP\Documents\GitHub\Magic\datapacks\Magic_FR\data\spells\function\spellsystem\spell3\spell3_w\hook\retract_hook\delete_hook\player5.mcfunction", "mcfunction", 0, 0, 26, 5, 3, 34
"c:\Users\FlowUP\Documents\GitHub\Magic\datapacks\Magic_FR\data\spells\function\spellsystem\spell3\spell3_w\hook\retract_hook\delete_hook\player6.mcfunction", "mcfunction", 0, 0, 26, 5, 3, 34
"c:\Users\FlowUP\Documents\GitHub\Magic\datapacks\Magic_FR\data\spells\function\spellsystem\spell3\spell3_w\hook\retract_hook\delete_hook\player7.mcfunction", "mcfunction", 0, 0, 26, 5, 3, 34
"c:\Users\FlowUP\Documents\GitHub\Magic\datapacks\Magic_FR\data\spells\function\spellsystem\spell3\spell3_w\hook\retract_hook\delete_hook\player8.mcfunction", "mcfunction", 0, 0, 26, 5, 3, 34
"c:\Users\FlowUP\Documents\GitHub\Magic\datapacks\Magic_FR\data\spells\function\spellsystem\spell3\spell3_w\hook\retract_hook\delete_hook\player9.mcfunction", "mcfunction", 0, 0, 26, 5, 3, 34
"c:\Users\FlowUP\Documents\GitHub\Magic\datapacks\Magic_FR\data\spells\function\spellsystem\spell3\spell3_w\hook\retract_hook\end_hook_player\player1.mcfunction", "mcfunction", 0, 0, 22, 14, 13, 49
"c:\Users\FlowUP\Documents\GitHub\Magic\datapacks\Magic_FR\data\spells\function\spellsystem\spell3\spell3_w\hook\retract_hook\end_hook_player\player10.mcfunction", "mcfunction", 0, 0, 22, 14, 11, 47
"c:\Users\FlowUP\Documents\GitHub\Magic\datapacks\Magic_FR\data\spells\function\spellsystem\spell3\spell3_w\hook\retract_hook\end_hook_player\player11.mcfunction", "mcfunction", 0, 0, 22, 14, 10, 46
"c:\Users\FlowUP\Documents\GitHub\Magic\datapacks\Magic_FR\data\spells\function\spellsystem\spell3\spell3_w\hook\retract_hook\end_hook_player\player12.mcfunction", "mcfunction", 0, 0, 22, 14, 12, 48
"c:\Users\FlowUP\Documents\GitHub\Magic\datapacks\Magic_FR\data\spells\function\spellsystem\spell3\spell3_w\hook\retract_hook\end_hook_player\player2.mcfunction", "mcfunction", 0, 0, 22, 14, 11, 47
"c:\Users\FlowUP\Documents\GitHub\Magic\datapacks\Magic_FR\data\spells\function\spellsystem\spell3\spell3_w\hook\retract_hook\end_hook_player\player3.mcfunction", "mcfunction", 0, 0, 22, 14, 11, 47
"c:\Users\FlowUP\Documents\GitHub\Magic\datapacks\Magic_FR\data\spells\function\spellsystem\spell3\spell3_w\hook\retract_hook\end_hook_player\player4.mcfunction", "mcfunction", 0, 0, 22, 14, 11, 47
"c:\Users\FlowUP\Documents\GitHub\Magic\datapacks\Magic_FR\data\spells\function\spellsystem\spell3\spell3_w\hook\retract_hook\end_hook_player\player5.mcfunction", "mcfunction", 0, 0, 22, 14, 11, 47
"c:\Users\FlowUP\Documents\GitHub\Magic\datapacks\Magic_FR\data\spells\function\spellsystem\spell3\spell3_w\hook\retract_hook\end_hook_player\player6.mcfunction", "mcfunction", 0, 0, 22, 14, 11, 47
"c:\Users\FlowUP\Documents\GitHub\Magic\datapacks\Magic_FR\data\spells\function\spellsystem\spell3\spell3_w\hook\retract_hook\end_hook_player\player7.mcfunction", "mcfunction", 0, 0, 22, 14, 11, 47
"c:\Users\FlowUP\Documents\GitHub\Magic\datapacks\Magic_FR\data\spells\function\spellsystem\spell3\spell3_w\hook\retract_hook\end_hook_player\player8.mcfunction", "mcfunction", 0, 0, 22, 14, 11, 47
"c:\Users\FlowUP\Documents\GitHub\Magic\datapacks\Magic_FR\data\spells\function\spellsystem\spell3\spell3_w\hook\retract_hook\end_hook_player\player9.mcfunction", "mcfunction", 0, 0, 22, 14, 11, 47
"c:\Users\FlowUP\Documents\GitHub\Magic\datapacks\Magic_FR\data\spells\function\spellsystem\spell3\spell3_w\hook\retract_hook\end_hook_player\testplayer.mcfunction", "mcfunction", 0, 0, 24, 2, 2, 28
"c:\Users\FlowUP\Documents\GitHub\Magic\datapacks\Magic_FR\data\spells\function\spellsystem\spell3\spell3_w\hook\retract_hook\retract_schedule\player1.mcfunction", "mcfunction", 0, 0, 1, 1, 1, 3
"c:\Users\FlowUP\Documents\GitHub\Magic\datapacks\Magic_FR\data\spells\function\spellsystem\spell3\spell3_w\hook\retract_hook\retract_schedule\player10.mcfunction", "mcfunction", 0, 0, 1, 1, 1, 3
"c:\Users\FlowUP\Documents\GitHub\Magic\datapacks\Magic_FR\data\spells\function\spellsystem\spell3\spell3_w\hook\retract_hook\retract_schedule\player11.mcfunction", "mcfunction", 0, 0, 1, 1, 1, 3
"c:\Users\FlowUP\Documents\GitHub\Magic\datapacks\Magic_FR\data\spells\function\spellsystem\spell3\spell3_w\hook\retract_hook\retract_schedule\player12.mcfunction", "mcfunction", 0, 0, 1, 1, 1, 3
"c:\Users\FlowUP\Documents\GitHub\Magic\datapacks\Magic_FR\data\spells\function\spellsystem\spell3\spell3_w\hook\retract_hook\retract_schedule\player2.mcfunction", "mcfunction", 0, 0, 1, 1, 1, 3
"c:\Users\FlowUP\Documents\GitHub\Magic\datapacks\Magic_FR\data\spells\function\spellsystem\spell3\spell3_w\hook\retract_hook\retract_schedule\player3.mcfunction", "mcfunction", 0, 0, 1, 1, 1, 3
"c:\Users\FlowUP\Documents\GitHub\Magic\datapacks\Magic_FR\data\spells\function\spellsystem\spell3\spell3_w\hook\retract_hook\retract_schedule\player4.mcfunction", "mcfunction", 0, 0, 1, 1, 1, 3
"c:\Users\FlowUP\Documents\GitHub\Magic\datapacks\Magic_FR\data\spells\function\spellsystem\spell3\spell3_w\hook\retract_hook\retract_schedule\player5.mcfunction", "mcfunction", 0, 0, 1, 1, 1, 3
"c:\Users\FlowUP\Documents\GitHub\Magic\datapacks\Magic_FR\data\spells\function\spellsystem\spell3\spell3_w\hook\retract_hook\retract_schedule\player6.mcfunction", "mcfunction", 0, 0, 1, 1, 1, 3
"c:\Users\FlowUP\Documents\GitHub\Magic\datapacks\Magic_FR\data\spells\function\spellsystem\spell3\spell3_w\hook\retract_hook\retract_schedule\player7.mcfunction", "mcfunction", 0, 0, 1, 1, 1, 3
"c:\Users\FlowUP\Documents\GitHub\Magic\datapacks\Magic_FR\data\spells\function\spellsystem\spell3\spell3_w\hook\retract_hook\retract_schedule\player8.mcfunction", "mcfunction", 0, 0, 1, 1, 1, 3
"c:\Users\FlowUP\Documents\GitHub\Magic\datapacks\Magic_FR\data\spells\function\spellsystem\spell3\spell3_w\hook\retract_hook\retract_schedule\player9.mcfunction", "mcfunction", 0, 0, 1, 1, 1, 3
"c:\Users\FlowUP\Documents\GitHub\Magic\datapacks\Magic_FR\data\spells\function\spellsystem\spell3\spell3_w\hook\retract_hook\start_delete\player1.mcfunction", "mcfunction", 0, 0, 2, 2, 1, 5
"c:\Users\FlowUP\Documents\GitHub\Magic\datapacks\Magic_FR\data\spells\function\spellsystem\spell3\spell3_w\hook\retract_hook\start_delete\player10.mcfunction", "mcfunction", 0, 0, 2, 2, 1, 5
"c:\Users\FlowUP\Documents\GitHub\Magic\datapacks\Magic_FR\data\spells\function\spellsystem\spell3\spell3_w\hook\retract_hook\start_delete\player10_break.mcfunction", "mcfunction", 0, 0, 2, 2, 1, 5
"c:\Users\FlowUP\Documents\GitHub\Magic\datapacks\Magic_FR\data\spells\function\spellsystem\spell3\spell3_w\hook\retract_hook\start_delete\player11.mcfunction", "mcfunction", 0, 0, 2, 2, 1, 5
"c:\Users\FlowUP\Documents\GitHub\Magic\datapacks\Magic_FR\data\spells\function\spellsystem\spell3\spell3_w\hook\retract_hook\start_delete\player11_break.mcfunction", "mcfunction", 0, 0, 2, 2, 1, 5
"c:\Users\FlowUP\Documents\GitHub\Magic\datapacks\Magic_FR\data\spells\function\spellsystem\spell3\spell3_w\hook\retract_hook\start_delete\player12.mcfunction", "mcfunction", 0, 0, 2, 2, 1, 5
"c:\Users\FlowUP\Documents\GitHub\Magic\datapacks\Magic_FR\data\spells\function\spellsystem\spell3\spell3_w\hook\retract_hook\start_delete\player12_break.mcfunction", "mcfunction", 0, 0, 2, 2, 1, 5
"c:\Users\FlowUP\Documents\GitHub\Magic\datapacks\Magic_FR\data\spells\function\spellsystem\spell3\spell3_w\hook\retract_hook\start_delete\player1_break.mcfunction", "mcfunction", 0, 0, 2, 2, 1, 5
"c:\Users\FlowUP\Documents\GitHub\Magic\datapacks\Magic_FR\data\spells\function\spellsystem\spell3\spell3_w\hook\retract_hook\start_delete\player2.mcfunction", "mcfunction", 0, 0, 2, 2, 1, 5
"c:\Users\FlowUP\Documents\GitHub\Magic\datapacks\Magic_FR\data\spells\function\spellsystem\spell3\spell3_w\hook\retract_hook\start_delete\player2_break.mcfunction", "mcfunction", 0, 0, 2, 2, 1, 5
"c:\Users\FlowUP\Documents\GitHub\Magic\datapacks\Magic_FR\data\spells\function\spellsystem\spell3\spell3_w\hook\retract_hook\start_delete\player3.mcfunction", "mcfunction", 0, 0, 2, 2, 1, 5
"c:\Users\FlowUP\Documents\GitHub\Magic\datapacks\Magic_FR\data\spells\function\spellsystem\spell3\spell3_w\hook\retract_hook\start_delete\player3_break.mcfunction", "mcfunction", 0, 0, 2, 2, 1, 5
"c:\Users\FlowUP\Documents\GitHub\Magic\datapacks\Magic_FR\data\spells\function\spellsystem\spell3\spell3_w\hook\retract_hook\start_delete\player4.mcfunction", "mcfunction", 0, 0, 2, 2, 1, 5
"c:\Users\FlowUP\Documents\GitHub\Magic\datapacks\Magic_FR\data\spells\function\spellsystem\spell3\spell3_w\hook\retract_hook\start_delete\player4_break.mcfunction", "mcfunction", 0, 0, 2, 2, 1, 5
"c:\Users\FlowUP\Documents\GitHub\Magic\datapacks\Magic_FR\data\spells\function\spellsystem\spell3\spell3_w\hook\retract_hook\start_delete\player5.mcfunction", "mcfunction", 0, 0, 2, 2, 1, 5
"c:\Users\FlowUP\Documents\GitHub\Magic\datapacks\Magic_FR\data\spells\function\spellsystem\spell3\spell3_w\hook\retract_hook\start_delete\player5_break.mcfunction", "mcfunction", 0, 0, 2, 2, 1, 5
"c:\Users\FlowUP\Documents\GitHub\Magic\datapacks\Magic_FR\data\spells\function\spellsystem\spell3\spell3_w\hook\retract_hook\start_delete\player6.mcfunction", "mcfunction", 0, 0, 2, 2, 1, 5
"c:\Users\FlowUP\Documents\GitHub\Magic\datapacks\Magic_FR\data\spells\function\spellsystem\spell3\spell3_w\hook\retract_hook\start_delete\player6_break.mcfunction", "mcfunction", 0, 0, 2, 2, 1, 5
"c:\Users\FlowUP\Documents\GitHub\Magic\datapacks\Magic_FR\data\spells\function\spellsystem\spell3\spell3_w\hook\retract_hook\start_delete\player7.mcfunction", "mcfunction", 0, 0, 2, 2, 1, 5
"c:\Users\FlowUP\Documents\GitHub\Magic\datapacks\Magic_FR\data\spells\function\spellsystem\spell3\spell3_w\hook\retract_hook\start_delete\player7_break.mcfunction", "mcfunction", 0, 0, 2, 2, 1, 5
"c:\Users\FlowUP\Documents\GitHub\Magic\datapacks\Magic_FR\data\spells\function\spellsystem\spell3\spell3_w\hook\retract_hook\start_delete\player8.mcfunction", "mcfunction", 0, 0, 2, 2, 1, 5
"c:\Users\FlowUP\Documents\GitHub\Magic\datapacks\Magic_FR\data\spells\function\spellsystem\spell3\spell3_w\hook\retract_hook\start_delete\player8_break.mcfunction", "mcfunction", 0, 0, 2, 2, 1, 5
"c:\Users\FlowUP\Documents\GitHub\Magic\datapacks\Magic_FR\data\spells\function\spellsystem\spell3\spell3_w\hook\retract_hook\start_delete\player9.mcfunction", "mcfunction", 0, 0, 2, 2, 1, 5
"c:\Users\FlowUP\Documents\GitHub\Magic\datapacks\Magic_FR\data\spells\function\spellsystem\spell3\spell3_w\hook\retract_hook\start_delete\player9_break.mcfunction", "mcfunction", 0, 0, 2, 2, 1, 5
"c:\Users\FlowUP\Documents\GitHub\Magic\datapacks\Magic_FR\data\spells\function\spellsystem\spell3\spell3_w\hook\retract_hook\tp_and_retract_sound\player1.mcfunction", "mcfunction", 0, 0, 4, 2, 1, 7
"c:\Users\FlowUP\Documents\GitHub\Magic\datapacks\Magic_FR\data\spells\function\spellsystem\spell3\spell3_w\hook\retract_hook\tp_and_retract_sound\player10.mcfunction", "mcfunction", 0, 0, 4, 2, 1, 7
"c:\Users\FlowUP\Documents\GitHub\Magic\datapacks\Magic_FR\data\spells\function\spellsystem\spell3\spell3_w\hook\retract_hook\tp_and_retract_sound\player11.mcfunction", "mcfunction", 0, 0, 4, 2, 1, 7
"c:\Users\FlowUP\Documents\GitHub\Magic\datapacks\Magic_FR\data\spells\function\spellsystem\spell3\spell3_w\hook\retract_hook\tp_and_retract_sound\player12.mcfunction", "mcfunction", 0, 0, 4, 2, 1, 7
"c:\Users\FlowUP\Documents\GitHub\Magic\datapacks\Magic_FR\data\spells\function\spellsystem\spell3\spell3_w\hook\retract_hook\tp_and_retract_sound\player2.mcfunction", "mcfunction", 0, 0, 4, 2, 1, 7
"c:\Users\FlowUP\Documents\GitHub\Magic\datapacks\Magic_FR\data\spells\function\spellsystem\spell3\spell3_w\hook\retract_hook\tp_and_retract_sound\player3.mcfunction", "mcfunction", 0, 0, 4, 2, 1, 7
"c:\Users\FlowUP\Documents\GitHub\Magic\datapacks\Magic_FR\data\spells\function\spellsystem\spell3\spell3_w\hook\retract_hook\tp_and_retract_sound\player4.mcfunction", "mcfunction", 0, 0, 4, 2, 1, 7
"c:\Users\FlowUP\Documents\GitHub\Magic\datapacks\Magic_FR\data\spells\function\spellsystem\spell3\spell3_w\hook\retract_hook\tp_and_retract_sound\player5.mcfunction", "mcfunction", 0, 0, 4, 2, 1, 7
"c:\Users\FlowUP\Documents\GitHub\Magic\datapacks\Magic_FR\data\spells\function\spellsystem\spell3\spell3_w\hook\retract_hook\tp_and_retract_sound\player6.mcfunction", "mcfunction", 0, 0, 4, 2, 1, 7
"c:\Users\FlowUP\Documents\GitHub\Magic\datapacks\Magic_FR\data\spells\function\spellsystem\spell3\spell3_w\hook\retract_hook\tp_and_retract_sound\player7.mcfunction", "mcfunction", 0, 0, 4, 2, 1, 7
"c:\Users\FlowUP\Documents\GitHub\Magic\datapacks\Magic_FR\data\spells\function\spellsystem\spell3\spell3_w\hook\retract_hook\tp_and_retract_sound\player8.mcfunction", "mcfunction", 0, 0, 4, 2, 1, 7
"c:\Users\FlowUP\Documents\GitHub\Magic\datapacks\Magic_FR\data\spells\function\spellsystem\spell3\spell3_w\hook\retract_hook\tp_and_retract_sound\player9.mcfunction", "mcfunction", 0, 0, 4, 2, 1, 7
"c:\Users\FlowUP\Documents\GitHub\Magic\datapacks\Magic_FR\data\spells\function\spellsystem\spell3\spell3_w\hook\start_hook\players\start_hook_player1.mcfunction", "mcfunction", 0, 0, 17, 12, 10, 39
"c:\Users\FlowUP\Documents\GitHub\Magic\datapacks\Magic_FR\data\spells\function\spellsystem\spell3\spell3_w\hook\start_hook\players\start_hook_player10.mcfunction", "mcfunction", 0, 0, 16, 11, 9, 36
"c:\Users\FlowUP\Documents\GitHub\Magic\datapacks\Magic_FR\data\spells\function\spellsystem\spell3\spell3_w\hook\start_hook\players\start_hook_player11.mcfunction", "mcfunction", 0, 0, 16, 11, 9, 36
"c:\Users\FlowUP\Documents\GitHub\Magic\datapacks\Magic_FR\data\spells\function\spellsystem\spell3\spell3_w\hook\start_hook\players\start_hook_player12.mcfunction", "mcfunction", 0, 0, 16, 11, 9, 36
"c:\Users\FlowUP\Documents\GitHub\Magic\datapacks\Magic_FR\data\spells\function\spellsystem\spell3\spell3_w\hook\start_hook\players\start_hook_player2.mcfunction", "mcfunction", 0, 0, 16, 11, 9, 36
"c:\Users\FlowUP\Documents\GitHub\Magic\datapacks\Magic_FR\data\spells\function\spellsystem\spell3\spell3_w\hook\start_hook\players\start_hook_player3.mcfunction", "mcfunction", 0, 0, 16, 11, 9, 36
"c:\Users\FlowUP\Documents\GitHub\Magic\datapacks\Magic_FR\data\spells\function\spellsystem\spell3\spell3_w\hook\start_hook\players\start_hook_player4.mcfunction", "mcfunction", 0, 0, 16, 11, 9, 36
"c:\Users\FlowUP\Documents\GitHub\Magic\datapacks\Magic_FR\data\spells\function\spellsystem\spell3\spell3_w\hook\start_hook\players\start_hook_player5.mcfunction", "mcfunction", 0, 0, 16, 11, 9, 36
"c:\Users\FlowUP\Documents\GitHub\Magic\datapacks\Magic_FR\data\spells\function\spellsystem\spell3\spell3_w\hook\start_hook\players\start_hook_player6.mcfunction", "mcfunction", 0, 0, 16, 11, 9, 36
"c:\Users\FlowUP\Documents\GitHub\Magic\datapacks\Magic_FR\data\spells\function\spellsystem\spell3\spell3_w\hook\start_hook\players\start_hook_player7.mcfunction", "mcfunction", 0, 0, 16, 11, 9, 36
"c:\Users\FlowUP\Documents\GitHub\Magic\datapacks\Magic_FR\data\spells\function\spellsystem\spell3\spell3_w\hook\start_hook\players\start_hook_player8.mcfunction", "mcfunction", 0, 0, 16, 11, 9, 36
"c:\Users\FlowUP\Documents\GitHub\Magic\datapacks\Magic_FR\data\spells\function\spellsystem\spell3\spell3_w\hook\start_hook\players\start_hook_player9.mcfunction", "mcfunction", 0, 0, 16, 11, 9, 36
"c:\Users\FlowUP\Documents\GitHub\Magic\datapacks\Magic_FR\data\spells\function\spellsystem\spell3\spell3_w\hook\start_hook\test_player.mcfunction", "mcfunction", 0, 0, 12, 2, 1, 15
"c:\Users\FlowUP\Documents\GitHub\Magic\datapacks\Magic_FR\data\spells\function\spellsystem\spell3\spell3_w\hook\stop_every_hook.mcfunction", "mcfunction", 0, 0, 1, 0, 0, 1
"c:\Users\FlowUP\Documents\GitHub\Magic\datapacks\Magic_FR\data\spells\function\spellsystem\spell3\spell3_w\hook\took_spell3_w.mcfunction", "mcfunction", 0, 0, 14, 3, 2, 19
"c:\Users\FlowUP\Documents\GitHub\Magic\datapacks\Magic_FR\data\spells\function\spellsystem\weapon1_a\give_custom_bow.mcfunction", "mcfunction", 0, 0, 1, 1, 2, 4
"c:\Users\FlowUP\Documents\GitHub\Magic\datapacks\Magic_FR\data\spells\function\spellsystem\weapon1_m\refresh_timer\0-9.mcfunction", "mcfunction", 0, 0, 24, 0, 1, 25
"c:\Users\FlowUP\Documents\GitHub\Magic\datapacks\Magic_FR\data\spells\function\spellsystem\weapon1_m\refresh_timer\10-19.mcfunction", "mcfunction", 0, 0, 24, 0, 1, 25
"c:\Users\FlowUP\Documents\GitHub\Magic\datapacks\Magic_FR\data\spells\function\spellsystem\weapon1_m\refresh_timer\100.mcfunction", "mcfunction", 0, 0, 24, 0, 1, 25
"c:\Users\FlowUP\Documents\GitHub\Magic\datapacks\Magic_FR\data\spells\function\spellsystem\weapon1_m\refresh_timer\20-29.mcfunction", "mcfunction", 0, 0, 24, 0, 1, 25
"c:\Users\FlowUP\Documents\GitHub\Magic\datapacks\Magic_FR\data\spells\function\spellsystem\weapon1_m\refresh_timer\30-39.mcfunction", "mcfunction", 0, 0, 24, 0, 1, 25
"c:\Users\FlowUP\Documents\GitHub\Magic\datapacks\Magic_FR\data\spells\function\spellsystem\weapon1_m\refresh_timer\40-49.mcfunction", "mcfunction", 0, 0, 24, 0, 1, 25
"c:\Users\FlowUP\Documents\GitHub\Magic\datapacks\Magic_FR\data\spells\function\spellsystem\weapon1_m\refresh_timer\50-59.mcfunction", "mcfunction", 0, 0, 24, 0, 1, 25
"c:\Users\FlowUP\Documents\GitHub\Magic\datapacks\Magic_FR\data\spells\function\spellsystem\weapon1_m\refresh_timer\60-69.mcfunction", "mcfunction", 0, 0, 24, 0, 1, 25
"c:\Users\FlowUP\Documents\GitHub\Magic\datapacks\Magic_FR\data\spells\function\spellsystem\weapon1_m\refresh_timer\70-79.mcfunction", "mcfunction", 0, 0, 24, 0, 1, 25
"c:\Users\FlowUP\Documents\GitHub\Magic\datapacks\Magic_FR\data\spells\function\spellsystem\weapon1_m\refresh_timer\80-89.mcfunction", "mcfunction", 0, 0, 24, 0, 1, 25
"c:\Users\FlowUP\Documents\GitHub\Magic\datapacks\Magic_FR\data\spells\function\spellsystem\weapon1_m\refresh_timer\90-99.mcfunction", "mcfunction", 0, 0, 24, 0, 1, 25
"c:\Users\FlowUP\Documents\GitHub\Magic\datapacks\Magic_FR\data\spells\function\spellsystem\weapon1_m\refresh_timer\check_timer.mcfunction", "mcfunction", 0, 0, 15, 2, 2, 19
"c:\Users\FlowUP\Documents\GitHub\Magic\datapacks\Magic_FR\data\spells\function\spellsystem\weapon1_m\use_stick\apply_dmg_classic.mcfunction", "mcfunction", 0, 0, 13, 2, 3, 18
"c:\Users\FlowUP\Documents\GitHub\Magic\datapacks\Magic_FR\data\spells\function\spellsystem\weapon1_m\use_stick\apply_dmg_high.mcfunction", "mcfunction", 0, 0, 13, 2, 2, 17
"c:\Users\FlowUP\Documents\GitHub\Magic\datapacks\Magic_FR\data\spells\function\spellsystem\weapon1_m\use_stick\stickspell\scale_calculator.mcfunction", "mcfunction", 0, 0, 4, 4, 2, 10
"c:\Users\FlowUP\Documents\GitHub\Magic\datapacks\Magic_FR\data\spells\function\spellsystem\weapon1_m\use_stick\stickspell\spell_hitted.mcfunction", "mcfunction", 0, 0, 13, 9, 8, 30
"c:\Users\FlowUP\Documents\GitHub\Magic\datapacks\Magic_FR\data\spells\function\spellsystem\weapon1_m\use_stick\stickspell\spell_hitted_no_team.mcfunction", "mcfunction", 0, 0, 5, 7, 8, 20
"c:\Users\FlowUP\Documents\GitHub\Magic\datapacks\Magic_FR\data\spells\function\spellsystem\weapon1_m\use_stick\stickspell\start_spell.mcfunction", "mcfunction", 0, 0, 15, 6, 6, 27
"c:\Users\FlowUP\Documents\GitHub\Magic\datapacks\Magic_FR\data\spells\function\spellsystem\weapon1_m\use_stick\stickspell\trail.mcfunction", "mcfunction", 0, 0, 3, 2, 1, 6
"c:\Users\FlowUP\Documents\GitHub\Magic\datapacks\Magic_FR\data\spells\function\spellsystem\weapon1_m\use_stick\stickspell\trail_blue.mcfunction", "mcfunction", 0, 0, 4, 2, 2, 8
"c:\Users\FlowUP\Documents\GitHub\Magic\datapacks\Magic_FR\data\spells\function\spellsystem\weapon1_m\use_stick\stickspell\trail_red.mcfunction", "mcfunction", 0, 0, 4, 2, 1, 7
"c:\Users\FlowUP\Documents\GitHub\Magic\datapacks\Magic_FR\data\spells\function\spellsystem\weapon1_m\use_stick\took_spell_weapon1_w.mcfunction", "mcfunction", 0, 0, 14, 3, 2, 19
"c:\Users\FlowUP\Documents\GitHub\Magic\datapacks\Magic_FR\data\spells\function\spellsystem\weapon1_m\use_stick\usestick.mcfunction", "mcfunction", 0, 0, 12, 4, 3, 19
"c:\Users\FlowUP\Documents\GitHub\Magic\datapacks\Magic_FR\data\spells\function\testspell.mcfunction", "mcfunction", 0, 0, 37, 62, 60, 159
"c:\Users\FlowUP\Documents\GitHub\Magic\datapacks\Magic_FR\data\spells\function\usespell\usespell1\usespell1_a.mcfunction", "mcfunction", 0, 0, 3, 3, 2, 8
"c:\Users\FlowUP\Documents\GitHub\Magic\datapacks\Magic_FR\data\spells\function\usespell\usespell1\usespell1_m.mcfunction", "mcfunction", 0, 0, 3, 3, 2, 8
"c:\Users\FlowUP\Documents\GitHub\Magic\datapacks\Magic_FR\data\spells\function\usespell\usespell1\usespell1_r.mcfunction", "mcfunction", 0, 0, 3, 3, 2, 8
"c:\Users\FlowUP\Documents\GitHub\Magic\datapacks\Magic_FR\data\spells\function\usespell\usespell1\usespell1_w.mcfunction", "mcfunction", 0, 0, 3, 3, 2, 8
"c:\Users\FlowUP\Documents\GitHub\Magic\datapacks\Magic_FR\data\spells\function\usespell\usespell1\usespell1lvl1\usespell1lvl1_a.mcfunction", "mcfunction", 0, 0, 37, 6, 10, 53
"c:\Users\FlowUP\Documents\GitHub\Magic\datapacks\Magic_FR\data\spells\function\usespell\usespell1\usespell1lvl1\usespell1lvl1_m.mcfunction", "mcfunction", 0, 0, 14, 2, 5, 21
"c:\Users\FlowUP\Documents\GitHub\Magic\datapacks\Magic_FR\data\spells\function\usespell\usespell1\usespell1lvl1\usespell1lvl1_r.mcfunction", "mcfunction", 0, 0, 29, 6, 14, 49
"c:\Users\FlowUP\Documents\GitHub\Magic\datapacks\Magic_FR\data\spells\function\usespell\usespell1\usespell1lvl1\usespell1lvl1_w.mcfunction", "mcfunction", 0, 0, 27, 6, 9, 42
"c:\Users\FlowUP\Documents\GitHub\Magic\datapacks\Magic_FR\data\spells\function\usespell\usespell1\usespell1lvl2\usespell1lvl2_a.mcfunction", "mcfunction", 0, 0, 37, 6, 11, 54
"c:\Users\FlowUP\Documents\GitHub\Magic\datapacks\Magic_FR\data\spells\function\usespell\usespell1\usespell1lvl2\usespell1lvl2_m.mcfunction", "mcfunction", 0, 0, 14, 2, 5, 21
"c:\Users\FlowUP\Documents\GitHub\Magic\datapacks\Magic_FR\data\spells\function\usespell\usespell1\usespell1lvl2\usespell1lvl2_r.mcfunction", "mcfunction", 0, 0, 29, 5, 8, 42
"c:\Users\FlowUP\Documents\GitHub\Magic\datapacks\Magic_FR\data\spells\function\usespell\usespell1\usespell1lvl2\usespell1lvl2_w.mcfunction", "mcfunction", 0, 0, 27, 6, 9, 42
"c:\Users\FlowUP\Documents\GitHub\Magic\datapacks\Magic_FR\data\spells\function\usespell\usespell1\usespell1lvl3\usespell1lvl3_a.mcfunction", "mcfunction", 0, 0, 37, 6, 11, 54
"c:\Users\FlowUP\Documents\GitHub\Magic\datapacks\Magic_FR\data\spells\function\usespell\usespell1\usespell1lvl3\usespell1lvl3_m.mcfunction", "mcfunction", 0, 0, 14, 2, 4, 20
"c:\Users\FlowUP\Documents\GitHub\Magic\datapacks\Magic_FR\data\spells\function\usespell\usespell1\usespell1lvl3\usespell1lvl3_r.mcfunction", "mcfunction", 0, 0, 29, 5, 8, 42
"c:\Users\FlowUP\Documents\GitHub\Magic\datapacks\Magic_FR\data\spells\function\usespell\usespell1\usespell1lvl3\usespell1lvl3_w.mcfunction", "mcfunction", 0, 0, 27, 6, 9, 42
"c:\Users\FlowUP\Documents\GitHub\Magic\datapacks\Magic_FR\data\spells\function\usespell\usespell2\usespell2_a.mcfunction", "mcfunction", 0, 0, 4, 4, 4, 12
"c:\Users\FlowUP\Documents\GitHub\Magic\datapacks\Magic_FR\data\spells\function\usespell\usespell2\usespell2_m.mcfunction", "mcfunction", 0, 0, 3, 3, 2, 8
"c:\Users\FlowUP\Documents\GitHub\Magic\datapacks\Magic_FR\data\spells\function\usespell\usespell2\usespell2_r.mcfunction", "mcfunction", 0, 0, 2, 4, 2, 8
"c:\Users\FlowUP\Documents\GitHub\Magic\datapacks\Magic_FR\data\spells\function\usespell\usespell2\usespell2_w.mcfunction", "mcfunction", 0, 0, 3, 3, 2, 8
"c:\Users\FlowUP\Documents\GitHub\Magic\datapacks\Magic_FR\data\spells\function\usespell\usespell2\usespell2lvl1\usespell2lvl1_a.mcfunction", "mcfunction", 0, 0, 6, 2, 6, 14
"c:\Users\FlowUP\Documents\GitHub\Magic\datapacks\Magic_FR\data\spells\function\usespell\usespell2\usespell2lvl1\usespell2lvl1_m.mcfunction", "mcfunction", 0, 0, 8, 4, 7, 19
"c:\Users\FlowUP\Documents\GitHub\Magic\datapacks\Magic_FR\data\spells\function\usespell\usespell2\usespell2lvl1\usespell2lvl1_r.mcfunction", "mcfunction", 0, 0, 38, 3, 7, 48
"c:\Users\FlowUP\Documents\GitHub\Magic\datapacks\Magic_FR\data\spells\function\usespell\usespell2\usespell2lvl1\usespell2lvl1_w.mcfunction", "mcfunction", 0, 0, 7, 2, 7, 16
"c:\Users\FlowUP\Documents\GitHub\Magic\datapacks\Magic_FR\data\spells\function\usespell\usespell2\usespell2lvl2\usespell2lvl2_a.mcfunction", "mcfunction", 0, 0, 6, 2, 5, 13
"c:\Users\FlowUP\Documents\GitHub\Magic\datapacks\Magic_FR\data\spells\function\usespell\usespell2\usespell2lvl2\usespell2lvl2_m.mcfunction", "mcfunction", 0, 0, 8, 4, 7, 19
"c:\Users\FlowUP\Documents\GitHub\Magic\datapacks\Magic_FR\data\spells\function\usespell\usespell2\usespell2lvl2\usespell2lvl2_w.mcfunction", "mcfunction", 0, 0, 7, 2, 7, 16
"c:\Users\FlowUP\Documents\GitHub\Magic\datapacks\Magic_FR\data\spells\function\usespell\usespell2\usespell2lvl3\usespell2lvl3_a.mcfunction", "mcfunction", 0, 0, 6, 2, 6, 14
"c:\Users\FlowUP\Documents\GitHub\Magic\datapacks\Magic_FR\data\spells\function\usespell\usespell2\usespell2lvl3\usespell2lvl3_m.mcfunction", "mcfunction", 0, 0, 8, 4, 7, 19
"c:\Users\FlowUP\Documents\GitHub\Magic\datapacks\Magic_FR\data\spells\function\usespell\usespell2\usespell2lvl3\usespell2lvl3_w.mcfunction", "mcfunction", 0, 0, 7, 2, 8, 17
"c:\Users\FlowUP\Documents\GitHub\Magic\datapacks\Magic_FR\data\spells\function\usespell\usespell3\usespell3_a.mcfunction", "mcfunction", 0, 0, 3, 3, 2, 8
"c:\Users\FlowUP\Documents\GitHub\Magic\datapacks\Magic_FR\data\spells\function\usespell\usespell3\usespell3_m.mcfunction", "mcfunction", 0, 0, 1, 3, 2, 6
"c:\Users\FlowUP\Documents\GitHub\Magic\datapacks\Magic_FR\data\spells\function\usespell\usespell3\usespell3_r.mcfunction", "mcfunction", 0, 0, 1, 3, 2, 6
"c:\Users\FlowUP\Documents\GitHub\Magic\datapacks\Magic_FR\data\spells\function\usespell\usespell3\usespell3_w.mcfunction", "mcfunction", 0, 0, 1, 3, 2, 6
"c:\Users\FlowUP\Documents\GitHub\Magic\datapacks\Magic_FR\data\spells\function\usespell\usespell3\usespell3lvl1\usespell3lvl1_a.mcfunction", "mcfunction", 0, 0, 36, 6, 9, 51
"c:\Users\FlowUP\Documents\GitHub\Magic\datapacks\Magic_FR\data\spells\function\usespell\usespell3\usespell3lvl1\usespell3lvl1_m.mcfunction", "mcfunction", 0, 0, 6, 1, 3, 10
"c:\Users\FlowUP\Documents\GitHub\Magic\datapacks\Magic_FR\data\spells\function\usespell\usespell3\usespell3lvl1\usespell3lvl1_r.mcfunction", "mcfunction", 0, 0, 19, 3, 8, 30
"c:\Users\FlowUP\Documents\GitHub\Magic\datapacks\Magic_FR\data\spells\function\usespell\usespell3\usespell3lvl1\usespell3lvl1_w.mcfunction", "mcfunction", 0, 0, 6, 3, 4, 13
"c:\Users\FlowUP\Documents\GitHub\Magic\datapacks\Magic_FR\data\spells\function\usespell\usespell3\usespell3lvl2\usespell3lvl2_a.mcfunction", "mcfunction", 0, 0, 36, 6, 8, 50
"c:\Users\FlowUP\Documents\GitHub\Magic\datapacks\Magic_FR\data\spells\function\usespell\usespell3\usespell3lvl3\usespell3lvl3_a.mcfunction", "mcfunction", 0, 0, 36, 6, 8, 50
"c:\Users\FlowUP\Documents\GitHub\Magic\datapacks\Magic_FR\data\stuff\function\determine_stuff_other.mcfunction", "mcfunction", 0, 0, 13, 13, 8, 34
"c:\Users\FlowUP\Documents\GitHub\Magic\datapacks\Magic_FR\data\stuff\function\give_item.mcfunction", "mcfunction", 0, 0, 3, 4, 3, 10
"c:\Users\FlowUP\Documents\GitHub\Magic\datapacks\Magic_FR\data\stuff\function\load.mcfunction", "mcfunction", 0, 0, 0, 4, 1, 5
"c:\Users\FlowUP\Documents\GitHub\Magic\datapacks\Magic_FR\data\stuff\function\loop.mcfunction", "mcfunction", 0, 0, 5, 1, 2, 8
"c:\Users\FlowUP\Documents\GitHub\Magic\datapacks\Magic_FR\data\stuff\function\setstuff.mcfunction", "mcfunction", 0, 0, 5, 1, 2, 8
"c:\Users\FlowUP\Documents\GitHub\Magic\datapacks\Magic_FR\data\stuff\function\stuff_archer\arrows\classics\slot0.mcfunction", "mcfunction", 0, 0, 10, 2, 1, 13
"c:\Users\FlowUP\Documents\GitHub\Magic\datapacks\Magic_FR\data\stuff\function\stuff_archer\arrows\classics\slot1.mcfunction", "mcfunction", 0, 0, 10, 2, 1, 13
"c:\Users\FlowUP\Documents\GitHub\Magic\datapacks\Magic_FR\data\stuff\function\stuff_archer\arrows\classics\slot2.mcfunction", "mcfunction", 0, 0, 10, 2, 1, 13
"c:\Users\FlowUP\Documents\GitHub\Magic\datapacks\Magic_FR\data\stuff\function\stuff_archer\arrows\classics\slot3.mcfunction", "mcfunction", 0, 0, 10, 2, 1, 13
"c:\Users\FlowUP\Documents\GitHub\Magic\datapacks\Magic_FR\data\stuff\function\stuff_archer\arrows\classics\slot4.mcfunction", "mcfunction", 0, 0, 10, 2, 1, 13
"c:\Users\FlowUP\Documents\GitHub\Magic\datapacks\Magic_FR\data\stuff\function\stuff_archer\arrows\classics\slot5.mcfunction", "mcfunction", 0, 0, 10, 2, 1, 13
"c:\Users\FlowUP\Documents\GitHub\Magic\datapacks\Magic_FR\data\stuff\function\stuff_archer\arrows\classics\slot6.mcfunction", "mcfunction", 0, 0, 10, 2, 1, 13
"c:\Users\FlowUP\Documents\GitHub\Magic\datapacks\Magic_FR\data\stuff\function\stuff_archer\arrows\classics\slot7.mcfunction", "mcfunction", 0, 0, 10, 2, 1, 13
"c:\Users\FlowUP\Documents\GitHub\Magic\datapacks\Magic_FR\data\stuff\function\stuff_archer\arrows\classics\slot8.mcfunction", "mcfunction", 0, 0, 10, 2, 1, 13
"c:\Users\FlowUP\Documents\GitHub\Magic\datapacks\Magic_FR\data\stuff\function\stuff_archer\arrows\classics_unusable\slot0.mcfunction", "mcfunction", 0, 0, 10, 2, 1, 13
"c:\Users\FlowUP\Documents\GitHub\Magic\datapacks\Magic_FR\data\stuff\function\stuff_archer\arrows\classics_unusable\slot1.mcfunction", "mcfunction", 0, 0, 10, 2, 1, 13
"c:\Users\FlowUP\Documents\GitHub\Magic\datapacks\Magic_FR\data\stuff\function\stuff_archer\arrows\classics_unusable\slot2.mcfunction", "mcfunction", 0, 0, 10, 2, 1, 13
"c:\Users\FlowUP\Documents\GitHub\Magic\datapacks\Magic_FR\data\stuff\function\stuff_archer\arrows\classics_unusable\slot3.mcfunction", "mcfunction", 0, 0, 10, 2, 1, 13
"c:\Users\FlowUP\Documents\GitHub\Magic\datapacks\Magic_FR\data\stuff\function\stuff_archer\arrows\classics_unusable\slot4.mcfunction", "mcfunction", 0, 0, 10, 2, 1, 13
"c:\Users\FlowUP\Documents\GitHub\Magic\datapacks\Magic_FR\data\stuff\function\stuff_archer\arrows\classics_unusable\slot5.mcfunction", "mcfunction", 0, 0, 10, 2, 1, 13
"c:\Users\FlowUP\Documents\GitHub\Magic\datapacks\Magic_FR\data\stuff\function\stuff_archer\arrows\classics_unusable\slot6.mcfunction", "mcfunction", 0, 0, 10, 2, 1, 13
"c:\Users\FlowUP\Documents\GitHub\Magic\datapacks\Magic_FR\data\stuff\function\stuff_archer\arrows\classics_unusable\slot7.mcfunction", "mcfunction", 0, 0, 10, 2, 1, 13
"c:\Users\FlowUP\Documents\GitHub\Magic\datapacks\Magic_FR\data\stuff\function\stuff_archer\arrows\classics_unusable\slot8.mcfunction", "mcfunction", 0, 0, 10, 2, 1, 13
"c:\Users\FlowUP\Documents\GitHub\Magic\datapacks\Magic_FR\data\stuff\function\stuff_archer\arrows\combined_arrow\check_player_number.mcfunction", "mcfunction", 0, 0, 12, 2, 1, 15
"c:\Users\FlowUP\Documents\GitHub\Magic\datapacks\Magic_FR\data\stuff\function\stuff_archer\arrows\combined_arrow\player10\1-1.mcfunction", "mcfunction", 0, 0, 9, 2, 1, 12
"c:\Users\FlowUP\Documents\GitHub\Magic\datapacks\Magic_FR\data\stuff\function\stuff_archer\arrows\combined_arrow\player10\1-2.mcfunction", "mcfunction", 0, 0, 9, 2, 1, 12
"c:\Users\FlowUP\Documents\GitHub\Magic\datapacks\Magic_FR\data\stuff\function\stuff_archer\arrows\combined_arrow\player10\1-3.mcfunction", "mcfunction", 0, 0, 9, 2, 1, 12
"c:\Users\FlowUP\Documents\GitHub\Magic\datapacks\Magic_FR\data\stuff\function\stuff_archer\arrows\combined_arrow\player10\2-1.mcfunction", "mcfunction", 0, 0, 9, 2, 1, 12
"c:\Users\FlowUP\Documents\GitHub\Magic\datapacks\Magic_FR\data\stuff\function\stuff_archer\arrows\combined_arrow\player10\2-2.mcfunction", "mcfunction", 0, 0, 9, 2, 1, 12
"c:\Users\FlowUP\Documents\GitHub\Magic\datapacks\Magic_FR\data\stuff\function\stuff_archer\arrows\combined_arrow\player10\2-3.mcfunction", "mcfunction", 0, 0, 9, 2, 1, 12
"c:\Users\FlowUP\Documents\GitHub\Magic\datapacks\Magic_FR\data\stuff\function\stuff_archer\arrows\combined_arrow\player10\3-1.mcfunction", "mcfunction", 0, 0, 9, 2, 1, 12
"c:\Users\FlowUP\Documents\GitHub\Magic\datapacks\Magic_FR\data\stuff\function\stuff_archer\arrows\combined_arrow\player10\3-2.mcfunction", "mcfunction", 0, 0, 9, 2, 1, 12
"c:\Users\FlowUP\Documents\GitHub\Magic\datapacks\Magic_FR\data\stuff\function\stuff_archer\arrows\combined_arrow\player10\3-3.mcfunction", "mcfunction", 0, 0, 9, 2, 1, 12
"c:\Users\FlowUP\Documents\GitHub\Magic\datapacks\Magic_FR\data\stuff\function\stuff_archer\arrows\combined_arrow\player10\check_combination.mcfunction", "mcfunction", 0, 0, 9, 2, 1, 12
"c:\Users\FlowUP\Documents\GitHub\Magic\datapacks\Magic_FR\data\stuff\function\stuff_archer\arrows\combined_arrow\player11\1-1.mcfunction", "mcfunction", 0, 0, 9, 2, 1, 12
"c:\Users\FlowUP\Documents\GitHub\Magic\datapacks\Magic_FR\data\stuff\function\stuff_archer\arrows\combined_arrow\player11\1-2.mcfunction", "mcfunction", 0, 0, 9, 2, 1, 12
"c:\Users\FlowUP\Documents\GitHub\Magic\datapacks\Magic_FR\data\stuff\function\stuff_archer\arrows\combined_arrow\player11\1-3.mcfunction", "mcfunction", 0, 0, 9, 2, 1, 12
"c:\Users\FlowUP\Documents\GitHub\Magic\datapacks\Magic_FR\data\stuff\function\stuff_archer\arrows\combined_arrow\player11\2-1.mcfunction", "mcfunction", 0, 0, 9, 2, 1, 12
"c:\Users\FlowUP\Documents\GitHub\Magic\datapacks\Magic_FR\data\stuff\function\stuff_archer\arrows\combined_arrow\player11\2-2.mcfunction", "mcfunction", 0, 0, 9, 2, 1, 12
"c:\Users\FlowUP\Documents\GitHub\Magic\datapacks\Magic_FR\data\stuff\function\stuff_archer\arrows\combined_arrow\player11\2-3.mcfunction", "mcfunction", 0, 0, 9, 2, 1, 12
"c:\Users\FlowUP\Documents\GitHub\Magic\datapacks\Magic_FR\data\stuff\function\stuff_archer\arrows\combined_arrow\player11\3-1.mcfunction", "mcfunction", 0, 0, 9, 2, 1, 12
"c:\Users\FlowUP\Documents\GitHub\Magic\datapacks\Magic_FR\data\stuff\function\stuff_archer\arrows\combined_arrow\player11\3-2.mcfunction", "mcfunction", 0, 0, 9, 2, 1, 12
"c:\Users\FlowUP\Documents\GitHub\Magic\datapacks\Magic_FR\data\stuff\function\stuff_archer\arrows\combined_arrow\player11\3-3.mcfunction", "mcfunction", 0, 0, 9, 2, 1, 12
"c:\Users\FlowUP\Documents\GitHub\Magic\datapacks\Magic_FR\data\stuff\function\stuff_archer\arrows\combined_arrow\player11\check_combination.mcfunction", "mcfunction", 0, 0, 9, 2, 1, 12
"c:\Users\FlowUP\Documents\GitHub\Magic\datapacks\Magic_FR\data\stuff\function\stuff_archer\arrows\combined_arrow\player12\1-1.mcfunction", "mcfunction", 0, 0, 9, 2, 1, 12
"c:\Users\FlowUP\Documents\GitHub\Magic\datapacks\Magic_FR\data\stuff\function\stuff_archer\arrows\combined_arrow\player12\1-2.mcfunction", "mcfunction", 0, 0, 9, 2, 1, 12
"c:\Users\FlowUP\Documents\GitHub\Magic\datapacks\Magic_FR\data\stuff\function\stuff_archer\arrows\combined_arrow\player12\1-3.mcfunction", "mcfunction", 0, 0, 9, 2, 1, 12
"c:\Users\FlowUP\Documents\GitHub\Magic\datapacks\Magic_FR\data\stuff\function\stuff_archer\arrows\combined_arrow\player12\2-1.mcfunction", "mcfunction", 0, 0, 9, 2, 1, 12
"c:\Users\FlowUP\Documents\GitHub\Magic\datapacks\Magic_FR\data\stuff\function\stuff_archer\arrows\combined_arrow\player12\2-2.mcfunction", "mcfunction", 0, 0, 9, 2, 1, 12
"c:\Users\FlowUP\Documents\GitHub\Magic\datapacks\Magic_FR\data\stuff\function\stuff_archer\arrows\combined_arrow\player12\2-3.mcfunction", "mcfunction", 0, 0, 9, 2, 1, 12
"c:\Users\FlowUP\Documents\GitHub\Magic\datapacks\Magic_FR\data\stuff\function\stuff_archer\arrows\combined_arrow\player12\3-1.mcfunction", "mcfunction", 0, 0, 9, 2, 1, 12
"c:\Users\FlowUP\Documents\GitHub\Magic\datapacks\Magic_FR\data\stuff\function\stuff_archer\arrows\combined_arrow\player12\3-2.mcfunction", "mcfunction", 0, 0, 9, 2, 1, 12
"c:\Users\FlowUP\Documents\GitHub\Magic\datapacks\Magic_FR\data\stuff\function\stuff_archer\arrows\combined_arrow\player12\3-3.mcfunction", "mcfunction", 0, 0, 9, 2, 1, 12
"c:\Users\FlowUP\Documents\GitHub\Magic\datapacks\Magic_FR\data\stuff\function\stuff_archer\arrows\combined_arrow\player12\check_combination.mcfunction", "mcfunction", 0, 0, 9, 2, 1, 12
"c:\Users\FlowUP\Documents\GitHub\Magic\datapacks\Magic_FR\data\stuff\function\stuff_archer\arrows\combined_arrow\player1\1-1.mcfunction", "mcfunction", 0, 0, 9, 2, 1, 12
"c:\Users\FlowUP\Documents\GitHub\Magic\datapacks\Magic_FR\data\stuff\function\stuff_archer\arrows\combined_arrow\player1\1-2.mcfunction", "mcfunction", 0, 0, 9, 2, 1, 12
"c:\Users\FlowUP\Documents\GitHub\Magic\datapacks\Magic_FR\data\stuff\function\stuff_archer\arrows\combined_arrow\player1\1-3.mcfunction", "mcfunction", 0, 0, 9, 2, 1, 12
"c:\Users\FlowUP\Documents\GitHub\Magic\datapacks\Magic_FR\data\stuff\function\stuff_archer\arrows\combined_arrow\player1\2-1.mcfunction", "mcfunction", 0, 0, 9, 2, 1, 12
"c:\Users\FlowUP\Documents\GitHub\Magic\datapacks\Magic_FR\data\stuff\function\stuff_archer\arrows\combined_arrow\player1\2-2.mcfunction", "mcfunction", 0, 0, 9, 2, 1, 12
"c:\Users\FlowUP\Documents\GitHub\Magic\datapacks\Magic_FR\data\stuff\function\stuff_archer\arrows\combined_arrow\player1\2-3.mcfunction", "mcfunction", 0, 0, 9, 2, 1, 12
"c:\Users\FlowUP\Documents\GitHub\Magic\datapacks\Magic_FR\data\stuff\function\stuff_archer\arrows\combined_arrow\player1\3-1.mcfunction", "mcfunction", 0, 0, 9, 2, 1, 12
"c:\Users\FlowUP\Documents\GitHub\Magic\datapacks\Magic_FR\data\stuff\function\stuff_archer\arrows\combined_arrow\player1\3-2.mcfunction", "mcfunction", 0, 0, 9, 2, 1, 12
"c:\Users\FlowUP\Documents\GitHub\Magic\datapacks\Magic_FR\data\stuff\function\stuff_archer\arrows\combined_arrow\player1\3-3.mcfunction", "mcfunction", 0, 0, 9, 2, 1, 12
"c:\Users\FlowUP\Documents\GitHub\Magic\datapacks\Magic_FR\data\stuff\function\stuff_archer\arrows\combined_arrow\player1\check_combination.mcfunction", "mcfunction", 0, 0, 9, 2, 1, 12
"c:\Users\FlowUP\Documents\GitHub\Magic\datapacks\Magic_FR\data\stuff\function\stuff_archer\arrows\combined_arrow\player2\1-1.mcfunction", "mcfunction", 0, 0, 9, 2, 1, 12
"c:\Users\FlowUP\Documents\GitHub\Magic\datapacks\Magic_FR\data\stuff\function\stuff_archer\arrows\combined_arrow\player2\1-2.mcfunction", "mcfunction", 0, 0, 9, 2, 1, 12
"c:\Users\FlowUP\Documents\GitHub\Magic\datapacks\Magic_FR\data\stuff\function\stuff_archer\arrows\combined_arrow\player2\1-3.mcfunction", "mcfunction", 0, 0, 9, 2, 1, 12
"c:\Users\FlowUP\Documents\GitHub\Magic\datapacks\Magic_FR\data\stuff\function\stuff_archer\arrows\combined_arrow\player2\2-1.mcfunction", "mcfunction", 0, 0, 9, 2, 1, 12
"c:\Users\FlowUP\Documents\GitHub\Magic\datapacks\Magic_FR\data\stuff\function\stuff_archer\arrows\combined_arrow\player2\2-2.mcfunction", "mcfunction", 0, 0, 9, 2, 1, 12
"c:\Users\FlowUP\Documents\GitHub\Magic\datapacks\Magic_FR\data\stuff\function\stuff_archer\arrows\combined_arrow\player2\2-3.mcfunction", "mcfunction", 0, 0, 9, 2, 1, 12
"c:\Users\FlowUP\Documents\GitHub\Magic\datapacks\Magic_FR\data\stuff\function\stuff_archer\arrows\combined_arrow\player2\3-1.mcfunction", "mcfunction", 0, 0, 9, 2, 1, 12
"c:\Users\FlowUP\Documents\GitHub\Magic\datapacks\Magic_FR\data\stuff\function\stuff_archer\arrows\combined_arrow\player2\3-2.mcfunction", "mcfunction", 0, 0, 9, 2, 1, 12
"c:\Users\FlowUP\Documents\GitHub\Magic\datapacks\Magic_FR\data\stuff\function\stuff_archer\arrows\combined_arrow\player2\3-3.mcfunction", "mcfunction", 0, 0, 9, 2, 1, 12
"c:\Users\FlowUP\Documents\GitHub\Magic\datapacks\Magic_FR\data\stuff\function\stuff_archer\arrows\combined_arrow\player2\check_combination.mcfunction", "mcfunction", 0, 0, 9, 2, 1, 12
"c:\Users\FlowUP\Documents\GitHub\Magic\datapacks\Magic_FR\data\stuff\function\stuff_archer\arrows\combined_arrow\player3\1-1.mcfunction", "mcfunction", 0, 0, 9, 2, 1, 12
"c:\Users\FlowUP\Documents\GitHub\Magic\datapacks\Magic_FR\data\stuff\function\stuff_archer\arrows\combined_arrow\player3\1-2.mcfunction", "mcfunction", 0, 0, 9, 2, 1, 12
"c:\Users\FlowUP\Documents\GitHub\Magic\datapacks\Magic_FR\data\stuff\function\stuff_archer\arrows\combined_arrow\player3\1-3.mcfunction", "mcfunction", 0, 0, 9, 2, 1, 12
"c:\Users\FlowUP\Documents\GitHub\Magic\datapacks\Magic_FR\data\stuff\function\stuff_archer\arrows\combined_arrow\player3\2-1.mcfunction", "mcfunction", 0, 0, 9, 2, 1, 12
"c:\Users\FlowUP\Documents\GitHub\Magic\datapacks\Magic_FR\data\stuff\function\stuff_archer\arrows\combined_arrow\player3\2-2.mcfunction", "mcfunction", 0, 0, 9, 2, 1, 12
"c:\Users\FlowUP\Documents\GitHub\Magic\datapacks\Magic_FR\data\stuff\function\stuff_archer\arrows\combined_arrow\player3\2-3.mcfunction", "mcfunction", 0, 0, 9, 2, 1, 12
"c:\Users\FlowUP\Documents\GitHub\Magic\datapacks\Magic_FR\data\stuff\function\stuff_archer\arrows\combined_arrow\player3\3-1.mcfunction", "mcfunction", 0, 0, 9, 2, 1, 12
"c:\Users\FlowUP\Documents\GitHub\Magic\datapacks\Magic_FR\data\stuff\function\stuff_archer\arrows\combined_arrow\player3\3-2.mcfunction", "mcfunction", 0, 0, 9, 2, 1, 12
"c:\Users\FlowUP\Documents\GitHub\Magic\datapacks\Magic_FR\data\stuff\function\stuff_archer\arrows\combined_arrow\player3\3-3.mcfunction", "mcfunction", 0, 0, 9, 2, 1, 12
"c:\Users\FlowUP\Documents\GitHub\Magic\datapacks\Magic_FR\data\stuff\function\stuff_archer\arrows\combined_arrow\player3\check_combination.mcfunction", "mcfunction", 0, 0, 9, 2, 1, 12
"c:\Users\FlowUP\Documents\GitHub\Magic\datapacks\Magic_FR\data\stuff\function\stuff_archer\arrows\combined_arrow\player4\1-1.mcfunction", "mcfunction", 0, 0, 9, 2, 1, 12
"c:\Users\FlowUP\Documents\GitHub\Magic\datapacks\Magic_FR\data\stuff\function\stuff_archer\arrows\combined_arrow\player4\1-2.mcfunction", "mcfunction", 0, 0, 9, 2, 1, 12
"c:\Users\FlowUP\Documents\GitHub\Magic\datapacks\Magic_FR\data\stuff\function\stuff_archer\arrows\combined_arrow\player4\1-3.mcfunction", "mcfunction", 0, 0, 9, 2, 1, 12
"c:\Users\FlowUP\Documents\GitHub\Magic\datapacks\Magic_FR\data\stuff\function\stuff_archer\arrows\combined_arrow\player4\2-1.mcfunction", "mcfunction", 0, 0, 9, 2, 1, 12
"c:\Users\FlowUP\Documents\GitHub\Magic\datapacks\Magic_FR\data\stuff\function\stuff_archer\arrows\combined_arrow\player4\2-2.mcfunction", "mcfunction", 0, 0, 9, 2, 1, 12
"c:\Users\FlowUP\Documents\GitHub\Magic\datapacks\Magic_FR\data\stuff\function\stuff_archer\arrows\combined_arrow\player4\2-3.mcfunction", "mcfunction", 0, 0, 9, 2, 1, 12
"c:\Users\FlowUP\Documents\GitHub\Magic\datapacks\Magic_FR\data\stuff\function\stuff_archer\arrows\combined_arrow\player4\3-1.mcfunction", "mcfunction", 0, 0, 9, 2, 1, 12
"c:\Users\FlowUP\Documents\GitHub\Magic\datapacks\Magic_FR\data\stuff\function\stuff_archer\arrows\combined_arrow\player4\3-2.mcfunction", "mcfunction", 0, 0, 9, 2, 1, 12
"c:\Users\FlowUP\Documents\GitHub\Magic\datapacks\Magic_FR\data\stuff\function\stuff_archer\arrows\combined_arrow\player4\3-3.mcfunction", "mcfunction", 0, 0, 9, 2, 1, 12
"c:\Users\FlowUP\Documents\GitHub\Magic\datapacks\Magic_FR\data\stuff\function\stuff_archer\arrows\combined_arrow\player4\check_combination.mcfunction", "mcfunction", 0, 0, 9, 2, 1, 12
"c:\Users\FlowUP\Documents\GitHub\Magic\datapacks\Magic_FR\data\stuff\function\stuff_archer\arrows\combined_arrow\player5\1-1.mcfunction", "mcfunction", 0, 0, 9, 2, 1, 12
"c:\Users\FlowUP\Documents\GitHub\Magic\datapacks\Magic_FR\data\stuff\function\stuff_archer\arrows\combined_arrow\player5\1-2.mcfunction", "mcfunction", 0, 0, 9, 2, 1, 12
"c:\Users\FlowUP\Documents\GitHub\Magic\datapacks\Magic_FR\data\stuff\function\stuff_archer\arrows\combined_arrow\player5\1-3.mcfunction", "mcfunction", 0, 0, 9, 2, 1, 12
"c:\Users\FlowUP\Documents\GitHub\Magic\datapacks\Magic_FR\data\stuff\function\stuff_archer\arrows\combined_arrow\player5\2-1.mcfunction", "mcfunction", 0, 0, 9, 2, 1, 12
"c:\Users\FlowUP\Documents\GitHub\Magic\datapacks\Magic_FR\data\stuff\function\stuff_archer\arrows\combined_arrow\player5\2-2.mcfunction", "mcfunction", 0, 0, 9, 2, 1, 12
"c:\Users\FlowUP\Documents\GitHub\Magic\datapacks\Magic_FR\data\stuff\function\stuff_archer\arrows\combined_arrow\player5\2-3.mcfunction", "mcfunction", 0, 0, 9, 2, 1, 12
"c:\Users\FlowUP\Documents\GitHub\Magic\datapacks\Magic_FR\data\stuff\function\stuff_archer\arrows\combined_arrow\player5\3-1.mcfunction", "mcfunction", 0, 0, 9, 2, 1, 12
"c:\Users\FlowUP\Documents\GitHub\Magic\datapacks\Magic_FR\data\stuff\function\stuff_archer\arrows\combined_arrow\player5\3-2.mcfunction", "mcfunction", 0, 0, 9, 2, 1, 12
"c:\Users\FlowUP\Documents\GitHub\Magic\datapacks\Magic_FR\data\stuff\function\stuff_archer\arrows\combined_arrow\player5\3-3.mcfunction", "mcfunction", 0, 0, 9, 2, 1, 12
"c:\Users\FlowUP\Documents\GitHub\Magic\datapacks\Magic_FR\data\stuff\function\stuff_archer\arrows\combined_arrow\player5\check_combination.mcfunction", "mcfunction", 0, 0, 9, 2, 1, 12
"c:\Users\FlowUP\Documents\GitHub\Magic\datapacks\Magic_FR\data\stuff\function\stuff_archer\arrows\combined_arrow\player6\1-1.mcfunction", "mcfunction", 0, 0, 9, 2, 1, 12
"c:\Users\FlowUP\Documents\GitHub\Magic\datapacks\Magic_FR\data\stuff\function\stuff_archer\arrows\combined_arrow\player6\1-2.mcfunction", "mcfunction", 0, 0, 9, 2, 1, 12
"c:\Users\FlowUP\Documents\GitHub\Magic\datapacks\Magic_FR\data\stuff\function\stuff_archer\arrows\combined_arrow\player6\1-3.mcfunction", "mcfunction", 0, 0, 9, 2, 1, 12
"c:\Users\FlowUP\Documents\GitHub\Magic\datapacks\Magic_FR\data\stuff\function\stuff_archer\arrows\combined_arrow\player6\2-1.mcfunction", "mcfunction", 0, 0, 9, 2, 1, 12
"c:\Users\FlowUP\Documents\GitHub\Magic\datapacks\Magic_FR\data\stuff\function\stuff_archer\arrows\combined_arrow\player6\2-2.mcfunction", "mcfunction", 0, 0, 9, 2, 1, 12
"c:\Users\FlowUP\Documents\GitHub\Magic\datapacks\Magic_FR\data\stuff\function\stuff_archer\arrows\combined_arrow\player6\2-3.mcfunction", "mcfunction", 0, 0, 9, 2, 1, 12
"c:\Users\FlowUP\Documents\GitHub\Magic\datapacks\Magic_FR\data\stuff\function\stuff_archer\arrows\combined_arrow\player6\3-1.mcfunction", "mcfunction", 0, 0, 9, 2, 1, 12
"c:\Users\FlowUP\Documents\GitHub\Magic\datapacks\Magic_FR\data\stuff\function\stuff_archer\arrows\combined_arrow\player6\3-2.mcfunction", "mcfunction", 0, 0, 9, 2, 1, 12
"c:\Users\FlowUP\Documents\GitHub\Magic\datapacks\Magic_FR\data\stuff\function\stuff_archer\arrows\combined_arrow\player6\3-3.mcfunction", "mcfunction", 0, 0, 9, 2, 1, 12
"c:\Users\FlowUP\Documents\GitHub\Magic\datapacks\Magic_FR\data\stuff\function\stuff_archer\arrows\combined_arrow\player6\check_combination.mcfunction", "mcfunction", 0, 0, 9, 2, 1, 12
"c:\Users\FlowUP\Documents\GitHub\Magic\datapacks\Magic_FR\data\stuff\function\stuff_archer\arrows\combined_arrow\player7\1-1.mcfunction", "mcfunction", 0, 0, 9, 2, 1, 12
"c:\Users\FlowUP\Documents\GitHub\Magic\datapacks\Magic_FR\data\stuff\function\stuff_archer\arrows\combined_arrow\player7\1-2.mcfunction", "mcfunction", 0, 0, 9, 2, 1, 12
"c:\Users\FlowUP\Documents\GitHub\Magic\datapacks\Magic_FR\data\stuff\function\stuff_archer\arrows\combined_arrow\player7\1-3.mcfunction", "mcfunction", 0, 0, 9, 2, 1, 12
"c:\Users\FlowUP\Documents\GitHub\Magic\datapacks\Magic_FR\data\stuff\function\stuff_archer\arrows\combined_arrow\player7\2-1.mcfunction", "mcfunction", 0, 0, 9, 2, 1, 12
"c:\Users\FlowUP\Documents\GitHub\Magic\datapacks\Magic_FR\data\stuff\function\stuff_archer\arrows\combined_arrow\player7\2-2.mcfunction", "mcfunction", 0, 0, 9, 2, 1, 12
"c:\Users\FlowUP\Documents\GitHub\Magic\datapacks\Magic_FR\data\stuff\function\stuff_archer\arrows\combined_arrow\player7\2-3.mcfunction", "mcfunction", 0, 0, 9, 2, 1, 12
"c:\Users\FlowUP\Documents\GitHub\Magic\datapacks\Magic_FR\data\stuff\function\stuff_archer\arrows\combined_arrow\player7\3-1.mcfunction", "mcfunction", 0, 0, 9, 2, 1, 12
"c:\Users\FlowUP\Documents\GitHub\Magic\datapacks\Magic_FR\data\stuff\function\stuff_archer\arrows\combined_arrow\player7\3-2.mcfunction", "mcfunction", 0, 0, 9, 2, 1, 12
"c:\Users\FlowUP\Documents\GitHub\Magic\datapacks\Magic_FR\data\stuff\function\stuff_archer\arrows\combined_arrow\player7\3-3.mcfunction", "mcfunction", 0, 0, 9, 2, 1, 12
"c:\Users\FlowUP\Documents\GitHub\Magic\datapacks\Magic_FR\data\stuff\function\stuff_archer\arrows\combined_arrow\player7\check_combination.mcfunction", "mcfunction", 0, 0, 9, 2, 1, 12
"c:\Users\FlowUP\Documents\GitHub\Magic\datapacks\Magic_FR\data\stuff\function\stuff_archer\arrows\combined_arrow\player8\1-1.mcfunction", "mcfunction", 0, 0, 9, 2, 1, 12
"c:\Users\FlowUP\Documents\GitHub\Magic\datapacks\Magic_FR\data\stuff\function\stuff_archer\arrows\combined_arrow\player8\1-2.mcfunction", "mcfunction", 0, 0, 9, 2, 1, 12
"c:\Users\FlowUP\Documents\GitHub\Magic\datapacks\Magic_FR\data\stuff\function\stuff_archer\arrows\combined_arrow\player8\1-3.mcfunction", "mcfunction", 0, 0, 9, 2, 1, 12
"c:\Users\FlowUP\Documents\GitHub\Magic\datapacks\Magic_FR\data\stuff\function\stuff_archer\arrows\combined_arrow\player8\2-1.mcfunction", "mcfunction", 0, 0, 9, 2, 1, 12
"c:\Users\FlowUP\Documents\GitHub\Magic\datapacks\Magic_FR\data\stuff\function\stuff_archer\arrows\combined_arrow\player8\2-2.mcfunction", "mcfunction", 0, 0, 9, 2, 1, 12
"c:\Users\FlowUP\Documents\GitHub\Magic\datapacks\Magic_FR\data\stuff\function\stuff_archer\arrows\combined_arrow\player8\2-3.mcfunction", "mcfunction", 0, 0, 9, 2, 1, 12
"c:\Users\FlowUP\Documents\GitHub\Magic\datapacks\Magic_FR\data\stuff\function\stuff_archer\arrows\combined_arrow\player8\3-1.mcfunction", "mcfunction", 0, 0, 9, 2, 1, 12
"c:\Users\FlowUP\Documents\GitHub\Magic\datapacks\Magic_FR\data\stuff\function\stuff_archer\arrows\combined_arrow\player8\3-2.mcfunction", "mcfunction", 0, 0, 9, 2, 1, 12
"c:\Users\FlowUP\Documents\GitHub\Magic\datapacks\Magic_FR\data\stuff\function\stuff_archer\arrows\combined_arrow\player8\3-3.mcfunction", "mcfunction", 0, 0, 9, 2, 1, 12
"c:\Users\FlowUP\Documents\GitHub\Magic\datapacks\Magic_FR\data\stuff\function\stuff_archer\arrows\combined_arrow\player8\check_combination.mcfunction", "mcfunction", 0, 0, 9, 2, 1, 12
"c:\Users\FlowUP\Documents\GitHub\Magic\datapacks\Magic_FR\data\stuff\function\stuff_archer\arrows\combined_arrow\player9\1-1.mcfunction", "mcfunction", 0, 0, 9, 2, 1, 12
"c:\Users\FlowUP\Documents\GitHub\Magic\datapacks\Magic_FR\data\stuff\function\stuff_archer\arrows\combined_arrow\player9\1-2.mcfunction", "mcfunction", 0, 0, 9, 2, 1, 12
"c:\Users\FlowUP\Documents\GitHub\Magic\datapacks\Magic_FR\data\stuff\function\stuff_archer\arrows\combined_arrow\player9\1-3.mcfunction", "mcfunction", 0, 0, 9, 2, 1, 12
"c:\Users\FlowUP\Documents\GitHub\Magic\datapacks\Magic_FR\data\stuff\function\stuff_archer\arrows\combined_arrow\player9\2-1.mcfunction", "mcfunction", 0, 0, 9, 2, 1, 12
"c:\Users\FlowUP\Documents\GitHub\Magic\datapacks\Magic_FR\data\stuff\function\stuff_archer\arrows\combined_arrow\player9\2-2.mcfunction", "mcfunction", 0, 0, 9, 2, 1, 12
"c:\Users\FlowUP\Documents\GitHub\Magic\datapacks\Magic_FR\data\stuff\function\stuff_archer\arrows\combined_arrow\player9\2-3.mcfunction", "mcfunction", 0, 0, 9, 2, 1, 12
"c:\Users\FlowUP\Documents\GitHub\Magic\datapacks\Magic_FR\data\stuff\function\stuff_archer\arrows\combined_arrow\player9\3-1.mcfunction", "mcfunction", 0, 0, 9, 2, 1, 12
"c:\Users\FlowUP\Documents\GitHub\Magic\datapacks\Magic_FR\data\stuff\function\stuff_archer\arrows\combined_arrow\player9\3-2.mcfunction", "mcfunction", 0, 0, 9, 2, 1, 12
"c:\Users\FlowUP\Documents\GitHub\Magic\datapacks\Magic_FR\data\stuff\function\stuff_archer\arrows\combined_arrow\player9\3-3.mcfunction", "mcfunction", 0, 0, 9, 2, 1, 12
"c:\Users\FlowUP\Documents\GitHub\Magic\datapacks\Magic_FR\data\stuff\function\stuff_archer\arrows\combined_arrow\player9\check_combination.mcfunction", "mcfunction", 0, 0, 9, 2, 1, 12
"c:\Users\FlowUP\Documents\GitHub\Magic\datapacks\Magic_FR\data\stuff\function\stuff_archer\arrows\explosive_arrow\lvl1\check_player_number.mcfunction", "mcfunction", 0, 0, 12, 2, 1, 15
"c:\Users\FlowUP\Documents\GitHub\Magic\datapacks\Magic_FR\data\stuff\function\stuff_archer\arrows\explosive_arrow\lvl1\player1.mcfunction", "mcfunction", 0, 0, 9, 0, 0, 9
"c:\Users\FlowUP\Documents\GitHub\Magic\datapacks\Magic_FR\data\stuff\function\stuff_archer\arrows\explosive_arrow\lvl1\player10.mcfunction", "mcfunction", 0, 0, 9, 0, 0, 9
"c:\Users\FlowUP\Documents\GitHub\Magic\datapacks\Magic_FR\data\stuff\function\stuff_archer\arrows\explosive_arrow\lvl1\player11.mcfunction", "mcfunction", 0, 0, 9, 0, 0, 9
"c:\Users\FlowUP\Documents\GitHub\Magic\datapacks\Magic_FR\data\stuff\function\stuff_archer\arrows\explosive_arrow\lvl1\player12.mcfunction", "mcfunction", 0, 0, 9, 0, 0, 9
"c:\Users\FlowUP\Documents\GitHub\Magic\datapacks\Magic_FR\data\stuff\function\stuff_archer\arrows\explosive_arrow\lvl1\player2.mcfunction", "mcfunction", 0, 0, 9, 0, 0, 9
"c:\Users\FlowUP\Documents\GitHub\Magic\datapacks\Magic_FR\data\stuff\function\stuff_archer\arrows\explosive_arrow\lvl1\player3.mcfunction", "mcfunction", 0, 0, 9, 0, 0, 9
"c:\Users\FlowUP\Documents\GitHub\Magic\datapacks\Magic_FR\data\stuff\function\stuff_archer\arrows\explosive_arrow\lvl1\player4.mcfunction", "mcfunction", 0, 0, 9, 0, 0, 9
"c:\Users\FlowUP\Documents\GitHub\Magic\datapacks\Magic_FR\data\stuff\function\stuff_archer\arrows\explosive_arrow\lvl1\player5.mcfunction", "mcfunction", 0, 0, 9, 0, 0, 9
"c:\Users\FlowUP\Documents\GitHub\Magic\datapacks\Magic_FR\data\stuff\function\stuff_archer\arrows\explosive_arrow\lvl1\player6.mcfunction", "mcfunction", 0, 0, 9, 0, 0, 9
"c:\Users\FlowUP\Documents\GitHub\Magic\datapacks\Magic_FR\data\stuff\function\stuff_archer\arrows\explosive_arrow\lvl1\player7.mcfunction", "mcfunction", 0, 0, 9, 0, 0, 9
"c:\Users\FlowUP\Documents\GitHub\Magic\datapacks\Magic_FR\data\stuff\function\stuff_archer\arrows\explosive_arrow\lvl1\player8.mcfunction", "mcfunction", 0, 0, 9, 0, 0, 9
"c:\Users\FlowUP\Documents\GitHub\Magic\datapacks\Magic_FR\data\stuff\function\stuff_archer\arrows\explosive_arrow\lvl1\player9.mcfunction", "mcfunction", 0, 0, 9, 0, 0, 9
"c:\Users\FlowUP\Documents\GitHub\Magic\datapacks\Magic_FR\data\stuff\function\stuff_archer\arrows\explosive_arrow\lvl2\check_player_number.mcfunction", "mcfunction", 0, 0, 12, 2, 1, 15
"c:\Users\FlowUP\Documents\GitHub\Magic\datapacks\Magic_FR\data\stuff\function\stuff_archer\arrows\explosive_arrow\lvl2\player1.mcfunction", "mcfunction", 0, 0, 9, 0, 0, 9
"c:\Users\FlowUP\Documents\GitHub\Magic\datapacks\Magic_FR\data\stuff\function\stuff_archer\arrows\explosive_arrow\lvl2\player10.mcfunction", "mcfunction", 0, 0, 9, 0, 0, 9
"c:\Users\FlowUP\Documents\GitHub\Magic\datapacks\Magic_FR\data\stuff\function\stuff_archer\arrows\explosive_arrow\lvl2\player11.mcfunction", "mcfunction", 0, 0, 9, 0, 0, 9
"c:\Users\FlowUP\Documents\GitHub\Magic\datapacks\Magic_FR\data\stuff\function\stuff_archer\arrows\explosive_arrow\lvl2\player12.mcfunction", "mcfunction", 0, 0, 9, 0, 0, 9
"c:\Users\FlowUP\Documents\GitHub\Magic\datapacks\Magic_FR\data\stuff\function\stuff_archer\arrows\explosive_arrow\lvl2\player2.mcfunction", "mcfunction", 0, 0, 9, 0, 0, 9
"c:\Users\FlowUP\Documents\GitHub\Magic\datapacks\Magic_FR\data\stuff\function\stuff_archer\arrows\explosive_arrow\lvl2\player3.mcfunction", "mcfunction", 0, 0, 9, 0, 0, 9
"c:\Users\FlowUP\Documents\GitHub\Magic\datapacks\Magic_FR\data\stuff\function\stuff_archer\arrows\explosive_arrow\lvl2\player4.mcfunction", "mcfunction", 0, 0, 9, 0, 0, 9
"c:\Users\FlowUP\Documents\GitHub\Magic\datapacks\Magic_FR\data\stuff\function\stuff_archer\arrows\explosive_arrow\lvl2\player5.mcfunction", "mcfunction", 0, 0, 9, 0, 0, 9
"c:\Users\FlowUP\Documents\GitHub\Magic\datapacks\Magic_FR\data\stuff\function\stuff_archer\arrows\explosive_arrow\lvl2\player6.mcfunction", "mcfunction", 0, 0, 9, 0, 0, 9
"c:\Users\FlowUP\Documents\GitHub\Magic\datapacks\Magic_FR\data\stuff\function\stuff_archer\arrows\explosive_arrow\lvl2\player7.mcfunction", "mcfunction", 0, 0, 9, 0, 0, 9
"c:\Users\FlowUP\Documents\GitHub\Magic\datapacks\Magic_FR\data\stuff\function\stuff_archer\arrows\explosive_arrow\lvl2\player8.mcfunction", "mcfunction", 0, 0, 9, 0, 0, 9
"c:\Users\FlowUP\Documents\GitHub\Magic\datapacks\Magic_FR\data\stuff\function\stuff_archer\arrows\explosive_arrow\lvl2\player9.mcfunction", "mcfunction", 0, 0, 9, 0, 0, 9
"c:\Users\FlowUP\Documents\GitHub\Magic\datapacks\Magic_FR\data\stuff\function\stuff_archer\arrows\explosive_arrow\lvl3\check_player_number.mcfunction", "mcfunction", 0, 0, 12, 2, 1, 15
"c:\Users\FlowUP\Documents\GitHub\Magic\datapacks\Magic_FR\data\stuff\function\stuff_archer\arrows\explosive_arrow\lvl3\player1.mcfunction", "mcfunction", 0, 0, 9, 0, 0, 9
"c:\Users\FlowUP\Documents\GitHub\Magic\datapacks\Magic_FR\data\stuff\function\stuff_archer\arrows\explosive_arrow\lvl3\player10.mcfunction", "mcfunction", 0, 0, 9, 0, 0, 9
"c:\Users\FlowUP\Documents\GitHub\Magic\datapacks\Magic_FR\data\stuff\function\stuff_archer\arrows\explosive_arrow\lvl3\player11.mcfunction", "mcfunction", 0, 0, 9, 0, 0, 9
"c:\Users\FlowUP\Documents\GitHub\Magic\datapacks\Magic_FR\data\stuff\function\stuff_archer\arrows\explosive_arrow\lvl3\player12.mcfunction", "mcfunction", 0, 0, 9, 0, 0, 9
"c:\Users\FlowUP\Documents\GitHub\Magic\datapacks\Magic_FR\data\stuff\function\stuff_archer\arrows\explosive_arrow\lvl3\player2.mcfunction", "mcfunction", 0, 0, 9, 0, 0, 9
"c:\Users\FlowUP\Documents\GitHub\Magic\datapacks\Magic_FR\data\stuff\function\stuff_archer\arrows\explosive_arrow\lvl3\player3.mcfunction", "mcfunction", 0, 0, 9, 0, 0, 9
"c:\Users\FlowUP\Documents\GitHub\Magic\datapacks\Magic_FR\data\stuff\function\stuff_archer\arrows\explosive_arrow\lvl3\player4.mcfunction", "mcfunction", 0, 0, 9, 0, 0, 9
"c:\Users\FlowUP\Documents\GitHub\Magic\datapacks\Magic_FR\data\stuff\function\stuff_archer\arrows\explosive_arrow\lvl3\player5.mcfunction", "mcfunction", 0, 0, 9, 0, 0, 9
"c:\Users\FlowUP\Documents\GitHub\Magic\datapacks\Magic_FR\data\stuff\function\stuff_archer\arrows\explosive_arrow\lvl3\player6.mcfunction", "mcfunction", 0, 0, 9, 0, 0, 9
"c:\Users\FlowUP\Documents\GitHub\Magic\datapacks\Magic_FR\data\stuff\function\stuff_archer\arrows\explosive_arrow\lvl3\player7.mcfunction", "mcfunction", 0, 0, 9, 0, 0, 9
"c:\Users\FlowUP\Documents\GitHub\Magic\datapacks\Magic_FR\data\stuff\function\stuff_archer\arrows\explosive_arrow\lvl3\player8.mcfunction", "mcfunction", 0, 0, 9, 0, 0, 9
"c:\Users\FlowUP\Documents\GitHub\Magic\datapacks\Magic_FR\data\stuff\function\stuff_archer\arrows\explosive_arrow\lvl3\player9.mcfunction", "mcfunction", 0, 0, 9, 0, 0, 9
"c:\Users\FlowUP\Documents\GitHub\Magic\datapacks\Magic_FR\data\stuff\function\stuff_archer\arrows\freeze_arrow\lvl1\check_player_number.mcfunction", "mcfunction", 0, 0, 12, 2, 1, 15
"c:\Users\FlowUP\Documents\GitHub\Magic\datapacks\Magic_FR\data\stuff\function\stuff_archer\arrows\freeze_arrow\lvl1\player1.mcfunction", "mcfunction", 0, 0, 9, 0, 0, 9
"c:\Users\FlowUP\Documents\GitHub\Magic\datapacks\Magic_FR\data\stuff\function\stuff_archer\arrows\freeze_arrow\lvl1\player10.mcfunction", "mcfunction", 0, 0, 9, 0, 0, 9
"c:\Users\FlowUP\Documents\GitHub\Magic\datapacks\Magic_FR\data\stuff\function\stuff_archer\arrows\freeze_arrow\lvl1\player11.mcfunction", "mcfunction", 0, 0, 9, 0, 0, 9
"c:\Users\FlowUP\Documents\GitHub\Magic\datapacks\Magic_FR\data\stuff\function\stuff_archer\arrows\freeze_arrow\lvl1\player12.mcfunction", "mcfunction", 0, 0, 9, 0, 0, 9
"c:\Users\FlowUP\Documents\GitHub\Magic\datapacks\Magic_FR\data\stuff\function\stuff_archer\arrows\freeze_arrow\lvl1\player2.mcfunction", "mcfunction", 0, 0, 9, 0, 0, 9
"c:\Users\FlowUP\Documents\GitHub\Magic\datapacks\Magic_FR\data\stuff\function\stuff_archer\arrows\freeze_arrow\lvl1\player3.mcfunction", "mcfunction", 0, 0, 9, 0, 0, 9
"c:\Users\FlowUP\Documents\GitHub\Magic\datapacks\Magic_FR\data\stuff\function\stuff_archer\arrows\freeze_arrow\lvl1\player4.mcfunction", "mcfunction", 0, 0, 9, 0, 0, 9
"c:\Users\FlowUP\Documents\GitHub\Magic\datapacks\Magic_FR\data\stuff\function\stuff_archer\arrows\freeze_arrow\lvl1\player5.mcfunction", "mcfunction", 0, 0, 9, 0, 0, 9
"c:\Users\FlowUP\Documents\GitHub\Magic\datapacks\Magic_FR\data\stuff\function\stuff_archer\arrows\freeze_arrow\lvl1\player6.mcfunction", "mcfunction", 0, 0, 9, 0, 0, 9
"c:\Users\FlowUP\Documents\GitHub\Magic\datapacks\Magic_FR\data\stuff\function\stuff_archer\arrows\freeze_arrow\lvl1\player7.mcfunction", "mcfunction", 0, 0, 9, 0, 0, 9
"c:\Users\FlowUP\Documents\GitHub\Magic\datapacks\Magic_FR\data\stuff\function\stuff_archer\arrows\freeze_arrow\lvl1\player8.mcfunction", "mcfunction", 0, 0, 9, 0, 0, 9
"c:\Users\FlowUP\Documents\GitHub\Magic\datapacks\Magic_FR\data\stuff\function\stuff_archer\arrows\freeze_arrow\lvl1\player9.mcfunction", "mcfunction", 0, 0, 9, 0, 0, 9
"c:\Users\FlowUP\Documents\GitHub\Magic\datapacks\Magic_FR\data\stuff\function\stuff_archer\arrows\freeze_arrow\lvl2\check_player_number.mcfunction", "mcfunction", 0, 0, 12, 2, 1, 15
"c:\Users\FlowUP\Documents\GitHub\Magic\datapacks\Magic_FR\data\stuff\function\stuff_archer\arrows\freeze_arrow\lvl2\player1.mcfunction", "mcfunction", 0, 0, 9, 0, 0, 9
"c:\Users\FlowUP\Documents\GitHub\Magic\datapacks\Magic_FR\data\stuff\function\stuff_archer\arrows\freeze_arrow\lvl2\player10.mcfunction", "mcfunction", 0, 0, 9, 0, 0, 9
"c:\Users\FlowUP\Documents\GitHub\Magic\datapacks\Magic_FR\data\stuff\function\stuff_archer\arrows\freeze_arrow\lvl2\player11.mcfunction", "mcfunction", 0, 0, 9, 0, 0, 9
"c:\Users\FlowUP\Documents\GitHub\Magic\datapacks\Magic_FR\data\stuff\function\stuff_archer\arrows\freeze_arrow\lvl2\player12.mcfunction", "mcfunction", 0, 0, 9, 0, 0, 9
"c:\Users\FlowUP\Documents\GitHub\Magic\datapacks\Magic_FR\data\stuff\function\stuff_archer\arrows\freeze_arrow\lvl2\player2.mcfunction", "mcfunction", 0, 0, 9, 0, 0, 9
"c:\Users\FlowUP\Documents\GitHub\Magic\datapacks\Magic_FR\data\stuff\function\stuff_archer\arrows\freeze_arrow\lvl2\player3.mcfunction", "mcfunction", 0, 0, 9, 0, 0, 9
"c:\Users\FlowUP\Documents\GitHub\Magic\datapacks\Magic_FR\data\stuff\function\stuff_archer\arrows\freeze_arrow\lvl2\player4.mcfunction", "mcfunction", 0, 0, 9, 0, 0, 9
"c:\Users\FlowUP\Documents\GitHub\Magic\datapacks\Magic_FR\data\stuff\function\stuff_archer\arrows\freeze_arrow\lvl2\player5.mcfunction", "mcfunction", 0, 0, 9, 0, 0, 9
"c:\Users\FlowUP\Documents\GitHub\Magic\datapacks\Magic_FR\data\stuff\function\stuff_archer\arrows\freeze_arrow\lvl2\player6.mcfunction", "mcfunction", 0, 0, 9, 0, 0, 9
"c:\Users\FlowUP\Documents\GitHub\Magic\datapacks\Magic_FR\data\stuff\function\stuff_archer\arrows\freeze_arrow\lvl2\player7.mcfunction", "mcfunction", 0, 0, 9, 0, 0, 9
"c:\Users\FlowUP\Documents\GitHub\Magic\datapacks\Magic_FR\data\stuff\function\stuff_archer\arrows\freeze_arrow\lvl2\player8.mcfunction", "mcfunction", 0, 0, 9, 0, 0, 9
"c:\Users\FlowUP\Documents\GitHub\Magic\datapacks\Magic_FR\data\stuff\function\stuff_archer\arrows\freeze_arrow\lvl2\player9.mcfunction", "mcfunction", 0, 0, 9, 0, 0, 9
"c:\Users\FlowUP\Documents\GitHub\Magic\datapacks\Magic_FR\data\stuff\function\stuff_archer\arrows\freeze_arrow\lvl3\check_player_number.mcfunction", "mcfunction", 0, 0, 12, 2, 1, 15
"c:\Users\FlowUP\Documents\GitHub\Magic\datapacks\Magic_FR\data\stuff\function\stuff_archer\arrows\freeze_arrow\lvl3\player1.mcfunction", "mcfunction", 0, 0, 9, 0, 0, 9
"c:\Users\FlowUP\Documents\GitHub\Magic\datapacks\Magic_FR\data\stuff\function\stuff_archer\arrows\freeze_arrow\lvl3\player10.mcfunction", "mcfunction", 0, 0, 9, 0, 0, 9
"c:\Users\FlowUP\Documents\GitHub\Magic\datapacks\Magic_FR\data\stuff\function\stuff_archer\arrows\freeze_arrow\lvl3\player11.mcfunction", "mcfunction", 0, 0, 9, 0, 0, 9
"c:\Users\FlowUP\Documents\GitHub\Magic\datapacks\Magic_FR\data\stuff\function\stuff_archer\arrows\freeze_arrow\lvl3\player12.mcfunction", "mcfunction", 0, 0, 9, 0, 0, 9
"c:\Users\FlowUP\Documents\GitHub\Magic\datapacks\Magic_FR\data\stuff\function\stuff_archer\arrows\freeze_arrow\lvl3\player2.mcfunction", "mcfunction", 0, 0, 9, 0, 0, 9
"c:\Users\FlowUP\Documents\GitHub\Magic\datapacks\Magic_FR\data\stuff\function\stuff_archer\arrows\freeze_arrow\lvl3\player3.mcfunction", "mcfunction", 0, 0, 9, 0, 0, 9
"c:\Users\FlowUP\Documents\GitHub\Magic\datapacks\Magic_FR\data\stuff\function\stuff_archer\arrows\freeze_arrow\lvl3\player4.mcfunction", "mcfunction", 0, 0, 9, 0, 0, 9
"c:\Users\FlowUP\Documents\GitHub\Magic\datapacks\Magic_FR\data\stuff\function\stuff_archer\arrows\freeze_arrow\lvl3\player5.mcfunction", "mcfunction", 0, 0, 9, 0, 0, 9
"c:\Users\FlowUP\Documents\GitHub\Magic\datapacks\Magic_FR\data\stuff\function\stuff_archer\arrows\freeze_arrow\lvl3\player6.mcfunction", "mcfunction", 0, 0, 9, 0, 0, 9
"c:\Users\FlowUP\Documents\GitHub\Magic\datapacks\Magic_FR\data\stuff\function\stuff_archer\arrows\freeze_arrow\lvl3\player7.mcfunction", "mcfunction", 0, 0, 9, 0, 0, 9
"c:\Users\FlowUP\Documents\GitHub\Magic\datapacks\Magic_FR\data\stuff\function\stuff_archer\arrows\freeze_arrow\lvl3\player8.mcfunction", "mcfunction", 0, 0, 9, 0, 0, 9
"c:\Users\FlowUP\Documents\GitHub\Magic\datapacks\Magic_FR\data\stuff\function\stuff_archer\arrows\freeze_arrow\lvl3\player9.mcfunction", "mcfunction", 0, 0, 9, 0, 0, 9
"c:\Users\FlowUP\Documents\GitHub\Magic\datapacks\Magic_FR\data\stuff\function\stuff_archer\cooldowns_a\cooldowns_a.mcfunction", "mcfunction", 0, 0, 9, 1, 3, 13
"c:\Users\FlowUP\Documents\GitHub\Magic\datapacks\Magic_FR\data\stuff\function\stuff_archer\cooldowns_a\spell1\spell1lvl1_a.mcfunction", "mcfunction", 0, 0, 12, 4, 5, 21
"c:\Users\FlowUP\Documents\GitHub\Magic\datapacks\Magic_FR\data\stuff\function\stuff_archer\cooldowns_a\spell1\spell1lvl2_a.mcfunction", "mcfunction", 0, 0, 12, 4, 4, 20
"c:\Users\FlowUP\Documents\GitHub\Magic\datapacks\Magic_FR\data\stuff\function\stuff_archer\cooldowns_a\spell1\spell1lvl3_a.mcfunction", "mcfunction", 0, 0, 12, 4, 3, 19
"c:\Users\FlowUP\Documents\GitHub\Magic\datapacks\Magic_FR\data\stuff\function\stuff_archer\cooldowns_a\spell2\spell2lvl1_a.mcfunction", "mcfunction", 0, 0, 12, 4, 3, 19
"c:\Users\FlowUP\Documents\GitHub\Magic\datapacks\Magic_FR\data\stuff\function\stuff_archer\cooldowns_a\spell2\spell2lvl2_a.mcfunction", "mcfunction", 0, 0, 12, 4, 3, 19
"c:\Users\FlowUP\Documents\GitHub\Magic\datapacks\Magic_FR\data\stuff\function\stuff_archer\cooldowns_a\spell2\spell2lvl3_a.mcfunction", "mcfunction", 0, 0, 12, 4, 3, 19
"c:\Users\FlowUP\Documents\GitHub\Magic\datapacks\Magic_FR\data\stuff\function\stuff_archer\cooldowns_a\spell3\spell3lvl1_a.mcfunction", "mcfunction", 0, 0, 12, 4, 3, 19
"c:\Users\FlowUP\Documents\GitHub\Magic\datapacks\Magic_FR\data\stuff\function\stuff_archer\cooldowns_a\spell3\spell3lvl2_a.mcfunction", "mcfunction", 0, 0, 12, 4, 3, 19
"c:\Users\FlowUP\Documents\GitHub\Magic\datapacks\Magic_FR\data\stuff\function\stuff_archer\cooldowns_a\spell3\spell3lvl3_a.mcfunction", "mcfunction", 0, 0, 12, 4, 3, 19
"c:\Users\FlowUP\Documents\GitHub\Magic\datapacks\Magic_FR\data\stuff\function\stuff_archer\determine_stuff.mcfunction", "mcfunction", 0, 0, 243, 83, 119, 445
"c:\Users\FlowUP\Documents\GitHub\Magic\datapacks\Magic_FR\data\stuff\function\stuff_archer\drop_a.mcfunction", "mcfunction", 0, 0, 12, 5, 6, 23
"c:\Users\FlowUP\Documents\GitHub\Magic\datapacks\Magic_FR\data\stuff\function\stuff_archer\keybind1.mcfunction", "mcfunction", 0, 0, 32, 6, 4, 42
"c:\Users\FlowUP\Documents\GitHub\Magic\datapacks\Magic_FR\data\stuff\function\stuff_archer\keybind2.mcfunction", "mcfunction", 0, 0, 34, 6, 6, 46
"c:\Users\FlowUP\Documents\GitHub\Magic\datapacks\Magic_FR\data\stuff\function\stuff_archer\save_stuff_as_storage\determine_player.mcfunction", "mcfunction", 0, 0, 12, 2, 1, 15
"c:\Users\FlowUP\Documents\GitHub\Magic\datapacks\Magic_FR\data\stuff\function\stuff_archer\save_stuff_as_storage\player1.mcfunction", "mcfunction", 0, 0, 24, 2, 4, 30
"c:\Users\FlowUP\Documents\GitHub\Magic\datapacks\Magic_FR\data\stuff\function\stuff_archer\save_stuff_as_storage\player10.mcfunction", "mcfunction", 0, 0, 24, 2, 4, 30
"c:\Users\FlowUP\Documents\GitHub\Magic\datapacks\Magic_FR\data\stuff\function\stuff_archer\save_stuff_as_storage\player11.mcfunction", "mcfunction", 0, 0, 24, 2, 4, 30
"c:\Users\FlowUP\Documents\GitHub\Magic\datapacks\Magic_FR\data\stuff\function\stuff_archer\save_stuff_as_storage\player12.mcfunction", "mcfunction", 0, 0, 24, 2, 4, 30
"c:\Users\FlowUP\Documents\GitHub\Magic\datapacks\Magic_FR\data\stuff\function\stuff_archer\save_stuff_as_storage\player2.mcfunction", "mcfunction", 0, 0, 24, 2, 4, 30
"c:\Users\FlowUP\Documents\GitHub\Magic\datapacks\Magic_FR\data\stuff\function\stuff_archer\save_stuff_as_storage\player3.mcfunction", "mcfunction", 0, 0, 24, 2, 4, 30
"c:\Users\FlowUP\Documents\GitHub\Magic\datapacks\Magic_FR\data\stuff\function\stuff_archer\save_stuff_as_storage\player4.mcfunction", "mcfunction", 0, 0, 24, 2, 4, 30
"c:\Users\FlowUP\Documents\GitHub\Magic\datapacks\Magic_FR\data\stuff\function\stuff_archer\save_stuff_as_storage\player5.mcfunction", "mcfunction", 0, 0, 24, 2, 4, 30
"c:\Users\FlowUP\Documents\GitHub\Magic\datapacks\Magic_FR\data\stuff\function\stuff_archer\save_stuff_as_storage\player6.mcfunction", "mcfunction", 0, 0, 24, 2, 4, 30
"c:\Users\FlowUP\Documents\GitHub\Magic\datapacks\Magic_FR\data\stuff\function\stuff_archer\save_stuff_as_storage\player7.mcfunction", "mcfunction", 0, 0, 24, 2, 4, 30
"c:\Users\FlowUP\Documents\GitHub\Magic\datapacks\Magic_FR\data\stuff\function\stuff_archer\save_stuff_as_storage\player8.mcfunction", "mcfunction", 0, 0, 24, 2, 4, 30
"c:\Users\FlowUP\Documents\GitHub\Magic\datapacks\Magic_FR\data\stuff\function\stuff_archer\save_stuff_as_storage\player9.mcfunction", "mcfunction", 0, 0, 24, 2, 4, 30
"c:\Users\FlowUP\Documents\GitHub\Magic\datapacks\Magic_FR\data\stuff\function\stuff_archer\spell1\determine_slot.mcfunction", "mcfunction", 0, 0, 9, 2, 1, 12
"c:\Users\FlowUP\Documents\GitHub\Magic\datapacks\Magic_FR\data\stuff\function\stuff_archer\spell1\slot0.mcfunction", "mcfunction", 0, 0, 3, 2, 1, 6
"c:\Users\FlowUP\Documents\GitHub\Magic\datapacks\Magic_FR\data\stuff\function\stuff_archer\spell1\slot1.mcfunction", "mcfunction", 0, 0, 3, 2, 1, 6
"c:\Users\FlowUP\Documents\GitHub\Magic\datapacks\Magic_FR\data\stuff\function\stuff_archer\spell1\slot2.mcfunction", "mcfunction", 0, 0, 3, 2, 1, 6
"c:\Users\FlowUP\Documents\GitHub\Magic\datapacks\Magic_FR\data\stuff\function\stuff_archer\spell1\slot3.mcfunction", "mcfunction", 0, 0, 3, 2, 1, 6
"c:\Users\FlowUP\Documents\GitHub\Magic\datapacks\Magic_FR\data\stuff\function\stuff_archer\spell1\slot4.mcfunction", "mcfunction", 0, 0, 3, 2, 1, 6
"c:\Users\FlowUP\Documents\GitHub\Magic\datapacks\Magic_FR\data\stuff\function\stuff_archer\spell1\slot5.mcfunction", "mcfunction", 0, 0, 3, 2, 1, 6
"c:\Users\FlowUP\Documents\GitHub\Magic\datapacks\Magic_FR\data\stuff\function\stuff_archer\spell1\slot6.mcfunction", "mcfunction", 0, 0, 3, 2, 1, 6
"c:\Users\FlowUP\Documents\GitHub\Magic\datapacks\Magic_FR\data\stuff\function\stuff_archer\spell1\slot7.mcfunction", "mcfunction", 0, 0, 3, 2, 1, 6
"c:\Users\FlowUP\Documents\GitHub\Magic\datapacks\Magic_FR\data\stuff\function\stuff_archer\spell1\slot8.mcfunction", "mcfunction", 0, 0, 3, 2, 1, 6
"c:\Users\FlowUP\Documents\GitHub\Magic\datapacks\Magic_FR\data\stuff\function\stuff_archer\spell2\determine_slot.mcfunction", "mcfunction", 0, 0, 9, 2, 1, 12
"c:\Users\FlowUP\Documents\GitHub\Magic\datapacks\Magic_FR\data\stuff\function\stuff_archer\spell2\slot0.mcfunction", "mcfunction", 0, 0, 6, 8, 2, 16
"c:\Users\FlowUP\Documents\GitHub\Magic\datapacks\Magic_FR\data\stuff\function\stuff_archer\spell2\slot1.mcfunction", "mcfunction", 0, 0, 6, 8, 2, 16
"c:\Users\FlowUP\Documents\GitHub\Magic\datapacks\Magic_FR\data\stuff\function\stuff_archer\spell2\slot2.mcfunction", "mcfunction", 0, 0, 6, 8, 2, 16
"c:\Users\FlowUP\Documents\GitHub\Magic\datapacks\Magic_FR\data\stuff\function\stuff_archer\spell2\slot3.mcfunction", "mcfunction", 0, 0, 6, 8, 2, 16
"c:\Users\FlowUP\Documents\GitHub\Magic\datapacks\Magic_FR\data\stuff\function\stuff_archer\spell2\slot4.mcfunction", "mcfunction", 0, 0, 6, 8, 2, 16
"c:\Users\FlowUP\Documents\GitHub\Magic\datapacks\Magic_FR\data\stuff\function\stuff_archer\spell2\slot5.mcfunction", "mcfunction", 0, 0, 6, 8, 2, 16
"c:\Users\FlowUP\Documents\GitHub\Magic\datapacks\Magic_FR\data\stuff\function\stuff_archer\spell2\slot6.mcfunction", "mcfunction", 0, 0, 6, 8, 2, 16
"c:\Users\FlowUP\Documents\GitHub\Magic\datapacks\Magic_FR\data\stuff\function\stuff_archer\spell2\slot7.mcfunction", "mcfunction", 0, 0, 6, 8, 2, 16
"c:\Users\FlowUP\Documents\GitHub\Magic\datapacks\Magic_FR\data\stuff\function\stuff_archer\spell2\slot8.mcfunction", "mcfunction", 0, 0, 6, 8, 2, 16
"c:\Users\FlowUP\Documents\GitHub\Magic\datapacks\Magic_FR\data\stuff\function\stuff_archer\spell3\determine_slot.mcfunction", "mcfunction", 0, 0, 9, 2, 1, 12
"c:\Users\FlowUP\Documents\GitHub\Magic\datapacks\Magic_FR\data\stuff\function\stuff_archer\spell3\slot0.mcfunction", "mcfunction", 0, 0, 3, 2, 1, 6
"c:\Users\FlowUP\Documents\GitHub\Magic\datapacks\Magic_FR\data\stuff\function\stuff_archer\spell3\slot1.mcfunction", "mcfunction", 0, 0, 3, 2, 1, 6
"c:\Users\FlowUP\Documents\GitHub\Magic\datapacks\Magic_FR\data\stuff\function\stuff_archer\spell3\slot2.mcfunction", "mcfunction", 0, 0, 3, 2, 1, 6
"c:\Users\FlowUP\Documents\GitHub\Magic\datapacks\Magic_FR\data\stuff\function\stuff_archer\spell3\slot3.mcfunction", "mcfunction", 0, 0, 3, 2, 1, 6
"c:\Users\FlowUP\Documents\GitHub\Magic\datapacks\Magic_FR\data\stuff\function\stuff_archer\spell3\slot4.mcfunction", "mcfunction", 0, 0, 3, 2, 1, 6
"c:\Users\FlowUP\Documents\GitHub\Magic\datapacks\Magic_FR\data\stuff\function\stuff_archer\spell3\slot5.mcfunction", "mcfunction", 0, 0, 3, 2, 1, 6
"c:\Users\FlowUP\Documents\GitHub\Magic\datapacks\Magic_FR\data\stuff\function\stuff_archer\spell3\slot6.mcfunction", "mcfunction", 0, 0, 3, 2, 1, 6
"c:\Users\FlowUP\Documents\GitHub\Magic\datapacks\Magic_FR\data\stuff\function\stuff_archer\spell3\slot7.mcfunction", "mcfunction", 0, 0, 3, 2, 1, 6
"c:\Users\FlowUP\Documents\GitHub\Magic\datapacks\Magic_FR\data\stuff\function\stuff_archer\spell3\slot8.mcfunction", "mcfunction", 0, 0, 3, 2, 1, 6
"c:\Users\FlowUP\Documents\GitHub\Magic\datapacks\Magic_FR\data\stuff\function\stuff_archer\stuffarcher.mcfunction", "mcfunction", 0, 0, 98, 57, 26, 181
"c:\Users\FlowUP\Documents\GitHub\Magic\datapacks\Magic_FR\data\stuff\function\stuff_archer\weapon1\slot0.mcfunction", "mcfunction", 0, 0, 11, 13, 1, 25
"c:\Users\FlowUP\Documents\GitHub\Magic\datapacks\Magic_FR\data\stuff\function\stuff_archer\weapon1\slot1.mcfunction", "mcfunction", 0, 0, 11, 13, 1, 25
"c:\Users\FlowUP\Documents\GitHub\Magic\datapacks\Magic_FR\data\stuff\function\stuff_archer\weapon1\slot2.mcfunction", "mcfunction", 0, 0, 11, 13, 1, 25
"c:\Users\FlowUP\Documents\GitHub\Magic\datapacks\Magic_FR\data\stuff\function\stuff_archer\weapon1\slot3.mcfunction", "mcfunction", 0, 0, 11, 13, 1, 25
"c:\Users\FlowUP\Documents\GitHub\Magic\datapacks\Magic_FR\data\stuff\function\stuff_archer\weapon1\slot4.mcfunction", "mcfunction", 0, 0, 11, 13, 1, 25
"c:\Users\FlowUP\Documents\GitHub\Magic\datapacks\Magic_FR\data\stuff\function\stuff_archer\weapon1\slot5.mcfunction", "mcfunction", 0, 0, 11, 13, 1, 25
"c:\Users\FlowUP\Documents\GitHub\Magic\datapacks\Magic_FR\data\stuff\function\stuff_archer\weapon1\slot6.mcfunction", "mcfunction", 0, 0, 11, 13, 1, 25
"c:\Users\FlowUP\Documents\GitHub\Magic\datapacks\Magic_FR\data\stuff\function\stuff_archer\weapon1\slot7.mcfunction", "mcfunction", 0, 0, 11, 13, 1, 25
"c:\Users\FlowUP\Documents\GitHub\Magic\datapacks\Magic_FR\data\stuff\function\stuff_archer\weapon1\slot8.mcfunction", "mcfunction", 0, 0, 11, 13, 1, 25
"c:\Users\FlowUP\Documents\GitHub\Magic\datapacks\Magic_FR\data\stuff\function\stuff_mage\cooldowns_m\cooldowns_m.mcfunction", "mcfunction", 0, 0, 7, 1, 3, 11
"c:\Users\FlowUP\Documents\GitHub\Magic\datapacks\Magic_FR\data\stuff\function\stuff_mage\cooldowns_m\spell1\spell1lvl1_m.mcfunction", "mcfunction", 0, 0, 12, 4, 3, 19
"c:\Users\FlowUP\Documents\GitHub\Magic\datapacks\Magic_FR\data\stuff\function\stuff_mage\cooldowns_m\spell1\spell1lvl2_m.mcfunction", "mcfunction", 0, 0, 12, 4, 3, 19
"c:\Users\FlowUP\Documents\GitHub\Magic\datapacks\Magic_FR\data\stuff\function\stuff_mage\cooldowns_m\spell1\spell1lvl3_m.mcfunction", "mcfunction", 0, 0, 12, 4, 3, 19
"c:\Users\FlowUP\Documents\GitHub\Magic\datapacks\Magic_FR\data\stuff\function\stuff_mage\cooldowns_m\spell2\spell2lvl1_m.mcfunction", "mcfunction", 0, 0, 12, 4, 3, 19
"c:\Users\FlowUP\Documents\GitHub\Magic\datapacks\Magic_FR\data\stuff\function\stuff_mage\cooldowns_m\spell2\spell2lvl2_m.mcfunction", "mcfunction", 0, 0, 12, 4, 3, 19
"c:\Users\FlowUP\Documents\GitHub\Magic\datapacks\Magic_FR\data\stuff\function\stuff_mage\cooldowns_m\spell2\spell2lvl3_m.mcfunction", "mcfunction", 0, 0, 12, 4, 3, 19
"c:\Users\FlowUP\Documents\GitHub\Magic\datapacks\Magic_FR\data\stuff\function\stuff_mage\cooldowns_m\spell3\spell3lvl1_m.mcfunction", "mcfunction", 0, 0, 12, 4, 3, 19
"c:\Users\FlowUP\Documents\GitHub\Magic\datapacks\Magic_FR\data\stuff\function\stuff_mage\determine_stuff.mcfunction", "mcfunction", 0, 0, 56, 63, 87, 206
"c:\Users\FlowUP\Documents\GitHub\Magic\datapacks\Magic_FR\data\stuff\function\stuff_mage\drop_m.mcfunction", "mcfunction", 0, 0, 13, 5, 6, 24
"c:\Users\FlowUP\Documents\GitHub\Magic\datapacks\Magic_FR\data\stuff\function\stuff_mage\keybind1.mcfunction", "mcfunction", 0, 0, 32, 6, 4, 42
"c:\Users\FlowUP\Documents\GitHub\Magic\datapacks\Magic_FR\data\stuff\function\stuff_mage\keybind2.mcfunction", "mcfunction", 0, 0, 34, 6, 6, 46
"c:\Users\FlowUP\Documents\GitHub\Magic\datapacks\Magic_FR\data\stuff\function\stuff_mage\save_stuff_as_storage\determine_player.mcfunction", "mcfunction", 0, 0, 12, 2, 1, 15
"c:\Users\FlowUP\Documents\GitHub\Magic\datapacks\Magic_FR\data\stuff\function\stuff_mage\save_stuff_as_storage\player1.mcfunction", "mcfunction", 0, 0, 22, 2, 4, 28
"c:\Users\FlowUP\Documents\GitHub\Magic\datapacks\Magic_FR\data\stuff\function\stuff_mage\save_stuff_as_storage\player10.mcfunction", "mcfunction", 0, 0, 22, 2, 4, 28
"c:\Users\FlowUP\Documents\GitHub\Magic\datapacks\Magic_FR\data\stuff\function\stuff_mage\save_stuff_as_storage\player11.mcfunction", "mcfunction", 0, 0, 22, 2, 4, 28
"c:\Users\FlowUP\Documents\GitHub\Magic\datapacks\Magic_FR\data\stuff\function\stuff_mage\save_stuff_as_storage\player12.mcfunction", "mcfunction", 0, 0, 22, 2, 4, 28
"c:\Users\FlowUP\Documents\GitHub\Magic\datapacks\Magic_FR\data\stuff\function\stuff_mage\save_stuff_as_storage\player2.mcfunction", "mcfunction", 0, 0, 22, 2, 4, 28
"c:\Users\FlowUP\Documents\GitHub\Magic\datapacks\Magic_FR\data\stuff\function\stuff_mage\save_stuff_as_storage\player3.mcfunction", "mcfunction", 0, 0, 22, 2, 4, 28
"c:\Users\FlowUP\Documents\GitHub\Magic\datapacks\Magic_FR\data\stuff\function\stuff_mage\save_stuff_as_storage\player4.mcfunction", "mcfunction", 0, 0, 22, 2, 4, 28
"c:\Users\FlowUP\Documents\GitHub\Magic\datapacks\Magic_FR\data\stuff\function\stuff_mage\save_stuff_as_storage\player5.mcfunction", "mcfunction", 0, 0, 22, 2, 4, 28
"c:\Users\FlowUP\Documents\GitHub\Magic\datapacks\Magic_FR\data\stuff\function\stuff_mage\save_stuff_as_storage\player6.mcfunction", "mcfunction", 0, 0, 22, 2, 4, 28
"c:\Users\FlowUP\Documents\GitHub\Magic\datapacks\Magic_FR\data\stuff\function\stuff_mage\save_stuff_as_storage\player7.mcfunction", "mcfunction", 0, 0, 22, 2, 4, 28
"c:\Users\FlowUP\Documents\GitHub\Magic\datapacks\Magic_FR\data\stuff\function\stuff_mage\save_stuff_as_storage\player8.mcfunction", "mcfunction", 0, 0, 22, 2, 4, 28
"c:\Users\FlowUP\Documents\GitHub\Magic\datapacks\Magic_FR\data\stuff\function\stuff_mage\save_stuff_as_storage\player9.mcfunction", "mcfunction", 0, 0, 22, 2, 4, 28
"c:\Users\FlowUP\Documents\GitHub\Magic\datapacks\Magic_FR\data\stuff\function\stuff_mage\spell1\determine_slot.mcfunction", "mcfunction", 0, 0, 9, 2, 1, 12
"c:\Users\FlowUP\Documents\GitHub\Magic\datapacks\Magic_FR\data\stuff\function\stuff_mage\spell1\slot0.mcfunction", "mcfunction", 0, 0, 3, 2, 1, 6
"c:\Users\FlowUP\Documents\GitHub\Magic\datapacks\Magic_FR\data\stuff\function\stuff_mage\spell1\slot1.mcfunction", "mcfunction", 0, 0, 3, 2, 1, 6
"c:\Users\FlowUP\Documents\GitHub\Magic\datapacks\Magic_FR\data\stuff\function\stuff_mage\spell1\slot2.mcfunction", "mcfunction", 0, 0, 3, 2, 1, 6
"c:\Users\FlowUP\Documents\GitHub\Magic\datapacks\Magic_FR\data\stuff\function\stuff_mage\spell1\slot3.mcfunction", "mcfunction", 0, 0, 3, 2, 1, 6
"c:\Users\FlowUP\Documents\GitHub\Magic\datapacks\Magic_FR\data\stuff\function\stuff_mage\spell1\slot4.mcfunction", "mcfunction", 0, 0, 3, 2, 1, 6
"c:\Users\FlowUP\Documents\GitHub\Magic\datapacks\Magic_FR\data\stuff\function\stuff_mage\spell1\slot5.mcfunction", "mcfunction", 0, 0, 3, 2, 1, 6
"c:\Users\FlowUP\Documents\GitHub\Magic\datapacks\Magic_FR\data\stuff\function\stuff_mage\spell1\slot6.mcfunction", "mcfunction", 0, 0, 3, 2, 1, 6
"c:\Users\FlowUP\Documents\GitHub\Magic\datapacks\Magic_FR\data\stuff\function\stuff_mage\spell1\slot7.mcfunction", "mcfunction", 0, 0, 3, 2, 1, 6
"c:\Users\FlowUP\Documents\GitHub\Magic\datapacks\Magic_FR\data\stuff\function\stuff_mage\spell1\slot8.mcfunction", "mcfunction", 0, 0, 3, 2, 1, 6
"c:\Users\FlowUP\Documents\GitHub\Magic\datapacks\Magic_FR\data\stuff\function\stuff_mage\spell2\determine_slot.mcfunction", "mcfunction", 0, 0, 9, 2, 1, 12
"c:\Users\FlowUP\Documents\GitHub\Magic\datapacks\Magic_FR\data\stuff\function\stuff_mage\spell2\slot0.mcfunction", "mcfunction", 0, 0, 3, 2, 1, 6
"c:\Users\FlowUP\Documents\GitHub\Magic\datapacks\Magic_FR\data\stuff\function\stuff_mage\spell2\slot1.mcfunction", "mcfunction", 0, 0, 3, 2, 1, 6
"c:\Users\FlowUP\Documents\GitHub\Magic\datapacks\Magic_FR\data\stuff\function\stuff_mage\spell2\slot2.mcfunction", "mcfunction", 0, 0, 3, 2, 1, 6
"c:\Users\FlowUP\Documents\GitHub\Magic\datapacks\Magic_FR\data\stuff\function\stuff_mage\spell2\slot3.mcfunction", "mcfunction", 0, 0, 3, 2, 1, 6
"c:\Users\FlowUP\Documents\GitHub\Magic\datapacks\Magic_FR\data\stuff\function\stuff_mage\spell2\slot4.mcfunction", "mcfunction", 0, 0, 3, 2, 1, 6
"c:\Users\FlowUP\Documents\GitHub\Magic\datapacks\Magic_FR\data\stuff\function\stuff_mage\spell2\slot5.mcfunction", "mcfunction", 0, 0, 3, 2, 1, 6
"c:\Users\FlowUP\Documents\GitHub\Magic\datapacks\Magic_FR\data\stuff\function\stuff_mage\spell2\slot6.mcfunction", "mcfunction", 0, 0, 3, 2, 1, 6
"c:\Users\FlowUP\Documents\GitHub\Magic\datapacks\Magic_FR\data\stuff\function\stuff_mage\spell2\slot7.mcfunction", "mcfunction", 0, 0, 3, 2, 1, 6
"c:\Users\FlowUP\Documents\GitHub\Magic\datapacks\Magic_FR\data\stuff\function\stuff_mage\spell2\slot8.mcfunction", "mcfunction", 0, 0, 3, 2, 1, 6
"c:\Users\FlowUP\Documents\GitHub\Magic\datapacks\Magic_FR\data\stuff\function\stuff_mage\spell3\determine_slot.mcfunction", "mcfunction", 0, 0, 9, 2, 1, 12
"c:\Users\FlowUP\Documents\GitHub\Magic\datapacks\Magic_FR\data\stuff\function\stuff_mage\spell3\slot0.mcfunction", "mcfunction", 0, 0, 1, 2, 1, 4
"c:\Users\FlowUP\Documents\GitHub\Magic\datapacks\Magic_FR\data\stuff\function\stuff_mage\spell3\slot1.mcfunction", "mcfunction", 0, 0, 1, 2, 1, 4
"c:\Users\FlowUP\Documents\GitHub\Magic\datapacks\Magic_FR\data\stuff\function\stuff_mage\spell3\slot2.mcfunction", "mcfunction", 0, 0, 1, 2, 1, 4
"c:\Users\FlowUP\Documents\GitHub\Magic\datapacks\Magic_FR\data\stuff\function\stuff_mage\spell3\slot3.mcfunction", "mcfunction", 0, 0, 1, 2, 1, 4
"c:\Users\FlowUP\Documents\GitHub\Magic\datapacks\Magic_FR\data\stuff\function\stuff_mage\spell3\slot4.mcfunction", "mcfunction", 0, 0, 1, 2, 1, 4
"c:\Users\FlowUP\Documents\GitHub\Magic\datapacks\Magic_FR\data\stuff\function\stuff_mage\spell3\slot5.mcfunction", "mcfunction", 0, 0, 1, 2, 1, 4
"c:\Users\FlowUP\Documents\GitHub\Magic\datapacks\Magic_FR\data\stuff\function\stuff_mage\spell3\slot6.mcfunction", "mcfunction", 0, 0, 1, 2, 1, 4
"c:\Users\FlowUP\Documents\GitHub\Magic\datapacks\Magic_FR\data\stuff\function\stuff_mage\spell3\slot7.mcfunction", "mcfunction", 0, 0, 1, 2, 1, 4
"c:\Users\FlowUP\Documents\GitHub\Magic\datapacks\Magic_FR\data\stuff\function\stuff_mage\spell3\slot8.mcfunction", "mcfunction", 0, 0, 1, 2, 1, 4
"c:\Users\FlowUP\Documents\GitHub\Magic\datapacks\Magic_FR\data\stuff\function\stuff_mage\stuffmage.mcfunction", "mcfunction", 0, 0, 73, 50, 23, 146
"c:\Users\FlowUP\Documents\GitHub\Magic\datapacks\Magic_FR\data\stuff\function\stuff_mage\weapon1\slot0.mcfunction", "mcfunction", 0, 0, 11, 2, 1, 14
"c:\Users\FlowUP\Documents\GitHub\Magic\datapacks\Magic_FR\data\stuff\function\stuff_mage\weapon1\slot1.mcfunction", "mcfunction", 0, 0, 11, 2, 1, 14
"c:\Users\FlowUP\Documents\GitHub\Magic\datapacks\Magic_FR\data\stuff\function\stuff_mage\weapon1\slot2.mcfunction", "mcfunction", 0, 0, 11, 2, 1, 14
"c:\Users\FlowUP\Documents\GitHub\Magic\datapacks\Magic_FR\data\stuff\function\stuff_mage\weapon1\slot3.mcfunction", "mcfunction", 0, 0, 11, 2, 1, 14
"c:\Users\FlowUP\Documents\GitHub\Magic\datapacks\Magic_FR\data\stuff\function\stuff_mage\weapon1\slot4.mcfunction", "mcfunction", 0, 0, 11, 2, 1, 14
"c:\Users\FlowUP\Documents\GitHub\Magic\datapacks\Magic_FR\data\stuff\function\stuff_mage\weapon1\slot5.mcfunction", "mcfunction", 0, 0, 11, 2, 1, 14
"c:\Users\FlowUP\Documents\GitHub\Magic\datapacks\Magic_FR\data\stuff\function\stuff_mage\weapon1\slot6.mcfunction", "mcfunction", 0, 0, 11, 2, 1, 14
"c:\Users\FlowUP\Documents\GitHub\Magic\datapacks\Magic_FR\data\stuff\function\stuff_mage\weapon1\slot7.mcfunction", "mcfunction", 0, 0, 11, 2, 1, 14
"c:\Users\FlowUP\Documents\GitHub\Magic\datapacks\Magic_FR\data\stuff\function\stuff_mage\weapon1\slot8.mcfunction", "mcfunction", 0, 0, 11, 2, 1, 14
"c:\Users\FlowUP\Documents\GitHub\Magic\datapacks\Magic_FR\data\stuff\function\stuff_rogue\cooldowns_r\cooldowns_r.mcfunction", "mcfunction", 0, 0, 5, 1, 3, 9
"c:\Users\FlowUP\Documents\GitHub\Magic\datapacks\Magic_FR\data\stuff\function\stuff_rogue\cooldowns_r\spell1\spell1lvl1_r.mcfunction", "mcfunction", 0, 0, 12, 4, 3, 19
"c:\Users\FlowUP\Documents\GitHub\Magic\datapacks\Magic_FR\data\stuff\function\stuff_rogue\cooldowns_r\spell1\spell1lvl2_r.mcfunction", "mcfunction", 0, 0, 12, 4, 3, 19
"c:\Users\FlowUP\Documents\GitHub\Magic\datapacks\Magic_FR\data\stuff\function\stuff_rogue\cooldowns_r\spell1\spell1lvl3_r.mcfunction", "mcfunction", 0, 0, 12, 4, 3, 19
"c:\Users\FlowUP\Documents\GitHub\Magic\datapacks\Magic_FR\data\stuff\function\stuff_rogue\cooldowns_r\spell2\spell2lvl1_r.mcfunction", "mcfunction", 0, 0, 12, 4, 3, 19
"c:\Users\FlowUP\Documents\GitHub\Magic\datapacks\Magic_FR\data\stuff\function\stuff_rogue\cooldowns_r\spell3\spell3lvl1_r.mcfunction", "mcfunction", 0, 0, 12, 4, 3, 19
"c:\Users\FlowUP\Documents\GitHub\Magic\datapacks\Magic_FR\data\stuff\function\stuff_rogue\determine_stuff.mcfunction", "mcfunction", 0, 0, 100, 117, 196, 413
"c:\Users\FlowUP\Documents\GitHub\Magic\datapacks\Magic_FR\data\stuff\function\stuff_rogue\drop_r.mcfunction", "mcfunction", 0, 0, 14, 5, 6, 25
"c:\Users\FlowUP\Documents\GitHub\Magic\datapacks\Magic_FR\data\stuff\function\stuff_rogue\keybind1.mcfunction", "mcfunction", 0, 0, 32, 6, 4, 42
"c:\Users\FlowUP\Documents\GitHub\Magic\datapacks\Magic_FR\data\stuff\function\stuff_rogue\keybind2.mcfunction", "mcfunction", 0, 0, 35, 6, 6, 47
"c:\Users\FlowUP\Documents\GitHub\Magic\datapacks\Magic_FR\data\stuff\function\stuff_rogue\keybind3.mcfunction", "mcfunction", 0, 0, 36, 6, 5, 47
"c:\Users\FlowUP\Documents\GitHub\Magic\datapacks\Magic_FR\data\stuff\function\stuff_rogue\save_stuff_as_storage\determine_player.mcfunction", "mcfunction", 0, 0, 12, 2, 1, 15
"c:\Users\FlowUP\Documents\GitHub\Magic\datapacks\Magic_FR\data\stuff\function\stuff_rogue\save_stuff_as_storage\player1.mcfunction", "mcfunction", 0, 0, 21, 2, 4, 27
"c:\Users\FlowUP\Documents\GitHub\Magic\datapacks\Magic_FR\data\stuff\function\stuff_rogue\save_stuff_as_storage\player10.mcfunction", "mcfunction", 0, 0, 21, 2, 4, 27
"c:\Users\FlowUP\Documents\GitHub\Magic\datapacks\Magic_FR\data\stuff\function\stuff_rogue\save_stuff_as_storage\player11.mcfunction", "mcfunction", 0, 0, 21, 2, 4, 27
"c:\Users\FlowUP\Documents\GitHub\Magic\datapacks\Magic_FR\data\stuff\function\stuff_rogue\save_stuff_as_storage\player12.mcfunction", "mcfunction", 0, 0, 21, 2, 4, 27
"c:\Users\FlowUP\Documents\GitHub\Magic\datapacks\Magic_FR\data\stuff\function\stuff_rogue\save_stuff_as_storage\player2.mcfunction", "mcfunction", 0, 0, 21, 2, 4, 27
"c:\Users\FlowUP\Documents\GitHub\Magic\datapacks\Magic_FR\data\stuff\function\stuff_rogue\save_stuff_as_storage\player3.mcfunction", "mcfunction", 0, 0, 21, 2, 4, 27
"c:\Users\FlowUP\Documents\GitHub\Magic\datapacks\Magic_FR\data\stuff\function\stuff_rogue\save_stuff_as_storage\player4.mcfunction", "mcfunction", 0, 0, 21, 2, 4, 27
"c:\Users\FlowUP\Documents\GitHub\Magic\datapacks\Magic_FR\data\stuff\function\stuff_rogue\save_stuff_as_storage\player5.mcfunction", "mcfunction", 0, 0, 21, 2, 4, 27
"c:\Users\FlowUP\Documents\GitHub\Magic\datapacks\Magic_FR\data\stuff\function\stuff_rogue\save_stuff_as_storage\player6.mcfunction", "mcfunction", 0, 0, 21, 2, 4, 27
"c:\Users\FlowUP\Documents\GitHub\Magic\datapacks\Magic_FR\data\stuff\function\stuff_rogue\save_stuff_as_storage\player7.mcfunction", "mcfunction", 0, 0, 21, 2, 4, 27
"c:\Users\FlowUP\Documents\GitHub\Magic\datapacks\Magic_FR\data\stuff\function\stuff_rogue\save_stuff_as_storage\player8.mcfunction", "mcfunction", 0, 0, 21, 2, 4, 27
"c:\Users\FlowUP\Documents\GitHub\Magic\datapacks\Magic_FR\data\stuff\function\stuff_rogue\save_stuff_as_storage\player9.mcfunction", "mcfunction", 0, 0, 21, 2, 4, 27
"c:\Users\FlowUP\Documents\GitHub\Magic\datapacks\Magic_FR\data\stuff\function\stuff_rogue\stuff_invisible\spell2\determine_slot.mcfunction", "mcfunction", 0, 0, 9, 2, 1, 12
"c:\Users\FlowUP\Documents\GitHub\Magic\datapacks\Magic_FR\data\stuff\function\stuff_rogue\stuff_invisible\spell2\slot0.mcfunction", "mcfunction", 0, 0, 2, 2, 1, 5
"c:\Users\FlowUP\Documents\GitHub\Magic\datapacks\Magic_FR\data\stuff\function\stuff_rogue\stuff_invisible\spell2\slot1.mcfunction", "mcfunction", 0, 0, 2, 2, 1, 5
"c:\Users\FlowUP\Documents\GitHub\Magic\datapacks\Magic_FR\data\stuff\function\stuff_rogue\stuff_invisible\spell2\slot2.mcfunction", "mcfunction", 0, 0, 2, 2, 1, 5
"c:\Users\FlowUP\Documents\GitHub\Magic\datapacks\Magic_FR\data\stuff\function\stuff_rogue\stuff_invisible\spell2\slot3.mcfunction", "mcfunction", 0, 0, 2, 2, 1, 5
"c:\Users\FlowUP\Documents\GitHub\Magic\datapacks\Magic_FR\data\stuff\function\stuff_rogue\stuff_invisible\spell2\slot4.mcfunction", "mcfunction", 0, 0, 2, 2, 1, 5
"c:\Users\FlowUP\Documents\GitHub\Magic\datapacks\Magic_FR\data\stuff\function\stuff_rogue\stuff_invisible\spell2\slot5.mcfunction", "mcfunction", 0, 0, 2, 2, 1, 5
"c:\Users\FlowUP\Documents\GitHub\Magic\datapacks\Magic_FR\data\stuff\function\stuff_rogue\stuff_invisible\spell2\slot6.mcfunction", "mcfunction", 0, 0, 2, 2, 1, 5
"c:\Users\FlowUP\Documents\GitHub\Magic\datapacks\Magic_FR\data\stuff\function\stuff_rogue\stuff_invisible\spell2\slot7.mcfunction", "mcfunction", 0, 0, 2, 2, 1, 5
"c:\Users\FlowUP\Documents\GitHub\Magic\datapacks\Magic_FR\data\stuff\function\stuff_rogue\stuff_invisible\spell2\slot8.mcfunction", "mcfunction", 0, 0, 2, 2, 1, 5
"c:\Users\FlowUP\Documents\GitHub\Magic\datapacks\Magic_FR\data\stuff\function\stuff_rogue\stuff_invisible\spell3\determine_slot.mcfunction", "mcfunction", 0, 0, 9, 2, 1, 12
"c:\Users\FlowUP\Documents\GitHub\Magic\datapacks\Magic_FR\data\stuff\function\stuff_rogue\stuff_invisible\spell3\slot0.mcfunction", "mcfunction", 0, 0, 1, 2, 1, 4
"c:\Users\FlowUP\Documents\GitHub\Magic\datapacks\Magic_FR\data\stuff\function\stuff_rogue\stuff_invisible\spell3\slot1.mcfunction", "mcfunction", 0, 0, 1, 2, 1, 4
"c:\Users\FlowUP\Documents\GitHub\Magic\datapacks\Magic_FR\data\stuff\function\stuff_rogue\stuff_invisible\spell3\slot2.mcfunction", "mcfunction", 0, 0, 1, 2, 1, 4
"c:\Users\FlowUP\Documents\GitHub\Magic\datapacks\Magic_FR\data\stuff\function\stuff_rogue\stuff_invisible\spell3\slot3.mcfunction", "mcfunction", 0, 0, 1, 2, 1, 4
"c:\Users\FlowUP\Documents\GitHub\Magic\datapacks\Magic_FR\data\stuff\function\stuff_rogue\stuff_invisible\spell3\slot4.mcfunction", "mcfunction", 0, 0, 1, 2, 1, 4
"c:\Users\FlowUP\Documents\GitHub\Magic\datapacks\Magic_FR\data\stuff\function\stuff_rogue\stuff_invisible\spell3\slot5.mcfunction", "mcfunction", 0, 0, 1, 2, 1, 4
"c:\Users\FlowUP\Documents\GitHub\Magic\datapacks\Magic_FR\data\stuff\function\stuff_rogue\stuff_invisible\spell3\slot6.mcfunction", "mcfunction", 0, 0, 1, 2, 1, 4
"c:\Users\FlowUP\Documents\GitHub\Magic\datapacks\Magic_FR\data\stuff\function\stuff_rogue\stuff_invisible\spell3\slot7.mcfunction", "mcfunction", 0, 0, 1, 2, 1, 4
"c:\Users\FlowUP\Documents\GitHub\Magic\datapacks\Magic_FR\data\stuff\function\stuff_rogue\stuff_invisible\spell3\slot8.mcfunction", "mcfunction", 0, 0, 1, 2, 1, 4
"c:\Users\FlowUP\Documents\GitHub\Magic\datapacks\Magic_FR\data\stuff\function\stuff_rogue\stuff_invisible\weapon1\slot0.mcfunction", "mcfunction", 0, 0, 11, 2, 1, 14
"c:\Users\FlowUP\Documents\GitHub\Magic\datapacks\Magic_FR\data\stuff\function\stuff_rogue\stuff_invisible\weapon1\slot1.mcfunction", "mcfunction", 0, 0, 11, 2, 1, 14
"c:\Users\FlowUP\Documents\GitHub\Magic\datapacks\Magic_FR\data\stuff\function\stuff_rogue\stuff_invisible\weapon1\slot2.mcfunction", "mcfunction", 0, 0, 11, 2, 1, 14
"c:\Users\FlowUP\Documents\GitHub\Magic\datapacks\Magic_FR\data\stuff\function\stuff_rogue\stuff_invisible\weapon1\slot3.mcfunction", "mcfunction", 0, 0, 11, 2, 1, 14
"c:\Users\FlowUP\Documents\GitHub\Magic\datapacks\Magic_FR\data\stuff\function\stuff_rogue\stuff_invisible\weapon1\slot4.mcfunction", "mcfunction", 0, 0, 11, 2, 1, 14
"c:\Users\FlowUP\Documents\GitHub\Magic\datapacks\Magic_FR\data\stuff\function\stuff_rogue\stuff_invisible\weapon1\slot5.mcfunction", "mcfunction", 0, 0, 11, 2, 1, 14
"c:\Users\FlowUP\Documents\GitHub\Magic\datapacks\Magic_FR\data\stuff\function\stuff_rogue\stuff_invisible\weapon1\slot6.mcfunction", "mcfunction", 0, 0, 11, 2, 1, 14
"c:\Users\FlowUP\Documents\GitHub\Magic\datapacks\Magic_FR\data\stuff\function\stuff_rogue\stuff_invisible\weapon1\slot7.mcfunction", "mcfunction", 0, 0, 11, 2, 1, 14
"c:\Users\FlowUP\Documents\GitHub\Magic\datapacks\Magic_FR\data\stuff\function\stuff_rogue\stuff_invisible\weapon1\slot8.mcfunction", "mcfunction", 0, 0, 11, 2, 1, 14
"c:\Users\FlowUP\Documents\GitHub\Magic\datapacks\Magic_FR\data\stuff\function\stuff_rogue\stuff_visible\spell1\determine_slot.mcfunction", "mcfunction", 0, 0, 9, 2, 1, 12
"c:\Users\FlowUP\Documents\GitHub\Magic\datapacks\Magic_FR\data\stuff\function\stuff_rogue\stuff_visible\spell1\slot0.mcfunction", "mcfunction", 0, 0, 3, 2, 1, 6
"c:\Users\FlowUP\Documents\GitHub\Magic\datapacks\Magic_FR\data\stuff\function\stuff_rogue\stuff_visible\spell1\slot1.mcfunction", "mcfunction", 0, 0, 3, 2, 1, 6
"c:\Users\FlowUP\Documents\GitHub\Magic\datapacks\Magic_FR\data\stuff\function\stuff_rogue\stuff_visible\spell1\slot2.mcfunction", "mcfunction", 0, 0, 3, 2, 1, 6
"c:\Users\FlowUP\Documents\GitHub\Magic\datapacks\Magic_FR\data\stuff\function\stuff_rogue\stuff_visible\spell1\slot3.mcfunction", "mcfunction", 0, 0, 3, 2, 1, 6
"c:\Users\FlowUP\Documents\GitHub\Magic\datapacks\Magic_FR\data\stuff\function\stuff_rogue\stuff_visible\spell1\slot4.mcfunction", "mcfunction", 0, 0, 3, 2, 1, 6
"c:\Users\FlowUP\Documents\GitHub\Magic\datapacks\Magic_FR\data\stuff\function\stuff_rogue\stuff_visible\spell1\slot5.mcfunction", "mcfunction", 0, 0, 3, 2, 1, 6
"c:\Users\FlowUP\Documents\GitHub\Magic\datapacks\Magic_FR\data\stuff\function\stuff_rogue\stuff_visible\spell1\slot6.mcfunction", "mcfunction", 0, 0, 3, 2, 1, 6
"c:\Users\FlowUP\Documents\GitHub\Magic\datapacks\Magic_FR\data\stuff\function\stuff_rogue\stuff_visible\spell1\slot7.mcfunction", "mcfunction", 0, 0, 3, 2, 1, 6
"c:\Users\FlowUP\Documents\GitHub\Magic\datapacks\Magic_FR\data\stuff\function\stuff_rogue\stuff_visible\spell1\slot8.mcfunction", "mcfunction", 0, 0, 3, 2, 1, 6
"c:\Users\FlowUP\Documents\GitHub\Magic\datapacks\Magic_FR\data\stuff\function\stuff_rogue\stuff_visible\spell2\determine_slot.mcfunction", "mcfunction", 0, 0, 9, 2, 1, 12
"c:\Users\FlowUP\Documents\GitHub\Magic\datapacks\Magic_FR\data\stuff\function\stuff_rogue\stuff_visible\spell2\slot0.mcfunction", "mcfunction", 0, 0, 2, 2, 1, 5
"c:\Users\FlowUP\Documents\GitHub\Magic\datapacks\Magic_FR\data\stuff\function\stuff_rogue\stuff_visible\spell2\slot1.mcfunction", "mcfunction", 0, 0, 2, 2, 1, 5
"c:\Users\FlowUP\Documents\GitHub\Magic\datapacks\Magic_FR\data\stuff\function\stuff_rogue\stuff_visible\spell2\slot2.mcfunction", "mcfunction", 0, 0, 2, 2, 1, 5
"c:\Users\FlowUP\Documents\GitHub\Magic\datapacks\Magic_FR\data\stuff\function\stuff_rogue\stuff_visible\spell2\slot3.mcfunction", "mcfunction", 0, 0, 2, 2, 1, 5
"c:\Users\FlowUP\Documents\GitHub\Magic\datapacks\Magic_FR\data\stuff\function\stuff_rogue\stuff_visible\spell2\slot4.mcfunction", "mcfunction", 0, 0, 2, 2, 1, 5
"c:\Users\FlowUP\Documents\GitHub\Magic\datapacks\Magic_FR\data\stuff\function\stuff_rogue\stuff_visible\spell2\slot5.mcfunction", "mcfunction", 0, 0, 2, 2, 1, 5
"c:\Users\FlowUP\Documents\GitHub\Magic\datapacks\Magic_FR\data\stuff\function\stuff_rogue\stuff_visible\spell2\slot6.mcfunction", "mcfunction", 0, 0, 2, 2, 1, 5
"c:\Users\FlowUP\Documents\GitHub\Magic\datapacks\Magic_FR\data\stuff\function\stuff_rogue\stuff_visible\spell2\slot7.mcfunction", "mcfunction", 0, 0, 2, 2, 1, 5
"c:\Users\FlowUP\Documents\GitHub\Magic\datapacks\Magic_FR\data\stuff\function\stuff_rogue\stuff_visible\spell2\slot8.mcfunction", "mcfunction", 0, 0, 2, 2, 1, 5
"c:\Users\FlowUP\Documents\GitHub\Magic\datapacks\Magic_FR\data\stuff\function\stuff_rogue\stuff_visible\spell3\determine_slot.mcfunction", "mcfunction", 0, 0, 9, 2, 1, 12
"c:\Users\FlowUP\Documents\GitHub\Magic\datapacks\Magic_FR\data\stuff\function\stuff_rogue\stuff_visible\spell3\slot0.mcfunction", "mcfunction", 0, 0, 1, 2, 1, 4
"c:\Users\FlowUP\Documents\GitHub\Magic\datapacks\Magic_FR\data\stuff\function\stuff_rogue\stuff_visible\spell3\slot1.mcfunction", "mcfunction", 0, 0, 1, 2, 1, 4
"c:\Users\FlowUP\Documents\GitHub\Magic\datapacks\Magic_FR\data\stuff\function\stuff_rogue\stuff_visible\spell3\slot2.mcfunction", "mcfunction", 0, 0, 1, 2, 1, 4
"c:\Users\FlowUP\Documents\GitHub\Magic\datapacks\Magic_FR\data\stuff\function\stuff_rogue\stuff_visible\spell3\slot3.mcfunction", "mcfunction", 0, 0, 1, 2, 1, 4
"c:\Users\FlowUP\Documents\GitHub\Magic\datapacks\Magic_FR\data\stuff\function\stuff_rogue\stuff_visible\spell3\slot4.mcfunction", "mcfunction", 0, 0, 1, 2, 1, 4
"c:\Users\FlowUP\Documents\GitHub\Magic\datapacks\Magic_FR\data\stuff\function\stuff_rogue\stuff_visible\spell3\slot5.mcfunction", "mcfunction", 0, 0, 1, 2, 1, 4
"c:\Users\FlowUP\Documents\GitHub\Magic\datapacks\Magic_FR\data\stuff\function\stuff_rogue\stuff_visible\spell3\slot6.mcfunction", "mcfunction", 0, 0, 1, 2, 1, 4
"c:\Users\FlowUP\Documents\GitHub\Magic\datapacks\Magic_FR\data\stuff\function\stuff_rogue\stuff_visible\spell3\slot7.mcfunction", "mcfunction", 0, 0, 1, 2, 1, 4
"c:\Users\FlowUP\Documents\GitHub\Magic\datapacks\Magic_FR\data\stuff\function\stuff_rogue\stuff_visible\spell3\slot8.mcfunction", "mcfunction", 0, 0, 1, 2, 1, 4
"c:\Users\FlowUP\Documents\GitHub\Magic\datapacks\Magic_FR\data\stuff\function\stuff_rogue\stuff_visible\weapon1\slot0.mcfunction", "mcfunction", 0, 0, 11, 2, 1, 14
"c:\Users\FlowUP\Documents\GitHub\Magic\datapacks\Magic_FR\data\stuff\function\stuff_rogue\stuff_visible\weapon1\slot1.mcfunction", "mcfunction", 0, 0, 11, 2, 1, 14
"c:\Users\FlowUP\Documents\GitHub\Magic\datapacks\Magic_FR\data\stuff\function\stuff_rogue\stuff_visible\weapon1\slot2.mcfunction", "mcfunction", 0, 0, 11, 2, 1, 14
"c:\Users\FlowUP\Documents\GitHub\Magic\datapacks\Magic_FR\data\stuff\function\stuff_rogue\stuff_visible\weapon1\slot3.mcfunction", "mcfunction", 0, 0, 11, 2, 1, 14
"c:\Users\FlowUP\Documents\GitHub\Magic\datapacks\Magic_FR\data\stuff\function\stuff_rogue\stuff_visible\weapon1\slot4.mcfunction", "mcfunction", 0, 0, 11, 2, 1, 14
"c:\Users\FlowUP\Documents\GitHub\Magic\datapacks\Magic_FR\data\stuff\function\stuff_rogue\stuff_visible\weapon1\slot5.mcfunction", "mcfunction", 0, 0, 11, 2, 1, 14
"c:\Users\FlowUP\Documents\GitHub\Magic\datapacks\Magic_FR\data\stuff\function\stuff_rogue\stuff_visible\weapon1\slot6.mcfunction", "mcfunction", 0, 0, 11, 2, 1, 14
"c:\Users\FlowUP\Documents\GitHub\Magic\datapacks\Magic_FR\data\stuff\function\stuff_rogue\stuff_visible\weapon1\slot7.mcfunction", "mcfunction", 0, 0, 11, 2, 1, 14
"c:\Users\FlowUP\Documents\GitHub\Magic\datapacks\Magic_FR\data\stuff\function\stuff_rogue\stuff_visible\weapon1\slot8.mcfunction", "mcfunction", 0, 0, 11, 2, 1, 14
"c:\Users\FlowUP\Documents\GitHub\Magic\datapacks\Magic_FR\data\stuff\function\stuff_rogue\stuffrogue.mcfunction", "mcfunction", 0, 0, 72, 51, 25, 148
"c:\Users\FlowUP\Documents\GitHub\Magic\datapacks\Magic_FR\data\stuff\function\stuff_rogue\stuffrogue_invisible.mcfunction", "mcfunction", 0, 0, 60, 45, 22, 127
"c:\Users\FlowUP\Documents\GitHub\Magic\datapacks\Magic_FR\data\stuff\function\stuff_warrior\cooldowns_w\cooldowns_w.mcfunction", "mcfunction", 0, 0, 9, 1, 3, 13
"c:\Users\FlowUP\Documents\GitHub\Magic\datapacks\Magic_FR\data\stuff\function\stuff_warrior\cooldowns_w\spell1\spell1lvl1_w.mcfunction", "mcfunction", 0, 0, 12, 4, 3, 19
"c:\Users\FlowUP\Documents\GitHub\Magic\datapacks\Magic_FR\data\stuff\function\stuff_warrior\cooldowns_w\spell1\spell1lvl2_w.mcfunction", "mcfunction", 0, 0, 12, 4, 3, 19
"c:\Users\FlowUP\Documents\GitHub\Magic\datapacks\Magic_FR\data\stuff\function\stuff_warrior\cooldowns_w\spell1\spell1lvl3_w.mcfunction", "mcfunction", 0, 0, 12, 4, 3, 19
"c:\Users\FlowUP\Documents\GitHub\Magic\datapacks\Magic_FR\data\stuff\function\stuff_warrior\cooldowns_w\spell2\spell2lvl1_w.mcfunction", "mcfunction", 0, 0, 12, 4, 3, 19
"c:\Users\FlowUP\Documents\GitHub\Magic\datapacks\Magic_FR\data\stuff\function\stuff_warrior\cooldowns_w\spell2\spell2lvl2_w.mcfunction", "mcfunction", 0, 0, 12, 4, 3, 19
"c:\Users\FlowUP\Documents\GitHub\Magic\datapacks\Magic_FR\data\stuff\function\stuff_warrior\cooldowns_w\spell2\spell2lvl3_w.mcfunction", "mcfunction", 0, 0, 12, 4, 3, 19
"c:\Users\FlowUP\Documents\GitHub\Magic\datapacks\Magic_FR\data\stuff\function\stuff_warrior\cooldowns_w\spell3\spell3lvl1_w.mcfunction", "mcfunction", 0, 0, 12, 4, 3, 19
"c:\Users\FlowUP\Documents\GitHub\Magic\datapacks\Magic_FR\data\stuff\function\stuff_warrior\cooldowns_w\spell3\spell3lvl2_w.mcfunction", "mcfunction", 0, 0, 12, 4, 3, 19
"c:\Users\FlowUP\Documents\GitHub\Magic\datapacks\Magic_FR\data\stuff\function\stuff_warrior\cooldowns_w\spell3\spell3lvl3_w.mcfunction", "mcfunction", 0, 0, 12, 4, 3, 19
"c:\Users\FlowUP\Documents\GitHub\Magic\datapacks\Magic_FR\data\stuff\function\stuff_warrior\determine_stuff.mcfunction", "mcfunction", 0, 0, 55, 63, 99, 217
"c:\Users\FlowUP\Documents\GitHub\Magic\datapacks\Magic_FR\data\stuff\function\stuff_warrior\drop_w.mcfunction", "mcfunction", 0, 0, 13, 5, 6, 24
"c:\Users\FlowUP\Documents\GitHub\Magic\datapacks\Magic_FR\data\stuff\function\stuff_warrior\keybind1.mcfunction", "mcfunction", 0, 0, 32, 6, 4, 42
"c:\Users\FlowUP\Documents\GitHub\Magic\datapacks\Magic_FR\data\stuff\function\stuff_warrior\keybind2.mcfunction", "mcfunction", 0, 0, 35, 6, 5, 46
"c:\Users\FlowUP\Documents\GitHub\Magic\datapacks\Magic_FR\data\stuff\function\stuff_warrior\keybind3.mcfunction", "mcfunction", 0, 0, 36, 6, 5, 47
"c:\Users\FlowUP\Documents\GitHub\Magic\datapacks\Magic_FR\data\stuff\function\stuff_warrior\save_stuff_as_storage\determine_player.mcfunction", "mcfunction", 0, 0, 12, 2, 1, 15
"c:\Users\FlowUP\Documents\GitHub\Magic\datapacks\Magic_FR\data\stuff\function\stuff_warrior\save_stuff_as_storage\player1.mcfunction", "mcfunction", 0, 0, 21, 2, 4, 27
"c:\Users\FlowUP\Documents\GitHub\Magic\datapacks\Magic_FR\data\stuff\function\stuff_warrior\save_stuff_as_storage\player10.mcfunction", "mcfunction", 0, 0, 21, 2, 4, 27
"c:\Users\FlowUP\Documents\GitHub\Magic\datapacks\Magic_FR\data\stuff\function\stuff_warrior\save_stuff_as_storage\player11.mcfunction", "mcfunction", 0, 0, 21, 2, 4, 27
"c:\Users\FlowUP\Documents\GitHub\Magic\datapacks\Magic_FR\data\stuff\function\stuff_warrior\save_stuff_as_storage\player12.mcfunction", "mcfunction", 0, 0, 21, 2, 4, 27
"c:\Users\FlowUP\Documents\GitHub\Magic\datapacks\Magic_FR\data\stuff\function\stuff_warrior\save_stuff_as_storage\player2.mcfunction", "mcfunction", 0, 0, 21, 2, 4, 27
"c:\Users\FlowUP\Documents\GitHub\Magic\datapacks\Magic_FR\data\stuff\function\stuff_warrior\save_stuff_as_storage\player3.mcfunction", "mcfunction", 0, 0, 21, 2, 4, 27
"c:\Users\FlowUP\Documents\GitHub\Magic\datapacks\Magic_FR\data\stuff\function\stuff_warrior\save_stuff_as_storage\player4.mcfunction", "mcfunction", 0, 0, 21, 2, 4, 27
"c:\Users\FlowUP\Documents\GitHub\Magic\datapacks\Magic_FR\data\stuff\function\stuff_warrior\save_stuff_as_storage\player5.mcfunction", "mcfunction", 0, 0, 21, 2, 4, 27
"c:\Users\FlowUP\Documents\GitHub\Magic\datapacks\Magic_FR\data\stuff\function\stuff_warrior\save_stuff_as_storage\player6.mcfunction", "mcfunction", 0, 0, 21, 2, 4, 27
"c:\Users\FlowUP\Documents\GitHub\Magic\datapacks\Magic_FR\data\stuff\function\stuff_warrior\save_stuff_as_storage\player7.mcfunction", "mcfunction", 0, 0, 21, 2, 4, 27
"c:\Users\FlowUP\Documents\GitHub\Magic\datapacks\Magic_FR\data\stuff\function\stuff_warrior\save_stuff_as_storage\player8.mcfunction", "mcfunction", 0, 0, 21, 2, 4, 27
"c:\Users\FlowUP\Documents\GitHub\Magic\datapacks\Magic_FR\data\stuff\function\stuff_warrior\save_stuff_as_storage\player9.mcfunction", "mcfunction", 0, 0, 21, 2, 4, 27
"c:\Users\FlowUP\Documents\GitHub\Magic\datapacks\Magic_FR\data\stuff\function\stuff_warrior\spell1\determine_slot.mcfunction", "mcfunction", 0, 0, 9, 2, 1, 12
"c:\Users\FlowUP\Documents\GitHub\Magic\datapacks\Magic_FR\data\stuff\function\stuff_warrior\spell1\slot0.mcfunction", "mcfunction", 0, 0, 3, 2, 1, 6
"c:\Users\FlowUP\Documents\GitHub\Magic\datapacks\Magic_FR\data\stuff\function\stuff_warrior\spell1\slot1.mcfunction", "mcfunction", 0, 0, 3, 2, 1, 6
"c:\Users\FlowUP\Documents\GitHub\Magic\datapacks\Magic_FR\data\stuff\function\stuff_warrior\spell1\slot2.mcfunction", "mcfunction", 0, 0, 3, 2, 1, 6
"c:\Users\FlowUP\Documents\GitHub\Magic\datapacks\Magic_FR\data\stuff\function\stuff_warrior\spell1\slot3.mcfunction", "mcfunction", 0, 0, 3, 2, 1, 6
"c:\Users\FlowUP\Documents\GitHub\Magic\datapacks\Magic_FR\data\stuff\function\stuff_warrior\spell1\slot4.mcfunction", "mcfunction", 0, 0, 3, 2, 1, 6
"c:\Users\FlowUP\Documents\GitHub\Magic\datapacks\Magic_FR\data\stuff\function\stuff_warrior\spell1\slot5.mcfunction", "mcfunction", 0, 0, 3, 2, 1, 6
"c:\Users\FlowUP\Documents\GitHub\Magic\datapacks\Magic_FR\data\stuff\function\stuff_warrior\spell1\slot6.mcfunction", "mcfunction", 0, 0, 3, 2, 1, 6
"c:\Users\FlowUP\Documents\GitHub\Magic\datapacks\Magic_FR\data\stuff\function\stuff_warrior\spell1\slot7.mcfunction", "mcfunction", 0, 0, 3, 2, 1, 6
"c:\Users\FlowUP\Documents\GitHub\Magic\datapacks\Magic_FR\data\stuff\function\stuff_warrior\spell1\slot8.mcfunction", "mcfunction", 0, 0, 3, 2, 1, 6
"c:\Users\FlowUP\Documents\GitHub\Magic\datapacks\Magic_FR\data\stuff\function\stuff_warrior\spell2\determine_slot.mcfunction", "mcfunction", 0, 0, 9, 2, 1, 12
"c:\Users\FlowUP\Documents\GitHub\Magic\datapacks\Magic_FR\data\stuff\function\stuff_warrior\spell2\slot0.mcfunction", "mcfunction", 0, 0, 3, 2, 1, 6
"c:\Users\FlowUP\Documents\GitHub\Magic\datapacks\Magic_FR\data\stuff\function\stuff_warrior\spell2\slot1.mcfunction", "mcfunction", 0, 0, 3, 2, 1, 6
"c:\Users\FlowUP\Documents\GitHub\Magic\datapacks\Magic_FR\data\stuff\function\stuff_warrior\spell2\slot2.mcfunction", "mcfunction", 0, 0, 3, 2, 1, 6
"c:\Users\FlowUP\Documents\GitHub\Magic\datapacks\Magic_FR\data\stuff\function\stuff_warrior\spell2\slot3.mcfunction", "mcfunction", 0, 0, 3, 2, 1, 6
"c:\Users\FlowUP\Documents\GitHub\Magic\datapacks\Magic_FR\data\stuff\function\stuff_warrior\spell2\slot4.mcfunction", "mcfunction", 0, 0, 3, 2, 1, 6
"c:\Users\FlowUP\Documents\GitHub\Magic\datapacks\Magic_FR\data\stuff\function\stuff_warrior\spell2\slot5.mcfunction", "mcfunction", 0, 0, 3, 2, 1, 6
"c:\Users\FlowUP\Documents\GitHub\Magic\datapacks\Magic_FR\data\stuff\function\stuff_warrior\spell2\slot6.mcfunction", "mcfunction", 0, 0, 3, 2, 1, 6
"c:\Users\FlowUP\Documents\GitHub\Magic\datapacks\Magic_FR\data\stuff\function\stuff_warrior\spell2\slot7.mcfunction", "mcfunction", 0, 0, 3, 2, 1, 6
"c:\Users\FlowUP\Documents\GitHub\Magic\datapacks\Magic_FR\data\stuff\function\stuff_warrior\spell2\slot8.mcfunction", "mcfunction", 0, 0, 3, 2, 1, 6
"c:\Users\FlowUP\Documents\GitHub\Magic\datapacks\Magic_FR\data\stuff\function\stuff_warrior\spell3\determine_slot.mcfunction", "mcfunction", 0, 0, 9, 2, 2, 13
"c:\Users\FlowUP\Documents\GitHub\Magic\datapacks\Magic_FR\data\stuff\function\stuff_warrior\spell3\slot0.mcfunction", "mcfunction", 0, 0, 3, 2, 1, 6
"c:\Users\FlowUP\Documents\GitHub\Magic\datapacks\Magic_FR\data\stuff\function\stuff_warrior\spell3\slot1.mcfunction", "mcfunction", 0, 0, 3, 2, 1, 6
"c:\Users\FlowUP\Documents\GitHub\Magic\datapacks\Magic_FR\data\stuff\function\stuff_warrior\spell3\slot2.mcfunction", "mcfunction", 0, 0, 3, 2, 1, 6
"c:\Users\FlowUP\Documents\GitHub\Magic\datapacks\Magic_FR\data\stuff\function\stuff_warrior\spell3\slot3.mcfunction", "mcfunction", 0, 0, 3, 2, 1, 6
"c:\Users\FlowUP\Documents\GitHub\Magic\datapacks\Magic_FR\data\stuff\function\stuff_warrior\spell3\slot4.mcfunction", "mcfunction", 0, 0, 3, 2, 1, 6
"c:\Users\FlowUP\Documents\GitHub\Magic\datapacks\Magic_FR\data\stuff\function\stuff_warrior\spell3\slot5.mcfunction", "mcfunction", 0, 0, 3, 2, 1, 6
"c:\Users\FlowUP\Documents\GitHub\Magic\datapacks\Magic_FR\data\stuff\function\stuff_warrior\spell3\slot6.mcfunction", "mcfunction", 0, 0, 3, 2, 1, 6
"c:\Users\FlowUP\Documents\GitHub\Magic\datapacks\Magic_FR\data\stuff\function\stuff_warrior\spell3\slot7.mcfunction", "mcfunction", 0, 0, 3, 2, 1, 6
"c:\Users\FlowUP\Documents\GitHub\Magic\datapacks\Magic_FR\data\stuff\function\stuff_warrior\spell3\slot8.mcfunction", "mcfunction", 0, 0, 3, 2, 1, 6
"c:\Users\FlowUP\Documents\GitHub\Magic\datapacks\Magic_FR\data\stuff\function\stuff_warrior\stuffwarrior.mcfunction", "mcfunction", 0, 0, 72, 50, 28, 150
"c:\Users\FlowUP\Documents\GitHub\Magic\datapacks\Magic_FR\data\stuff\function\stuff_warrior\weapon1\slot0.mcfunction", "mcfunction", 0, 0, 11, 13, 1, 25
"c:\Users\FlowUP\Documents\GitHub\Magic\datapacks\Magic_FR\data\stuff\function\stuff_warrior\weapon1\slot1.mcfunction", "mcfunction", 0, 0, 11, 13, 1, 25
"c:\Users\FlowUP\Documents\GitHub\Magic\datapacks\Magic_FR\data\stuff\function\stuff_warrior\weapon1\slot2.mcfunction", "mcfunction", 0, 0, 11, 13, 1, 25
"c:\Users\FlowUP\Documents\GitHub\Magic\datapacks\Magic_FR\data\stuff\function\stuff_warrior\weapon1\slot3.mcfunction", "mcfunction", 0, 0, 11, 13, 1, 25
"c:\Users\FlowUP\Documents\GitHub\Magic\datapacks\Magic_FR\data\stuff\function\stuff_warrior\weapon1\slot4.mcfunction", "mcfunction", 0, 0, 11, 13, 1, 25
"c:\Users\FlowUP\Documents\GitHub\Magic\datapacks\Magic_FR\data\stuff\function\stuff_warrior\weapon1\slot5.mcfunction", "mcfunction", 0, 0, 11, 13, 1, 25
"c:\Users\FlowUP\Documents\GitHub\Magic\datapacks\Magic_FR\data\stuff\function\stuff_warrior\weapon1\slot6.mcfunction", "mcfunction", 0, 0, 11, 13, 1, 25
"c:\Users\FlowUP\Documents\GitHub\Magic\datapacks\Magic_FR\data\stuff\function\stuff_warrior\weapon1\slot7.mcfunction", "mcfunction", 0, 0, 11, 13, 1, 25
"c:\Users\FlowUP\Documents\GitHub\Magic\datapacks\Magic_FR\data\stuff\function\stuff_warrior\weapon1\slot8.mcfunction", "mcfunction", 0, 0, 11, 13, 1, 25
"c:\Users\FlowUP\Documents\GitHub\Magic\datapacks\Magic_FR\data\warrior\advancement\1_w.json", "JSON", 0, 27, 0, 0, 0, 27
"c:\Users\FlowUP\Documents\GitHub\Magic\datapacks\Magic_FR\data\warrior\advancement\2_w.json", "JSON", 0, 31, 0, 0, 0, 31
"c:\Users\FlowUP\Documents\GitHub\Magic\datapacks\Magic_FR\data\warrior\advancement\3_w.json", "JSON", 0, 41, 0, 0, 0, 41
"c:\Users\FlowUP\Documents\GitHub\Magic\datapacks\Magic_FR\data\warrior\advancement\4_w.json", "JSON", 0, 27, 0, 0, 0, 27
"c:\Users\FlowUP\Documents\GitHub\Magic\datapacks\Magic_FR\data\warrior\advancement\5_w.json", "JSON", 0, 24, 0, 0, 0, 24
"c:\Users\FlowUP\Documents\GitHub\Magic\datapacks\Magic_FR\data\warrior\advancement\6_w.json", "JSON", 0, 31, 0, 0, 0, 31
"c:\Users\FlowUP\Documents\GitHub\Magic\datapacks\Magic_FR\data\warrior\advancement\7_w.json", "JSON", 0, 23, 0, 0, 0, 23
"c:\Users\FlowUP\Documents\GitHub\Magic\datapacks\Magic_FR\data\warrior\advancement\bootlvl10_w.json", "JSON", 0, 26, 0, 0, 0, 26
"c:\Users\FlowUP\Documents\GitHub\Magic\datapacks\Magic_FR\data\warrior\advancement\bootlvl2_w.json", "JSON", 0, 26, 0, 0, 0, 26
"c:\Users\FlowUP\Documents\GitHub\Magic\datapacks\Magic_FR\data\warrior\advancement\bootlvl3_w.json", "JSON", 0, 23, 0, 0, 0, 23
"c:\Users\FlowUP\Documents\GitHub\Magic\datapacks\Magic_FR\data\warrior\advancement\bootlvl4_w.json", "JSON", 0, 26, 0, 0, 0, 26
"c:\Users\FlowUP\Documents\GitHub\Magic\datapacks\Magic_FR\data\warrior\advancement\bootlvl5_w.json", "JSON", 0, 23, 0, 0, 0, 23
"c:\Users\FlowUP\Documents\GitHub\Magic\datapacks\Magic_FR\data\warrior\advancement\bootlvl6_w.json", "JSON", 0, 26, 0, 0, 0, 26
"c:\Users\FlowUP\Documents\GitHub\Magic\datapacks\Magic_FR\data\warrior\advancement\bootlvl7_w.json", "JSON", 0, 23, 0, 0, 0, 23
"c:\Users\FlowUP\Documents\GitHub\Magic\datapacks\Magic_FR\data\warrior\advancement\bootlvl8_w.json", "JSON", 0, 26, 0, 0, 0, 26
"c:\Users\FlowUP\Documents\GitHub\Magic\datapacks\Magic_FR\data\warrior\advancement\bootlvl9_w.json", "JSON", 0, 23, 0, 0, 0, 23
"c:\Users\FlowUP\Documents\GitHub\Magic\datapacks\Magic_FR\data\warrior\advancement\chestlvl10_w.json", "JSON", 0, 30, 0, 0, 0, 30
"c:\Users\FlowUP\Documents\GitHub\Magic\datapacks\Magic_FR\data\warrior\advancement\chestlvl2_w.json", "JSON", 0, 30, 0, 0, 0, 30
"c:\Users\FlowUP\Documents\GitHub\Magic\datapacks\Magic_FR\data\warrior\advancement\chestlvl3_w.json", "JSON", 0, 27, 0, 0, 0, 27
"c:\Users\FlowUP\Documents\GitHub\Magic\datapacks\Magic_FR\data\warrior\advancement\chestlvl4_w.json", "JSON", 0, 30, 0, 0, 0, 30
"c:\Users\FlowUP\Documents\GitHub\Magic\datapacks\Magic_FR\data\warrior\advancement\chestlvl5_w.json", "JSON", 0, 27, 0, 0, 0, 27
"c:\Users\FlowUP\Documents\GitHub\Magic\datapacks\Magic_FR\data\warrior\advancement\chestlvl6_w.json", "JSON", 0, 30, 0, 0, 0, 30
"c:\Users\FlowUP\Documents\GitHub\Magic\datapacks\Magic_FR\data\warrior\advancement\chestlvl7_w.json", "JSON", 0, 27, 0, 0, 0, 27
"c:\Users\FlowUP\Documents\GitHub\Magic\datapacks\Magic_FR\data\warrior\advancement\chestlvl8_w.json", "JSON", 0, 30, 0, 0, 0, 30
"c:\Users\FlowUP\Documents\GitHub\Magic\datapacks\Magic_FR\data\warrior\advancement\chestlvl9_w.json", "JSON", 0, 27, 0, 0, 0, 27
"c:\Users\FlowUP\Documents\GitHub\Magic\datapacks\Magic_FR\data\warrior\advancement\legslvl10_w.json", "JSON", 0, 27, 0, 0, 0, 27
"c:\Users\FlowUP\Documents\GitHub\Magic\datapacks\Magic_FR\data\warrior\advancement\legslvl2_w.json", "JSON", 0, 27, 0, 0, 0, 27
"c:\Users\FlowUP\Documents\GitHub\Magic\datapacks\Magic_FR\data\warrior\advancement\legslvl3_w.json", "JSON", 0, 24, 0, 0, 0, 24
"c:\Users\FlowUP\Documents\GitHub\Magic\datapacks\Magic_FR\data\warrior\advancement\legslvl4_w.json", "JSON", 0, 27, 0, 0, 0, 27
"c:\Users\FlowUP\Documents\GitHub\Magic\datapacks\Magic_FR\data\warrior\advancement\legslvl5_w.json", "JSON", 0, 24, 0, 0, 0, 24
"c:\Users\FlowUP\Documents\GitHub\Magic\datapacks\Magic_FR\data\warrior\advancement\legslvl6_w.json", "JSON", 0, 27, 0, 0, 0, 27
"c:\Users\FlowUP\Documents\GitHub\Magic\datapacks\Magic_FR\data\warrior\advancement\legslvl7_w.json", "JSON", 0, 24, 0, 0, 0, 24
"c:\Users\FlowUP\Documents\GitHub\Magic\datapacks\Magic_FR\data\warrior\advancement\legslvl8_w.json", "JSON", 0, 27, 0, 0, 0, 27
"c:\Users\FlowUP\Documents\GitHub\Magic\datapacks\Magic_FR\data\warrior\advancement\legslvl9_w.json", "JSON", 0, 24, 0, 0, 0, 24
"c:\Users\FlowUP\Documents\GitHub\Magic\datapacks\Magic_FR\data\warrior\advancement\passif_w.json", "JSON", 0, 36, 0, 0, 0, 36
"c:\Users\FlowUP\Documents\GitHub\Magic\datapacks\Magic_FR\data\warrior\advancement\root.json", "JSON", 0, 31, 0, 0, 0, 31
"c:\Users\FlowUP\Documents\GitHub\Magic\datapacks\Magic_FR\data\warrior\advancement\spell1lvl2_w.json", "JSON", 0, 41, 0, 0, 0, 41
"c:\Users\FlowUP\Documents\GitHub\Magic\datapacks\Magic_FR\data\warrior\advancement\spell1lvl3_w.json", "JSON", 0, 41, 0, 0, 0, 41
"c:\Users\FlowUP\Documents\GitHub\Magic\datapacks\Magic_FR\data\warrior\advancement\spell2lvl2_w.json", "JSON", 0, 31, 0, 0, 0, 31
"c:\Users\FlowUP\Documents\GitHub\Magic\datapacks\Magic_FR\data\warrior\advancement\spell2lvl3_w.json", "JSON", 0, 31, 0, 0, 0, 31
"c:\Users\FlowUP\Documents\GitHub\Magic\datapacks\Magic_FR\data\warrior\advancement\weapon1lvl10_w.json", "JSON", 0, 27, 0, 0, 0, 27
"c:\Users\FlowUP\Documents\GitHub\Magic\datapacks\Magic_FR\data\warrior\advancement\weapon1lvl2_w.json", "JSON", 0, 27, 0, 0, 0, 27
"c:\Users\FlowUP\Documents\GitHub\Magic\datapacks\Magic_FR\data\warrior\advancement\weapon1lvl3_w.json", "JSON", 0, 27, 0, 0, 0, 27
"c:\Users\FlowUP\Documents\GitHub\Magic\datapacks\Magic_FR\data\warrior\advancement\weapon1lvl4_w.json", "JSON", 0, 28, 0, 0, 0, 28
"c:\Users\FlowUP\Documents\GitHub\Magic\datapacks\Magic_FR\data\warrior\advancement\weapon1lvl5_w.json", "JSON", 0, 27, 0, 0, 0, 27
"c:\Users\FlowUP\Documents\GitHub\Magic\datapacks\Magic_FR\data\warrior\advancement\weapon1lvl6_w.json", "JSON", 0, 27, 0, 0, 0, 27
"c:\Users\FlowUP\Documents\GitHub\Magic\datapacks\Magic_FR\data\warrior\advancement\weapon1lvl7_w.json", "JSON", 0, 27, 0, 0, 0, 27
"c:\Users\FlowUP\Documents\GitHub\Magic\datapacks\Magic_FR\data\warrior\advancement\weapon1lvl8_w.json", "JSON", 0, 27, 0, 0, 0, 27
"c:\Users\FlowUP\Documents\GitHub\Magic\datapacks\Magic_FR\data\warrior\advancement\weapon1lvl9_w.json", "JSON", 0, 27, 0, 0, 0, 27
"c:\Users\FlowUP\Documents\GitHub\Magic\datapacks\Magic_FR\pack.mcmeta", "MCMETA", 8, 0, 0, 0, 0, 8
"Total", "-", 8, 7611, 41739, 14179, 13948, 77485