"filename", "language", "mcfunction", "JSON", "comment", "blank", "total"
"c:\Users\FlowUP\AppData\Roaming\.minecraft\saves\CTF-1.21.10 v1.30\datapacks\Magic_FR\data\ctf\function\bossbar\bossbar_actualise.mcfunction", "mcfunction", -22, 0, -12, -14, -48
"c:\Users\FlowUP\AppData\Roaming\.minecraft\saves\CTF-1.21.10 v1.30\datapacks\Magic_FR\data\ctf\function\bossbar\objective_decount_timer.mcfunction", "mcfunction", -2, 0, -4, -2, -8
"c:\Users\FlowUP\AppData\Roaming\.minecraft\saves\CTF-1.21.10 v1.30\datapacks\Magic_FR\data\ctf\function\bossbar\refresh_timer.mcfunction", "mcfunction", -5, 0, -3, -5, -13
"c:\Users\FlowUP\AppData\Roaming\.minecraft\saves\CTF-1.21.10 v1.30\datapacks\Magic_FR\data\ctf\function\bossbar\remove_one_minute.mcfunction", "mcfunction", -2, 0, -1, -1, -4
"c:\Users\FlowUP\AppData\Roaming\.minecraft\saves\CTF-1.21.10 v1.30\datapacks\Magic_FR\data\ctf\function\capflag\cap_blueflag.mcfunction", "mcfunction", 1, 0, 1, 1, 3
"c:\Users\FlowUP\AppData\Roaming\.minecraft\saves\CTF-1.21.10 v1.30\datapacks\Magic_FR\data\ctf\function\capflag\cap_redflag.mcfunction", "mcfunction", 1, 0, 1, 0, 2
"c:\Users\FlowUP\AppData\Roaming\.minecraft\saves\CTF-1.21.10 v1.30\datapacks\Magic_FR\data\ctf\function\dropflag\dropflag_blueflag.mcfunction", "mcfunction", 1, 0, 1, 1, 3
"c:\Users\FlowUP\AppData\Roaming\.minecraft\saves\CTF-1.21.10 v1.30\datapacks\Magic_FR\data\ctf\function\dropflag\dropflag_redflag.mcfunction", "mcfunction", 1, 0, 1, 1, 3
"c:\Users\FlowUP\AppData\Roaming\.minecraft\saves\CTF-1.21.10 v1.30\datapacks\Magic_FR\data\ctf\function\end_game\end_game.mcfunction", "mcfunction", -22, 0, 1, 0, -21
"c:\Users\FlowUP\AppData\Roaming\.minecraft\saves\CTF-1.21.10 v1.30\datapacks\Magic_FR\data\ctf\function\loop.mcfunction", "mcfunction", -17, 0, -9, -2, -28
"c:\Users\FlowUP\AppData\Roaming\.minecraft\saves\CTF-1.21.10 v1.30\datapacks\Magic_FR\data\ctf\function\poseflag\poseflag_blueflag.mcfunction", "mcfunction", 1, 0, 1, 2, 4
"c:\Users\FlowUP\AppData\Roaming\.minecraft\saves\CTF-1.21.10 v1.30\datapacks\Magic_FR\data\ctf\function\poseflag\poseflag_redflag.mcfunction", "mcfunction", 5, 0, 4, 4, 13
"c:\Users\FlowUP\AppData\Roaming\.minecraft\saves\CTF-1.21.10 v1.30\datapacks\Magic_FR\data\ctf\function\respawns\bossbar\refreshbossbar.mcfunction", "mcfunction", 4, 0, 3, 2, 9
"c:\Users\FlowUP\AppData\Roaming\.minecraft\saves\CTF-1.21.10 v1.30\datapacks\Magic_FR\data\ctf\function\respawns\no_more_respawn_time.mcfunction", "mcfunction", 1, 0, 0, 0, 1
"c:\Users\FlowUP\AppData\Roaming\.minecraft\saves\CTF-1.21.10 v1.30\datapacks\Magic_FR\data\ctf\function\respawns\respawn.mcfunction", "mcfunction", 0, 0, 0, 2, 2
"c:\Users\FlowUP\AppData\Roaming\.minecraft\saves\CTF-1.21.10 v1.30\datapacks\Magic_FR\data\ctf\function\timer\objective_decount_timer.mcfunction", "mcfunction", 2, 0, 4, 2, 8
"c:\Users\FlowUP\AppData\Roaming\.minecraft\saves\CTF-1.21.10 v1.30\datapacks\Magic_FR\data\ctf\function\timer\refresh_timer.mcfunction", "mcfunction", 12, 0, 10, 10, 32
"c:\Users\FlowUP\AppData\Roaming\.minecraft\saves\CTF-1.21.10 v1.30\datapacks\Magic_FR\data\ctf\function\timer\timer_actualise\green.mcfunction", "mcfunction", 4, 0, 2, 1, 7
"c:\Users\FlowUP\AppData\Roaming\.minecraft\saves\CTF-1.21.10 v1.30\datapacks\Magic_FR\data\ctf\function\timer\timer_actualise\red.mcfunction", "mcfunction", 4, 0, 2, 1, 7
"c:\Users\FlowUP\AppData\Roaming\.minecraft\saves\CTF-1.21.10 v1.30\datapacks\Magic_FR\data\ctf\function\timer\timer_actualise\timer_actualise.mcfunction", "mcfunction", 31, 0, 5, 12, 48
"c:\Users\FlowUP\AppData\Roaming\.minecraft\saves\CTF-1.21.10 v1.30\datapacks\Magic_FR\data\ctf\function\timer\timer_actualise\yellow.mcfunction", "mcfunction", 4, 0, 2, 1, 7
"c:\Users\FlowUP\AppData\Roaming\.minecraft\saves\CTF-1.21.10 v1.30\datapacks\Magic_FR\data\ctf\function\usespellwithflag\usespell_blueflag.mcfunction", "mcfunction", 1, 0, 1, 1, 3
"c:\Users\FlowUP\AppData\Roaming\.minecraft\saves\CTF-1.21.10 v1.30\datapacks\Magic_FR\data\ctf\function\usespellwithflag\usespell_redflag.mcfunction", "mcfunction", 1, 0, 1, 1, 3
"c:\Users\FlowUP\AppData\Roaming\.minecraft\saves\CTF-1.21.10 v1.30\datapacks\Magic_FR\data\lobby\function\arena\cant_join\no_class.mcfunction", "mcfunction", -2, 0, -2, -2, -6
"c:\Users\FlowUP\AppData\Roaming\.minecraft\saves\CTF-1.21.10 v1.30\datapacks\Magic_FR\data\lobby\function\arena\cant_join\too_many_players.mcfunction", "mcfunction", -2, 0, -2, -2, -6
"c:\Users\FlowUP\AppData\Roaming\.minecraft\saves\CTF-1.21.10 v1.30\datapacks\Magic_FR\data\lobby\function\arena\check_join.mcfunction", "mcfunction", -3, 0, -5, -3, -11
"c:\Users\FlowUP\AppData\Roaming\.minecraft\saves\CTF-1.21.10 v1.30\datapacks\Magic_FR\data\lobby\function\arena\clear_fire.mcfunction", "mcfunction", 1, 0, 2, 1, 4
"c:\Users\FlowUP\AppData\Roaming\.minecraft\saves\CTF-1.21.10 v1.30\datapacks\Magic_FR\data\lobby\function\arena\in_lava.mcfunction", "mcfunction", 14, 0, 4, 4, 22
"c:\Users\FlowUP\AppData\Roaming\.minecraft\saves\CTF-1.21.10 v1.30\datapacks\Magic_FR\data\lobby\function\arena\join_arena.mcfunction", "mcfunction", -67, 0, -11, -18, -96
"c:\Users\FlowUP\AppData\Roaming\.minecraft\saves\CTF-1.21.10 v1.30\datapacks\Magic_FR\data\lobby\function\arena\join_arena\cant_join\disabled.mcfunction", "mcfunction", 2, 0, 2, 2, 6
"c:\Users\FlowUP\AppData\Roaming\.minecraft\saves\CTF-1.21.10 v1.30\datapacks\Magic_FR\data\lobby\function\arena\join_arena\cant_join\no_class.mcfunction", "mcfunction", 2, 0, 2, 2, 6
"c:\Users\FlowUP\AppData\Roaming\.minecraft\saves\CTF-1.21.10 v1.30\datapacks\Magic_FR\data\lobby\function\arena\join_arena\cant_join\too_many_players.mcfunction", "mcfunction", 2, 0, 2, 2, 6
"c:\Users\FlowUP\AppData\Roaming\.minecraft\saves\CTF-1.21.10 v1.30\datapacks\Magic_FR\data\lobby\function\arena\join_arena\check_join.mcfunction", "mcfunction", 4, 0, 6, 4, 14
"c:\Users\FlowUP\AppData\Roaming\.minecraft\saves\CTF-1.21.10 v1.30\datapacks\Magic_FR\data\lobby\function\arena\join_arena\join_arena.mcfunction", "mcfunction", 79, 0, 12, 17, 108
"c:\Users\FlowUP\AppData\Roaming\.minecraft\saves\CTF-1.21.10 v1.30\datapacks\Magic_FR\data\lobby\function\arena\join_arena\start_sneak.mcfunction", "mcfunction", 2, 0, 2, 1, 5
"c:\Users\FlowUP\AppData\Roaming\.minecraft\saves\CTF-1.21.10 v1.30\datapacks\Magic_FR\data\lobby\function\arena\join_arena\stop_sneak.mcfunction", "mcfunction", 1, 0, 2, 1, 4
"c:\Users\FlowUP\AppData\Roaming\.minecraft\saves\CTF-1.21.10 v1.30\datapacks\Magic_FR\data\lobby\function\arena\leaderboard\refresh_leaderboard.mcfunction", "mcfunction", 1, 0, 1, 0, 2
"c:\Users\FlowUP\AppData\Roaming\.minecraft\saves\CTF-1.21.10 v1.30\datapacks\Magic_FR\data\lobby\function\arena\quit_arena.mcfunction", "mcfunction", 3, 0, 3, 2, 8
"c:\Users\FlowUP\AppData\Roaming\.minecraft\saves\CTF-1.21.10 v1.30\datapacks\Magic_FR\data\lobby\function\arena\respawn.mcfunction", "mcfunction", -49, 0, -19, -22, -90
"c:\Users\FlowUP\AppData\Roaming\.minecraft\saves\CTF-1.21.10 v1.30\datapacks\Magic_FR\data\lobby\function\arena\respawn\respawn.mcfunction", "mcfunction", 67, 0, 26, 31, 124
"c:\Users\FlowUP\AppData\Roaming\.minecraft\saves\CTF-1.21.10 v1.30\datapacks\Magic_FR\data\lobby\function\arena\respawn\respawn_at_good_spot.mcfunction", "mcfunction", 21, 0, 7, 7, 35
"c:\Users\FlowUP\AppData\Roaming\.minecraft\saves\CTF-1.21.10 v1.30\datapacks\Magic_FR\data\lobby\function\arena\setup_respawn_points.mcfunction", "mcfunction", 14, 0, 2, 3, 19
"c:\Users\FlowUP\AppData\Roaming\.minecraft\saves\CTF-1.21.10 v1.30\datapacks\Magic_FR\data\lobby\function\arena\stuff_give_max\archer.mcfunction", "mcfunction", 6, 0, 1, 2, 9
"c:\Users\FlowUP\AppData\Roaming\.minecraft\saves\CTF-1.21.10 v1.30\datapacks\Magic_FR\data\lobby\function\arena\stuff_give_max\mage.mcfunction", "mcfunction", 6, 0, 1, 1, 8
"c:\Users\FlowUP\AppData\Roaming\.minecraft\saves\CTF-1.21.10 v1.30\datapacks\Magic_FR\data\lobby\function\arena\stuff_give_max\rogue.mcfunction", "mcfunction", 6, 0, 1, 1, 8
"c:\Users\FlowUP\AppData\Roaming\.minecraft\saves\CTF-1.21.10 v1.30\datapacks\Magic_FR\data\lobby\function\arena\stuff_give_max\warrior.mcfunction", "mcfunction", 6, 0, 1, 1, 8
"c:\Users\FlowUP\AppData\Roaming\.minecraft\saves\CTF-1.21.10 v1.30\datapacks\Magic_FR\data\lobby\function\arena\tp.mcfunction", "mcfunction", 2, 0, 2, 3, 7
"c:\Users\FlowUP\AppData\Roaming\.minecraft\saves\CTF-1.21.10 v1.30\datapacks\Magic_FR\data\lobby\function\becomeop.mcfunction", "mcfunction", -4, 0, -1, -1, -6
"c:\Users\FlowUP\AppData\Roaming\.minecraft\saves\CTF-1.21.10 v1.30\datapacks\Magic_FR\data\lobby\function\check_game_startable\check_startable.mcfunction", "mcfunction", -1, 0, 0, -1, -2
"c:\Users\FlowUP\AppData\Roaming\.minecraft\saves\CTF-1.21.10 v1.30\datapacks\Magic_FR\data\lobby\function\check_game_startable\matchmaking\attribution\assign_one_player.mcfunction", "mcfunction", -6, 0, 0, 1, -5
"c:\Users\FlowUP\AppData\Roaming\.minecraft\saves\CTF-1.21.10 v1.30\datapacks\Magic_FR\data\lobby\function\check_game_startable\matchmaking\attribution\pick_class.mcfunction", "mcfunction", 3, 0, 0, 0, 3
"c:\Users\FlowUP\AppData\Roaming\.minecraft\saves\CTF-1.21.10 v1.30\datapacks\Magic_FR\data\lobby\function\check_game_startable\matchmaking\attribution\pick_team.mcfunction", "mcfunction", 1, 0, 0, 0, 1
"c:\Users\FlowUP\AppData\Roaming\.minecraft\saves\CTF-1.21.10 v1.30\datapacks\Magic_FR\data\lobby\function\check_game_startable\matchmaking\check_enough_players.mcfunction", "mcfunction", -3, 0, -2, -1, -6
"c:\Users\FlowUP\AppData\Roaming\.minecraft\saves\CTF-1.21.10 v1.30\datapacks\Magic_FR\data\lobby\function\check_game_startable\matchmaking\save_class_and_team.mcfunction", "mcfunction", -21, 0, -4, -3, -28
"c:\Users\FlowUP\AppData\Roaming\.minecraft\saves\CTF-1.21.10 v1.30\datapacks\Magic_FR\data\lobby\function\check_game_startable\no_matchmaking.mcfunction", "mcfunction", 1, 0, 1, 3, 5
"c:\Users\FlowUP\AppData\Roaming\.minecraft\saves\CTF-1.21.10 v1.30\datapacks\Magic_FR\data\lobby\function\class_selector\become_archer.mcfunction", "mcfunction", -8, 0, 3, 1, -4
"c:\Users\FlowUP\AppData\Roaming\.minecraft\saves\CTF-1.21.10 v1.30\datapacks\Magic_FR\data\lobby\function\class_selector\become_mage.mcfunction", "mcfunction", -8, 0, 3, 1, -4
"c:\Users\FlowUP\AppData\Roaming\.minecraft\saves\CTF-1.21.10 v1.30\datapacks\Magic_FR\data\lobby\function\class_selector\become_rogue.mcfunction", "mcfunction", -8, 0, 3, 1, -4
"c:\Users\FlowUP\AppData\Roaming\.minecraft\saves\CTF-1.21.10 v1.30\datapacks\Magic_FR\data\lobby\function\class_selector\become_warrior.mcfunction", "mcfunction", -8, 0, 3, 1, -4
"c:\Users\FlowUP\AppData\Roaming\.minecraft\saves\CTF-1.21.10 v1.30\datapacks\Magic_FR\data\lobby\function\hotbar_menu\class_selector\become_archer.mcfunction", "mcfunction", -8, 0, 3, 0, -5
"c:\Users\FlowUP\AppData\Roaming\.minecraft\saves\CTF-1.21.10 v1.30\datapacks\Magic_FR\data\lobby\function\hotbar_menu\class_selector\become_mage.mcfunction", "mcfunction", -8, 0, 3, 1, -4
"c:\Users\FlowUP\AppData\Roaming\.minecraft\saves\CTF-1.21.10 v1.30\datapacks\Magic_FR\data\lobby\function\hotbar_menu\class_selector\become_random.mcfunction", "mcfunction", -8, 0, 3, 0, -5
"c:\Users\FlowUP\AppData\Roaming\.minecraft\saves\CTF-1.21.10 v1.30\datapacks\Magic_FR\data\lobby\function\hotbar_menu\class_selector\become_rogue.mcfunction", "mcfunction", -8, 0, 3, 1, -4
"c:\Users\FlowUP\AppData\Roaming\.minecraft\saves\CTF-1.21.10 v1.30\datapacks\Magic_FR\data\lobby\function\hotbar_menu\class_selector\become_warrior.mcfunction", "mcfunction", -8, 0, 3, -1, -6
"c:\Users\FlowUP\AppData\Roaming\.minecraft\saves\CTF-1.21.10 v1.30\datapacks\Magic_FR\data\lobby\function\hotbar_menu\main\join_spectator.mcfunction", "mcfunction", -3, 0, 4, 5, 6
"c:\Users\FlowUP\AppData\Roaming\.minecraft\saves\CTF-1.21.10 v1.30\datapacks\Magic_FR\data\lobby\function\hotbar_menu\main\leave_spectator.mcfunction", "mcfunction", -11, 0, 3, -3, -11
"c:\Users\FlowUP\AppData\Roaming\.minecraft\saves\CTF-1.21.10 v1.30\datapacks\Magic_FR\data\lobby\function\hotbar_menu\team_selector\join_blueteam.mcfunction", "mcfunction", -2, 0, 4, 5, 7
"c:\Users\FlowUP\AppData\Roaming\.minecraft\saves\CTF-1.21.10 v1.30\datapacks\Magic_FR\data\lobby\function\hotbar_menu\team_selector\join_randomteam.mcfunction", "mcfunction", -3, 0, 4, 2, 3
"c:\Users\FlowUP\AppData\Roaming\.minecraft\saves\CTF-1.21.10 v1.30\datapacks\Magic_FR\data\lobby\function\hotbar_menu\team_selector\join_redteam.mcfunction", "mcfunction", -2, 0, 4, 3, 5
"c:\Users\FlowUP\AppData\Roaming\.minecraft\saves\CTF-1.21.10 v1.30\datapacks\Magic_FR\data\lobby\function\is_ready.mcfunction", "mcfunction", 16, 0, 3, 17, 36
"c:\Users\FlowUP\AppData\Roaming\.minecraft\saves\CTF-1.21.10 v1.30\datapacks\Magic_FR\data\lobby\function\loop.mcfunction", "mcfunction", 12, 0, 4, 6, 22
"c:\Users\FlowUP\AppData\Roaming\.minecraft\saves\CTF-1.21.10 v1.30\datapacks\Magic_FR\data\lobby\function\operator\admins_are_op\becomeop.mcfunction", "mcfunction", 6, 0, 3, 2, 11
"c:\Users\FlowUP\AppData\Roaming\.minecraft\saves\CTF-1.21.10 v1.30\datapacks\Magic_FR\data\lobby\function\operator\leave_op.mcfunction", "mcfunction", 6, 0, 5, 4, 15
"c:\Users\FlowUP\AppData\Roaming\.minecraft\saves\CTF-1.21.10 v1.30\datapacks\Magic_FR\data\lobby\function\operator\players_are_op\becomeop.mcfunction", "mcfunction", 7, 0, 5, 4, 16
"c:\Users\FlowUP\AppData\Roaming\.minecraft\saves\CTF-1.21.10 v1.30\datapacks\Magic_FR\data\lobby\function\operator\players_are_op\cant_bybass_map.mcfunction", "mcfunction", 3, 0, 1, 1, 5
"c:\Users\FlowUP\AppData\Roaming\.minecraft\saves\CTF-1.21.10 v1.30\datapacks\Magic_FR\data\lobby\function\operator\triggers\enable_op_triggers.mcfunction", "mcfunction", 5, 0, 3, 1, 9
"c:\Users\FlowUP\AppData\Roaming\.minecraft\saves\CTF-1.21.10 v1.30\datapacks\Magic_FR\data\lobby\function\operator\triggers\reset_op_triggers.mcfunction", "mcfunction", 5, 0, 3, 1, 9
"c:\Users\FlowUP\AppData\Roaming\.minecraft\saves\CTF-1.21.10 v1.30\datapacks\Magic_FR\data\lobby\function\option_panel\display\display_page_1.mcfunction", "mcfunction", -31, 0, -3, -10, -44
"c:\Users\FlowUP\AppData\Roaming\.minecraft\saves\CTF-1.21.10 v1.30\datapacks\Magic_FR\data\lobby\function\option_panel\display\display_page_1_recommanded_options.mcfunction", "mcfunction", -29, 0, -2, -8, -39
"c:\Users\FlowUP\AppData\Roaming\.minecraft\saves\CTF-1.21.10 v1.30\datapacks\Magic_FR\data\lobby\function\option_panel\display\display_page_2_predfined\display_page_2_predefined.mcfunction", "mcfunction", -102, 0, -6, -19, -127
"c:\Users\FlowUP\AppData\Roaming\.minecraft\saves\CTF-1.21.10 v1.30\datapacks\Magic_FR\data\lobby\function\option_panel\display\display_page_2_predfined\round1\1-1.mcfunction", "mcfunction", -2, 0, -2, -2, -6
"c:\Users\FlowUP\AppData\Roaming\.minecraft\saves\CTF-1.21.10 v1.30\datapacks\Magic_FR\data\lobby\function\option_panel\display\display_page_2_predfined\round1\1-2.mcfunction", "mcfunction", -2, 0, -2, -2, -6
"c:\Users\FlowUP\AppData\Roaming\.minecraft\saves\CTF-1.21.10 v1.30\datapacks\Magic_FR\data\lobby\function\option_panel\display\display_page_2_predfined\round1\1-3.mcfunction", "mcfunction", -2, 0, -2, -2, -6
"c:\Users\FlowUP\AppData\Roaming\.minecraft\saves\CTF-1.21.10 v1.30\datapacks\Magic_FR\data\lobby\function\option_panel\display\display_page_2_predfined\round1\1-4.mcfunction", "mcfunction", -2, 0, -2, -2, -6
"c:\Users\FlowUP\AppData\Roaming\.minecraft\saves\CTF-1.21.10 v1.30\datapacks\Magic_FR\data\lobby\function\option_panel\display\display_page_2_predfined\round1\1-5.mcfunction", "mcfunction", -2, 0, -2, -2, -6
"c:\Users\FlowUP\AppData\Roaming\.minecraft\saves\CTF-1.21.10 v1.30\datapacks\Magic_FR\data\lobby\function\option_panel\display\display_page_2_predfined\round1\2-1.mcfunction", "mcfunction", -2, 0, -2, -2, -6
"c:\Users\FlowUP\AppData\Roaming\.minecraft\saves\CTF-1.21.10 v1.30\datapacks\Magic_FR\data\lobby\function\option_panel\display\display_page_2_predfined\round1\2-2.mcfunction", "mcfunction", -2, 0, -2, -2, -6
"c:\Users\FlowUP\AppData\Roaming\.minecraft\saves\CTF-1.21.10 v1.30\datapacks\Magic_FR\data\lobby\function\option_panel\display\display_page_2_predfined\round1\2-3.mcfunction", "mcfunction", -2, 0, -2, -2, -6
"c:\Users\FlowUP\AppData\Roaming\.minecraft\saves\CTF-1.21.10 v1.30\datapacks\Magic_FR\data\lobby\function\option_panel\display\display_page_2_predfined\round1\2-4.mcfunction", "mcfunction", -2, 0, -2, -2, -6
"c:\Users\FlowUP\AppData\Roaming\.minecraft\saves\CTF-1.21.10 v1.30\datapacks\Magic_FR\data\lobby\function\option_panel\display\display_page_2_predfined\round1\2-5.mcfunction", "mcfunction", -2, 0, -2, -2, -6
"c:\Users\FlowUP\AppData\Roaming\.minecraft\saves\CTF-1.21.10 v1.30\datapacks\Magic_FR\data\lobby\function\option_panel\display\display_page_2_predfined\round1\3-1.mcfunction", "mcfunction", -2, 0, -2, -2, -6
"c:\Users\FlowUP\AppData\Roaming\.minecraft\saves\CTF-1.21.10 v1.30\datapacks\Magic_FR\data\lobby\function\option_panel\display\display_page_2_predfined\round1\3-2.mcfunction", "mcfunction", -2, 0, -2, -2, -6
"c:\Users\FlowUP\AppData\Roaming\.minecraft\saves\CTF-1.21.10 v1.30\datapacks\Magic_FR\data\lobby\function\option_panel\display\display_page_2_predfined\round1\3-3.mcfunction", "mcfunction", -2, 0, -2, -2, -6
"c:\Users\FlowUP\AppData\Roaming\.minecraft\saves\CTF-1.21.10 v1.30\datapacks\Magic_FR\data\lobby\function\option_panel\display\display_page_2_predfined\round1\3-4.mcfunction", "mcfunction", -2, 0, -2, -2, -6
"c:\Users\FlowUP\AppData\Roaming\.minecraft\saves\CTF-1.21.10 v1.30\datapacks\Magic_FR\data\lobby\function\option_panel\display\display_page_2_predfined\round1\3-5.mcfunction", "mcfunction", -2, 0, -2, -2, -6
"c:\Users\FlowUP\AppData\Roaming\.minecraft\saves\CTF-1.21.10 v1.30\datapacks\Magic_FR\data\lobby\function\option_panel\display\display_page_2_predfined\round1\4-1.mcfunction", "mcfunction", -2, 0, -2, -2, -6
"c:\Users\FlowUP\AppData\Roaming\.minecraft\saves\CTF-1.21.10 v1.30\datapacks\Magic_FR\data\lobby\function\option_panel\display\display_page_2_predfined\round1\4-2.mcfunction", "mcfunction", -2, 0, -2, -2, -6
"c:\Users\FlowUP\AppData\Roaming\.minecraft\saves\CTF-1.21.10 v1.30\datapacks\Magic_FR\data\lobby\function\option_panel\display\display_page_2_predfined\round1\4-3.mcfunction", "mcfunction", -2, 0, -2, -2, -6
"c:\Users\FlowUP\AppData\Roaming\.minecraft\saves\CTF-1.21.10 v1.30\datapacks\Magic_FR\data\lobby\function\option_panel\display\display_page_2_predfined\round1\4-4.mcfunction", "mcfunction", -2, 0, -2, -2, -6
"c:\Users\FlowUP\AppData\Roaming\.minecraft\saves\CTF-1.21.10 v1.30\datapacks\Magic_FR\data\lobby\function\option_panel\display\display_page_2_predfined\round1\4-5.mcfunction", "mcfunction", -2, 0, -2, -2, -6
"c:\Users\FlowUP\AppData\Roaming\.minecraft\saves\CTF-1.21.10 v1.30\datapacks\Magic_FR\data\lobby\function\option_panel\display\display_page_2_predfined\round1\5-1.mcfunction", "mcfunction", -2, 0, -2, -2, -6
"c:\Users\FlowUP\AppData\Roaming\.minecraft\saves\CTF-1.21.10 v1.30\datapacks\Magic_FR\data\lobby\function\option_panel\display\display_page_2_predfined\round1\5-2.mcfunction", "mcfunction", -2, 0, -2, -2, -6
"c:\Users\FlowUP\AppData\Roaming\.minecraft\saves\CTF-1.21.10 v1.30\datapacks\Magic_FR\data\lobby\function\option_panel\display\display_page_2_predfined\round1\5-3.mcfunction", "mcfunction", -2, 0, -2, -2, -6
"c:\Users\FlowUP\AppData\Roaming\.minecraft\saves\CTF-1.21.10 v1.30\datapacks\Magic_FR\data\lobby\function\option_panel\display\display_page_2_predfined\round1\5-4.mcfunction", "mcfunction", -2, 0, -2, -2, -6
"c:\Users\FlowUP\AppData\Roaming\.minecraft\saves\CTF-1.21.10 v1.30\datapacks\Magic_FR\data\lobby\function\option_panel\display\display_page_2_predfined\round1\5-5.mcfunction", "mcfunction", -2, 0, -2, -2, -6
"c:\Users\FlowUP\AppData\Roaming\.minecraft\saves\CTF-1.21.10 v1.30\datapacks\Magic_FR\data\lobby\function\option_panel\display\display_page_2_predfined\round2\1-1.mcfunction", "mcfunction", -2, 0, -2, -2, -6
"c:\Users\FlowUP\AppData\Roaming\.minecraft\saves\CTF-1.21.10 v1.30\datapacks\Magic_FR\data\lobby\function\option_panel\display\display_page_2_predfined\round2\1-2.mcfunction", "mcfunction", -2, 0, -2, -2, -6
"c:\Users\FlowUP\AppData\Roaming\.minecraft\saves\CTF-1.21.10 v1.30\datapacks\Magic_FR\data\lobby\function\option_panel\display\display_page_2_predfined\round2\1-3.mcfunction", "mcfunction", -2, 0, -2, -2, -6
"c:\Users\FlowUP\AppData\Roaming\.minecraft\saves\CTF-1.21.10 v1.30\datapacks\Magic_FR\data\lobby\function\option_panel\display\display_page_2_predfined\round2\1-4.mcfunction", "mcfunction", -2, 0, -2, -2, -6
"c:\Users\FlowUP\AppData\Roaming\.minecraft\saves\CTF-1.21.10 v1.30\datapacks\Magic_FR\data\lobby\function\option_panel\display\display_page_2_predfined\round2\1-5.mcfunction", "mcfunction", -2, 0, -2, -2, -6
"c:\Users\FlowUP\AppData\Roaming\.minecraft\saves\CTF-1.21.10 v1.30\datapacks\Magic_FR\data\lobby\function\option_panel\display\display_page_2_predfined\round2\2-1.mcfunction", "mcfunction", -2, 0, -2, -2, -6
"c:\Users\FlowUP\AppData\Roaming\.minecraft\saves\CTF-1.21.10 v1.30\datapacks\Magic_FR\data\lobby\function\option_panel\display\display_page_2_predfined\round2\2-2.mcfunction", "mcfunction", -2, 0, -2, -2, -6
"c:\Users\FlowUP\AppData\Roaming\.minecraft\saves\CTF-1.21.10 v1.30\datapacks\Magic_FR\data\lobby\function\option_panel\display\display_page_2_predfined\round2\2-3.mcfunction", "mcfunction", -2, 0, -2, -2, -6
"c:\Users\FlowUP\AppData\Roaming\.minecraft\saves\CTF-1.21.10 v1.30\datapacks\Magic_FR\data\lobby\function\option_panel\display\display_page_2_predfined\round2\2-4.mcfunction", "mcfunction", -2, 0, -2, -2, -6
"c:\Users\FlowUP\AppData\Roaming\.minecraft\saves\CTF-1.21.10 v1.30\datapacks\Magic_FR\data\lobby\function\option_panel\display\display_page_2_predfined\round2\2-5.mcfunction", "mcfunction", -2, 0, -2, -2, -6
"c:\Users\FlowUP\AppData\Roaming\.minecraft\saves\CTF-1.21.10 v1.30\datapacks\Magic_FR\data\lobby\function\option_panel\display\display_page_2_predfined\round2\3-1.mcfunction", "mcfunction", -2, 0, -2, -2, -6
"c:\Users\FlowUP\AppData\Roaming\.minecraft\saves\CTF-1.21.10 v1.30\datapacks\Magic_FR\data\lobby\function\option_panel\display\display_page_2_predfined\round2\3-2.mcfunction", "mcfunction", -2, 0, -2, -2, -6
"c:\Users\FlowUP\AppData\Roaming\.minecraft\saves\CTF-1.21.10 v1.30\datapacks\Magic_FR\data\lobby\function\option_panel\display\display_page_2_predfined\round2\3-3.mcfunction", "mcfunction", -2, 0, -2, -2, -6
"c:\Users\FlowUP\AppData\Roaming\.minecraft\saves\CTF-1.21.10 v1.30\datapacks\Magic_FR\data\lobby\function\option_panel\display\display_page_2_predfined\round2\3-4.mcfunction", "mcfunction", -2, 0, -2, -2, -6
"c:\Users\FlowUP\AppData\Roaming\.minecraft\saves\CTF-1.21.10 v1.30\datapacks\Magic_FR\data\lobby\function\option_panel\display\display_page_2_predfined\round2\3-5.mcfunction", "mcfunction", -2, 0, -2, -2, -6
"c:\Users\FlowUP\AppData\Roaming\.minecraft\saves\CTF-1.21.10 v1.30\datapacks\Magic_FR\data\lobby\function\option_panel\display\display_page_2_predfined\round2\4-1.mcfunction", "mcfunction", -2, 0, -2, -2, -6
"c:\Users\FlowUP\AppData\Roaming\.minecraft\saves\CTF-1.21.10 v1.30\datapacks\Magic_FR\data\lobby\function\option_panel\display\display_page_2_predfined\round2\4-2.mcfunction", "mcfunction", -2, 0, -2, -2, -6
"c:\Users\FlowUP\AppData\Roaming\.minecraft\saves\CTF-1.21.10 v1.30\datapacks\Magic_FR\data\lobby\function\option_panel\display\display_page_2_predfined\round2\4-3.mcfunction", "mcfunction", -2, 0, -2, -2, -6
"c:\Users\FlowUP\AppData\Roaming\.minecraft\saves\CTF-1.21.10 v1.30\datapacks\Magic_FR\data\lobby\function\option_panel\display\display_page_2_predfined\round2\4-4.mcfunction", "mcfunction", -2, 0, -2, -2, -6
"c:\Users\FlowUP\AppData\Roaming\.minecraft\saves\CTF-1.21.10 v1.30\datapacks\Magic_FR\data\lobby\function\option_panel\display\display_page_2_predfined\round2\4-5.mcfunction", "mcfunction", -2, 0, -2, -2, -6
"c:\Users\FlowUP\AppData\Roaming\.minecraft\saves\CTF-1.21.10 v1.30\datapacks\Magic_FR\data\lobby\function\option_panel\display\display_page_2_predfined\round2\5-1.mcfunction", "mcfunction", -2, 0, -2, -2, -6
"c:\Users\FlowUP\AppData\Roaming\.minecraft\saves\CTF-1.21.10 v1.30\datapacks\Magic_FR\data\lobby\function\option_panel\display\display_page_2_predfined\round2\5-2.mcfunction", "mcfunction", -2, 0, -2, -2, -6
"c:\Users\FlowUP\AppData\Roaming\.minecraft\saves\CTF-1.21.10 v1.30\datapacks\Magic_FR\data\lobby\function\option_panel\display\display_page_2_predfined\round2\5-3.mcfunction", "mcfunction", -2, 0, -2, -2, -6
"c:\Users\FlowUP\AppData\Roaming\.minecraft\saves\CTF-1.21.10 v1.30\datapacks\Magic_FR\data\lobby\function\option_panel\display\display_page_2_predfined\round2\5-4.mcfunction", "mcfunction", -2, 0, -2, -2, -6
"c:\Users\FlowUP\AppData\Roaming\.minecraft\saves\CTF-1.21.10 v1.30\datapacks\Magic_FR\data\lobby\function\option_panel\display\display_page_2_predfined\round2\5-5.mcfunction", "mcfunction", -2, 0, -2, -2, -6
"c:\Users\FlowUP\AppData\Roaming\.minecraft\saves\CTF-1.21.10 v1.30\datapacks\Magic_FR\data\lobby\function\option_panel\display\display_page_2_predfined\round3\1-1.mcfunction", "mcfunction", -2, 0, -2, -2, -6
"c:\Users\FlowUP\AppData\Roaming\.minecraft\saves\CTF-1.21.10 v1.30\datapacks\Magic_FR\data\lobby\function\option_panel\display\display_page_2_predfined\round3\1-2.mcfunction", "mcfunction", -2, 0, -2, -2, -6
"c:\Users\FlowUP\AppData\Roaming\.minecraft\saves\CTF-1.21.10 v1.30\datapacks\Magic_FR\data\lobby\function\option_panel\display\display_page_2_predfined\round3\1-3.mcfunction", "mcfunction", -2, 0, -2, -2, -6
"c:\Users\FlowUP\AppData\Roaming\.minecraft\saves\CTF-1.21.10 v1.30\datapacks\Magic_FR\data\lobby\function\option_panel\display\display_page_2_predfined\round3\1-4.mcfunction", "mcfunction", -2, 0, -2, -2, -6
"c:\Users\FlowUP\AppData\Roaming\.minecraft\saves\CTF-1.21.10 v1.30\datapacks\Magic_FR\data\lobby\function\option_panel\display\display_page_2_predfined\round3\1-5.mcfunction", "mcfunction", -2, 0, -2, -2, -6
"c:\Users\FlowUP\AppData\Roaming\.minecraft\saves\CTF-1.21.10 v1.30\datapacks\Magic_FR\data\lobby\function\option_panel\display\display_page_2_predfined\round3\2-1.mcfunction", "mcfunction", -2, 0, -2, -2, -6
"c:\Users\FlowUP\AppData\Roaming\.minecraft\saves\CTF-1.21.10 v1.30\datapacks\Magic_FR\data\lobby\function\option_panel\display\display_page_2_predfined\round3\2-2.mcfunction", "mcfunction", -2, 0, -2, -2, -6
"c:\Users\FlowUP\AppData\Roaming\.minecraft\saves\CTF-1.21.10 v1.30\datapacks\Magic_FR\data\lobby\function\option_panel\display\display_page_2_predfined\round3\2-3.mcfunction", "mcfunction", -2, 0, -2, -2, -6
"c:\Users\FlowUP\AppData\Roaming\.minecraft\saves\CTF-1.21.10 v1.30\datapacks\Magic_FR\data\lobby\function\option_panel\display\display_page_2_predfined\round3\2-4.mcfunction", "mcfunction", -2, 0, -2, -2, -6
"c:\Users\FlowUP\AppData\Roaming\.minecraft\saves\CTF-1.21.10 v1.30\datapacks\Magic_FR\data\lobby\function\option_panel\display\display_page_2_predfined\round3\2-5.mcfunction", "mcfunction", -2, 0, -2, -2, -6
"c:\Users\FlowUP\AppData\Roaming\.minecraft\saves\CTF-1.21.10 v1.30\datapacks\Magic_FR\data\lobby\function\option_panel\display\display_page_2_predfined\round3\3-1.mcfunction", "mcfunction", -2, 0, -2, -2, -6
"c:\Users\FlowUP\AppData\Roaming\.minecraft\saves\CTF-1.21.10 v1.30\datapacks\Magic_FR\data\lobby\function\option_panel\display\display_page_2_predfined\round3\3-2.mcfunction", "mcfunction", -2, 0, -2, -2, -6
"c:\Users\FlowUP\AppData\Roaming\.minecraft\saves\CTF-1.21.10 v1.30\datapacks\Magic_FR\data\lobby\function\option_panel\display\display_page_2_predfined\round3\3-3.mcfunction", "mcfunction", -2, 0, -2, -2, -6
"c:\Users\FlowUP\AppData\Roaming\.minecraft\saves\CTF-1.21.10 v1.30\datapacks\Magic_FR\data\lobby\function\option_panel\display\display_page_2_predfined\round3\3-4.mcfunction", "mcfunction", -2, 0, -2, -2, -6
"c:\Users\FlowUP\AppData\Roaming\.minecraft\saves\CTF-1.21.10 v1.30\datapacks\Magic_FR\data\lobby\function\option_panel\display\display_page_2_predfined\round3\3-5.mcfunction", "mcfunction", -2, 0, -2, -2, -6
"c:\Users\FlowUP\AppData\Roaming\.minecraft\saves\CTF-1.21.10 v1.30\datapacks\Magic_FR\data\lobby\function\option_panel\display\display_page_2_predfined\round3\4-1.mcfunction", "mcfunction", -2, 0, -2, -2, -6
"c:\Users\FlowUP\AppData\Roaming\.minecraft\saves\CTF-1.21.10 v1.30\datapacks\Magic_FR\data\lobby\function\option_panel\display\display_page_2_predfined\round3\4-2.mcfunction", "mcfunction", -2, 0, -2, -2, -6
"c:\Users\FlowUP\AppData\Roaming\.minecraft\saves\CTF-1.21.10 v1.30\datapacks\Magic_FR\data\lobby\function\option_panel\display\display_page_2_predfined\round3\4-3.mcfunction", "mcfunction", -2, 0, -2, -2, -6
"c:\Users\FlowUP\AppData\Roaming\.minecraft\saves\CTF-1.21.10 v1.30\datapacks\Magic_FR\data\lobby\function\option_panel\display\display_page_2_predfined\round3\4-4.mcfunction", "mcfunction", -2, 0, -2, -2, -6
"c:\Users\FlowUP\AppData\Roaming\.minecraft\saves\CTF-1.21.10 v1.30\datapacks\Magic_FR\data\lobby\function\option_panel\display\display_page_2_predfined\round3\4-5.mcfunction", "mcfunction", -2, 0, -2, -2, -6
"c:\Users\FlowUP\AppData\Roaming\.minecraft\saves\CTF-1.21.10 v1.30\datapacks\Magic_FR\data\lobby\function\option_panel\display\display_page_2_predfined\round3\5-1.mcfunction", "mcfunction", -2, 0, -2, -2, -6
"c:\Users\FlowUP\AppData\Roaming\.minecraft\saves\CTF-1.21.10 v1.30\datapacks\Magic_FR\data\lobby\function\option_panel\display\display_page_2_predfined\round3\5-2.mcfunction", "mcfunction", -2, 0, -2, -2, -6
"c:\Users\FlowUP\AppData\Roaming\.minecraft\saves\CTF-1.21.10 v1.30\datapacks\Magic_FR\data\lobby\function\option_panel\display\display_page_2_predfined\round3\5-3.mcfunction", "mcfunction", -2, 0, -2, -2, -6
"c:\Users\FlowUP\AppData\Roaming\.minecraft\saves\CTF-1.21.10 v1.30\datapacks\Magic_FR\data\lobby\function\option_panel\display\display_page_2_predfined\round3\5-4.mcfunction", "mcfunction", -2, 0, -2, -2, -6
"c:\Users\FlowUP\AppData\Roaming\.minecraft\saves\CTF-1.21.10 v1.30\datapacks\Magic_FR\data\lobby\function\option_panel\display\display_page_2_predfined\round3\5-5.mcfunction", "mcfunction", -2, 0, -2, -2, -6
"c:\Users\FlowUP\AppData\Roaming\.minecraft\saves\CTF-1.21.10 v1.30\datapacks\Magic_FR\data\lobby\function\option_panel\display\display_page_2_random_maps.mcfunction", "mcfunction", -30, 0, -3, -10, -43
"c:\Users\FlowUP\AppData\Roaming\.minecraft\saves\CTF-1.21.10 v1.30\datapacks\Magic_FR\data\lobby\function\option_panel\exit.mcfunction", "mcfunction", 1, 0, 0, 0, 1
"c:\Users\FlowUP\AppData\Roaming\.minecraft\saves\CTF-1.21.10 v1.30\datapacks\Magic_FR\data\lobby\function\option_panel\interact_with_menu\check_clicked_button.mcfunction", "mcfunction", 58, 0, 19, 21, 98
"c:\Users\FlowUP\AppData\Roaming\.minecraft\saves\CTF-1.21.10 v1.30\datapacks\Magic_FR\data\lobby\function\option_panel\interact_with_menu\check_left_clicked_button.mcfunction", "mcfunction", 10, 0, 9, 13, 32
"c:\Users\FlowUP\AppData\Roaming\.minecraft\saves\CTF-1.21.10 v1.30\datapacks\Magic_FR\data\lobby\function\option_panel\interact_with_menu\interact_with_menu.mcfunction", "mcfunction", 4, 0, 3, 3, 10
"c:\Users\FlowUP\AppData\Roaming\.minecraft\saves\CTF-1.21.10 v1.30\datapacks\Magic_FR\data\lobby\function\option_panel\interact_with_menu\left_click_on_menu.mcfunction", "mcfunction", 2, 0, 2, 1, 5
"c:\Users\FlowUP\AppData\Roaming\.minecraft\saves\CTF-1.21.10 v1.30\datapacks\Magic_FR\data\lobby\function\option_panel\interact_with_menu\not_allowed.mcfunction", "mcfunction", 3, 0, 3, 2, 8
"c:\Users\FlowUP\AppData\Roaming\.minecraft\saves\CTF-1.21.10 v1.30\datapacks\Magic_FR\data\lobby\function\option_panel\interact_with_menu\not_allowed_admin.mcfunction", "mcfunction", 5, 0, 4, 3, 12
"c:\Users\FlowUP\AppData\Roaming\.minecraft\saves\CTF-1.21.10 v1.30\datapacks\Magic_FR\data\lobby\function\option_panel\optn_panel_loop.mcfunction", "mcfunction", -5, 0, -4, -3, -12
"c:\Users\FlowUP\AppData\Roaming\.minecraft\saves\CTF-1.21.10 v1.30\datapacks\Magic_FR\data\lobby\function\option_panel\optn_panel_sign\allowed.mcfunction", "mcfunction", -5, 0, -2, -2, -9
"c:\Users\FlowUP\AppData\Roaming\.minecraft\saves\CTF-1.21.10 v1.30\datapacks\Magic_FR\data\lobby\function\option_panel\optn_panel_sign\not_allowed.mcfunction", "mcfunction", -4, 0, -3, -2, -9
"c:\Users\FlowUP\AppData\Roaming\.minecraft\saves\CTF-1.21.10 v1.30\datapacks\Magic_FR\data\lobby\function\option_panel\page1\loop_page1.mcfunction", "mcfunction", -2, 0, -4, -2, -8
"c:\Users\FlowUP\AppData\Roaming\.minecraft\saves\CTF-1.21.10 v1.30\datapacks\Magic_FR\data\lobby\function\option_panel\page1\page1\launch_game.mcfunction", "mcfunction", -6, 0, -5, -5, -16
"c:\Users\FlowUP\AppData\Roaming\.minecraft\saves\CTF-1.21.10 v1.30\datapacks\Magic_FR\data\lobby\function\option_panel\page1\page1\loop_page1.mcfunction", "mcfunction", -4, 0, -5, -4, -13
"c:\Users\FlowUP\AppData\Roaming\.minecraft\saves\CTF-1.21.10 v1.30\datapacks\Magic_FR\data\lobby\function\option_panel\page1\page1\recommanded_options.mcfunction", "mcfunction", -4, 0, -5, -3, -12
"c:\Users\FlowUP\AppData\Roaming\.minecraft\saves\CTF-1.21.10 v1.30\datapacks\Magic_FR\data\lobby\function\option_panel\page1\page1\right_arrow.mcfunction", "mcfunction", -3, 0, -5, -3, -11
"c:\Users\FlowUP\AppData\Roaming\.minecraft\saves\CTF-1.21.10 v1.30\datapacks\Magic_FR\data\lobby\function\option_panel\page1\recommanded_optns_menu\no_button.mcfunction", "mcfunction", -3, 0, -5, -3, -11
"c:\Users\FlowUP\AppData\Roaming\.minecraft\saves\CTF-1.21.10 v1.30\datapacks\Magic_FR\data\lobby\function\option_panel\page1\recommanded_optns_menu\recommanded_optns_menu_loop.mcfunction", "mcfunction", -2, 0, -4, -2, -8
"c:\Users\FlowUP\AppData\Roaming\.minecraft\saves\CTF-1.21.10 v1.30\datapacks\Magic_FR\data\lobby\function\option_panel\page1\recommanded_optns_menu\yes_button.mcfunction", "mcfunction", -5, 0, -6, -4, -15
"c:\Users\FlowUP\AppData\Roaming\.minecraft\saves\CTF-1.21.10 v1.30\datapacks\Magic_FR\data\lobby\function\option_panel\page2\left_arrow.mcfunction", "mcfunction", -4, 0, -3, -3, -10
"c:\Users\FlowUP\AppData\Roaming\.minecraft\saves\CTF-1.21.10 v1.30\datapacks\Magic_FR\data\lobby\function\option_panel\page2\loop_page2.mcfunction", "mcfunction", -4, 0, -6, -5, -15
"c:\Users\FlowUP\AppData\Roaming\.minecraft\saves\CTF-1.21.10 v1.30\datapacks\Magic_FR\data\lobby\function\option_panel\page2\selection_options\full_random\change_option.mcfunction", "mcfunction", -4, 0, -5, -3, -12
"c:\Users\FlowUP\AppData\Roaming\.minecraft\saves\CTF-1.21.10 v1.30\datapacks\Magic_FR\data\lobby\function\option_panel\page2\selection_options\full_random\change_selection_option.mcfunction", "mcfunction", -3, 0, -5, -3, -11
"c:\Users\FlowUP\AppData\Roaming\.minecraft\saves\CTF-1.21.10 v1.30\datapacks\Magic_FR\data\lobby\function\option_panel\page2\selection_options\full_random\full_random_loop.mcfunction", "mcfunction", -2, 0, -4, -2, -8
"c:\Users\FlowUP\AppData\Roaming\.minecraft\saves\CTF-1.21.10 v1.30\datapacks\Magic_FR\data\lobby\function\option_panel\page2\selection_options\limited_random\change_option.mcfunction", "mcfunction", -4, 0, -5, -3, -12
"c:\Users\FlowUP\AppData\Roaming\.minecraft\saves\CTF-1.21.10 v1.30\datapacks\Magic_FR\data\lobby\function\option_panel\page2\selection_options\limited_random\change_selection_option.mcfunction", "mcfunction", -3, 0, -5, -3, -11
"c:\Users\FlowUP\AppData\Roaming\.minecraft\saves\CTF-1.21.10 v1.30\datapacks\Magic_FR\data\lobby\function\option_panel\page2\selection_options\limited_random\limited_random_loop.mcfunction", "mcfunction", -2, 0, -4, -3, -9
"c:\Users\FlowUP\AppData\Roaming\.minecraft\saves\CTF-1.21.10 v1.30\datapacks\Magic_FR\data\lobby\function\option_panel\page2\selection_options\predefined\change_selection_option.mcfunction", "mcfunction", -4, 0, -5, -4, -13
"c:\Users\FlowUP\AppData\Roaming\.minecraft\saves\CTF-1.21.10 v1.30\datapacks\Magic_FR\data\lobby\function\option_panel\page2\selection_options\predefined\predefined_loop.mcfunction", "mcfunction", -8, 0, -7, -5, -20
"c:\Users\FlowUP\AppData\Roaming\.minecraft\saves\CTF-1.21.10 v1.30\datapacks\Magic_FR\data\lobby\function\option_panel\page2\selection_options\predefined\round1.mcfunction", "mcfunction", -5, 0, -4, -3, -12
"c:\Users\FlowUP\AppData\Roaming\.minecraft\saves\CTF-1.21.10 v1.30\datapacks\Magic_FR\data\lobby\function\option_panel\page2\selection_options\predefined\round2.mcfunction", "mcfunction", -4, 0, -4, -3, -11
"c:\Users\FlowUP\AppData\Roaming\.minecraft\saves\CTF-1.21.10 v1.30\datapacks\Magic_FR\data\lobby\function\option_panel\page2\selection_options\predefined\round3.mcfunction", "mcfunction", -5, 0, -4, -3, -12
"c:\Users\FlowUP\AppData\Roaming\.minecraft\saves\CTF-1.21.10 v1.30\datapacks\Magic_FR\data\lobby\function\option_panel\page2\selection_options\predefined\round4.mcfunction", "mcfunction", -5, 0, -4, -3, -12
"c:\Users\FlowUP\AppData\Roaming\.minecraft\saves\CTF-1.21.10 v1.30\datapacks\Magic_FR\data\lobby\function\option_panel\pages\fun\display_fun_tab.mcfunction", "mcfunction", 9, 0, 5, 5, 19
"c:\Users\FlowUP\AppData\Roaming\.minecraft\saves\CTF-1.21.10 v1.30\datapacks\Magic_FR\data\lobby\function\option_panel\pages\fun\infinite_money\infinite_money_off.mcfunction", "mcfunction", 7, 0, 2, 3, 12
"c:\Users\FlowUP\AppData\Roaming\.minecraft\saves\CTF-1.21.10 v1.30\datapacks\Magic_FR\data\lobby\function\option_panel\pages\fun\infinite_money\infinite_money_on.mcfunction", "mcfunction", 7, 0, 2, 2, 11
"c:\Users\FlowUP\AppData\Roaming\.minecraft\saves\CTF-1.21.10 v1.30\datapacks\Magic_FR\data\lobby\function\option_panel\pages\fun\no_cooldowns\no_cooldowns_off.mcfunction", "mcfunction", 7, 0, 2, 3, 12
"c:\Users\FlowUP\AppData\Roaming\.minecraft\saves\CTF-1.21.10 v1.30\datapacks\Magic_FR\data\lobby\function\option_panel\pages\fun\no_cooldowns\no_cooldowns_on.mcfunction", "mcfunction", 7, 0, 2, 2, 11
"c:\Users\FlowUP\AppData\Roaming\.minecraft\saves\CTF-1.21.10 v1.30\datapacks\Magic_FR\data\lobby\function\option_panel\pages\gamemode\capture_the_flag\secondary_objectives\secondary_objectives_off.mcfunction", "mcfunction", 7, 0, 2, 3, 12
"c:\Users\FlowUP\AppData\Roaming\.minecraft\saves\CTF-1.21.10 v1.30\datapacks\Magic_FR\data\lobby\function\option_panel\pages\gamemode\capture_the_flag\secondary_objectives\secondary_objectives_on.mcfunction", "mcfunction", 7, 0, 2, 2, 11
"c:\Users\FlowUP\AppData\Roaming\.minecraft\saves\CTF-1.21.10 v1.30\datapacks\Magic_FR\data\lobby\function\option_panel\pages\gamemode\capture_the_flag\shop_timer\display.mcfunction", "mcfunction", 9, 0, 2, 1, 12
"c:\Users\FlowUP\AppData\Roaming\.minecraft\saves\CTF-1.21.10 v1.30\datapacks\Magic_FR\data\lobby\function\option_panel\pages\gamemode\capture_the_flag\shop_timer\shop_timer_decrease.mcfunction", "mcfunction", 11, 0, 5, 3, 19
"c:\Users\FlowUP\AppData\Roaming\.minecraft\saves\CTF-1.21.10 v1.30\datapacks\Magic_FR\data\lobby\function\option_panel\pages\gamemode\capture_the_flag\shop_timer\shop_timer_increase.mcfunction", "mcfunction", 11, 0, 5, 3, 19
"c:\Users\FlowUP\AppData\Roaming\.minecraft\saves\CTF-1.21.10 v1.30\datapacks\Magic_FR\data\lobby\function\option_panel\pages\gamemode\capture_the_flag\show_next_map\show_next_map_off.mcfunction", "mcfunction", 7, 0, 2, 2, 11
"c:\Users\FlowUP\AppData\Roaming\.minecraft\saves\CTF-1.21.10 v1.30\datapacks\Magic_FR\data\lobby\function\option_panel\pages\gamemode\capture_the_flag\show_next_map\show_next_map_on.mcfunction", "mcfunction", 7, 0, 2, 2, 11
"c:\Users\FlowUP\AppData\Roaming\.minecraft\saves\CTF-1.21.10 v1.30\datapacks\Magic_FR\data\lobby\function\option_panel\pages\gamemode\capture_the_flag\teamkill\teamkill_off.mcfunction", "mcfunction", 7, 0, 2, 2, 11
"c:\Users\FlowUP\AppData\Roaming\.minecraft\saves\CTF-1.21.10 v1.30\datapacks\Magic_FR\data\lobby\function\option_panel\pages\gamemode\capture_the_flag\teamkill\teamkill_on.mcfunction", "mcfunction", 7, 0, 2, 2, 11
"c:\Users\FlowUP\AppData\Roaming\.minecraft\saves\CTF-1.21.10 v1.30\datapacks\Magic_FR\data\lobby\function\option_panel\pages\gamemode\display_gamemode_tab.mcfunction", "mcfunction", 22, 0, 10, 12, 44
"c:\Users\FlowUP\AppData\Roaming\.minecraft\saves\CTF-1.21.10 v1.30\datapacks\Magic_FR\data\lobby\function\option_panel\pages\lobby\arena\arena_off.mcfunction", "mcfunction", 8, 0, 3, 4, 15
"c:\Users\FlowUP\AppData\Roaming\.minecraft\saves\CTF-1.21.10 v1.30\datapacks\Magic_FR\data\lobby\function\option_panel\pages\lobby\arena\arena_on.mcfunction", "mcfunction", 7, 0, 2, 3, 12
"c:\Users\FlowUP\AppData\Roaming\.minecraft\saves\CTF-1.21.10 v1.30\datapacks\Magic_FR\data\lobby\function\option_panel\pages\lobby\display_lobby_tab.mcfunction", "mcfunction", 27, 0, 9, 16, 52
"c:\Users\FlowUP\AppData\Roaming\.minecraft\saves\CTF-1.21.10 v1.30\datapacks\Magic_FR\data\lobby\function\option_panel\pages\lobby\force_launch\force_launch_off.mcfunction", "mcfunction", 7, 0, 2, 3, 12
"c:\Users\FlowUP\AppData\Roaming\.minecraft\saves\CTF-1.21.10 v1.30\datapacks\Magic_FR\data\lobby\function\option_panel\pages\lobby\force_launch\force_launch_on.mcfunction", "mcfunction", 7, 0, 2, 3, 12
"c:\Users\FlowUP\AppData\Roaming\.minecraft\saves\CTF-1.21.10 v1.30\datapacks\Magic_FR\data\lobby\function\option_panel\pages\lobby\jump\jump_off.mcfunction", "mcfunction", 7, 0, 2, 3, 12
"c:\Users\FlowUP\AppData\Roaming\.minecraft\saves\CTF-1.21.10 v1.30\datapacks\Magic_FR\data\lobby\function\option_panel\pages\lobby\jump\jump_on.mcfunction", "mcfunction", 7, 0, 2, 3, 12
"c:\Users\FlowUP\AppData\Roaming\.minecraft\saves\CTF-1.21.10 v1.30\datapacks\Magic_FR\data\lobby\function\option_panel\pages\lobby\maps\maps_off.mcfunction", "mcfunction", 7, 0, 2, 3, 12
"c:\Users\FlowUP\AppData\Roaming\.minecraft\saves\CTF-1.21.10 v1.30\datapacks\Magic_FR\data\lobby\function\option_panel\pages\lobby\maps\maps_on.mcfunction", "mcfunction", 7, 0, 2, 3, 12
"c:\Users\FlowUP\AppData\Roaming\.minecraft\saves\CTF-1.21.10 v1.30\datapacks\Magic_FR\data\lobby\function\option_panel\pages\lobby\matchmaking\matchmaking_off.mcfunction", "mcfunction", 7, 0, 2, 3, 12
"c:\Users\FlowUP\AppData\Roaming\.minecraft\saves\CTF-1.21.10 v1.30\datapacks\Magic_FR\data\lobby\function\option_panel\pages\lobby\matchmaking\matchmaking_on.mcfunction", "mcfunction", 7, 0, 2, 3, 12
"c:\Users\FlowUP\AppData\Roaming\.minecraft\saves\CTF-1.21.10 v1.30\datapacks\Magic_FR\data\lobby\function\option_panel\pages\lobby\operator_access\op_are_admin.mcfunction", "mcfunction", 17, 0, 4, 5, 26
"c:\Users\FlowUP\AppData\Roaming\.minecraft\saves\CTF-1.21.10 v1.30\datapacks\Magic_FR\data\lobby\function\option_panel\pages\lobby\operator_access\players_are_admin.mcfunction", "mcfunction", 10, 0, 3, 3, 16
"c:\Users\FlowUP\AppData\Roaming\.minecraft\saves\CTF-1.21.10 v1.30\datapacks\Magic_FR\data\lobby\function\option_panel\pages\main\check_recommended_options.mcfunction", "mcfunction", 20, 0, 8, 7, 35
"c:\Users\FlowUP\AppData\Roaming\.minecraft\saves\CTF-1.21.10 v1.30\datapacks\Magic_FR\data\lobby\function\option_panel\pages\main\display_main_tab.mcfunction", "mcfunction", 18, 0, 5, 6, 29
"c:\Users\FlowUP\AppData\Roaming\.minecraft\saves\CTF-1.21.10 v1.30\datapacks\Magic_FR\data\lobby\function\option_panel\pages\main\enable_recommended_options.mcfunction", "mcfunction", 20, 0, 8, 6, 34
"c:\Users\FlowUP\AppData\Roaming\.minecraft\saves\CTF-1.21.10 v1.30\datapacks\Magic_FR\data\lobby\function\option_panel\pages\main\recommended_options.mcfunction", "mcfunction", 9, 0, 4, 4, 17
"c:\Users\FlowUP\AppData\Roaming\.minecraft\saves\CTF-1.21.10 v1.30\datapacks\Magic_FR\data\lobby\function\option_panel\pages\maps\display_maps_tab.mcfunction", "mcfunction", 43, 0, 12, 13, 68
"c:\Users\FlowUP\AppData\Roaming\.minecraft\saves\CTF-1.21.10 v1.30\datapacks\Magic_FR\data\lobby\function\option_panel\pages\maps\map_1\display.mcfunction", "mcfunction", 7, 0, 2, 2, 11
"c:\Users\FlowUP\AppData\Roaming\.minecraft\saves\CTF-1.21.10 v1.30\datapacks\Magic_FR\data\lobby\function\option_panel\pages\maps\map_1\go_down.mcfunction", "mcfunction", 3, 0, 2, 3, 8
"c:\Users\FlowUP\AppData\Roaming\.minecraft\saves\CTF-1.21.10 v1.30\datapacks\Magic_FR\data\lobby\function\option_panel\pages\maps\map_1\go_up.mcfunction", "mcfunction", 3, 0, 2, 2, 7
"c:\Users\FlowUP\AppData\Roaming\.minecraft\saves\CTF-1.21.10 v1.30\datapacks\Magic_FR\data\lobby\function\option_panel\pages\maps\map_2\display.mcfunction", "mcfunction", 7, 0, 2, 2, 11
"c:\Users\FlowUP\AppData\Roaming\.minecraft\saves\CTF-1.21.10 v1.30\datapacks\Magic_FR\data\lobby\function\option_panel\pages\maps\map_2\go_down.mcfunction", "mcfunction", 3, 0, 2, 3, 8
"c:\Users\FlowUP\AppData\Roaming\.minecraft\saves\CTF-1.21.10 v1.30\datapacks\Magic_FR\data\lobby\function\option_panel\pages\maps\map_2\go_up.mcfunction", "mcfunction", 3, 0, 2, 2, 7
"c:\Users\FlowUP\AppData\Roaming\.minecraft\saves\CTF-1.21.10 v1.30\datapacks\Magic_FR\data\lobby\function\option_panel\pages\maps\map_3\display.mcfunction", "mcfunction", 7, 0, 2, 3, 12
"c:\Users\FlowUP\AppData\Roaming\.minecraft\saves\CTF-1.21.10 v1.30\datapacks\Magic_FR\data\lobby\function\option_panel\pages\maps\map_3\go_down.mcfunction", "mcfunction", 3, 0, 2, 3, 8
"c:\Users\FlowUP\AppData\Roaming\.minecraft\saves\CTF-1.21.10 v1.30\datapacks\Magic_FR\data\lobby\function\option_panel\pages\maps\map_3\go_up.mcfunction", "mcfunction", 3, 0, 2, 2, 7
"c:\Users\FlowUP\AppData\Roaming\.minecraft\saves\CTF-1.21.10 v1.30\datapacks\Magic_FR\data\lobby\function\option_panel\pages\maps\map_4\display.mcfunction", "mcfunction", 7, 0, 2, 2, 11
"c:\Users\FlowUP\AppData\Roaming\.minecraft\saves\CTF-1.21.10 v1.30\datapacks\Magic_FR\data\lobby\function\option_panel\pages\maps\map_4\go_down.mcfunction", "mcfunction", 3, 0, 2, 3, 8
"c:\Users\FlowUP\AppData\Roaming\.minecraft\saves\CTF-1.21.10 v1.30\datapacks\Magic_FR\data\lobby\function\option_panel\pages\maps\map_4\go_up.mcfunction", "mcfunction", 3, 0, 2, 2, 7
"c:\Users\FlowUP\AppData\Roaming\.minecraft\saves\CTF-1.21.10 v1.30\datapacks\Magic_FR\data\lobby\function\option_panel\pages\maps\map_selection\predefined_maps.mcfunction", "mcfunction", 68, 0, 10, 11, 89
"c:\Users\FlowUP\AppData\Roaming\.minecraft\saves\CTF-1.21.10 v1.30\datapacks\Magic_FR\data\lobby\function\option_panel\pages\maps\map_selection\random_maps.mcfunction", "mcfunction", 16, 0, 10, 6, 32
"c:\Users\FlowUP\AppData\Roaming\.minecraft\saves\CTF-1.21.10 v1.30\datapacks\Magic_FR\data\lobby\function\option_panel\pages\maps\rng_lvl\can_play_twice.mcfunction", "mcfunction", 6, 0, 5, 4, 15
"c:\Users\FlowUP\AppData\Roaming\.minecraft\saves\CTF-1.21.10 v1.30\datapacks\Magic_FR\data\lobby\function\option_panel\pages\maps\rng_lvl\cant_play_twice.mcfunction", "mcfunction", 6, 0, 5, 4, 15
"c:\Users\FlowUP\AppData\Roaming\.minecraft\saves\CTF-1.21.10 v1.30\datapacks\Magic_FR\data\lobby\function\option_panel\pages\maps\time_change\off.mcfunction", "mcfunction", 6, 0, 5, 3, 14
"c:\Users\FlowUP\AppData\Roaming\.minecraft\saves\CTF-1.21.10 v1.30\datapacks\Magic_FR\data\lobby\function\option_panel\pages\maps\time_change\on.mcfunction", "mcfunction", 6, 0, 5, 2, 13
"c:\Users\FlowUP\AppData\Roaming\.minecraft\saves\CTF-1.21.10 v1.30\datapacks\Magic_FR\data\lobby\function\option_panel\pages\setup_clickable.mcfunction", "mcfunction", 37, 0, 8, 2, 47
"c:\Users\FlowUP\AppData\Roaming\.minecraft\saves\CTF-1.21.10 v1.30\datapacks\Magic_FR\data\lobby\function\option_panel\pages\shop\build_reset\build_reset_game.mcfunction", "mcfunction", 10, 0, 4, 4, 18
"c:\Users\FlowUP\AppData\Roaming\.minecraft\saves\CTF-1.21.10 v1.30\datapacks\Magic_FR\data\lobby\function\option_panel\pages\shop\build_reset\build_reset_never.mcfunction", "mcfunction", 10, 0, 4, 4, 18
"c:\Users\FlowUP\AppData\Roaming\.minecraft\saves\CTF-1.21.10 v1.30\datapacks\Magic_FR\data\lobby\function\option_panel\pages\shop\build_reset\build_reset_round_only.mcfunction", "mcfunction", 9, 0, 4, 5, 18
"c:\Users\FlowUP\AppData\Roaming\.minecraft\saves\CTF-1.21.10 v1.30\datapacks\Magic_FR\data\lobby\function\option_panel\pages\shop\display_shop_tab.mcfunction", "mcfunction", 37, 0, 16, 16, 69
"c:\Users\FlowUP\AppData\Roaming\.minecraft\saves\CTF-1.21.10 v1.30\datapacks\Magic_FR\data\lobby\function\option_panel\pages\shop\ph_per_obj\display.mcfunction", "mcfunction", 15, 0, 2, 1, 18
"c:\Users\FlowUP\AppData\Roaming\.minecraft\saves\CTF-1.21.10 v1.30\datapacks\Magic_FR\data\lobby\function\option_panel\pages\shop\ph_per_obj\ph_per_obj_decrease.mcfunction", "mcfunction", 17, 0, 5, 2, 24
"c:\Users\FlowUP\AppData\Roaming\.minecraft\saves\CTF-1.21.10 v1.30\datapacks\Magic_FR\data\lobby\function\option_panel\pages\shop\ph_per_obj\ph_per_obj_increase.mcfunction", "mcfunction", 17, 0, 5, 3, 25
"c:\Users\FlowUP\AppData\Roaming\.minecraft\saves\CTF-1.21.10 v1.30\datapacks\Magic_FR\data\lobby\function\option_panel\pages\shop\ph_per_round\display.mcfunction", "mcfunction", 15, 0, 2, 1, 18
"c:\Users\FlowUP\AppData\Roaming\.minecraft\saves\CTF-1.21.10 v1.30\datapacks\Magic_FR\data\lobby\function\option_panel\pages\shop\ph_per_round\ph_per_round_decrease.mcfunction", "mcfunction", 17, 0, 5, 2, 24
"c:\Users\FlowUP\AppData\Roaming\.minecraft\saves\CTF-1.21.10 v1.30\datapacks\Magic_FR\data\lobby\function\option_panel\pages\shop\ph_per_round\ph_per_round_increase.mcfunction", "mcfunction", 17, 0, 5, 3, 25
"c:\Users\FlowUP\AppData\Roaming\.minecraft\saves\CTF-1.21.10 v1.30\datapacks\Magic_FR\data\lobby\function\option_panel\pages\shop\ph_start\display.mcfunction", "mcfunction", 15, 0, 2, 1, 18
"c:\Users\FlowUP\AppData\Roaming\.minecraft\saves\CTF-1.21.10 v1.30\datapacks\Magic_FR\data\lobby\function\option_panel\pages\shop\ph_start\ph_start_decrease.mcfunction", "mcfunction", 17, 0, 5, 2, 24
"c:\Users\FlowUP\AppData\Roaming\.minecraft\saves\CTF-1.21.10 v1.30\datapacks\Magic_FR\data\lobby\function\option_panel\pages\shop\ph_start\ph_start_increase.mcfunction", "mcfunction", 17, 0, 5, 3, 25
"c:\Users\FlowUP\AppData\Roaming\.minecraft\saves\CTF-1.21.10 v1.30\datapacks\Magic_FR\data\lobby\function\option_panel\setup_item_frame.mcfunction", "mcfunction", -31, 0, -4, -11, -46
"c:\Users\FlowUP\AppData\Roaming\.minecraft\saves\CTF-1.21.10 v1.30\datapacks\Magic_FR\data\lobby\function\option_panel\setup_optn_panel.mcfunction", "mcfunction", 3, 0, 2, 4, 9
"c:\Users\FlowUP\AppData\Roaming\.minecraft\saves\CTF-1.21.10 v1.30\datapacks\Magic_FR\data\lobby\function\pre_load_item_frame.mcfunction", "mcfunction", -476, 0, -14, -13, -503
"c:\Users\FlowUP\AppData\Roaming\.minecraft\saves\CTF-1.21.10 v1.30\datapacks\Magic_FR\data\lobby\function\team_selector\display_team_members\blue\new_member.mcfunction", "mcfunction", 16, 0, 4, 5, 25
"c:\Users\FlowUP\AppData\Roaming\.minecraft\saves\CTF-1.21.10 v1.30\datapacks\Magic_FR\data\lobby\function\team_selector\display_team_members\blue\remove_member.mcfunction", "mcfunction", 19, 0, 4, 3, 26
"c:\Users\FlowUP\AppData\Roaming\.minecraft\saves\CTF-1.21.10 v1.30\datapacks\Magic_FR\data\lobby\function\team_selector\display_team_members\blue\spawn_members\member1.mcfunction", "mcfunction", 7, 0, 3, 2, 12
"c:\Users\FlowUP\AppData\Roaming\.minecraft\saves\CTF-1.21.10 v1.30\datapacks\Magic_FR\data\lobby\function\team_selector\display_team_members\blue\spawn_members\member10.mcfunction", "mcfunction", 7, 0, 3, 2, 12
"c:\Users\FlowUP\AppData\Roaming\.minecraft\saves\CTF-1.21.10 v1.30\datapacks\Magic_FR\data\lobby\function\team_selector\display_team_members\blue\spawn_members\member11.mcfunction", "mcfunction", 7, 0, 3, 2, 12
"c:\Users\FlowUP\AppData\Roaming\.minecraft\saves\CTF-1.21.10 v1.30\datapacks\Magic_FR\data\lobby\function\team_selector\display_team_members\blue\spawn_members\member12.mcfunction", "mcfunction", 7, 0, 3, 2, 12
"c:\Users\FlowUP\AppData\Roaming\.minecraft\saves\CTF-1.21.10 v1.30\datapacks\Magic_FR\data\lobby\function\team_selector\display_team_members\blue\spawn_members\member2.mcfunction", "mcfunction", 7, 0, 3, 2, 12
"c:\Users\FlowUP\AppData\Roaming\.minecraft\saves\CTF-1.21.10 v1.30\datapacks\Magic_FR\data\lobby\function\team_selector\display_team_members\blue\spawn_members\member3.mcfunction", "mcfunction", 7, 0, 3, 2, 12
"c:\Users\FlowUP\AppData\Roaming\.minecraft\saves\CTF-1.21.10 v1.30\datapacks\Magic_FR\data\lobby\function\team_selector\display_team_members\blue\spawn_members\member4.mcfunction", "mcfunction", 7, 0, 3, 2, 12
"c:\Users\FlowUP\AppData\Roaming\.minecraft\saves\CTF-1.21.10 v1.30\datapacks\Magic_FR\data\lobby\function\team_selector\display_team_members\blue\spawn_members\member5.mcfunction", "mcfunction", 7, 0, 3, 2, 12
"c:\Users\FlowUP\AppData\Roaming\.minecraft\saves\CTF-1.21.10 v1.30\datapacks\Magic_FR\data\lobby\function\team_selector\display_team_members\blue\spawn_members\member6.mcfunction", "mcfunction", 7, 0, 3, 2, 12
"c:\Users\FlowUP\AppData\Roaming\.minecraft\saves\CTF-1.21.10 v1.30\datapacks\Magic_FR\data\lobby\function\team_selector\display_team_members\blue\spawn_members\member7.mcfunction", "mcfunction", 7, 0, 3, 2, 12
"c:\Users\FlowUP\AppData\Roaming\.minecraft\saves\CTF-1.21.10 v1.30\datapacks\Magic_FR\data\lobby\function\team_selector\display_team_members\blue\spawn_members\member8.mcfunction", "mcfunction", 7, 0, 3, 2, 12
"c:\Users\FlowUP\AppData\Roaming\.minecraft\saves\CTF-1.21.10 v1.30\datapacks\Magic_FR\data\lobby\function\team_selector\display_team_members\blue\spawn_members\member9.mcfunction", "mcfunction", 7, 0, 3, 2, 12
"c:\Users\FlowUP\AppData\Roaming\.minecraft\saves\CTF-1.21.10 v1.30\datapacks\Magic_FR\data\lobby\function\team_selector\display_team_members\red\new_member.mcfunction", "mcfunction", 16, 0, 4, 4, 24
"c:\Users\FlowUP\AppData\Roaming\.minecraft\saves\CTF-1.21.10 v1.30\datapacks\Magic_FR\data\lobby\function\team_selector\display_team_members\red\remove_member.mcfunction", "mcfunction", 19, 0, 4, 3, 26
"c:\Users\FlowUP\AppData\Roaming\.minecraft\saves\CTF-1.21.10 v1.30\datapacks\Magic_FR\data\lobby\function\team_selector\display_team_members\red\spawn_members\member1.mcfunction", "mcfunction", 7, 0, 3, 2, 12
"c:\Users\FlowUP\AppData\Roaming\.minecraft\saves\CTF-1.21.10 v1.30\datapacks\Magic_FR\data\lobby\function\team_selector\display_team_members\red\spawn_members\member10.mcfunction", "mcfunction", 7, 0, 3, 2, 12
"c:\Users\FlowUP\AppData\Roaming\.minecraft\saves\CTF-1.21.10 v1.30\datapacks\Magic_FR\data\lobby\function\team_selector\display_team_members\red\spawn_members\member11.mcfunction", "mcfunction", 7, 0, 3, 2, 12
"c:\Users\FlowUP\AppData\Roaming\.minecraft\saves\CTF-1.21.10 v1.30\datapacks\Magic_FR\data\lobby\function\team_selector\display_team_members\red\spawn_members\member12.mcfunction", "mcfunction", 7, 0, 3, 2, 12
"c:\Users\FlowUP\AppData\Roaming\.minecraft\saves\CTF-1.21.10 v1.30\datapacks\Magic_FR\data\lobby\function\team_selector\display_team_members\red\spawn_members\member2.mcfunction", "mcfunction", 7, 0, 3, 2, 12
"c:\Users\FlowUP\AppData\Roaming\.minecraft\saves\CTF-1.21.10 v1.30\datapacks\Magic_FR\data\lobby\function\team_selector\display_team_members\red\spawn_members\member3.mcfunction", "mcfunction", 7, 0, 3, 2, 12
"c:\Users\FlowUP\AppData\Roaming\.minecraft\saves\CTF-1.21.10 v1.30\datapacks\Magic_FR\data\lobby\function\team_selector\display_team_members\red\spawn_members\member4.mcfunction", "mcfunction", 7, 0, 3, 2, 12
"c:\Users\FlowUP\AppData\Roaming\.minecraft\saves\CTF-1.21.10 v1.30\datapacks\Magic_FR\data\lobby\function\team_selector\display_team_members\red\spawn_members\member5.mcfunction", "mcfunction", 7, 0, 3, 2, 12
"c:\Users\FlowUP\AppData\Roaming\.minecraft\saves\CTF-1.21.10 v1.30\datapacks\Magic_FR\data\lobby\function\team_selector\display_team_members\red\spawn_members\member6.mcfunction", "mcfunction", 7, 0, 3, 2, 12
"c:\Users\FlowUP\AppData\Roaming\.minecraft\saves\CTF-1.21.10 v1.30\datapacks\Magic_FR\data\lobby\function\team_selector\display_team_members\red\spawn_members\member7.mcfunction", "mcfunction", 7, 0, 3, 2, 12
"c:\Users\FlowUP\AppData\Roaming\.minecraft\saves\CTF-1.21.10 v1.30\datapacks\Magic_FR\data\lobby\function\team_selector\display_team_members\red\spawn_members\member8.mcfunction", "mcfunction", 7, 0, 3, 2, 12
"c:\Users\FlowUP\AppData\Roaming\.minecraft\saves\CTF-1.21.10 v1.30\datapacks\Magic_FR\data\lobby\function\team_selector\display_team_members\red\spawn_members\member9.mcfunction", "mcfunction", 7, 0, 3, 2, 12
"c:\Users\FlowUP\AppData\Roaming\.minecraft\saves\CTF-1.21.10 v1.30\datapacks\Magic_FR\data\lobby\function\team_selector\display_team_members\setup_heads.mcfunction", "mcfunction", 3, 0, 2, 3, 8
"c:\Users\FlowUP\AppData\Roaming\.minecraft\saves\CTF-1.21.10 v1.30\datapacks\Magic_FR\data\lobby\function\team_selector\give_lobby_team.mcfunction", "mcfunction", 36, 0, 3, 4, 43
"c:\Users\FlowUP\AppData\Roaming\.minecraft\saves\CTF-1.21.10 v1.30\datapacks\Magic_FR\data\lobby\function\team_selector\join_blueteam.mcfunction", "mcfunction", -2, 0, 4, 4, 6
"c:\Users\FlowUP\AppData\Roaming\.minecraft\saves\CTF-1.21.10 v1.30\datapacks\Magic_FR\data\lobby\function\team_selector\join_redteam.mcfunction", "mcfunction", -2, 0, 4, 6, 8
"c:\Users\FlowUP\AppData\Roaming\.minecraft\saves\CTF-1.21.10 v1.30\datapacks\Magic_FR\data\lobby\function\team_selector\join_spectator.mcfunction", "mcfunction", -3, 0, 4, 2, 3
"c:\Users\FlowUP\AppData\Roaming\.minecraft\saves\CTF-1.21.10 v1.30\datapacks\Magic_FR\data\lobby\function\team_selector\leave_spectator.mcfunction", "mcfunction", -11, 0, 3, 0, -8
"c:\Users\FlowUP\AppData\Roaming\.minecraft\saves\CTF-1.21.10 v1.30\datapacks\Magic_FR\data\lobby\function\test.mcfunction", "mcfunction", -35, 0, 0, -4, -39
"c:\Users\FlowUP\AppData\Roaming\.minecraft\saves\CTF-1.21.10 v1.30\datapacks\Magic_FR\data\main\advancement\interact_with_menu.json", "JSON", 0, 16, 0, 0, 16
"c:\Users\FlowUP\AppData\Roaming\.minecraft\saves\CTF-1.21.10 v1.30\datapacks\Magic_FR\data\main\dialog\option_panel\confirm_admin_are_op.json", "JSON", 0, 78, 0, 0, 78
"c:\Users\FlowUP\AppData\Roaming\.minecraft\saves\CTF-1.21.10 v1.30\datapacks\Magic_FR\data\main\function\admin\book_commands\all_ready.mcfunction", "mcfunction", 5, 0, 6, 4, 15
"c:\Users\FlowUP\AppData\Roaming\.minecraft\saves\CTF-1.21.10 v1.30\datapacks\Magic_FR\data\main\function\admin\book_commands\quit_admin.mcfunction", "mcfunction", 5, 0, 6, 4, 15
"c:\Users\FlowUP\AppData\Roaming\.minecraft\saves\CTF-1.21.10 v1.30\datapacks\Magic_FR\data\main\function\admin\book_commands\randomize_class.mcfunction", "mcfunction", 5, 0, 6, 6, 17
"c:\Users\FlowUP\AppData\Roaming\.minecraft\saves\CTF-1.21.10 v1.30\datapacks\Magic_FR\data\main\function\admin\book_commands\randomize_team.mcfunction", "mcfunction", 5, 0, 6, 4, 15
"c:\Users\FlowUP\AppData\Roaming\.minecraft\saves\CTF-1.21.10 v1.30\datapacks\Magic_FR\data\main\function\admin\book_commands\stop_game.mcfunction", "mcfunction", 3, 0, 5, 3, 11
"c:\Users\FlowUP\AppData\Roaming\.minecraft\saves\CTF-1.21.10 v1.30\datapacks\Magic_FR\data\main\function\admin\randomize_class\randomize_classes.mcfunction", "mcfunction", -1, 0, 1, 0, 0
"c:\Users\FlowUP\AppData\Roaming\.minecraft\saves\CTF-1.21.10 v1.30\datapacks\Magic_FR\data\main\function\admin\randomizeteam\become_blue.mcfunction", "mcfunction", -4, 0, 0, 1, -3
"c:\Users\FlowUP\AppData\Roaming\.minecraft\saves\CTF-1.21.10 v1.30\datapacks\Magic_FR\data\main\function\admin\randomizeteam\become_red.mcfunction", "mcfunction", -4, 0, 0, 1, -3
"c:\Users\FlowUP\AppData\Roaming\.minecraft\saves\CTF-1.21.10 v1.30\datapacks\Magic_FR\data\main\function\admin\randomizeteam\randomize_team.mcfunction", "mcfunction", -17, 0, 0, -1, -18
"c:\Users\FlowUP\AppData\Roaming\.minecraft\saves\CTF-1.21.10 v1.30\datapacks\Magic_FR\data\main\function\admin\stopgame.mcfunction", "mcfunction", -10, 0, 4, 2, -4
"c:\Users\FlowUP\AppData\Roaming\.minecraft\saves\CTF-1.21.10 v1.30\datapacks\Magic_FR\data\main\function\disconnected\someone_disconnected.mcfunction", "mcfunction", 13, 0, 4, 3, 20
"c:\Users\FlowUP\AppData\Roaming\.minecraft\saves\CTF-1.21.10 v1.30\datapacks\Magic_FR\data\main\function\fix_health\clear_and_fix_health.mcfunction", "mcfunction", -1, 0, 0, 0, -1
"c:\Users\FlowUP\AppData\Roaming\.minecraft\saves\CTF-1.21.10 v1.30\datapacks\Magic_FR\data\main\function\gui\display\in_game\ingame_non_red.mcfunction", "mcfunction", 12, 0, 2, 12, 26
"c:\Users\FlowUP\AppData\Roaming\.minecraft\saves\CTF-1.21.10 v1.30\datapacks\Magic_FR\data\main\function\gui\display\in_game\ingame_red.mcfunction", "mcfunction", 12, 0, 2, 12, 26
"c:\Users\FlowUP\AppData\Roaming\.minecraft\saves\CTF-1.21.10 v1.30\datapacks\Magic_FR\data\main\function\gui\display\in_game\refresh_gui.mcfunction", "mcfunction", 2, 0, 5, 1, 8
"c:\Users\FlowUP\AppData\Roaming\.minecraft\saves\CTF-1.21.10 v1.30\datapacks\Magic_FR\data\main\function\gui\display\in_lobby\inarena.mcfunction", "mcfunction", 12, 0, 2, 12, 26
"c:\Users\FlowUP\AppData\Roaming\.minecraft\saves\CTF-1.21.10 v1.30\datapacks\Magic_FR\data\main\function\gui\display\in_lobby\inlobby_non_red.mcfunction", "mcfunction", 2, 0, 7, 12, 21
"c:\Users\FlowUP\AppData\Roaming\.minecraft\saves\CTF-1.21.10 v1.30\datapacks\Magic_FR\data\main\function\gui\display\in_lobby\inlobby_red.mcfunction", "mcfunction", 1, 0, 2, 1, 4
"c:\Users\FlowUP\AppData\Roaming\.minecraft\saves\CTF-1.21.10 v1.30\datapacks\Magic_FR\data\main\function\gui\display\in_lobby\refresh_gui.mcfunction", "mcfunction", 3, 0, 5, 1, 9
"c:\Users\FlowUP\AppData\Roaming\.minecraft\saves\CTF-1.21.10 v1.30\datapacks\Magic_FR\data\main\function\gui\display\in_lobby\setup_top_bar.mcfunction", "mcfunction", 9, 0, 7, 6, 22
"c:\Users\FlowUP\AppData\Roaming\.minecraft\saves\CTF-1.21.10 v1.30\datapacks\Magic_FR\data\main\function\gui\display\inarena.mcfunction", "mcfunction", -12, 0, -2, -12, -26
"c:\Users\FlowUP\AppData\Roaming\.minecraft\saves\CTF-1.21.10 v1.30\datapacks\Magic_FR\data\main\function\gui\display\ingame.mcfunction", "mcfunction", -12, 0, -2, -12, -26
"c:\Users\FlowUP\AppData\Roaming\.minecraft\saves\CTF-1.21.10 v1.30\datapacks\Magic_FR\data\main\function\gui\display\inlobby.mcfunction", "mcfunction", -1, 0, -2, -1, -4
"c:\Users\FlowUP\AppData\Roaming\.minecraft\saves\CTF-1.21.10 v1.30\datapacks\Magic_FR\data\main\function\gui\display\refresh_gui.mcfunction", "mcfunction", 4, 0, 6, 4, 14
"c:\Users\FlowUP\AppData\Roaming\.minecraft\saves\CTF-1.21.10 v1.30\datapacks\Magic_FR\data\main\function\gui\scoreboard_test.mcfunction", "mcfunction", 1, 0, 2, 1, 4
"c:\Users\FlowUP\AppData\Roaming\.minecraft\saves\CTF-1.21.10 v1.30\datapacks\Magic_FR\data\main\function\gui\setup_empty_storage.mcfunction", "mcfunction", 36, 0, 2, 3, 41
"c:\Users\FlowUP\AppData\Roaming\.minecraft\saves\CTF-1.21.10 v1.30\datapacks\Magic_FR\data\main\function\gui\setup_full_storage.mcfunction", "mcfunction", 24, 0, 2, 2, 28
"c:\Users\FlowUP\AppData\Roaming\.minecraft\saves\CTF-1.21.10 v1.30\datapacks\Magic_FR\data\main\function\gui\temp_setup.mcfunction", "mcfunction", 48, 0, 0, 7, 55
"c:\Users\FlowUP\AppData\Roaming\.minecraft\saves\CTF-1.21.10 v1.30\datapacks\Magic_FR\data\main\function\gui\test_gui.mcfunction", "mcfunction", 14, 0, 5, 19, 38
"c:\Users\FlowUP\AppData\Roaming\.minecraft\saves\CTF-1.21.10 v1.30\datapacks\Magic_FR\data\main\function\items_positions\determine_spell_order.mcfunction", "mcfunction", 1, 0, 1, 1, 3
"c:\Users\FlowUP\AppData\Roaming\.minecraft\saves\CTF-1.21.10 v1.30\datapacks\Magic_FR\data\main\function\items_positions\item_save_system.mcfunction", "mcfunction", 0, 0, 0, 1, 1
"c:\Users\FlowUP\AppData\Roaming\.minecraft\saves\CTF-1.21.10 v1.30\datapacks\Magic_FR\data\main\function\launch_arena\all_ready.mcfunction", "mcfunction", -4, 0, 5, 5, 6
"c:\Users\FlowUP\AppData\Roaming\.minecraft\saves\CTF-1.21.10 v1.30\datapacks\Magic_FR\data\main\function\launch_arena\countdown\animation_down.mcfunction", "mcfunction", 1, 0, 1, 1, 3
"c:\Users\FlowUP\AppData\Roaming\.minecraft\saves\CTF-1.21.10 v1.30\datapacks\Magic_FR\data\main\function\launch_arena\countdown\animation_up.mcfunction", "mcfunction", 1, 0, 1, 1, 3
"c:\Users\FlowUP\AppData\Roaming\.minecraft\saves\CTF-1.21.10 v1.30\datapacks\Magic_FR\data\main\function\launch_arena\countdown\spawn_timer.mcfunction", "mcfunction", 5, 0, 3, 2, 10
"c:\Users\FlowUP\AppData\Roaming\.minecraft\saves\CTF-1.21.10 v1.30\datapacks\Magic_FR\data\main\function\launch_arena\countdown\start_countdown.mcfunction", "mcfunction", 2, 0, 3, 2, 7
"c:\Users\FlowUP\AppData\Roaming\.minecraft\saves\CTF-1.21.10 v1.30\datapacks\Magic_FR\data\main\function\launch_arena\countdown\timer1.mcfunction", "mcfunction", 8, 0, 5, 5, 18
"c:\Users\FlowUP\AppData\Roaming\.minecraft\saves\CTF-1.21.10 v1.30\datapacks\Magic_FR\data\main\function\launch_arena\countdown\timer2.mcfunction", "mcfunction", 5, 0, 4, 3, 12
"c:\Users\FlowUP\AppData\Roaming\.minecraft\saves\CTF-1.21.10 v1.30\datapacks\Magic_FR\data\main\function\launch_arena\countdown\timer3.mcfunction", "mcfunction", 5, 0, 4, 5, 14
"c:\Users\FlowUP\AppData\Roaming\.minecraft\saves\CTF-1.21.10 v1.30\datapacks\Magic_FR\data\main\function\launch_arena\countdown\timer_end.mcfunction", "mcfunction", 19, 0, 4, 7, 30
"c:\Users\FlowUP\AppData\Roaming\.minecraft\saves\CTF-1.21.10 v1.30\datapacks\Magic_FR\data\main\function\launch_arena\launch_map_candyworld.mcfunction", "mcfunction", -15, 0, -12, -1, -28
"c:\Users\FlowUP\AppData\Roaming\.minecraft\saves\CTF-1.21.10 v1.30\datapacks\Magic_FR\data\main\function\launch_arena\launch_map_factory.mcfunction", "mcfunction", -15, 0, -12, -1, -28
"c:\Users\FlowUP\AppData\Roaming\.minecraft\saves\CTF-1.21.10 v1.30\datapacks\Magic_FR\data\main\function\launch_arena\launch_map_graveyard.mcfunction", "mcfunction", -15, 0, -11, 2, -24
"c:\Users\FlowUP\AppData\Roaming\.minecraft\saves\CTF-1.21.10 v1.30\datapacks\Magic_FR\data\main\function\launch_arena\launch_map_pirate.mcfunction", "mcfunction", -15, 0, -12, -1, -28
"c:\Users\FlowUP\AppData\Roaming\.minecraft\saves\CTF-1.21.10 v1.30\datapacks\Magic_FR\data\main\function\launch_arena\launch_map_ruin.mcfunction", "mcfunction", -15, 0, -12, -1, -28
"c:\Users\FlowUP\AppData\Roaming\.minecraft\saves\CTF-1.21.10 v1.30\datapacks\Magic_FR\data\main\function\launch_arena\launch_map_volcano.mcfunction", "mcfunction", -15, 0, -12, -1, -28
"c:\Users\FlowUP\AppData\Roaming\.minecraft\saves\CTF-1.21.10 v1.30\datapacks\Magic_FR\data\main\function\launch_arena\setspawn_and_tp\candyworld.mcfunction", "mcfunction", 15, 0, 15, 3, 33
"c:\Users\FlowUP\AppData\Roaming\.minecraft\saves\CTF-1.21.10 v1.30\datapacks\Magic_FR\data\main\function\launch_arena\setspawn_and_tp\factory.mcfunction", "mcfunction", 15, 0, 15, 2, 32
"c:\Users\FlowUP\AppData\Roaming\.minecraft\saves\CTF-1.21.10 v1.30\datapacks\Magic_FR\data\main\function\launch_arena\setspawn_and_tp\graveyard.mcfunction", "mcfunction", 15, 0, 15, 2, 32
"c:\Users\FlowUP\AppData\Roaming\.minecraft\saves\CTF-1.21.10 v1.30\datapacks\Magic_FR\data\main\function\launch_arena\setspawn_and_tp\pirate.mcfunction", "mcfunction", 15, 0, 15, 4, 34
"c:\Users\FlowUP\AppData\Roaming\.minecraft\saves\CTF-1.21.10 v1.30\datapacks\Magic_FR\data\main\function\launch_arena\setspawn_and_tp\ruin.mcfunction", "mcfunction", 15, 0, 15, 3, 33
"c:\Users\FlowUP\AppData\Roaming\.minecraft\saves\CTF-1.21.10 v1.30\datapacks\Magic_FR\data\main\function\launch_arena\setspawn_and_tp\volcano.mcfunction", "mcfunction", 15, 0, 15, 3, 33
"c:\Users\FlowUP\AppData\Roaming\.minecraft\saves\CTF-1.21.10 v1.30\datapacks\Magic_FR\data\main\function\launch_arena\setup_bossbar.mcfunction", "mcfunction", -13, 0, 0, -3, -16
"c:\Users\FlowUP\AppData\Roaming\.minecraft\saves\CTF-1.21.10 v1.30\datapacks\Magic_FR\data\main\function\launch_arena\timer1.mcfunction", "mcfunction", -6, 0, -2, -2, -10
"c:\Users\FlowUP\AppData\Roaming\.minecraft\saves\CTF-1.21.10 v1.30\datapacks\Magic_FR\data\main\function\launch_arena\timer2.mcfunction", "mcfunction", -2, 0, -1, 0, -3
"c:\Users\FlowUP\AppData\Roaming\.minecraft\saves\CTF-1.21.10 v1.30\datapacks\Magic_FR\data\main\function\launch_arena\timer3.mcfunction", "mcfunction", -2, 0, -1, 0, -3
"c:\Users\FlowUP\AppData\Roaming\.minecraft\saves\CTF-1.21.10 v1.30\datapacks\Magic_FR\data\main\function\launch_arena\timer_end.mcfunction", "mcfunction", -20, 0, -4, -4, -28
"c:\Users\FlowUP\AppData\Roaming\.minecraft\saves\CTF-1.21.10 v1.30\datapacks\Magic_FR\data\main\function\loop.mcfunction", "mcfunction", 6, 0, 5, 3, 14
"c:\Users\FlowUP\AppData\Roaming\.minecraft\saves\CTF-1.21.10 v1.30\datapacks\Magic_FR\data\main\function\map_randomizer\predefined_map\predefined_map.mcfunction", "mcfunction", 12, 0, 9, 6, 27
"c:\Users\FlowUP\AppData\Roaming\.minecraft\saves\CTF-1.21.10 v1.30\datapacks\Magic_FR\data\main\function\map_randomizer\predefined_map\randomize_map1.mcfunction", "mcfunction", 8, 0, 9, 4, 21
"c:\Users\FlowUP\AppData\Roaming\.minecraft\saves\CTF-1.21.10 v1.30\datapacks\Magic_FR\data\main\function\map_randomizer\predefined_map\randomize_map2.mcfunction", "mcfunction", 8, 0, 9, 4, 21
"c:\Users\FlowUP\AppData\Roaming\.minecraft\saves\CTF-1.21.10 v1.30\datapacks\Magic_FR\data\main\function\map_randomizer\predefined_map\randomize_map3.mcfunction", "mcfunction", 8, 0, 9, 4, 21
"c:\Users\FlowUP\AppData\Roaming\.minecraft\saves\CTF-1.21.10 v1.30\datapacks\Magic_FR\data\main\function\map_randomizer\predefined_map\randomize_map4.mcfunction", "mcfunction", 8, 0, 9, 4, 21
"c:\Users\FlowUP\AppData\Roaming\.minecraft\saves\CTF-1.21.10 v1.30\datapacks\Magic_FR\data\main\function\reconnect\leave_arena.mcfunction", "mcfunction", 4, 0, 3, 5, 12
"c:\Users\FlowUP\AppData\Roaming\.minecraft\saves\CTF-1.21.10 v1.30\datapacks\Magic_FR\data\main\function\reconnect\put_back_in_lobby.mcfunction", "mcfunction", -30, 0, 3, 0, -27
"c:\Users\FlowUP\AppData\Roaming\.minecraft\saves\CTF-1.21.10 v1.30\datapacks\Magic_FR\data\main\function\reconnect\reconnect_in_shop.mcfunction", "mcfunction", 78, 0, 15, 21, 114
"c:\Users\FlowUP\AppData\Roaming\.minecraft\saves\CTF-1.21.10 v1.30\datapacks\Magic_FR\data\main\function\reconnect\someone_joined_during_match.mcfunction", "mcfunction", 11, 0, 0, 2, 13
"c:\Users\FlowUP\AppData\Roaming\.minecraft\saves\CTF-1.21.10 v1.30\datapacks\Magic_FR\data\main\function\reconnect\someone_reconnected.mcfunction", "mcfunction", 7, 0, 8, 3, 18
"c:\Users\FlowUP\AppData\Roaming\.minecraft\saves\CTF-1.21.10 v1.30\datapacks\Magic_FR\data\main\function\reset\inisialisation.mcfunction", "mcfunction", 6, 0, 7, 1, 14
"c:\Users\FlowUP\AppData\Roaming\.minecraft\saves\CTF-1.21.10 v1.30\datapacks\Magic_FR\data\main\function\reset\reset_arena.mcfunction", "mcfunction", 4, 0, 2, 2, 8
"c:\Users\FlowUP\AppData\Roaming\.minecraft\saves\CTF-1.21.10 v1.30\datapacks\Magic_FR\data\main\function\reset\reset_map\reset_map_graveyard.mcfunction", "mcfunction", 0, 0, 1, 0, 1
"c:\Users\FlowUP\AppData\Roaming\.minecraft\saves\CTF-1.21.10 v1.30\datapacks\Magic_FR\data\main\function\reset\resetclass.mcfunction", "mcfunction", 1, 0, 0, 1, 2
"c:\Users\FlowUP\AppData\Roaming\.minecraft\saves\CTF-1.21.10 v1.30\datapacks\Magic_FR\data\main\function\reset\resetframeroom.mcfunction", "mcfunction", 0, 0, 0, -1, -1
"c:\Users\FlowUP\AppData\Roaming\.minecraft\saves\CTF-1.21.10 v1.30\datapacks\Magic_FR\data\main\function\reset\resetspells\generic.mcfunction", "mcfunction", 0, 0, 0, 1, 1
"c:\Users\FlowUP\AppData\Roaming\.minecraft\saves\CTF-1.21.10 v1.30\datapacks\Magic_FR\data\main\function\reset\resetspells\player1.mcfunction", "mcfunction", -6, 0, 1, 2, -3
"c:\Users\FlowUP\AppData\Roaming\.minecraft\saves\CTF-1.21.10 v1.30\datapacks\Magic_FR\data\main\function\reset\resetspells\player2.mcfunction", "mcfunction", -6, 0, 1, 1, -4
"c:\Users\FlowUP\AppData\Roaming\.minecraft\saves\CTF-1.21.10 v1.30\datapacks\Magic_FR\data\main\function\reset\setup_stuff.mcfunction", "mcfunction", 6, 0, 3, 2, 11
"c:\Users\FlowUP\AppData\Roaming\.minecraft\saves\CTF-1.21.10 v1.30\datapacks\Magic_FR\data\main\function\reset\setupbossbar.mcfunction", "mcfunction", -6, 0, 0, -1, -7
"c:\Users\FlowUP\AppData\Roaming\.minecraft\saves\CTF-1.21.10 v1.30\datapacks\Magic_FR\data\main\function\reset\setupstorage.mcfunction", "mcfunction", 64, 0, 3, 11, 78
"c:\Users\FlowUP\AppData\Roaming\.minecraft\saves\CTF-1.21.10 v1.30\datapacks\Magic_FR\data\main\function\reset\setupteam.mcfunction", "mcfunction", 79, 0, 9, 11, 99
"c:\Users\FlowUP\AppData\Roaming\.minecraft\saves\CTF-1.21.10 v1.30\datapacks\Magic_FR\data\main\function\round_end\blue_completed_objective.mcfunction", "mcfunction", 1, 0, 0, 0, 1
"c:\Users\FlowUP\AppData\Roaming\.minecraft\saves\CTF-1.21.10 v1.30\datapacks\Magic_FR\data\main\function\round_end\go_to_shop.mcfunction", "mcfunction", -1, 0, 5, 1, 5
"c:\Users\FlowUP\AppData\Roaming\.minecraft\saves\CTF-1.21.10 v1.30\datapacks\Magic_FR\data\main\function\round_end\red_completed_objective.mcfunction", "mcfunction", 1, 0, 0, 0, 1
"c:\Users\FlowUP\AppData\Roaming\.minecraft\saves\CTF-1.21.10 v1.30\datapacks\Magic_FR\data\main\function\start_game\start_game.mcfunction", "mcfunction", 12, 0, 4, 10, 26
"c:\Users\FlowUP\AppData\Roaming\.minecraft\saves\CTF-1.21.10 v1.30\datapacks\Magic_FR\data\main\function\stats\scoreboard\blue_team_info\claimed_place\place1.mcfunction", "mcfunction", 3, 0, 4, 4, 11
"c:\Users\FlowUP\AppData\Roaming\.minecraft\saves\CTF-1.21.10 v1.30\datapacks\Magic_FR\data\main\function\stats\scoreboard\blue_team_info\claimed_place\place2.mcfunction", "mcfunction", 3, 0, 4, 4, 11
"c:\Users\FlowUP\AppData\Roaming\.minecraft\saves\CTF-1.21.10 v1.30\datapacks\Magic_FR\data\main\function\stats\scoreboard\blue_team_info\claimed_place\place3.mcfunction", "mcfunction", 3, 0, 4, 4, 11
"c:\Users\FlowUP\AppData\Roaming\.minecraft\saves\CTF-1.21.10 v1.30\datapacks\Magic_FR\data\main\function\stats\scoreboard\blue_team_info\claimed_place\place4.mcfunction", "mcfunction", 3, 0, 4, 4, 11
"c:\Users\FlowUP\AppData\Roaming\.minecraft\saves\CTF-1.21.10 v1.30\datapacks\Magic_FR\data\main\function\stats\scoreboard\blue_team_info\claimed_place\place5.mcfunction", "mcfunction", 3, 0, 4, 4, 11
"c:\Users\FlowUP\AppData\Roaming\.minecraft\saves\CTF-1.21.10 v1.30\datapacks\Magic_FR\data\main\function\stats\scoreboard\blue_team_info\claimed_place\place6.mcfunction", "mcfunction", 3, 0, 4, 4, 11
"c:\Users\FlowUP\AppData\Roaming\.minecraft\saves\CTF-1.21.10 v1.30\datapacks\Magic_FR\data\main\function\stats\scoreboard\blue_team_info\clear_place\clear_place.mcfunction", "mcfunction", 6, 0, 2, 1, 9
"c:\Users\FlowUP\AppData\Roaming\.minecraft\saves\CTF-1.21.10 v1.30\datapacks\Magic_FR\data\main\function\stats\scoreboard\blue_team_info\clear_place\place1.mcfunction", "mcfunction", 5, 0, 3, 2, 10
"c:\Users\FlowUP\AppData\Roaming\.minecraft\saves\CTF-1.21.10 v1.30\datapacks\Magic_FR\data\main\function\stats\scoreboard\blue_team_info\clear_place\place2.mcfunction", "mcfunction", 5, 0, 3, 2, 10
"c:\Users\FlowUP\AppData\Roaming\.minecraft\saves\CTF-1.21.10 v1.30\datapacks\Magic_FR\data\main\function\stats\scoreboard\blue_team_info\clear_place\place3.mcfunction", "mcfunction", 5, 0, 3, 2, 10
"c:\Users\FlowUP\AppData\Roaming\.minecraft\saves\CTF-1.21.10 v1.30\datapacks\Magic_FR\data\main\function\stats\scoreboard\blue_team_info\clear_place\place4.mcfunction", "mcfunction", 5, 0, 3, 2, 10
"c:\Users\FlowUP\AppData\Roaming\.minecraft\saves\CTF-1.21.10 v1.30\datapacks\Magic_FR\data\main\function\stats\scoreboard\blue_team_info\clear_place\place5.mcfunction", "mcfunction", 5, 0, 3, 2, 10
"c:\Users\FlowUP\AppData\Roaming\.minecraft\saves\CTF-1.21.10 v1.30\datapacks\Magic_FR\data\main\function\stats\scoreboard\blue_team_info\clear_place\place6.mcfunction", "mcfunction", 3, 0, 2, 1, 6
"c:\Users\FlowUP\AppData\Roaming\.minecraft\saves\CTF-1.21.10 v1.30\datapacks\Magic_FR\data\main\function\stats\scoreboard\blue_team_info\empty_place\place1.mcfunction", "mcfunction", 3, 0, 4, 3, 10
"c:\Users\FlowUP\AppData\Roaming\.minecraft\saves\CTF-1.21.10 v1.30\datapacks\Magic_FR\data\main\function\stats\scoreboard\blue_team_info\empty_place\place2.mcfunction", "mcfunction", 3, 0, 4, 3, 10
"c:\Users\FlowUP\AppData\Roaming\.minecraft\saves\CTF-1.21.10 v1.30\datapacks\Magic_FR\data\main\function\stats\scoreboard\blue_team_info\empty_place\place3.mcfunction", "mcfunction", 3, 0, 4, 3, 10
"c:\Users\FlowUP\AppData\Roaming\.minecraft\saves\CTF-1.21.10 v1.30\datapacks\Magic_FR\data\main\function\stats\scoreboard\blue_team_info\empty_place\place4.mcfunction", "mcfunction", 3, 0, 4, 3, 10
"c:\Users\FlowUP\AppData\Roaming\.minecraft\saves\CTF-1.21.10 v1.30\datapacks\Magic_FR\data\main\function\stats\scoreboard\blue_team_info\empty_place\place5.mcfunction", "mcfunction", 3, 0, 4, 3, 10
"c:\Users\FlowUP\AppData\Roaming\.minecraft\saves\CTF-1.21.10 v1.30\datapacks\Magic_FR\data\main\function\stats\scoreboard\blue_team_info\empty_place\place6.mcfunction", "mcfunction", 2, 0, 3, 2, 7
"c:\Users\FlowUP\AppData\Roaming\.minecraft\saves\CTF-1.21.10 v1.30\datapacks\Magic_FR\data\main\function\stats\scoreboard\blue_team_info\left_blue.mcfunction", "mcfunction", 2, 0, 4, 2, 8
"c:\Users\FlowUP\AppData\Roaming\.minecraft\saves\CTF-1.21.10 v1.30\datapacks\Magic_FR\data\main\function\stats\scoreboard\blue_team_info\overlays\disconnected\place1.mcfunction", "mcfunction", 3, 0, 3, 2, 8
"c:\Users\FlowUP\AppData\Roaming\.minecraft\saves\CTF-1.21.10 v1.30\datapacks\Magic_FR\data\main\function\stats\scoreboard\blue_team_info\overlays\disconnected\place2.mcfunction", "mcfunction", 3, 0, 3, 2, 8
"c:\Users\FlowUP\AppData\Roaming\.minecraft\saves\CTF-1.21.10 v1.30\datapacks\Magic_FR\data\main\function\stats\scoreboard\blue_team_info\overlays\disconnected\place3.mcfunction", "mcfunction", 3, 0, 3, 2, 8
"c:\Users\FlowUP\AppData\Roaming\.minecraft\saves\CTF-1.21.10 v1.30\datapacks\Magic_FR\data\main\function\stats\scoreboard\blue_team_info\overlays\disconnected\place4.mcfunction", "mcfunction", 3, 0, 3, 2, 8
"c:\Users\FlowUP\AppData\Roaming\.minecraft\saves\CTF-1.21.10 v1.30\datapacks\Magic_FR\data\main\function\stats\scoreboard\blue_team_info\overlays\disconnected\place5.mcfunction", "mcfunction", 3, 0, 3, 2, 8
"c:\Users\FlowUP\AppData\Roaming\.minecraft\saves\CTF-1.21.10 v1.30\datapacks\Magic_FR\data\main\function\stats\scoreboard\blue_team_info\overlays\disconnected\place6.mcfunction", "mcfunction", 3, 0, 3, 2, 8
"c:\Users\FlowUP\AppData\Roaming\.minecraft\saves\CTF-1.21.10 v1.30\datapacks\Magic_FR\data\main\function\stats\scoreboard\blue_team_info\overlays\has_flag\check_place.mcfunction", "mcfunction", 6, 0, 2, 1, 9
"c:\Users\FlowUP\AppData\Roaming\.minecraft\saves\CTF-1.21.10 v1.30\datapacks\Magic_FR\data\main\function\stats\scoreboard\blue_team_info\overlays\has_flag\place1.mcfunction", "mcfunction", 3, 0, 3, 2, 8
"c:\Users\FlowUP\AppData\Roaming\.minecraft\saves\CTF-1.21.10 v1.30\datapacks\Magic_FR\data\main\function\stats\scoreboard\blue_team_info\overlays\has_flag\place2.mcfunction", "mcfunction", 3, 0, 3, 2, 8
"c:\Users\FlowUP\AppData\Roaming\.minecraft\saves\CTF-1.21.10 v1.30\datapacks\Magic_FR\data\main\function\stats\scoreboard\blue_team_info\overlays\has_flag\place3.mcfunction", "mcfunction", 3, 0, 3, 2, 8
"c:\Users\FlowUP\AppData\Roaming\.minecraft\saves\CTF-1.21.10 v1.30\datapacks\Magic_FR\data\main\function\stats\scoreboard\blue_team_info\overlays\has_flag\place4.mcfunction", "mcfunction", 3, 0, 3, 2, 8
"c:\Users\FlowUP\AppData\Roaming\.minecraft\saves\CTF-1.21.10 v1.30\datapacks\Magic_FR\data\main\function\stats\scoreboard\blue_team_info\overlays\has_flag\place5.mcfunction", "mcfunction", 3, 0, 3, 2, 8
"c:\Users\FlowUP\AppData\Roaming\.minecraft\saves\CTF-1.21.10 v1.30\datapacks\Magic_FR\data\main\function\stats\scoreboard\blue_team_info\overlays\has_flag\place6.mcfunction", "mcfunction", 3, 0, 3, 2, 8
"c:\Users\FlowUP\AppData\Roaming\.minecraft\saves\CTF-1.21.10 v1.30\datapacks\Magic_FR\data\main\function\stats\scoreboard\blue_team_info\overlays\no_overlay_icon\check_place.mcfunction", "mcfunction", 6, 0, 2, 1, 9
"c:\Users\FlowUP\AppData\Roaming\.minecraft\saves\CTF-1.21.10 v1.30\datapacks\Magic_FR\data\main\function\stats\scoreboard\blue_team_info\overlays\no_overlay_icon\place1.mcfunction", "mcfunction", 3, 0, 3, 2, 8
"c:\Users\FlowUP\AppData\Roaming\.minecraft\saves\CTF-1.21.10 v1.30\datapacks\Magic_FR\data\main\function\stats\scoreboard\blue_team_info\overlays\no_overlay_icon\place2.mcfunction", "mcfunction", 3, 0, 3, 2, 8
"c:\Users\FlowUP\AppData\Roaming\.minecraft\saves\CTF-1.21.10 v1.30\datapacks\Magic_FR\data\main\function\stats\scoreboard\blue_team_info\overlays\no_overlay_icon\place3.mcfunction", "mcfunction", 3, 0, 3, 2, 8
"c:\Users\FlowUP\AppData\Roaming\.minecraft\saves\CTF-1.21.10 v1.30\datapacks\Magic_FR\data\main\function\stats\scoreboard\blue_team_info\overlays\no_overlay_icon\place4.mcfunction", "mcfunction", 3, 0, 3, 2, 8
"c:\Users\FlowUP\AppData\Roaming\.minecraft\saves\CTF-1.21.10 v1.30\datapacks\Magic_FR\data\main\function\stats\scoreboard\blue_team_info\overlays\no_overlay_icon\place5.mcfunction", "mcfunction", 3, 0, 3, 2, 8
"c:\Users\FlowUP\AppData\Roaming\.minecraft\saves\CTF-1.21.10 v1.30\datapacks\Magic_FR\data\main\function\stats\scoreboard\blue_team_info\overlays\no_overlay_icon\place6.mcfunction", "mcfunction", 3, 0, 3, 2, 8
"c:\Users\FlowUP\AppData\Roaming\.minecraft\saves\CTF-1.21.10 v1.30\datapacks\Magic_FR\data\main\function\stats\scoreboard\blue_team_info\overlays\ready\check_place.mcfunction", "mcfunction", 6, 0, 2, 1, 9
"c:\Users\FlowUP\AppData\Roaming\.minecraft\saves\CTF-1.21.10 v1.30\datapacks\Magic_FR\data\main\function\stats\scoreboard\blue_team_info\overlays\ready\place1.mcfunction", "mcfunction", 3, 0, 3, 2, 8
"c:\Users\FlowUP\AppData\Roaming\.minecraft\saves\CTF-1.21.10 v1.30\datapacks\Magic_FR\data\main\function\stats\scoreboard\blue_team_info\overlays\ready\place2.mcfunction", "mcfunction", 3, 0, 3, 2, 8
"c:\Users\FlowUP\AppData\Roaming\.minecraft\saves\CTF-1.21.10 v1.30\datapacks\Magic_FR\data\main\function\stats\scoreboard\blue_team_info\overlays\ready\place3.mcfunction", "mcfunction", 3, 0, 3, 2, 8
"c:\Users\FlowUP\AppData\Roaming\.minecraft\saves\CTF-1.21.10 v1.30\datapacks\Magic_FR\data\main\function\stats\scoreboard\blue_team_info\overlays\ready\place4.mcfunction", "mcfunction", 3, 0, 3, 2, 8
"c:\Users\FlowUP\AppData\Roaming\.minecraft\saves\CTF-1.21.10 v1.30\datapacks\Magic_FR\data\main\function\stats\scoreboard\blue_team_info\overlays\ready\place5.mcfunction", "mcfunction", 3, 0, 3, 2, 8
"c:\Users\FlowUP\AppData\Roaming\.minecraft\saves\CTF-1.21.10 v1.30\datapacks\Magic_FR\data\main\function\stats\scoreboard\blue_team_info\overlays\ready\place6.mcfunction", "mcfunction", 3, 0, 3, 2, 8
"c:\Users\FlowUP\AppData\Roaming\.minecraft\saves\CTF-1.21.10 v1.30\datapacks\Magic_FR\data\main\function\stats\scoreboard\blue_team_info\overlays\respawn_time\check_place.mcfunction", "mcfunction", 6, 0, 2, 1, 9
"c:\Users\FlowUP\AppData\Roaming\.minecraft\saves\CTF-1.21.10 v1.30\datapacks\Magic_FR\data\main\function\stats\scoreboard\blue_team_info\overlays\respawn_time\place1.mcfunction", "mcfunction", 17, 0, 4, 5, 26
"c:\Users\FlowUP\AppData\Roaming\.minecraft\saves\CTF-1.21.10 v1.30\datapacks\Magic_FR\data\main\function\stats\scoreboard\blue_team_info\overlays\respawn_time\place2.mcfunction", "mcfunction", 17, 0, 4, 6, 27
"c:\Users\FlowUP\AppData\Roaming\.minecraft\saves\CTF-1.21.10 v1.30\datapacks\Magic_FR\data\main\function\stats\scoreboard\blue_team_info\overlays\respawn_time\place3.mcfunction", "mcfunction", 17, 0, 4, 6, 27
"c:\Users\FlowUP\AppData\Roaming\.minecraft\saves\CTF-1.21.10 v1.30\datapacks\Magic_FR\data\main\function\stats\scoreboard\blue_team_info\overlays\respawn_time\place4.mcfunction", "mcfunction", 17, 0, 4, 6, 27
"c:\Users\FlowUP\AppData\Roaming\.minecraft\saves\CTF-1.21.10 v1.30\datapacks\Magic_FR\data\main\function\stats\scoreboard\blue_team_info\overlays\respawn_time\place5.mcfunction", "mcfunction", 17, 0, 4, 6, 27
"c:\Users\FlowUP\AppData\Roaming\.minecraft\saves\CTF-1.21.10 v1.30\datapacks\Magic_FR\data\main\function\stats\scoreboard\blue_team_info\overlays\respawn_time\place6.mcfunction", "mcfunction", 17, 0, 4, 6, 27
"c:\Users\FlowUP\AppData\Roaming\.minecraft\saves\CTF-1.21.10 v1.30\datapacks\Magic_FR\data\main\function\stats\scoreboard\blue_team_info\save_data\check_place.mcfunction", "mcfunction", 6, 0, 2, 1, 9
"c:\Users\FlowUP\AppData\Roaming\.minecraft\saves\CTF-1.21.10 v1.30\datapacks\Magic_FR\data\main\function\stats\scoreboard\blue_team_info\save_data\place1.mcfunction", "mcfunction", 11, 0, 5, 3, 19
"c:\Users\FlowUP\AppData\Roaming\.minecraft\saves\CTF-1.21.10 v1.30\datapacks\Magic_FR\data\main\function\stats\scoreboard\blue_team_info\save_data\place2.mcfunction", "mcfunction", 11, 0, 5, 3, 19
"c:\Users\FlowUP\AppData\Roaming\.minecraft\saves\CTF-1.21.10 v1.30\datapacks\Magic_FR\data\main\function\stats\scoreboard\blue_team_info\save_data\place3.mcfunction", "mcfunction", 11, 0, 5, 3, 19
"c:\Users\FlowUP\AppData\Roaming\.minecraft\saves\CTF-1.21.10 v1.30\datapacks\Magic_FR\data\main\function\stats\scoreboard\blue_team_info\save_data\place4.mcfunction", "mcfunction", 11, 0, 5, 3, 19
"c:\Users\FlowUP\AppData\Roaming\.minecraft\saves\CTF-1.21.10 v1.30\datapacks\Magic_FR\data\main\function\stats\scoreboard\blue_team_info\save_data\place5.mcfunction", "mcfunction", 11, 0, 5, 3, 19
"c:\Users\FlowUP\AppData\Roaming\.minecraft\saves\CTF-1.21.10 v1.30\datapacks\Magic_FR\data\main\function\stats\scoreboard\blue_team_info\save_data\place6.mcfunction", "mcfunction", 11, 0, 5, 3, 19
"c:\Users\FlowUP\AppData\Roaming\.minecraft\saves\CTF-1.21.10 v1.30\datapacks\Magic_FR\data\main\function\stats\scoreboard\blue_team_info\sort_blue.mcfunction", "mcfunction", 14, 0, 16, 8, 38
"c:\Users\FlowUP\AppData\Roaming\.minecraft\saves\CTF-1.21.10 v1.30\datapacks\Magic_FR\data\main\function\stats\scoreboard\red_team_info\claimed_place\place1.mcfunction", "mcfunction", 3, 0, 4, 4, 11
"c:\Users\FlowUP\AppData\Roaming\.minecraft\saves\CTF-1.21.10 v1.30\datapacks\Magic_FR\data\main\function\stats\scoreboard\red_team_info\claimed_place\place2.mcfunction", "mcfunction", 3, 0, 4, 4, 11
"c:\Users\FlowUP\AppData\Roaming\.minecraft\saves\CTF-1.21.10 v1.30\datapacks\Magic_FR\data\main\function\stats\scoreboard\red_team_info\claimed_place\place3.mcfunction", "mcfunction", 3, 0, 4, 4, 11
"c:\Users\FlowUP\AppData\Roaming\.minecraft\saves\CTF-1.21.10 v1.30\datapacks\Magic_FR\data\main\function\stats\scoreboard\red_team_info\claimed_place\place4.mcfunction", "mcfunction", 3, 0, 4, 4, 11
"c:\Users\FlowUP\AppData\Roaming\.minecraft\saves\CTF-1.21.10 v1.30\datapacks\Magic_FR\data\main\function\stats\scoreboard\red_team_info\claimed_place\place5.mcfunction", "mcfunction", 3, 0, 4, 4, 11
"c:\Users\FlowUP\AppData\Roaming\.minecraft\saves\CTF-1.21.10 v1.30\datapacks\Magic_FR\data\main\function\stats\scoreboard\red_team_info\claimed_place\place6.mcfunction", "mcfunction", 3, 0, 4, 4, 11
"c:\Users\FlowUP\AppData\Roaming\.minecraft\saves\CTF-1.21.10 v1.30\datapacks\Magic_FR\data\main\function\stats\scoreboard\red_team_info\clear_place\clear_place.mcfunction", "mcfunction", 6, 0, 2, 1, 9
"c:\Users\FlowUP\AppData\Roaming\.minecraft\saves\CTF-1.21.10 v1.30\datapacks\Magic_FR\data\main\function\stats\scoreboard\red_team_info\clear_place\place1.mcfunction", "mcfunction", 5, 0, 3, 2, 10
"c:\Users\FlowUP\AppData\Roaming\.minecraft\saves\CTF-1.21.10 v1.30\datapacks\Magic_FR\data\main\function\stats\scoreboard\red_team_info\clear_place\place2.mcfunction", "mcfunction", 5, 0, 3, 3, 11
"c:\Users\FlowUP\AppData\Roaming\.minecraft\saves\CTF-1.21.10 v1.30\datapacks\Magic_FR\data\main\function\stats\scoreboard\red_team_info\clear_place\place3.mcfunction", "mcfunction", 5, 0, 3, 3, 11
"c:\Users\FlowUP\AppData\Roaming\.minecraft\saves\CTF-1.21.10 v1.30\datapacks\Magic_FR\data\main\function\stats\scoreboard\red_team_info\clear_place\place4.mcfunction", "mcfunction", 5, 0, 3, 3, 11
"c:\Users\FlowUP\AppData\Roaming\.minecraft\saves\CTF-1.21.10 v1.30\datapacks\Magic_FR\data\main\function\stats\scoreboard\red_team_info\clear_place\place5.mcfunction", "mcfunction", 5, 0, 3, 3, 11
"c:\Users\FlowUP\AppData\Roaming\.minecraft\saves\CTF-1.21.10 v1.30\datapacks\Magic_FR\data\main\function\stats\scoreboard\red_team_info\clear_place\place6.mcfunction", "mcfunction", 3, 0, 2, 1, 6
"c:\Users\FlowUP\AppData\Roaming\.minecraft\saves\CTF-1.21.10 v1.30\datapacks\Magic_FR\data\main\function\stats\scoreboard\red_team_info\empty_place\place1.mcfunction", "mcfunction", 3, 0, 4, 3, 10
"c:\Users\FlowUP\AppData\Roaming\.minecraft\saves\CTF-1.21.10 v1.30\datapacks\Magic_FR\data\main\function\stats\scoreboard\red_team_info\empty_place\place2.mcfunction", "mcfunction", 3, 0, 4, 3, 10
"c:\Users\FlowUP\AppData\Roaming\.minecraft\saves\CTF-1.21.10 v1.30\datapacks\Magic_FR\data\main\function\stats\scoreboard\red_team_info\empty_place\place3.mcfunction", "mcfunction", 3, 0, 4, 3, 10
"c:\Users\FlowUP\AppData\Roaming\.minecraft\saves\CTF-1.21.10 v1.30\datapacks\Magic_FR\data\main\function\stats\scoreboard\red_team_info\empty_place\place4.mcfunction", "mcfunction", 3, 0, 4, 3, 10
"c:\Users\FlowUP\AppData\Roaming\.minecraft\saves\CTF-1.21.10 v1.30\datapacks\Magic_FR\data\main\function\stats\scoreboard\red_team_info\empty_place\place5.mcfunction", "mcfunction", 3, 0, 4, 3, 10
"c:\Users\FlowUP\AppData\Roaming\.minecraft\saves\CTF-1.21.10 v1.30\datapacks\Magic_FR\data\main\function\stats\scoreboard\red_team_info\empty_place\place6.mcfunction", "mcfunction", 2, 0, 3, 2, 7
"c:\Users\FlowUP\AppData\Roaming\.minecraft\saves\CTF-1.21.10 v1.30\datapacks\Magic_FR\data\main\function\stats\scoreboard\red_team_info\left_red.mcfunction", "mcfunction", 2, 0, 4, 2, 8
"c:\Users\FlowUP\AppData\Roaming\.minecraft\saves\CTF-1.21.10 v1.30\datapacks\Magic_FR\data\main\function\stats\scoreboard\red_team_info\overlays\disconnected\place1.mcfunction", "mcfunction", 3, 0, 3, 2, 8
"c:\Users\FlowUP\AppData\Roaming\.minecraft\saves\CTF-1.21.10 v1.30\datapacks\Magic_FR\data\main\function\stats\scoreboard\red_team_info\overlays\disconnected\place2.mcfunction", "mcfunction", 3, 0, 3, 2, 8
"c:\Users\FlowUP\AppData\Roaming\.minecraft\saves\CTF-1.21.10 v1.30\datapacks\Magic_FR\data\main\function\stats\scoreboard\red_team_info\overlays\disconnected\place3.mcfunction", "mcfunction", 3, 0, 3, 2, 8
"c:\Users\FlowUP\AppData\Roaming\.minecraft\saves\CTF-1.21.10 v1.30\datapacks\Magic_FR\data\main\function\stats\scoreboard\red_team_info\overlays\disconnected\place4.mcfunction", "mcfunction", 3, 0, 3, 2, 8
"c:\Users\FlowUP\AppData\Roaming\.minecraft\saves\CTF-1.21.10 v1.30\datapacks\Magic_FR\data\main\function\stats\scoreboard\red_team_info\overlays\disconnected\place5.mcfunction", "mcfunction", 3, 0, 3, 2, 8
"c:\Users\FlowUP\AppData\Roaming\.minecraft\saves\CTF-1.21.10 v1.30\datapacks\Magic_FR\data\main\function\stats\scoreboard\red_team_info\overlays\disconnected\place6.mcfunction", "mcfunction", 3, 0, 3, 2, 8
"c:\Users\FlowUP\AppData\Roaming\.minecraft\saves\CTF-1.21.10 v1.30\datapacks\Magic_FR\data\main\function\stats\scoreboard\red_team_info\overlays\has_flag\check_place.mcfunction", "mcfunction", 6, 0, 2, 1, 9
"c:\Users\FlowUP\AppData\Roaming\.minecraft\saves\CTF-1.21.10 v1.30\datapacks\Magic_FR\data\main\function\stats\scoreboard\red_team_info\overlays\has_flag\place1.mcfunction", "mcfunction", 3, 0, 3, 2, 8
"c:\Users\FlowUP\AppData\Roaming\.minecraft\saves\CTF-1.21.10 v1.30\datapacks\Magic_FR\data\main\function\stats\scoreboard\red_team_info\overlays\has_flag\place2.mcfunction", "mcfunction", 3, 0, 3, 2, 8
"c:\Users\FlowUP\AppData\Roaming\.minecraft\saves\CTF-1.21.10 v1.30\datapacks\Magic_FR\data\main\function\stats\scoreboard\red_team_info\overlays\has_flag\place3.mcfunction", "mcfunction", 3, 0, 3, 2, 8
"c:\Users\FlowUP\AppData\Roaming\.minecraft\saves\CTF-1.21.10 v1.30\datapacks\Magic_FR\data\main\function\stats\scoreboard\red_team_info\overlays\has_flag\place4.mcfunction", "mcfunction", 3, 0, 3, 2, 8
"c:\Users\FlowUP\AppData\Roaming\.minecraft\saves\CTF-1.21.10 v1.30\datapacks\Magic_FR\data\main\function\stats\scoreboard\red_team_info\overlays\has_flag\place5.mcfunction", "mcfunction", 3, 0, 3, 2, 8
"c:\Users\FlowUP\AppData\Roaming\.minecraft\saves\CTF-1.21.10 v1.30\datapacks\Magic_FR\data\main\function\stats\scoreboard\red_team_info\overlays\has_flag\place6.mcfunction", "mcfunction", 3, 0, 3, 2, 8
"c:\Users\FlowUP\AppData\Roaming\.minecraft\saves\CTF-1.21.10 v1.30\datapacks\Magic_FR\data\main\function\stats\scoreboard\red_team_info\overlays\no_overlay_icon\check_place.mcfunction", "mcfunction", 6, 0, 2, 1, 9
"c:\Users\FlowUP\AppData\Roaming\.minecraft\saves\CTF-1.21.10 v1.30\datapacks\Magic_FR\data\main\function\stats\scoreboard\red_team_info\overlays\no_overlay_icon\place1.mcfunction", "mcfunction", 3, 0, 3, 2, 8
"c:\Users\FlowUP\AppData\Roaming\.minecraft\saves\CTF-1.21.10 v1.30\datapacks\Magic_FR\data\main\function\stats\scoreboard\red_team_info\overlays\no_overlay_icon\place2.mcfunction", "mcfunction", 3, 0, 3, 2, 8
"c:\Users\FlowUP\AppData\Roaming\.minecraft\saves\CTF-1.21.10 v1.30\datapacks\Magic_FR\data\main\function\stats\scoreboard\red_team_info\overlays\no_overlay_icon\place3.mcfunction", "mcfunction", 3, 0, 3, 2, 8
"c:\Users\FlowUP\AppData\Roaming\.minecraft\saves\CTF-1.21.10 v1.30\datapacks\Magic_FR\data\main\function\stats\scoreboard\red_team_info\overlays\no_overlay_icon\place4.mcfunction", "mcfunction", 3, 0, 3, 2, 8
"c:\Users\FlowUP\AppData\Roaming\.minecraft\saves\CTF-1.21.10 v1.30\datapacks\Magic_FR\data\main\function\stats\scoreboard\red_team_info\overlays\no_overlay_icon\place5.mcfunction", "mcfunction", 3, 0, 3, 2, 8
"c:\Users\FlowUP\AppData\Roaming\.minecraft\saves\CTF-1.21.10 v1.30\datapacks\Magic_FR\data\main\function\stats\scoreboard\red_team_info\overlays\no_overlay_icon\place6.mcfunction", "mcfunction", 3, 0, 3, 2, 8
"c:\Users\FlowUP\AppData\Roaming\.minecraft\saves\CTF-1.21.10 v1.30\datapacks\Magic_FR\data\main\function\stats\scoreboard\red_team_info\overlays\ready\check_place.mcfunction", "mcfunction", 6, 0, 2, 1, 9
"c:\Users\FlowUP\AppData\Roaming\.minecraft\saves\CTF-1.21.10 v1.30\datapacks\Magic_FR\data\main\function\stats\scoreboard\red_team_info\overlays\ready\place1.mcfunction", "mcfunction", 3, 0, 3, 2, 8
"c:\Users\FlowUP\AppData\Roaming\.minecraft\saves\CTF-1.21.10 v1.30\datapacks\Magic_FR\data\main\function\stats\scoreboard\red_team_info\overlays\ready\place2.mcfunction", "mcfunction", 3, 0, 3, 2, 8
"c:\Users\FlowUP\AppData\Roaming\.minecraft\saves\CTF-1.21.10 v1.30\datapacks\Magic_FR\data\main\function\stats\scoreboard\red_team_info\overlays\ready\place3.mcfunction", "mcfunction", 3, 0, 3, 2, 8
"c:\Users\FlowUP\AppData\Roaming\.minecraft\saves\CTF-1.21.10 v1.30\datapacks\Magic_FR\data\main\function\stats\scoreboard\red_team_info\overlays\ready\place4.mcfunction", "mcfunction", 3, 0, 3, 2, 8
"c:\Users\FlowUP\AppData\Roaming\.minecraft\saves\CTF-1.21.10 v1.30\datapacks\Magic_FR\data\main\function\stats\scoreboard\red_team_info\overlays\ready\place5.mcfunction", "mcfunction", 3, 0, 3, 2, 8
"c:\Users\FlowUP\AppData\Roaming\.minecraft\saves\CTF-1.21.10 v1.30\datapacks\Magic_FR\data\main\function\stats\scoreboard\red_team_info\overlays\ready\place6.mcfunction", "mcfunction", 3, 0, 3, 2, 8
"c:\Users\FlowUP\AppData\Roaming\.minecraft\saves\CTF-1.21.10 v1.30\datapacks\Magic_FR\data\main\function\stats\scoreboard\red_team_info\overlays\respawn_time\check_place.mcfunction", "mcfunction", 6, 0, 2, 1, 9
"c:\Users\FlowUP\AppData\Roaming\.minecraft\saves\CTF-1.21.10 v1.30\datapacks\Magic_FR\data\main\function\stats\scoreboard\red_team_info\overlays\respawn_time\place1.mcfunction", "mcfunction", 17, 0, 4, 6, 27
"c:\Users\FlowUP\AppData\Roaming\.minecraft\saves\CTF-1.21.10 v1.30\datapacks\Magic_FR\data\main\function\stats\scoreboard\red_team_info\overlays\respawn_time\place2.mcfunction", "mcfunction", 17, 0, 4, 6, 27
"c:\Users\FlowUP\AppData\Roaming\.minecraft\saves\CTF-1.21.10 v1.30\datapacks\Magic_FR\data\main\function\stats\scoreboard\red_team_info\overlays\respawn_time\place3.mcfunction", "mcfunction", 17, 0, 4, 6, 27
"c:\Users\FlowUP\AppData\Roaming\.minecraft\saves\CTF-1.21.10 v1.30\datapacks\Magic_FR\data\main\function\stats\scoreboard\red_team_info\overlays\respawn_time\place4.mcfunction", "mcfunction", 17, 0, 4, 5, 26
"c:\Users\FlowUP\AppData\Roaming\.minecraft\saves\CTF-1.21.10 v1.30\datapacks\Magic_FR\data\main\function\stats\scoreboard\red_team_info\overlays\respawn_time\place5.mcfunction", "mcfunction", 17, 0, 4, 6, 27
"c:\Users\FlowUP\AppData\Roaming\.minecraft\saves\CTF-1.21.10 v1.30\datapacks\Magic_FR\data\main\function\stats\scoreboard\red_team_info\overlays\respawn_time\place6.mcfunction", "mcfunction", 17, 0, 4, 6, 27
"c:\Users\FlowUP\AppData\Roaming\.minecraft\saves\CTF-1.21.10 v1.30\datapacks\Magic_FR\data\main\function\stats\scoreboard\red_team_info\save_data\check_place.mcfunction", "mcfunction", 6, 0, 2, 1, 9
"c:\Users\FlowUP\AppData\Roaming\.minecraft\saves\CTF-1.21.10 v1.30\datapacks\Magic_FR\data\main\function\stats\scoreboard\red_team_info\save_data\place1.mcfunction", "mcfunction", 11, 0, 5, 3, 19
"c:\Users\FlowUP\AppData\Roaming\.minecraft\saves\CTF-1.21.10 v1.30\datapacks\Magic_FR\data\main\function\stats\scoreboard\red_team_info\save_data\place2.mcfunction", "mcfunction", 11, 0, 5, 3, 19
"c:\Users\FlowUP\AppData\Roaming\.minecraft\saves\CTF-1.21.10 v1.30\datapacks\Magic_FR\data\main\function\stats\scoreboard\red_team_info\save_data\place3.mcfunction", "mcfunction", 11, 0, 5, 3, 19
"c:\Users\FlowUP\AppData\Roaming\.minecraft\saves\CTF-1.21.10 v1.30\datapacks\Magic_FR\data\main\function\stats\scoreboard\red_team_info\save_data\place4.mcfunction", "mcfunction", 11, 0, 5, 3, 19
"c:\Users\FlowUP\AppData\Roaming\.minecraft\saves\CTF-1.21.10 v1.30\datapacks\Magic_FR\data\main\function\stats\scoreboard\red_team_info\save_data\place5.mcfunction", "mcfunction", 11, 0, 5, 3, 19
"c:\Users\FlowUP\AppData\Roaming\.minecraft\saves\CTF-1.21.10 v1.30\datapacks\Magic_FR\data\main\function\stats\scoreboard\red_team_info\save_data\place6.mcfunction", "mcfunction", 11, 0, 5, 3, 19
"c:\Users\FlowUP\AppData\Roaming\.minecraft\saves\CTF-1.21.10 v1.30\datapacks\Magic_FR\data\main\function\stats\scoreboard\red_team_info\sort_red.mcfunction", "mcfunction", 14, 0, 16, 8, 38
"c:\Users\FlowUP\AppData\Roaming\.minecraft\saves\CTF-1.21.10 v1.30\datapacks\Magic_FR\data\minecraft\item_modifier\armor_change\blue\archer.json", "JSON", 0, 10, 0, 0, 10
"c:\Users\FlowUP\AppData\Roaming\.minecraft\saves\CTF-1.21.10 v1.30\datapacks\Magic_FR\data\minecraft\item_modifier\armor_change\blue\mage.json", "JSON", 0, 10, 0, 0, 10
"c:\Users\FlowUP\AppData\Roaming\.minecraft\saves\CTF-1.21.10 v1.30\datapacks\Magic_FR\data\minecraft\item_modifier\armor_change\blue\rogue.json", "JSON", 0, 10, 0, 0, 10
"c:\Users\FlowUP\AppData\Roaming\.minecraft\saves\CTF-1.21.10 v1.30\datapacks\Magic_FR\data\minecraft\item_modifier\armor_change\blue\warrior.json", "JSON", 0, 10, 0, 0, 10
"c:\Users\FlowUP\AppData\Roaming\.minecraft\saves\CTF-1.21.10 v1.30\datapacks\Magic_FR\data\minecraft\item_modifier\armor_change\no_team\archer.json", "JSON", 0, 10, 0, 0, 10
"c:\Users\FlowUP\AppData\Roaming\.minecraft\saves\CTF-1.21.10 v1.30\datapacks\Magic_FR\data\minecraft\item_modifier\armor_change\no_team\mage.json", "JSON", 0, 10, 0, 0, 10
"c:\Users\FlowUP\AppData\Roaming\.minecraft\saves\CTF-1.21.10 v1.30\datapacks\Magic_FR\data\minecraft\item_modifier\armor_change\no_team\rogue.json", "JSON", 0, 10, 0, 0, 10
"c:\Users\FlowUP\AppData\Roaming\.minecraft\saves\CTF-1.21.10 v1.30\datapacks\Magic_FR\data\minecraft\item_modifier\armor_change\no_team\warrior.json", "JSON", 0, 10, 0, 0, 10
"c:\Users\FlowUP\AppData\Roaming\.minecraft\saves\CTF-1.21.10 v1.30\datapacks\Magic_FR\data\minecraft\item_modifier\armor_change\red\archer.json", "JSON", 0, 10, 0, 0, 10
"c:\Users\FlowUP\AppData\Roaming\.minecraft\saves\CTF-1.21.10 v1.30\datapacks\Magic_FR\data\minecraft\item_modifier\armor_change\red\mage.json", "JSON", 0, 10, 0, 0, 10
"c:\Users\FlowUP\AppData\Roaming\.minecraft\saves\CTF-1.21.10 v1.30\datapacks\Magic_FR\data\minecraft\item_modifier\armor_change\red\rogue.json", "JSON", 0, 10, 0, 0, 10
"c:\Users\FlowUP\AppData\Roaming\.minecraft\saves\CTF-1.21.10 v1.30\datapacks\Magic_FR\data\minecraft\item_modifier\armor_change\red\warrior.json", "JSON", 0, 10, 0, 0, 10
"c:\Users\FlowUP\AppData\Roaming\.minecraft\saves\CTF-1.21.10 v1.30\datapacks\Magic_FR\data\minecraft\predicate\bellow_lobby_height.json", "JSON", 0, 11, 0, 0, 11
"c:\Users\FlowUP\AppData\Roaming\.minecraft\saves\CTF-1.21.10 v1.30\datapacks\Magic_FR\data\minecraft\predicate\step_on_black_concrete.json", "JSON", 0, 11, 0, 0, 11
"c:\Users\FlowUP\AppData\Roaming\.minecraft\saves\CTF-1.21.10 v1.30\datapacks\Magic_FR\data\minecraft\predicate\step_on_slimeblock.json", "JSON", 0, 11, 0, 0, 11
"c:\Users\FlowUP\AppData\Roaming\.minecraft\saves\CTF-1.21.10 v1.30\datapacks\Magic_FR\data\minecraft\predicate\step_on_yellow_concrete.json", "JSON", 0, 11, 0, 0, 11
"c:\Users\FlowUP\AppData\Roaming\.minecraft\saves\CTF-1.21.10 v1.30\datapacks\Magic_FR\data\shop\function\loop.mcfunction", "mcfunction", 1, 0, 0, 1, 2
"c:\Users\FlowUP\AppData\Roaming\.minecraft\saves\CTF-1.21.10 v1.30\datapacks\Magic_FR\data\shop\function\ready_sign\be_not_ready.mcfunction", "mcfunction", 2, 0, 1, 1, 4
"c:\Users\FlowUP\AppData\Roaming\.minecraft\saves\CTF-1.21.10 v1.30\datapacks\Magic_FR\data\shop\function\ready_sign\be_ready.mcfunction", "mcfunction", 2, 0, 1, 1, 4
"c:\Users\FlowUP\AppData\Roaming\.minecraft\saves\CTF-1.21.10 v1.30\datapacks\Magic_FR\data\shop\function\reset_frameroom_disabled.mcfunction", "mcfunction", 5, 0, 2, 5, 12
"c:\Users\FlowUP\AppData\Roaming\.minecraft\saves\CTF-1.21.10 v1.30\datapacks\Magic_FR\data\shop\function\reset_frameroom_sign.mcfunction", "mcfunction", 2, 0, 0, 5, 7
"c:\Users\FlowUP\AppData\Roaming\.minecraft\saves\CTF-1.21.10 v1.30\datapacks\Magic_FR\data\shop\function\reset_money_sign.mcfunction", "mcfunction", 2, 0, 2, 1, 5
"c:\Users\FlowUP\AppData\Roaming\.minecraft\saves\CTF-1.21.10 v1.30\datapacks\Magic_FR\data\shop\function\shop_is_ready.mcfunction", "mcfunction", 7, 0, 4, 0, 11
"c:\Users\FlowUP\AppData\Roaming\.minecraft\saves\CTF-1.21.10 v1.30\datapacks\Magic_FR\data\shop\function\shop_setup_timer.mcfunction", "mcfunction", 33, 0, 12, 17, 62
"c:\Users\FlowUP\AppData\Roaming\.minecraft\saves\CTF-1.21.10 v1.30\datapacks\Magic_FR\data\shop\function\shop_timer.mcfunction", "mcfunction", 35, 0, 7, 14, 56
"c:\Users\FlowUP\AppData\Roaming\.minecraft\saves\CTF-1.21.10 v1.30\datapacks\Magic_FR\data\shop\function\shop_timer_infinite.mcfunction", "mcfunction", 4, 0, 3, 2, 9
"c:\Users\FlowUP\AppData\Roaming\.minecraft\saves\CTF-1.21.10 v1.30\datapacks\Magic_FR\data\spells\function\arrow_give_system\arrowcounter.mcfunction", "mcfunction", 1, 0, 0, 0, 1
"c:\Users\FlowUP\AppData\Roaming\.minecraft\saves\CTF-1.21.10 v1.30\datapacks\Magic_FR\data\spells\function\loop.mcfunction", "mcfunction", 8, 0, 7, 5, 20
"c:\Users\FlowUP\AppData\Roaming\.minecraft\saves\CTF-1.21.10 v1.30\datapacks\Magic_FR\data\spells\function\spellsystem\spell1\spell1_a\reset\player1.mcfunction", "mcfunction", 3, 0, 2, 1, 6
"c:\Users\FlowUP\AppData\Roaming\.minecraft\saves\CTF-1.21.10 v1.30\datapacks\Magic_FR\data\spells\function\spellsystem\spell1\spell1_a\reset\player10.mcfunction", "mcfunction", 3, 0, 2, 1, 6
"c:\Users\FlowUP\AppData\Roaming\.minecraft\saves\CTF-1.21.10 v1.30\datapacks\Magic_FR\data\spells\function\spellsystem\spell1\spell1_a\reset\player11.mcfunction", "mcfunction", 3, 0, 2, 1, 6
"c:\Users\FlowUP\AppData\Roaming\.minecraft\saves\CTF-1.21.10 v1.30\datapacks\Magic_FR\data\spells\function\spellsystem\spell1\spell1_a\reset\player12.mcfunction", "mcfunction", 3, 0, 2, 1, 6
"c:\Users\FlowUP\AppData\Roaming\.minecraft\saves\CTF-1.21.10 v1.30\datapacks\Magic_FR\data\spells\function\spellsystem\spell1\spell1_a\reset\player2.mcfunction", "mcfunction", 3, 0, 2, 1, 6
"c:\Users\FlowUP\AppData\Roaming\.minecraft\saves\CTF-1.21.10 v1.30\datapacks\Magic_FR\data\spells\function\spellsystem\spell1\spell1_a\reset\player3.mcfunction", "mcfunction", 3, 0, 2, 1, 6
"c:\Users\FlowUP\AppData\Roaming\.minecraft\saves\CTF-1.21.10 v1.30\datapacks\Magic_FR\data\spells\function\spellsystem\spell1\spell1_a\reset\player4.mcfunction", "mcfunction", 3, 0, 2, 1, 6
"c:\Users\FlowUP\AppData\Roaming\.minecraft\saves\CTF-1.21.10 v1.30\datapacks\Magic_FR\data\spells\function\spellsystem\spell1\spell1_a\reset\player5.mcfunction", "mcfunction", 3, 0, 2, 1, 6
"c:\Users\FlowUP\AppData\Roaming\.minecraft\saves\CTF-1.21.10 v1.30\datapacks\Magic_FR\data\spells\function\spellsystem\spell1\spell1_a\reset\player6.mcfunction", "mcfunction", 3, 0, 2, 1, 6
"c:\Users\FlowUP\AppData\Roaming\.minecraft\saves\CTF-1.21.10 v1.30\datapacks\Magic_FR\data\spells\function\spellsystem\spell1\spell1_a\reset\player7.mcfunction", "mcfunction", 3, 0, 2, 1, 6
"c:\Users\FlowUP\AppData\Roaming\.minecraft\saves\CTF-1.21.10 v1.30\datapacks\Magic_FR\data\spells\function\spellsystem\spell1\spell1_a\reset\player8.mcfunction", "mcfunction", 3, 0, 2, 1, 6
"c:\Users\FlowUP\AppData\Roaming\.minecraft\saves\CTF-1.21.10 v1.30\datapacks\Magic_FR\data\spells\function\spellsystem\spell1\spell1_a\reset\player9.mcfunction", "mcfunction", 3, 0, 2, 1, 6
"c:\Users\FlowUP\AppData\Roaming\.minecraft\saves\CTF-1.21.10 v1.30\datapacks\Magic_FR\data\spells\function\spellsystem\spell1\spell1_a\reset\testplayer.mcfunction", "mcfunction", 12, 0, 2, 1, 15
"c:\Users\FlowUP\AppData\Roaming\.minecraft\saves\CTF-1.21.10 v1.30\datapacks\Magic_FR\data\spells\function\spellsystem\spell1\spell1_a\usedexplosivearrow_a.mcfunction", "mcfunction", 4, 0, 1, 4, 9
"c:\Users\FlowUP\AppData\Roaming\.minecraft\saves\CTF-1.21.10 v1.30\datapacks\Magic_FR\data\spells\function\spellsystem\spell1\spell1_r\nomoreinvisibility_r.mcfunction", "mcfunction", 2, 0, 1, 2, 5
"c:\Users\FlowUP\AppData\Roaming\.minecraft\saves\CTF-1.21.10 v1.30\datapacks\Magic_FR\data\spells\function\spellsystem\spell1\spell1_w\no_more_berzerk.mcfunction", "mcfunction", 2, 0, 0, 0, 2
"c:\Users\FlowUP\AppData\Roaming\.minecraft\saves\CTF-1.21.10 v1.30\datapacks\Magic_FR\data\spells\function\spellsystem\spell2\spell2_a\destroy_own_trap.mcfunction", "mcfunction", 3, 0, 0, 1, 4
"c:\Users\FlowUP\AppData\Roaming\.minecraft\saves\CTF-1.21.10 v1.30\datapacks\Magic_FR\data\spells\function\spellsystem\spell2\spell2_a\reset_trap.mcfunction", "mcfunction", 3, 0, 0, 2, 5
"c:\Users\FlowUP\AppData\Roaming\.minecraft\saves\CTF-1.21.10 v1.30\datapacks\Magic_FR\data\spells\function\spellsystem\spell2\spell2_a\trap_get_destroyed.mcfunction", "mcfunction", 3, 0, 0, 2, 5
"c:\Users\FlowUP\AppData\Roaming\.minecraft\saves\CTF-1.21.10 v1.30\datapacks\Magic_FR\data\spells\function\spellsystem\spell2\spell2_m\die_with_thunderstorm.mcfunction", "mcfunction", -22, 0, 2, -1, -21
"c:\Users\FlowUP\AppData\Roaming\.minecraft\saves\CTF-1.21.10 v1.30\datapacks\Magic_FR\data\spells\function\spellsystem\spell2\spell2_m\no_more_thunderstorm.mcfunction", "mcfunction", 2, 0, 0, 0, 2
"c:\Users\FlowUP\AppData\Roaming\.minecraft\saves\CTF-1.21.10 v1.30\datapacks\Magic_FR\data\spells\function\spellsystem\spell2\spell2_m\reset_thunderstorm.mcfunction", "mcfunction", 25, 0, 1, 2, 28
"c:\Users\FlowUP\AppData\Roaming\.minecraft\saves\CTF-1.21.10 v1.30\datapacks\Magic_FR\data\spells\function\spellsystem\spell2\spell2_m\spell2lvl1_m.mcfunction", "mcfunction", 2, 0, 0, 0, 2
"c:\Users\FlowUP\AppData\Roaming\.minecraft\saves\CTF-1.21.10 v1.30\datapacks\Magic_FR\data\spells\function\spellsystem\spell2\spell2_m\spell2lvl2_m.mcfunction", "mcfunction", 2, 0, 0, 0, 2
"c:\Users\FlowUP\AppData\Roaming\.minecraft\saves\CTF-1.21.10 v1.30\datapacks\Magic_FR\data\spells\function\spellsystem\spell2\spell2_m\spell2lvl3_m.mcfunction", "mcfunction", 2, 0, 0, -1, 1
"c:\Users\FlowUP\AppData\Roaming\.minecraft\saves\CTF-1.21.10 v1.30\datapacks\Magic_FR\data\spells\function\spellsystem\spell2\spell2_r\killbackup_r.mcfunction", "mcfunction", 3, 0, 0, 0, 3
"c:\Users\FlowUP\AppData\Roaming\.minecraft\saves\CTF-1.21.10 v1.30\datapacks\Magic_FR\data\spells\function\spellsystem\spell2\spell2_r\tpbackup_r.mcfunction", "mcfunction", 3, 0, 0, 1, 4
"c:\Users\FlowUP\AppData\Roaming\.minecraft\saves\CTF-1.21.10 v1.30\datapacks\Magic_FR\data\spells\function\spellsystem\spell2\spell2_w\cooldown\cooldown_lvl1.mcfunction", "mcfunction", 2, 0, 0, 1, 3
"c:\Users\FlowUP\AppData\Roaming\.minecraft\saves\CTF-1.21.10 v1.30\datapacks\Magic_FR\data\spells\function\spellsystem\spell2\spell2_w\cooldown\cooldown_lvl2.mcfunction", "mcfunction", 2, 0, 0, 0, 2
"c:\Users\FlowUP\AppData\Roaming\.minecraft\saves\CTF-1.21.10 v1.30\datapacks\Magic_FR\data\spells\function\spellsystem\spell2\spell2_w\cooldown\cooldown_lvl3.mcfunction", "mcfunction", 2, 0, 0, 1, 3
"c:\Users\FlowUP\AppData\Roaming\.minecraft\saves\CTF-1.21.10 v1.30\datapacks\Magic_FR\data\spells\function\spellsystem\spell2\spell2_w\summon_flag\destroy_flag\player\player1.mcfunction", "mcfunction", 1, 0, 0, 0, 1
"c:\Users\FlowUP\AppData\Roaming\.minecraft\saves\CTF-1.21.10 v1.30\datapacks\Magic_FR\data\spells\function\spellsystem\spell2\spell2_w\summon_flag\destroy_flag\player\player10.mcfunction", "mcfunction", 1, 0, 0, 0, 1
"c:\Users\FlowUP\AppData\Roaming\.minecraft\saves\CTF-1.21.10 v1.30\datapacks\Magic_FR\data\spells\function\spellsystem\spell2\spell2_w\summon_flag\destroy_flag\player\player11.mcfunction", "mcfunction", 1, 0, 0, 0, 1
"c:\Users\FlowUP\AppData\Roaming\.minecraft\saves\CTF-1.21.10 v1.30\datapacks\Magic_FR\data\spells\function\spellsystem\spell2\spell2_w\summon_flag\destroy_flag\player\player12.mcfunction", "mcfunction", 1, 0, 0, 0, 1
"c:\Users\FlowUP\AppData\Roaming\.minecraft\saves\CTF-1.21.10 v1.30\datapacks\Magic_FR\data\spells\function\spellsystem\spell2\spell2_w\summon_flag\destroy_flag\player\player2.mcfunction", "mcfunction", 1, 0, 0, 0, 1
"c:\Users\FlowUP\AppData\Roaming\.minecraft\saves\CTF-1.21.10 v1.30\datapacks\Magic_FR\data\spells\function\spellsystem\spell2\spell2_w\summon_flag\destroy_flag\player\player3.mcfunction", "mcfunction", 1, 0, 0, 0, 1
"c:\Users\FlowUP\AppData\Roaming\.minecraft\saves\CTF-1.21.10 v1.30\datapacks\Magic_FR\data\spells\function\spellsystem\spell2\spell2_w\summon_flag\destroy_flag\player\player4.mcfunction", "mcfunction", 1, 0, 0, 0, 1
"c:\Users\FlowUP\AppData\Roaming\.minecraft\saves\CTF-1.21.10 v1.30\datapacks\Magic_FR\data\spells\function\spellsystem\spell2\spell2_w\summon_flag\destroy_flag\player\player5.mcfunction", "mcfunction", 1, 0, 0, 0, 1
"c:\Users\FlowUP\AppData\Roaming\.minecraft\saves\CTF-1.21.10 v1.30\datapacks\Magic_FR\data\spells\function\spellsystem\spell2\spell2_w\summon_flag\destroy_flag\player\player6.mcfunction", "mcfunction", 1, 0, 0, 0, 1
"c:\Users\FlowUP\AppData\Roaming\.minecraft\saves\CTF-1.21.10 v1.30\datapacks\Magic_FR\data\spells\function\spellsystem\spell2\spell2_w\summon_flag\destroy_flag\player\player7.mcfunction", "mcfunction", 1, 0, 0, 0, 1
"c:\Users\FlowUP\AppData\Roaming\.minecraft\saves\CTF-1.21.10 v1.30\datapacks\Magic_FR\data\spells\function\spellsystem\spell2\spell2_w\summon_flag\destroy_flag\player\player8.mcfunction", "mcfunction", 1, 0, 0, 0, 1
"c:\Users\FlowUP\AppData\Roaming\.minecraft\saves\CTF-1.21.10 v1.30\datapacks\Magic_FR\data\spells\function\spellsystem\spell2\spell2_w\summon_flag\destroy_flag\player\player9.mcfunction", "mcfunction", 1, 0, 0, 0, 1
"c:\Users\FlowUP\AppData\Roaming\.minecraft\saves\CTF-1.21.10 v1.30\datapacks\Magic_FR\data\spells\function\spellsystem\spell3\spell3_a\usedfreezearrow_a.mcfunction", "mcfunction", 3, 0, 0, 3, 6
"c:\Users\FlowUP\AppData\Roaming\.minecraft\saves\CTF-1.21.10 v1.30\datapacks\Magic_FR\data\spells\function\spellsystem\spell3\spell3_m\teleport.mcfunction", "mcfunction", 2, 0, 0, 1, 3
"c:\Users\FlowUP\AppData\Roaming\.minecraft\saves\CTF-1.21.10 v1.30\datapacks\Magic_FR\data\spells\function\spellsystem\spell3\spell3_r\refresh_spell_item.mcfunction", "mcfunction", -9, 0, -3, -1, -13
"c:\Users\FlowUP\AppData\Roaming\.minecraft\saves\CTF-1.21.10 v1.30\datapacks\Magic_FR\data\spells\function\spellsystem\spell3\spell3_r\timer_over.mcfunction", "mcfunction", 2, 0, 0, 1, 3
"c:\Users\FlowUP\AppData\Roaming\.minecraft\saves\CTF-1.21.10 v1.30\datapacks\Magic_FR\data\spells\function\spellsystem\spell3\spell3_w\hook\retract_hook\end_hook_player\player1.mcfunction", "mcfunction", 3, 0, 1, 1, 5
"c:\Users\FlowUP\AppData\Roaming\.minecraft\saves\CTF-1.21.10 v1.30\datapacks\Magic_FR\data\spells\function\spellsystem\spell3\spell3_w\hook\retract_hook\end_hook_player\player10.mcfunction", "mcfunction", 3, 0, 1, 1, 5
"c:\Users\FlowUP\AppData\Roaming\.minecraft\saves\CTF-1.21.10 v1.30\datapacks\Magic_FR\data\spells\function\spellsystem\spell3\spell3_w\hook\retract_hook\end_hook_player\player11.mcfunction", "mcfunction", 3, 0, 1, 1, 5
"c:\Users\FlowUP\AppData\Roaming\.minecraft\saves\CTF-1.21.10 v1.30\datapacks\Magic_FR\data\spells\function\spellsystem\spell3\spell3_w\hook\retract_hook\end_hook_player\player12.mcfunction", "mcfunction", 3, 0, 1, 2, 6
"c:\Users\FlowUP\AppData\Roaming\.minecraft\saves\CTF-1.21.10 v1.30\datapacks\Magic_FR\data\spells\function\spellsystem\spell3\spell3_w\hook\retract_hook\end_hook_player\player2.mcfunction", "mcfunction", 3, 0, 1, 1, 5
"c:\Users\FlowUP\AppData\Roaming\.minecraft\saves\CTF-1.21.10 v1.30\datapacks\Magic_FR\data\spells\function\spellsystem\spell3\spell3_w\hook\retract_hook\end_hook_player\player3.mcfunction", "mcfunction", 3, 0, 1, 1, 5
"c:\Users\FlowUP\AppData\Roaming\.minecraft\saves\CTF-1.21.10 v1.30\datapacks\Magic_FR\data\spells\function\spellsystem\spell3\spell3_w\hook\retract_hook\end_hook_player\player4.mcfunction", "mcfunction", 3, 0, 1, 1, 5
"c:\Users\FlowUP\AppData\Roaming\.minecraft\saves\CTF-1.21.10 v1.30\datapacks\Magic_FR\data\spells\function\spellsystem\spell3\spell3_w\hook\retract_hook\end_hook_player\player5.mcfunction", "mcfunction", 3, 0, 1, 1, 5
"c:\Users\FlowUP\AppData\Roaming\.minecraft\saves\CTF-1.21.10 v1.30\datapacks\Magic_FR\data\spells\function\spellsystem\spell3\spell3_w\hook\retract_hook\end_hook_player\player6.mcfunction", "mcfunction", 3, 0, 1, 1, 5
"c:\Users\FlowUP\AppData\Roaming\.minecraft\saves\CTF-1.21.10 v1.30\datapacks\Magic_FR\data\spells\function\spellsystem\spell3\spell3_w\hook\retract_hook\end_hook_player\player7.mcfunction", "mcfunction", 3, 0, 1, 1, 5
"c:\Users\FlowUP\AppData\Roaming\.minecraft\saves\CTF-1.21.10 v1.30\datapacks\Magic_FR\data\spells\function\spellsystem\spell3\spell3_w\hook\retract_hook\end_hook_player\player8.mcfunction", "mcfunction", 3, 0, 1, 1, 5
"c:\Users\FlowUP\AppData\Roaming\.minecraft\saves\CTF-1.21.10 v1.30\datapacks\Magic_FR\data\spells\function\spellsystem\spell3\spell3_w\hook\retract_hook\end_hook_player\player9.mcfunction", "mcfunction", 3, 0, 1, 1, 5
"c:\Users\FlowUP\AppData\Roaming\.minecraft\saves\CTF-1.21.10 v1.30\datapacks\Magic_FR\data\spells\function\spellsystem\spell3\spell3_w\hook\retract_hook\end_hook_player\testplayer.mcfunction", "mcfunction", 24, 0, 2, 2, 28
"c:\Users\FlowUP\AppData\Roaming\.minecraft\saves\CTF-1.21.10 v1.30\datapacks\Magic_FR\data\spells\function\spellsystem\weapon1_m\refresh_timer\check_timer.mcfunction", "mcfunction", 2, 0, 0, 0, 2
"c:\Users\FlowUP\AppData\Roaming\.minecraft\saves\CTF-1.21.10 v1.30\datapacks\Magic_FR\data\spells\function\usespell\usespell1\usespell1lvl1\usespell1lvl1_m.mcfunction", "mcfunction", 2, 0, 0, 1, 3
"c:\Users\FlowUP\AppData\Roaming\.minecraft\saves\CTF-1.21.10 v1.30\datapacks\Magic_FR\data\spells\function\usespell\usespell1\usespell1lvl2\usespell1lvl2_m.mcfunction", "mcfunction", 2, 0, 0, 1, 3
"c:\Users\FlowUP\AppData\Roaming\.minecraft\saves\CTF-1.21.10 v1.30\datapacks\Magic_FR\data\spells\function\usespell\usespell1\usespell1lvl3\usespell1lvl3_m.mcfunction", "mcfunction", 2, 0, 0, 0, 2
"c:\Users\FlowUP\AppData\Roaming\.minecraft\saves\CTF-1.21.10 v1.30\datapacks\Magic_FR\data\stuff\function\stuff_archer\spell1\determine_slot.mcfunction", "mcfunction", 9, 0, 2, 1, 12
"c:\Users\FlowUP\AppData\Roaming\.minecraft\saves\CTF-1.21.10 v1.30\datapacks\Magic_FR\data\stuff\function\stuff_archer\spell2\determine_slot.mcfunction", "mcfunction", 9, 0, 2, 1, 12
"c:\Users\FlowUP\AppData\Roaming\.minecraft\saves\CTF-1.21.10 v1.30\datapacks\Magic_FR\data\stuff\function\stuff_archer\spell3\determine_slot.mcfunction", "mcfunction", 9, 0, 2, 1, 12
"c:\Users\FlowUP\AppData\Roaming\.minecraft\saves\CTF-1.21.10 v1.30\datapacks\Magic_FR\data\stuff\function\stuff_archer\stuffarcher.mcfunction", "mcfunction", -12, 0, 4, 5, -3
"c:\Users\FlowUP\AppData\Roaming\.minecraft\saves\CTF-1.21.10 v1.30\datapacks\Magic_FR\data\stuff\function\stuff_mage\spell1\determine_slot.mcfunction", "mcfunction", 9, 0, 2, 1, 12
"c:\Users\FlowUP\AppData\Roaming\.minecraft\saves\CTF-1.21.10 v1.30\datapacks\Magic_FR\data\stuff\function\stuff_mage\spell2\determine_slot.mcfunction", "mcfunction", 9, 0, 2, 1, 12
"c:\Users\FlowUP\AppData\Roaming\.minecraft\saves\CTF-1.21.10 v1.30\datapacks\Magic_FR\data\stuff\function\stuff_mage\spell3\determine_slot.mcfunction", "mcfunction", 9, 0, 2, 1, 12
"c:\Users\FlowUP\AppData\Roaming\.minecraft\saves\CTF-1.21.10 v1.30\datapacks\Magic_FR\data\stuff\function\stuff_mage\stuffmage.mcfunction", "mcfunction", -12, 0, 6, 3, -3
"c:\Users\FlowUP\AppData\Roaming\.minecraft\saves\CTF-1.21.10 v1.30\datapacks\Magic_FR\data\stuff\function\stuff_rogue\stuff_invisible\spell1\slot0.mcfunction", "mcfunction", -3, 0, -2, -1, -6
"c:\Users\FlowUP\AppData\Roaming\.minecraft\saves\CTF-1.21.10 v1.30\datapacks\Magic_FR\data\stuff\function\stuff_rogue\stuff_invisible\spell1\slot1.mcfunction", "mcfunction", -3, 0, -2, -1, -6
"c:\Users\FlowUP\AppData\Roaming\.minecraft\saves\CTF-1.21.10 v1.30\datapacks\Magic_FR\data\stuff\function\stuff_rogue\stuff_invisible\spell1\slot2.mcfunction", "mcfunction", -3, 0, -2, -1, -6
"c:\Users\FlowUP\AppData\Roaming\.minecraft\saves\CTF-1.21.10 v1.30\datapacks\Magic_FR\data\stuff\function\stuff_rogue\stuff_invisible\spell1\slot3.mcfunction", "mcfunction", -3, 0, -2, -1, -6
"c:\Users\FlowUP\AppData\Roaming\.minecraft\saves\CTF-1.21.10 v1.30\datapacks\Magic_FR\data\stuff\function\stuff_rogue\stuff_invisible\spell1\slot4.mcfunction", "mcfunction", -3, 0, -2, -1, -6
"c:\Users\FlowUP\AppData\Roaming\.minecraft\saves\CTF-1.21.10 v1.30\datapacks\Magic_FR\data\stuff\function\stuff_rogue\stuff_invisible\spell1\slot5.mcfunction", "mcfunction", -3, 0, -2, -1, -6
"c:\Users\FlowUP\AppData\Roaming\.minecraft\saves\CTF-1.21.10 v1.30\datapacks\Magic_FR\data\stuff\function\stuff_rogue\stuff_invisible\spell1\slot6.mcfunction", "mcfunction", -3, 0, -2, -1, -6
"c:\Users\FlowUP\AppData\Roaming\.minecraft\saves\CTF-1.21.10 v1.30\datapacks\Magic_FR\data\stuff\function\stuff_rogue\stuff_invisible\spell1\slot7.mcfunction", "mcfunction", -3, 0, -2, -1, -6
"c:\Users\FlowUP\AppData\Roaming\.minecraft\saves\CTF-1.21.10 v1.30\datapacks\Magic_FR\data\stuff\function\stuff_rogue\stuff_invisible\spell1\slot8.mcfunction", "mcfunction", -3, 0, -2, -1, -6
"c:\Users\FlowUP\AppData\Roaming\.minecraft\saves\CTF-1.21.10 v1.30\datapacks\Magic_FR\data\stuff\function\stuff_rogue\stuff_invisible\spell2\determine_slot.mcfunction", "mcfunction", 9, 0, 2, 1, 12
"c:\Users\FlowUP\AppData\Roaming\.minecraft\saves\CTF-1.21.10 v1.30\datapacks\Magic_FR\data\stuff\function\stuff_rogue\stuff_invisible\spell3\determine_slot.mcfunction", "mcfunction", 9, 0, 2, 1, 12
"c:\Users\FlowUP\AppData\Roaming\.minecraft\saves\CTF-1.21.10 v1.30\datapacks\Magic_FR\data\stuff\function\stuff_rogue\stuff_visible\spell1\determine_slot.mcfunction", "mcfunction", 9, 0, 2, 1, 12
"c:\Users\FlowUP\AppData\Roaming\.minecraft\saves\CTF-1.21.10 v1.30\datapacks\Magic_FR\data\stuff\function\stuff_rogue\stuff_visible\spell2\determine_slot.mcfunction", "mcfunction", 9, 0, 2, 1, 12
"c:\Users\FlowUP\AppData\Roaming\.minecraft\saves\CTF-1.21.10 v1.30\datapacks\Magic_FR\data\stuff\function\stuff_rogue\stuff_visible\spell3\determine_slot.mcfunction", "mcfunction", 9, 0, 2, 1, 12
"c:\Users\FlowUP\AppData\Roaming\.minecraft\saves\CTF-1.21.10 v1.30\datapacks\Magic_FR\data\stuff\function\stuff_rogue\stuffrogue.mcfunction", "mcfunction", -12, 0, 5, -2, -9
"c:\Users\FlowUP\AppData\Roaming\.minecraft\saves\CTF-1.21.10 v1.30\datapacks\Magic_FR\data\stuff\function\stuff_rogue\stuffrogue_invisible.mcfunction", "mcfunction", -13, 0, 2, 0, -11
"c:\Users\FlowUP\AppData\Roaming\.minecraft\saves\CTF-1.21.10 v1.30\datapacks\Magic_FR\data\stuff\function\stuff_warrior\spell1\determine_slot.mcfunction", "mcfunction", 9, 0, 2, 1, 12
"c:\Users\FlowUP\AppData\Roaming\.minecraft\saves\CTF-1.21.10 v1.30\datapacks\Magic_FR\data\stuff\function\stuff_warrior\spell2\determine_slot.mcfunction", "mcfunction", 9, 0, 2, 1, 12
"c:\Users\FlowUP\AppData\Roaming\.minecraft\saves\CTF-1.21.10 v1.30\datapacks\Magic_FR\data\stuff\function\stuff_warrior\spell3\determine_slot.mcfunction", "mcfunction", 9, 0, 2, 2, 13
"c:\Users\FlowUP\AppData\Roaming\.minecraft\saves\CTF-1.21.10 v1.30\datapacks\Magic_FR\data\stuff\function\stuff_warrior\stuffwarrior.mcfunction", "mcfunction", -12, 0, 6, 0, -6
"Total", "-", 1640, 258, 1026, 862, 3786